type_group_key,type_code
84,35
84,55
84,101
84,102
1,74
1,97
1,120
2,77
2,97
13,54
5,78
5,97
5,132
3,74
3,97
3,124
9939,18
9939,20
9939,34
9939,35
9939,36
9939,38
9939,55
9939,62
9939,63
9939,72
100,55
100,57
8,74
8,97
8,122
11,74
11,97
11,120
11,124
4,76
4,97
4,111
18,75
18,97
18,119
15,55
15,62
130,76
130,97
130,108
7,78
7,97
7,131
47,55
47,59
9,55
9,102
3053,18
3053,25
3053,35
3053,41
3053,55
3053,102
14224,35
14224,52
14224,55
14224,62
14224,75
14224,97
14224,118
25,35
25,52
80,18
80,20
63,74
63,97
63,122
63,124
73,75
73,97
73,115
73,117
36,78
36,97
36,127
12,75
12,97
12,112
12,113
70,76
70,78
70,97
70,111
70,132
165,74
165,79
165,97
165,120
308,54
308,55
308,57
139,55
139,56
209,18
209,34
209,35
209,41
209,55
209,102
16,75
16,97
16,118
271,75
271,78
271,97
271,115
271,117
271,132
89,75
89,97
1349,18
1349,19
1349,77
1349,97
20,76
20,77
20,97
20,111
58,74
58,97
58,120
58,123
2791,55
2791,80
2791,81
2791,95
2791,96
2791,102
10,76
10,97
10,107
48,54
48,55
48,58
364,74
364,77
364,97
364,122
85,75
85,97
85,115
85,116
33,76
33,97
33,107
33,111
263,1
263,8
263,76
263,97
263,111
41,74
41,97
41,120
41,122
41,124
269,1
269,6
269,76
269,97
269,111
14555,63
14555,71
14555,75
14555,97
14555,115
14555,116
110,63
110,69
533,55
533,76
533,97
533,102
533,111
1459,18
1459,34
1459,54
39,54
39,55
39,102
65,18
65,25
65,63
65,72
129,35
129,37
129,55
129,102
8424,13
8424,14
8424,18
8424,25
8424,55
8424,62
8424,63
8424,72
277,18
277,35
277,41
277,55
277,58
277,100
1524,55
1524,63
1524,66
1524,102
12752,18
12752,34
12752,35
12752,40
12752,41
12752,55
12752,58
300,35
300,55
300,63
300,72
300,101
300,102
275,1
275,3
275,5
27,79
10476,18
10476,21
10476,29
10476,34
10476,35
10476,40
10476,48
10476,49
10476,52
10476,55
10476,102
114,77
114,78
114,97
114,132
56,35
56,49
175,54
175,77
175,97
35,74
35,97
35,121
2804,74
2804,75
2804,97
2804,115
2804,117
2804,120
2299,76
2299,77
2299,97
2299,109
2299,111
94,76
94,77
94,97
94,107
14,74
14,97
14,120
14,122
179,74
179,77
179,97
179,120
101,74
101,97
101,125
64,74
64,78
64,97
64,120
64,132
207,76
207,97
207,109
50,18
50,20
50,63
50,72
1292,76
1292,97
1292,107
1292,110
1292,111
603,76
603,77
603,97
603,108
111,18
111,19
111,55
111,63
111,72
111,102
433,76
433,97
433,109
433,111
46,74
46,75
46,97
46,112
46,113
46,120
42,74
42,75
42,97
42,118
42,122
55,76
55,97
55,110
125,76
125,77
125,97
125,107
125,111
143,55
143,77
143,97
143,102
184,74
184,97
184,120
184,125
340,74
340,75
340,97
340,112
340,113
340,123
88,18
88,25
224,18
224,30
224,55
224,102
5010,18
5010,30
5010,35
5010,52
5010,55
5010,58
44,75
44,97
44,112
44,114
92,74
92,75
92,97
92,112
92,113
92,124
502,55
502,58
502,77
502,97
62,74
62,75
62,97
62,118
62,120
491,75
491,76
491,97
491,107
491,118
605,77
605,78
605,97
605,130
74,74
74,78
74,97
74,122
74,132
190,35
190,52
190,77
190,97
28,35
28,41
28,55
28,102
2431,35
2431,36
2431,37
2431,41
2431,55
2431,102
550,76
550,97
550,107
550,109
203,74
203,97
203,121
203,122
192,35
192,42
192,49
581,75
581,76
581,97
581,107
581,115
581,116
3837,35
3837,42
3837,48
3837,49
3837,52
3837,77
3837,97
4895,18
4895,25
4895,34
4895,35
4895,41
4895,42
4895,55
4895,58
1080,74
1080,97
1080,120
1080,124
1080,125
888,76
888,77
888,97
888,108
888,111
13225,35
13225,36
13225,37
13225,41
13225,55
13225,62
158,35
158,50
51,18
51,19
51,63
51,72
13903,35
13903,42
13903,49
13903,55
13903,62
13903,80
13903,81
19,35
19,48
21,35
21,41
295,55
295,62
295,74
295,97
295,120
250,18
250,25
250,55
250,102
715,74
715,75
715,97
715,112
715,113
715,125
135,74
135,78
135,97
135,124
135,132
582,76
582,97
582,107
582,108
72,74
72,75
72,97
72,112
72,113
72,122
49,1
49,6
97,75
97,97
97,112
97,113
97,118
57,1
57,3
329,80
329,82
22,35
22,43
1857,74
1857,76
1857,97
1857,108
1857,120
604,76
604,78
604,97
604,110
604,132
1040,74
1040,75
1040,97
1040,112
1040,114
1040,115
1040,116
1040,120
1040,122
61,75
61,78
61,97
61,119
61,132
310,76
310,97
310,108
310,111
233,75
233,78
233,97
233,112
233,113
233,132
5607,75
5607,97
5607,112
5607,113
5607,115
5607,116
5607,118
833,75
833,77
833,97
833,115
833,117
128,35
128,48
128,77
128,97
262,74
262,76
262,97
262,107
262,122
319,74
319,97
319,120
319,122
319,123
14666,74
14666,75
14666,97
14666,112
14666,113
14666,115
14666,116
14666,120
653,1
653,4
653,80
653,81
495,74
495,97
495,122
495,125
416,75
416,76
416,97
416,111
416,119
366,74
366,97
366,124
366,125
99,18
99,19
1895,18
1895,19
1895,34
1895,35
1895,42
40,63
40,70
166,18
166,34
166,55
166,63
166,72
166,102
219,76
219,78
219,97
219,107
219,111
219,132
116,78
116,97
116,131
116,132
168,74
168,76
168,97
168,107
168,120
45,35
45,42
5527,74
5527,75
5527,76
5527,97
5527,107
5527,111
5527,112
5527,113
5527,120
95,18
95,21
477,35
477,43
477,48
477,52
227,74
227,75
227,78
227,97
227,118
227,122
227,132
26,18
26,34
5065,18
5065,34
5065,35
5065,41
5065,52
5065,55
5065,58
681,35
681,37
681,77
681,97
932,74
932,75
932,97
932,112
932,113
932,121
93,76
93,78
93,97
93,107
93,132
499,78
499,97
499,127
499,132
334,74
334,97
334,120
334,121
334,122
334,125
2810,74
2810,78
2810,97
2810,120
2810,122
2810,123
2810,132
333,74
333,78
333,97
333,121
333,132
60,18
60,22
121,18
121,29
121,55
121,102
1598,75
1598,77
1598,78
1598,97
1598,119
1598,132
147,74
147,76
147,97
147,111
147,120
199,74
199,97
199,123
83,18
83,22
83,55
83,102
285,74
285,76
285,97
285,111
285,122
440,54
440,55
440,59
490,74
490,78
490,97
490,120
490,121
490,122
490,132
379,63
379,70
379,76
379,97
379,111
150,74
150,75
150,97
150,112
150,114
150,122
852,78
852,97
852,129
1863,75
1863,77
1863,97
1863,115
1863,116
348,35
348,41
348,77
348,97
127,74
127,97
127,120
127,121
608,74
608,97
608,120
608,122
608,125
115,78
115,97
115,130
535,76
535,97
535,108
535,109
212,74
212,75
212,97
212,112
212,113
212,118
212,120
286,74
286,97
286,120
286,121
286,122
1856,74
1856,75
1856,97
1856,118
1856,125
822,1
822,3
822,10
229,76
229,97
229,107
229,110
560,75
560,97
560,112
560,113
560,115
560,117
1025,76
1025,77
1025,97
1025,110
1596,74
1596,78
1596,97
1596,120
1596,130
151,74
151,75
151,97
151,112
151,113
151,118
151,122
2503,74
2503,75
2503,97
2503,118
2503,122
2503,125
561,76
561,97
561,110
561,111
3948,74
3948,75
3948,97
3948,112
3948,113
3948,115
3948,117
3948,120
519,89
519,96
17,80
17,83
161,75
161,78
161,97
161,115
161,116
161,132
235,76
235,78
235,97
235,111
235,127
32,55
32,58
113,74
113,75
113,97
113,112
113,113
113,120
113,122
104,74
104,78
104,97
104,120
104,122
104,132
270,74
270,75
270,78
270,97
270,112
270,113
270,120
270,132
38,1
38,8
468,18
468,20
468,55
468,58
468,63
468,72
529,74
529,78
529,97
529,121
529,122
529,132
314,35
314,43
314,77
314,97
3981,76
3981,78
3981,97
3981,107
3981,109
3981,132
3418,1
3418,6
3418,78
3418,97
3418,127
14832,75
14832,76
14832,97
14832,109
14832,119
145,18
145,34
145,35
145,41
90,18
90,20
90,55
90,63
90,72
90,102
1753,75
1753,77
1753,97
1753,112
1753,114
726,74
726,97
726,122
726,123
149,18
149,100
382,35
382,42
382,77
382,97
183,35
183,45
633,75
633,76
633,97
633,107
633,112
633,114
1527,74
1527,75
1527,97
1527,112
1527,113
1527,115
1527,116
1527,120
1527,122
5574,74
5574,76
5574,97
5574,110
5574,122
354,75
354,76
354,97
354,107
354,112
354,113
717,75
717,97
717,115
717,117
717,119
5559,74
5559,75
5559,97
5559,115
5559,116
5559,119
5559,120
12596,18
12596,34
12596,35
12596,36
12596,38
12596,55
12596,102
105,74
105,75
105,97
105,112
105,114
105,120
428,35
428,49
428,77
428,97
985,75
985,97
985,112
985,113
985,115
985,116
511,74
511,75
511,97
511,123
221,75
221,78
221,97
221,118
221,132
5179,35
5179,37
5179,38
5179,41
5179,52
5179,55
5179,62
384,18
384,19
384,34
384,63
384,72
259,76
259,77
259,78
259,97
259,111
259,132
572,1
572,4
572,76
572,97
572,111
37,63
37,72
24,35
24,43
24,55
24,102
34,35
34,37
91,74
91,75
91,97
91,118
91,120
91,122
371,74
371,76
371,97
371,107
371,120
371,122
170,35
170,52
170,63
170,72
859,75
859,97
859,112
859,114
859,115
859,116
279,74
279,75
279,97
279,112
279,113
279,120
279,124
494,74
494,75
494,97
494,115
494,116
494,120
639,75
639,78
639,97
639,112
639,114
639,132
754,74
754,75
754,97
754,119
754,120
3247,74
3247,97
3247,120
3247,121
3247,125
594,63
594,72
594,76
594,97
594,111
1244,18
1244,25
1244,77
1244,97
370,75
370,97
370,118
370,119
1203,74
1203,76
1203,78
1203,97
1203,111
1203,122
1203,132
755,75
755,76
755,97
755,111
755,115
755,116
2521,76
2521,78
2521,97
2521,107
2521,110
2521,132
457,77
457,78
457,97
457,127
1225,74
1225,76
1225,97
1225,107
1225,111
1225,122
584,54
584,55
584,77
584,97
584,102
14764,74
14764,78
14764,97
14764,123
14764,132
231,74
231,75
231,97
231,118
231,124
112,55
112,61
591,75
591,97
591,115
591,116
591,117
501,35
501,54
501,101
123,75
123,76
123,97
123,107
123,119
1253,76
1253,97
1253,108
1253,109
1253,111
331,18
331,20
331,35
331,48
1202,74
1202,75
1202,97
1202,119
1202,122
898,74
898,76
898,78
898,97
898,111
898,120
898,132
341,74
341,78
341,97
341,120
341,131
595,74
595,75
595,97
595,120
14747,74
14747,77
14747,97
14747,120
14747,121
14747,123
1101,75
1101,76
1101,97
1101,111
1101,112
1101,113
2122,74
2122,75
2122,97
2122,118
2122,122
2122,123
1146,74
1146,75
1146,97
1146,118
1146,121
122,18
122,23
122,55
122,102
134,18
134,24
134,63
134,72
4411,1
4411,63
4411,70
4411,76
4411,97
4411,98
4411,111
211,18
211,27
211,55
211,102
565,63
565,70
565,78
565,97
565,132
936,76
936,77
936,97
936,109
1599,76
1599,78
1599,97
1599,111
1599,131
132,18
132,24
806,35
806,38
806,55
806,62
5560,74
5560,75
5560,97
5560,115
5560,116
5560,123
3225,63
3225,70
3225,75
3225,97
3225,119
1252,76
1252,97
1252,107
1252,108
1252,111
443,35
443,48
443,54
3437,1
3437,9
3437,55
3437,62
3437,74
3437,97
3437,120
2520,76
2520,77
2520,97
2520,108
2520,109
1976,74
1976,75
1976,97
1976,112
1976,114
1976,121
194,35
194,49
194,52
5555,74
5555,75
5555,97
5555,112
5555,114
5555,115
5555,117
5555,120
81,18
81,23
29,80
29,81
5571,74
5571,76
5571,97
5571,107
5571,121
5571,122
71,35
71,43
71,55
71,58
14794,75
14794,76
14794,77
14794,97
14794,108
14794,118
281,74
281,75
281,97
281,112
281,114
281,120
281,122
401,18
401,19
401,55
401,58
401,63
401,72
79,1
79,98
75,18
75,29
54,18
54,35
54,41
54,100
82,35
82,52
82,55
82,102
756,75
756,76
756,97
756,111
756,115
756,117
138,54
138,55
138,62
412,63
412,70
412,77
412,97
1413,74
1413,75
1413,97
1413,115
1413,116
1413,122
417,54
417,55
417,61
69,1
69,4
1531,75
1531,97
1531,112
1531,113
1531,119
1044,75
1044,97
1044,115
1044,116
1044,119
344,77
344,78
344,97
344,131
2851,1
2851,3
2851,54
2851,55
2851,102
652,74
652,75
652,76
652,97
652,107
652,112
652,113
652,120
76,18
76,35
76,41
76,55
76,100
76,102
553,74
553,78
553,97
553,122
553,124
553,132
3266,78
3266,97
3266,128
3266,132
716,74
716,76
716,78
716,97
716,107
716,120
716,132
14489,55
14489,78
14489,97
14489,102
14489,130
564,18
564,19
564,34
12500,18
12500,31
12500,35
12500,37
12500,41
12500,48
12500,55
12500,58
1735,35
1735,48
1735,76
1735,97
1735,111
7858,1
7858,6
7858,63
7858,70
7858,84
7858,85
5616,76
5616,78
5616,97
5616,111
5616,131
5616,132
503,78
503,97
503,130
503,132
13317,35
13317,37
13317,39
13317,49
13317,55
13317,102
1216,18
1216,29
1216,77
1216,97
236,74
236,75
236,97
236,112
236,113
236,118
236,120
236,122
808,55
808,62
808,76
808,97
808,111
616,74
616,76
616,97
616,107
616,111
616,120
30,35
30,101
536,1
536,3
536,55
536,62
346,74
346,75
346,97
346,112
346,113
346,122
346,124
43,1
43,5
14683,74
14683,75
14683,97
14683,112
14683,113
14683,124
14683,125
66,95
66,96
736,74
736,75
736,97
736,118
736,123
3243,74
3243,75
3243,97
3243,118
3243,121
3243,122
5603,75
5603,78
5603,97
5603,119
5603,131
5603,132
3203,54
3203,55
3203,58
3203,62
3203,63
3203,70
632,74
632,76
632,97
632,111
632,120
632,122
226,35
226,77
226,97
226,101
144,18
144,25
144,55
144,63
144,72
144,102
1900,18
1900,20
1900,25
1900,34
1900,63
1900,72
2813,74
2813,97
2813,121
2813,125
1026,78
1026,97
1026,128
360,74
360,76
360,77
360,97
360,111
360,120
2162,1
2162,5
2162,55
2162,76
2162,97
2162,102
2162,111
3978,75
3978,97
3978,115
3978,116
3978,118
547,74
547,78
547,97
547,120
547,121
547,132
171,18
171,19
171,55
171,102
258,18
258,28
5529,74
5529,75
5529,76
5529,97
5529,107
5529,115
5529,116
5529,120
5529,122
396,1
396,5
396,8
396,76
396,97
396,111
14730,74
14730,76
14730,97
14730,108
14730,120
14730,121
2408,18
2408,31
2408,35
2408,37
1645,35
1645,37
1645,41
1645,48
180,1
180,3
180,55
180,102
537,63
537,72
537,77
537,97
137,18
137,27
2296,75
2296,76
2296,77
2296,97
2296,111
2296,115
2296,117
1416,76
1416,78
1416,97
1416,111
1416,129
520,18
520,34
520,77
520,97
1175,74
1175,75
1175,78
1175,97
1175,112
1175,113
1175,124
1175,132
14829,75
14829,76
14829,97
14829,109
14829,111
14829,115
14829,116
136,35
136,41
136,55
136,58
991,1
991,5
991,76
991,97
991,107
2475,35
2475,49
2475,55
2475,77
2475,97
2475,102
14874,76
14874,77
14874,97
14874,107
14874,108
14874,111
999,18
999,22
999,77
999,97
14826,75
14826,76
14826,97
14826,108
14826,112
14826,113
14826,118
5596,75
5596,76
5596,97
5596,107
5596,111
5596,118
375,54
375,55
375,56
571,74
571,77
571,97
571,120
571,122
14803,75
14803,76
14803,78
14803,97
14803,107
14803,132
1862,75
1862,77
1862,97
1862,112
1862,113
821,75
821,76
821,97
821,107
821,111
821,119
14223,35
14223,52
14223,55
14223,62
14223,74
14223,97
14223,120
3936,74
3936,75
3936,76
3936,97
3936,107
3936,115
3936,116
3936,120
249,74
249,75
249,78
249,97
249,118
249,120
249,132
78,35
78,48
78,52
3422,1
3422,8
3422,18
3422,19
3422,55
3422,63
3422,72
3422,102
5662,1
5662,2
5662,8
5662,18
5662,19
5662,20
5662,55
5662,63
5662,69
5662,72
5662,102
606,1
606,11
1401,35
1401,40
1401,77
1401,97
796,74
796,76
796,77
796,97
796,111
796,122
185,18
185,30
14689,74
14689,75
14689,97
14689,115
14689,117
14689,122
2797,74
2797,75
2797,76
2797,97
2797,111
2797,112
2797,113
2797,120
3938,74
3938,75
3938,77
3938,97
3938,112
3938,113
3938,120
2807,74
2807,76
2807,97
2807,110
2807,120
1148,75
1148,76
1148,97
1148,107
1148,115
1148,117
3253,75
3253,76
3253,97
3253,110
3253,119
407,75
407,77
407,97
407,119
14606,74
14606,75
14606,76
14606,97
14606,108
14606,118
14606,120
1944,18
1944,77
1944,97
1944,100
1226,74
1226,78
1226,97
1226,125
1226,132
479,18
479,20
479,35
479,55
479,63
479,72
479,101
479,102
117,54
117,63
117,70
1103,75
1103,97
1103,112
1103,113
1103,114
1103,118
1417,76
1417,97
1417,107
1417,108
1417,109
196,55
196,63
196,70
196,102
3313,1
3313,3
3313,78
3313,97
3313,132
393,76
393,78
393,97
393,107
393,127
3240,74
3240,75
3240,97
3240,112
3240,113
3240,123
3240,124
1058,54
1058,55
1058,58
1058,62
14599,74
14599,75
14599,76
14599,97
14599,107
14599,115
14599,117
14599,120
3878,35
3878,52
3878,54
3878,77
3878,97
154,35
154,42
154,48
284,35
284,48
284,52
284,77
284,97
305,1
305,5
305,76
305,97
305,111
1983,76
1983,97
1983,107
1983,109
1983,111
3895,54
3895,55
3895,61
3895,62
3895,63
3895,70
3895,77
3895,97
783,76
783,78
783,97
783,107
783,111
783,127
1980,75
1980,76
1980,77
1980,97
1980,111
1980,115
1980,116
5430,54
5430,55
5430,61
5430,77
5430,97
5601,75
5601,77
5601,97
5601,115
5601,117
5601,119
195,75
195,97
195,112
195,114
195,118
31,1
31,5
31,8
1743,55
1743,62
1743,80
1743,81
1743,82
152,63
152,71
197,1
197,10
424,74
424,75
424,97
424,118
424,122
424,124
459,54
459,55
459,62
459,63
459,70
87,35
87,48
87,63
87,72
842,35
842,41
842,55
842,77
842,97
842,102
3205,54
3205,55
3205,62
3205,80
3205,81
970,74
970,76
970,77
970,97
970,107
970,120
1873,1
1873,3
1873,76
1873,77
1873,97
1873,111
549,76
549,77
549,78
549,97
549,107
549,132
455,55
455,80
455,83
455,102
1102,75
1102,78
1102,97
1102,119
1102,127
1010,75
1010,76
1010,97
1010,110
1010,115
1010,116
1760,1
1760,3
1760,77
1760,97
3893,54
3893,55
3893,57
3893,58
409,1
409,76
409,97
409,98
409,111
1670,75
1670,97
1670,112
1670,114
1670,119
318,18
318,34
318,35
318,55
318,101
318,102
225,18
225,19
225,35
225,63
225,72
225,101
2400,18
2400,27
2400,77
2400,97
907,75
907,97
907,112
907,114
907,115
907,117
14800,75
14800,76
14800,78
14800,97
14800,107
14800,111
14800,115
14800,116
14800,127
14800,132
14876,76
14876,77
14876,97
14876,108
14876,109
14876,111
232,18
232,31
232,55
232,102
5525,63
5525,76
5525,97
5525,103
5525,111
3248,74
3248,97
3248,123
3248,125
14817,75
14817,76
14817,97
14817,107
14817,111
14817,115
14817,117
1668,74
1668,77
1668,97
1668,121
2706,18
2706,34
2706,35
2706,41
2706,77
2706,97
8525,13
8525,17
8525,78
8525,97
8525,132
435,80
435,81
435,82
1543,1
1543,10
1543,76
1543,97
1543,111
3962,74
3962,77
3962,78
3962,97
3962,121
3962,132
328,74
328,75
328,78
328,97
328,112
328,113
328,122
328,132
13586,35
13586,37
13586,76
13586,97
13586,108
52,18
52,34
52,63
52,72
692,74
692,75
692,76
692,97
692,107
692,118
692,120
450,35
450,54
450,55
450,101
450,102
146,35
146,52
146,55
146,58
2950,18
2950,19
2950,32
2950,63
2950,72
5612,76
5612,78
5612,97
5612,108
5612,109
5612,111
5612,132
1059,55
1059,56
1059,62
67,55
67,95
67,96
67,102
2133,77
2133,78
2133,97
2133,131
2133,132
1220,54
1220,76
1220,97
1220,111
1639,18
1639,34
1639,35
1639,42
1639,77
1639,97
2479,35
2479,52
2479,78
2479,97
2479,132
3598,18
3598,22
3598,29
3598,35
3598,41
3598,55
3598,102
353,74
353,78
353,97
353,120
353,124
353,132
789,76
789,78
789,97
789,111
789,130
5573,74
5573,76
5573,97
5573,110
5573,120
5573,122
3265,76
3265,97
3265,108
3265,110
214,18
214,19
214,35
214,42
214,63
214,72
186,1
186,8
186,63
186,72
800,35
800,43
800,54
5493,55
5493,75
5493,97
5493,102
5493,119
693,1
693,5
693,7
1723,35
1723,36
1723,42
14265,35
14265,63
14265,72
14265,76
14265,77
14265,97
14265,101
14265,111
753,55
753,62
753,77
753,97
5429,54
5429,55
5429,61
5429,63
5429,70
5429,77
5429,97
5534,74
5534,75
5534,78
5534,97
5534,112
5534,113
5534,125
5534,132
2523,76
2523,78
2523,97
2523,109
2523,132
86,13
86,14
14814,75
14814,76
14814,97
14814,107
14814,110
14814,111
14814,115
14814,116
5620,76
5620,97
5620,107
5620,108
5620,110
534,74
534,78
534,97
534,120
534,122
534,124
534,132
1022,35
1022,52
1022,80
1022,81
96,35
96,48
96,55
96,102
14681,74
14681,75
14681,97
14681,112
14681,113
14681,121
14681,124
700,1
700,3
700,55
700,63
700,72
700,102
182,35
182,48
182,55
182,62
1853,74
1853,75
1853,97
1853,112
1853,113
1853,118
1853,123
1865,75
1865,78
1865,97
1865,115
1865,116
1865,117
1865,132
1123,55
1123,56
1123,59
476,1
476,3
476,55
476,58
1128,1
1128,5
1128,76
1128,77
1128,97
1128,111
881,35
881,37
881,52
881,55
881,102
131,18
131,20
131,55
131,102
59,18
59,34
59,55
59,102
9699,18
9699,20
9699,23
9699,35
9699,37
9699,41
9699,42
9699,43
9699,55
9699,62
9699,63
9699,72
3260,76
3260,77
3260,97
3260,107
3260,110
200,35
200,48
200,55
200,63
200,72
200,102
569,18
569,22
569,23
2128,75
2128,76
2128,97
2128,108
2128,112
2128,113
2121,74
2121,75
2121,78
2121,97
2121,118
2121,124
2121,132
220,18
220,35
220,37
220,100
3979,76
3979,77
3979,97
3979,110
3979,111
1155,1
1155,8
1155,76
1155,77
1155,97
1155,111
5558,74
5558,75
5558,97
5558,115
5558,116
5558,117
5558,120
14179,35
14179,49
14179,76
14179,77
14179,97
14179,111
276,18
276,24
276,55
276,63
276,72
276,102
2501,74
2501,75
2501,97
2501,115
2501,116
2501,120
2501,122
9521,18
9521,20
9521,22
9521,23
9521,29
9521,30
9521,31
9521,34
9521,35
9521,48
9521,55
9521,63
9521,72
9521,77
9521,97
9521,102
1171,35
1171,43
1171,76
1171,97
1171,111
1019,35
1019,37
1019,40
5591,75
5591,76
5591,77
5591,97
5591,107
5591,115
5591,116
3263,76
3263,78
3263,97
3263,110
3263,127
1375,76
1375,78
1375,97
1375,108
1375,132
14313,54
14313,76
14313,78
14313,97
14313,111
14313,132
1472,35
1472,49
1472,52
1472,77
1472,97
488,18
488,25
488,34
488,63
488,72
11883,18
11883,25
11883,34
11883,77
11883,97
14278,54
14278,55
14278,56
14278,78
14278,97
14278,132
14675,74
14675,75
14675,97
14675,112
14675,113
14675,118
14675,125
3250,75
3250,76
3250,78
3250,97
3250,107
3250,112
3250,113
3250,132
14741,74
14741,76
14741,97
14741,111
14741,125
14705,74
14705,76
14705,78
14705,97
14705,107
14705,111
14705,120
14705,121
14705,132
1369,35
1369,52
1369,55
1369,77
1369,97
1369,102
687,13
687,14
687,78
687,97
687,132
2273,35
2273,49
2273,63
2273,71
1555,18
1555,23
1555,27
1555,55
1555,102
297,35
297,38
297,63
297,72
2821,77
2821,78
2821,97
2821,130
2821,132
14723,74
14723,76
14723,97
14723,107
14723,111
14723,121
2522,76
2522,78
2522,97
2522,107
2522,130
1515,35
1515,38
1515,77
1515,97
3973,75
3973,76
3973,97
3973,108
3973,115
3973,116
908,1
908,3
908,76
908,97
908,111
14838,75
14838,77
14838,78
14838,97
14838,115
14838,117
14838,132
786,55
786,59
786,62
602,74
602,75
602,76
602,97
602,107
602,118
602,122
2344,1
2344,8
2344,78
2344,97
2344,132
3975,75
3975,76
3975,97
3975,111
3975,118
14691,74
14691,75
14691,97
14691,118
14691,120
14691,122
14691,124
14691,125
14670,74
14670,75
14670,97
14670,112
14670,113
14670,115
14670,117
14670,124
1696,18
1696,20
1696,29
1696,63
1696,72
1223,74
1223,75
1223,78
1223,97
1223,112
1223,114
1223,120
1223,132
178,1
178,2
1238,18
1238,23
1238,27
2131,76
2131,78
2131,97
2131,111
2131,127
2131,132
6372,1
6372,3
6372,55
6372,62
6372,76
6372,97
6372,108
306,55
306,62
306,74
306,97
306,122
2491,55
2491,76
2491,77
2491,97
2491,102
2491,107
1861,75
1861,76
1861,97
1861,111
1861,112
1861,114
2814,75
2814,78
2814,97
2814,115
2814,116
2814,127
1530,75
1530,76
1530,97
1530,107
1530,111
1530,115
1530,116
265,35
265,43
265,49
1100,55
1100,78
1100,97
1100,102
1100,132
9600,18
9600,20
9600,22
9600,34
9600,35
9600,37
9600,41
9600,63
9600,72
9600,77
9600,97
6564,1
6564,4
6564,6
6564,18
6564,20
6564,35
6564,37
6564,55
6564,102
3924,55
3924,62
3924,76
3924,97
3924,108
804,18
804,23
804,24
896,55
896,74
896,97
896,102
896,120
5597,75
5597,76
5597,97
5597,110
5597,115
5597,117
1628,18
1628,20
1628,77
1628,97
1020,35
1020,43
1020,63
1020,70
3251,75
3251,76
3251,97
3251,107
3251,111
3251,112
3251,113
1837,35
1837,52
1837,76
1837,97
1837,111
3554,18
3554,20
3554,35
3554,42
3554,55
3554,58
3554,63
3554,72
690,63
690,70
690,74
690,97
690,120
2808,74
2808,76
2808,97
2808,111
2808,121
107,18
107,34
107,35
107,42
107,63
107,72
3262,76
3262,78
3262,97
3262,110
3262,111
3262,132
109,35
109,38
383,35
383,45
383,48
14804,75
14804,76
14804,78
14804,97
14804,110
14804,119
14804,132
301,54
301,55
301,63
301,70
301,102
7871,1
7871,6
7871,77
7871,78
7871,97
7871,132
834,89
834,90
834,96
5610,76
5610,77
5610,78
5610,97
5610,111
5610,127
5610,132
1081,75
1081,78
1081,97
1081,112
1081,113
1081,118
1081,132
411,74
411,75
411,97
411,112
411,113
411,120
411,122
411,124
273,35
273,37
273,41
273,55
273,102
6092,1
6092,3
6092,18
6092,20
6092,29
6092,55
6092,58
6092,63
6092,72
325,55
325,62
325,75
325,97
325,112
325,113
10086,18
10086,20
10086,35
10086,37
10086,54
10086,55
10086,63
10086,72
10086,80
10086,81
10086,102
3147,35
3147,37
3147,76
3147,97
3147,111
5672,1
5672,2
5672,13
5672,14
5672,55
5672,102
2515,75
2515,78
2515,97
2515,115
2515,117
2515,119
2515,132
163,35
163,39
485,74
485,75
485,97
485,118
485,120
485,124
5615,76
5615,78
5615,97
5615,111
5615,128
3245,74
3245,78
3245,97
3245,122
3245,127
434,75
434,80
434,81
434,97
434,119
14701,74
14701,76
14701,77
14701,97
14701,107
14701,121
14701,122
14808,75
14808,76
14808,78
14808,97
14808,111
14808,115
14808,117
14808,132
6,74
6,97
6,120
6,126
8939,18
8939,19
8939,22
8939,77
8939,97
746,35
746,43
746,54
746,55
746,102
5414,35
5414,54
5414,55
5414,58
5414,62
5414,63
5414,70
5414,101
222,1
222,4
222,6
14783,74
14783,97
14783,121
14783,122
14783,125
13380,35
13380,37
13380,41
13380,54
13380,55
13380,102
14316,54
14316,80
14316,81
14316,82
23,74
23,97
23,126
1722,18
1722,35
1722,41
1722,77
1722,97
1722,100
337,18
337,29
337,35
337,41
12834,18
12834,34
12834,35
12834,41
12834,55
12834,76
12834,97
12834,102
12834,107
2293,74
2293,78
2293,97
2293,122
2293,130
5528,74
5528,75
5528,76
5528,97
5528,107
5528,112
5528,113
5528,125
14589,74
14589,75
14589,76
14589,97
14589,107
14589,111
14589,112
14589,113
14589,122
14828,75
14828,76
14828,97
14828,108
14828,115
14828,117
14849,75
14849,78
14849,97
14849,112
14849,113
14849,131
14849,132
1179,1
1179,3
1179,4
1179,10
933,74
933,75
933,97
933,118
933,119
933,122
14228,35
14228,52
14228,55
14228,63
14228,69
14228,80
14228,81
14228,102
14310,54
14310,63
14310,70
14310,76
14310,97
14310,108
5563,74
5563,75
5563,97
5563,118
5563,120
5563,121
1346,1
1346,10
1346,18
1346,34
14779,74
14779,97
14779,120
14779,123
14779,125
2758,35
2758,46
2758,47
2758,48
256,55
256,62
256,63
256,70
517,74
517,75
517,97
517,118
517,120
517,122
517,124
399,18
399,35
399,37
399,41
399,100
8173,1
8173,10
8173,18
8173,19
8173,35
8173,52
8173,55
8173,102
484,74
484,75
484,97
484,112
484,114
484,118
484,120
14578,74
14578,75
14578,76
14578,78
14578,97
14578,107
14578,115
14578,116
14578,120
14578,132
3244,74
3244,75
3244,97
3244,119
3244,120
3244,122
237,35
237,48
237,55
237,58
921,1
921,3
921,35
921,52
621,80
621,104
381,35
381,47
1042,75
1042,76
1042,78
1042,97
1042,107
1042,119
1042,132
1082,76
1082,78
1082,97
1082,107
1082,131
293,55
293,57
293,59
11798,18
11798,25
11798,29
11798,35
11798,38
11798,41
11798,42
11798,48
11798,49
11798,52
11798,63
11798,72
630,35
630,37
630,55
630,62
630,79
630,80
630,83
14174,35
14174,49
14174,63
14174,77
14174,97
14174,103
2355,13
2355,14
2355,55
2355,78
2355,97
2355,102
2355,132
1854,74
1854,75
1854,97
1854,112
1854,113
1854,120
1854,123
1218,18
1218,34
1218,55
1218,62
1218,63
1218,72
757,18
757,20
757,55
757,62
757,63
757,72
53,79
53,80
53,83
544,1
544,4
544,55
544,62
2126,74
2126,97
2126,121
2126,124
157,35
157,37
157,55
157,62
2111,54
2111,55
2111,56
2111,62
1864,75
1864,77
1864,97
1864,118
140,74
140,97
140,120
140,122
140,126
462,1
462,4
462,10
1176,74
1176,97
1176,120
1176,121
1176,126
2524,76
2524,97
2524,107
2524,108
2524,109
2524,111
609,74
609,97
609,124
609,126
1752,75
1752,76
1752,97
1752,107
1752,112
1752,114
1752,118
566,74
566,78
566,97
566,126
566,132
1224,74
1224,75
1224,97
1224,112
1224,113
1224,126
2802,74
2802,75
2802,97
2802,112
2802,113
2802,120
2802,121
14833,75
14833,76
14833,97
14833,110
14833,111
14833,115
14833,116
5575,74
5575,76
5575,97
5575,111
5575,126
372,35
372,52
372,54
372,55
372,102
5511,63
5511,69
5511,80
5511,81
5511,82
141,18
141,31
13635,35
13635,38
13635,54
13635,55
13635,62
13635,63
13635,70
441,74
441,97
441,120
441,124
441,126
162,74
162,97
162,122
162,126
1005,55
1005,58
1005,62
446,35
446,48
446,52
446,63
446,72
260,18
260,20
260,35
260,63
260,72
260,101
4939,18
4939,26
4939,77
4939,97
525,18
525,25
525,35
525,101
14824,75
14824,76
14824,97
14824,108
14824,111
14824,115
14824,116
10248,18
10248,20
10248,35
10248,52
10248,55
10248,58
10248,62
10248,63
10248,72
10248,80
10248,83
167,63
167,67
906,74
906,97
906,121
906,126
1979,74
1979,97
1979,125
1979,126
3131,35
3131,36
3131,54
1086,1
1086,10
1086,18
1086,19
14825,75
14825,76
14825,97
14825,108
14825,111
14825,119
77,55
77,62
77,80
77,83
473,55
473,59
473,61
2506,74
2506,76
2506,97
2506,107
2506,121
7594,1
7594,6
7594,8
7594,54
5613,76
5613,78
5613,97
5613,109
5613,111
5613,132
1850,63
1850,70
1850,76
1850,77
1850,97
1850,111
350,18
350,34
350,35
350,37
1147,75
1147,76
1147,77
1147,97
1147,111
1147,119
302,35
302,42
302,55
302,102
14684,74
14684,75
14684,97
14684,112
14684,114
14684,115
14684,116
14684,120
14684,121
14684,122
974,18
974,34
974,35
974,38
974,55
974,102
420,35
420,52
420,63
420,70
14818,75
14818,76
14818,97
14818,107
14818,112
14818,113
14818,115
14818,117
447,18
447,19
447,35
447,101
2291,74
2291,76
2291,97
2291,107
2291,126
1205,78
1205,97
1205,127
1205,130
2477,35
2477,52
2477,55
2477,62
2477,80
2477,83
14765,74
14765,78
14765,97
14765,124
14765,125
14765,132
11814,18
11814,25
11814,31
11814,34
11814,35
11814,42
11814,63
11814,72
11814,77
11814,97
14048,35
14048,46
14048,77
14048,97
392,35
392,43
392,49
392,55
392,102
160,35
160,55
160,58
160,101
389,35
389,52
389,54
461,74
461,78
461,97
461,120
461,126
461,132
11916,18
11916,25
11916,35
11916,37
11916,63
11916,72
11916,80
11916,83
3977,75
3977,78
3977,97
3977,118
3977,131
1977,74
1977,76
1977,77
1977,97
1977,107
1977,122
244,55
244,62
244,75
244,97
244,118
3972,75
3972,76
3972,97
3972,107
3972,110
3972,115
3972,116
685,55
685,76
685,77
685,97
685,102
685,111
8217,1
8217,10
8217,35
8217,43
8217,48
8217,54
187,35
187,37
187,41
741,18
741,20
741,35
741,55
741,101
741,102
2568,1
2568,6
2568,35
2568,37
2568,55
2568,102
982,35
982,52
982,55
982,58
982,63
982,72
939,1
939,6
939,63
939,67
1328,55
1328,62
1328,63
1328,70
1328,79
651,54
651,63
651,72
119,18
119,35
119,42
119,100
2781,55
2781,57
2781,59
2781,62
5372,35
5372,48
5372,55
5372,59
1078,55
1078,56
1078,61
1748,74
1748,75
1748,97
1748,112
1748,113
1748,120
1748,126
3844,35
3844,43
3844,48
3844,54
1024,75
1024,76
1024,97
1024,107
1024,112
1024,113
1024,118
3980,76
3980,78
3980,97
3980,107
3980,108
3980,109
3980,132
316,63
316,65
14798,75
14798,76
14798,78
14798,97
14798,107
14798,110
14798,115
14798,116
14798,132
287,18
287,34
287,35
287,42
287,55
287,102
924,18
924,20
924,35
924,37
2018,1
2018,10
2018,18
2018,19
2018,55
2018,102
11804,18
11804,25
11804,29
11804,35
11804,52
727,1
727,4
727,6
727,8
2322,1
2322,5
2322,6
2322,76
2322,77
2322,97
2322,111
118,1
118,5
118,6
619,1
619,55
619,98
619,102
2253,35
2253,39
2253,52
2253,55
2253,62
14842,75
14842,77
14842,97
14842,115
14842,116
14842,117
4050,1
4050,3
4050,10
4050,35
4050,52
3509,18
3509,19
3509,63
3509,72
3509,76
3509,97
3509,111
12614,18
12614,34
12614,35
12614,37
12614,38
12614,41
12614,55
12614,62
12614,63
12614,72
12614,79
12614,80
12614,83
261,35
261,37
261,63
261,72
296,18
296,34
296,35
296,38
3255,75
3255,78
3255,97
3255,119
3255,131
3985,90
3985,94
3985,96
743,35
743,40
743,52
13696,35
13696,40
13696,41
13696,52
13696,55
13696,102
12766,18
12766,34
12766,35
12766,41
12766,42
12766,48
12766,49
12766,52
12766,63
12766,72
14292,54
14292,55
14292,59
14292,62
5379,35
5379,48
5379,63
5379,68
5379,80
5379,81
2976,18
2976,20
2976,35
2976,38
2976,52
242,35
242,37
242,80
242,83
356,35
356,49
356,63
356,70
1363,35
1363,43
1363,48
1363,52
1363,55
1363,58
363,18
363,20
363,35
363,101
1597,74
1597,97
1597,120
1597,121
1597,124
2297,75
2297,78
2297,97
2297,112
2297,113
2297,127
3242,74
3242,75
3242,97
3242,118
3242,120
3242,123
844,1
844,3
844,4
844,5
3419,1
3419,7
3419,76
3419,97
3419,111
929,35
929,43
929,55
929,77
929,97
929,102
1117,18
1117,55
1117,58
1117,100
1529,74
1529,97
1529,120
1529,125
1529,126
4437,13
4437,15
4437,16
962,18
962,25
962,55
962,62
962,63
962,72
4071,1
4071,3
4071,35
4071,41
4071,55
4071,62
14533,63
14533,70
14533,75
14533,79
14533,97
482,18
482,22
482,34
482,55
482,102
9936,18
9936,20
9936,32
9936,63
9936,72
14293,54
14293,55
14293,61
14293,62
14293,63
14293,70
5588,74
5588,97
5588,120
5588,121
5588,123
724,35
724,37
724,55
724,58
10780,18
10780,22
10780,23
10780,34
10780,35
10780,38
10780,42
10780,49
10780,63
10780,72
10780,77
10780,97
3896,54
3896,55
3896,62
3896,63
3896,70
3896,77
3896,97
241,91
241,96
905,54
905,63
905,70
905,77
905,97
14630,74
14630,75
14630,78
14630,97
14630,112
14630,114
14630,115
14630,116
14630,120
14630,122
14630,132
3259,76
3259,77
3259,97
3259,107
3259,108
14744,74
14744,77
14744,78
14744,97
14744,125
14744,132
239,35
239,51
14735,74
14735,76
14735,97
14735,109
14735,120
14711,74
14711,76
14711,78
14711,97
14711,107
14711,121
14711,132
1330,74
1330,75
1330,97
1330,112
1330,114
1330,124
5564,74
5564,75
5564,97
5564,118
5564,120
5564,121
5564,122
3976,75
3976,78
3976,97
3976,112
3976,114
3976,127
3874,35
3874,52
3874,54
3874,55
3874,58
3874,62
3874,63
3874,70
126,18
126,34
126,35
126,52
672,35
672,45
672,55
672,102
3964,74
3964,78
3964,97
3964,120
3964,122
3964,131
12244,18
12244,29
12244,34
12244,35
12244,37
12244,41
12244,55
12244,62
12244,63
12244,72
1094,35
1094,37
1094,54
1094,55
1094,102
5552,74
5552,75
5552,97
5552,112
5552,113
5552,120
5552,121
5552,122
2127,75
2127,76
2127,78
2127,97
2127,107
2127,115
2127,116
2127,132
216,35
216,53
877,18
877,19
877,35
877,48
877,55
877,102
710,76
710,77
710,78
710,97
710,107
710,111
710,132
14733,74
14733,76
14733,97
14733,108
14733,124
1288,35
1288,43
1288,48
1288,55
1288,77
1288,97
1288,102
5621,77
5621,78
5621,97
5621,129
1967,35
1967,52
1967,55
1967,58
1967,77
1967,97
1713,18
1713,29
1713,35
1713,40
14576,74
14576,75
14576,76
14576,77
14576,97
14576,111
14576,115
14576,117
14576,120
405,35
405,37
405,52
427,35
427,52
427,54
427,55
427,58
1041,74
1041,97
1041,122
1041,124
1041,125
189,75
189,80
189,83
189,97
189,118
1023,74
1023,75
1023,76
1023,97
1023,107
1023,112
1023,113
1023,120
1023,122
3564,18
3564,20
3564,54
3564,55
3564,102
648,35
648,41
648,48
648,55
648,102
2519,76
2519,77
2519,97
2519,107
2519,109
803,1
803,8
803,35
803,52
2295,74
2295,97
2295,123
2295,124
2166,1
2166,6
2166,55
2166,76
2166,97
2166,102
2166,111
14285,54
14285,55
14285,58
14285,61
14285,62
14726,74
14726,76
14726,97
14726,107
14726,120
14726,121
14721,74
14721,76
14721,97
14721,107
14721,108
14721,120
14721,122
14823,75
14823,76
14823,97
14823,108
14823,110
14823,111
14823,115
14823,116
2987,18
2987,20
2987,35
2987,47
2987,52
2987,63
2987,72
13204,18
13204,35
13204,48
13204,55
13204,62
13204,100
14688,74
14688,75
14688,97
14688,115
14688,116
14688,120
14688,121
14540,63
14540,70
14540,76
14540,97
14540,110
1737,35
1737,52
1737,55
1737,57
649,35
649,45
649,52
4758,18
4758,22
4758,34
4758,35
4758,41
4758,42
4758,55
4758,63
4758,72
4758,102
1132,18
1132,21
1132,35
1132,49
527,18
527,20
527,34
5519,63
5519,71
5519,77
5519,97
1690,13
1690,14
1690,55
1690,77
1690,97
1690,102
871,35
871,48
871,54
871,55
871,102
1734,35
1734,48
1734,63
1734,72
1734,77
1734,97
793,55
793,57
793,61
1324,35
1324,49
1324,54
5104,18
5104,34
5104,76
5104,77
5104,97
5104,111
777,18
777,33
14543,63
14543,70
14543,78
14543,97
14543,130
14714,74
14714,76
14714,78
14714,97
14714,110
14714,120
14714,132
14750,74
14750,77
14750,97
14750,121
14750,122
12497,18
12497,31
12497,34
12497,77
12497,97
590,35
590,49
590,52
590,55
590,102
872,35
872,48
872,55
872,77
872,97
872,102
388,35
388,48
388,49
866,18
866,20
866,35
866,43
866,63
866,72
1860,75
1860,76
1860,78
1860,97
1860,111
1860,119
1860,132
255,18
255,29
255,35
255,52
14667,74
14667,75
14667,97
14667,112
14667,113
14667,115
14667,116
14667,121
14667,122
2124,74
2124,76
2124,97
2124,108
2124,122
4668,18
4668,20
4668,63
4668,72
4668,76
4668,97
4668,111
102,1
102,9
3756,18
3756,34
3756,35
3756,52
3756,54
14788,75
14788,76
14788,77
14788,78
14788,97
14788,111
14788,115
14788,117
14788,132
2110,54
2110,55
2110,56
2110,57
3957,74
3957,76
3957,97
3957,107
3957,110
3957,120
2774,35
2774,52
2774,63
2774,72
2774,77
2774,97
11239,18
11239,22
11239,35
11239,49
11239,52
11239,55
11239,62
14734,74
14734,76
14734,97
14734,108
14734,125
3953,74
3953,75
3953,97
3953,115
3953,116
3953,121
243,1
243,3
243,4
739,63
739,103
1163,18
1163,30
1163,55
1163,58
5399,35
5399,52
5399,54
5399,55
5399,58
5399,62
707,18
707,19
707,20
707,63
707,72
2017,1
2017,8
2017,74
2017,97
2017,120
2116,63
2116,70
2116,76
2116,97
2116,107
205,35
205,52
205,55
205,62
12657,18
12657,34
12657,35
12657,37
12657,41
12657,52
12657,55
12657,58
12657,63
12657,72
3892,54
3892,55
3892,56
3892,61
1125,74
1125,76
1125,78
1125,97
1125,107
1125,122
1125,132
702,18
702,23
702,34
1666,74
1666,76
1666,77
1666,97
1666,107
1666,111
1666,120
234,35
234,43
234,52
234,55
234,102
327,35
327,41
327,55
327,62
1159,18
1159,20
1159,35
1159,47
781,35
781,40
781,41
5602,75
5602,78
5602,97
5602,115
5602,117
5602,129
469,54
469,55
469,58
469,63
469,70
10178,18
10178,20
10178,35
10178,42
10178,48
10178,55
10178,58
10178,63
10178,72
2381,18
2381,22
2381,35
2381,41
2381,52
2381,55
2381,102
14885,76
14885,78
14885,97
14885,111
14885,129
14885,132
1478,1
1478,3
1478,35
1478,43
1478,55
1478,58
721,74
721,75
721,97
721,112
721,113
721,118
721,124
14768,74
14768,78
14768,97
14768,124
14768,129
1802,18
1802,23
1802,77
1802,97
3607,18
3607,22
3607,35
3607,38
3607,55
3607,102
3871,35
3871,49
3871,54
3871,55
3871,62
172,35
172,43
172,53
172,55
172,102
3983,76
3983,78
3983,97
3983,108
3983,111
3983,132
14736,74
14736,76
14736,97
14736,110
14736,111
14736,120
369,18
369,23
369,35
369,101
751,18
751,34
751,35
751,50
900,18
900,34
900,35
900,37
900,63
900,72
12620,18
12620,34
12620,35
12620,37
12620,38
12620,48
12620,55
12620,62
12620,63
12620,72
12620,80
12620,83
4358,1
4358,8
4358,76
4358,97
4358,107
14875,76
14875,77
14875,97
14875,107
14875,110
14875,111
1475,54
1475,55
1475,57
1475,59
5554,74
5554,75
5554,97
5554,112
5554,114
5554,115
5554,116
5554,120
1590,54
1590,78
1590,97
1590,132
3890,35
3890,78
3890,97
3890,101
3890,132
246,35
246,43
246,63
246,72
2755,35
2755,43
2755,63
2755,72
2755,77
2755,97
740,18
740,20
740,35
740,52
740,55
740,102
3932,63
3932,70
3932,75
3932,97
3932,118
217,74
217,80
217,83
217,97
217,120
14605,74
14605,75
14605,76
14605,97
14605,108
14605,112
14605,113
14605,120
14605,122
14769,74
14769,78
14769,97
14769,124
14769,131
1858,74
1858,97
1858,120
1858,123
1858,124
2130,76
2130,77
2130,78
2130,97
2130,111
2130,130
4350,1
4350,8
4350,54
4350,55
4350,56
1374,74
1374,78
1374,97
1374,126
1374,131
378,18
378,22
378,35
378,48
378,55
378,102
14680,74
14680,75
14680,97
14680,112
14680,113
14680,120
14680,125
1804,18
1804,25
1804,35
1804,38
1804,55
1804,63
1804,72
1804,102
14752,74
14752,77
14752,97
14752,125
14620,74
14620,75
14620,77
14620,97
14620,119
14620,120
870,35
870,37
870,55
870,62
870,63
870,72
513,18
513,24
513,35
513,48
513,63
513,72
349,35
349,41
349,52
349,55
349,102
14850,75
14850,78
14850,97
14850,112
14850,114
14850,115
14850,116
14850,118
14850,132
1126,74
1126,77
1126,97
1126,126
14757,74
14757,78
14757,97
14757,120
14757,122
14757,127
218,18
218,20
218,35
218,48
218,63
218,72
3963,74
3963,77
3963,97
3963,120
3963,126
312,35
312,42
312,52
887,75
887,97
887,112
887,113
887,114
425,18
425,20
425,35
425,37
425,63
425,72
9768,18
9768,20
9768,25
9768,28
9768,34
9768,35
9768,38
9768,42
9768,49
9768,52
9768,63
9768,72
291,18
291,25
291,35
291,52
291,63
291,72
1332,74
1332,77
1332,78
1332,97
1332,120
1332,132
725,35
725,37
725,55
725,62
725,79
3179,35
3179,42
3179,52
3179,77
3179,97
14235,35
14235,52
14235,63
14235,69
14235,78
14235,97
14235,127
5401,35
5401,52
5401,54
5401,55
5401,61
7606,1
7606,6
7606,8
7606,63
7606,71
7606,80
7606,81
210,18
210,21
210,55
210,102
14743,74
14743,77
14743,78
14743,97
14743,120
14743,130
734,18
734,34
734,35
734,41
734,55
734,58
5193,35
5193,37
5193,41
5193,55
5193,58
5193,62
14690,74
14690,75
14690,97
14690,118
14690,119
14690,121
1073,18
1073,25
1073,35
1073,38
202,1
202,5
202,6
202,8
169,55
169,62
169,80
169,81
552,18
552,34
552,55
552,62
545,1
545,6
545,63
545,70
1227,74
1227,97
1227,120
1227,123
1227,126
5614,76
5614,78
5614,97
5614,110
5614,130
5536,74
5536,75
5536,78
5536,97
5536,115
5536,116
5536,120
5536,132
1450,18
1450,24
1450,77
1450,97
3118,18
3118,35
3118,37
3118,77
3118,97
3118,100
3558,18
3558,20
3558,35
3558,43
3558,55
3558,102
5598,75
5598,76
5598,97
5598,111
5103,18
5103,34
5103,55
5103,63
5103,102
5103,103
745,35
745,42
745,52
745,63
745,72
108,55
108,63
108,72
108,102
2109,35
2109,76
2109,77
2109,97
2109,101
2109,111
3009,18
3009,22
3009,23
3009,55
3009,63
3009,72
3009,102
1210,1
1210,9
1210,76
1210,97
1210,111
845,18
845,19
845,20
845,55
845,63
845,72
845,102
14240,35
14240,52
14240,63
14240,103
164,35
164,43
164,52
103,35
103,42
103,63
103,72
787,55
787,91
787,95
787,96
787,102
156,13
156,14
156,55
156,102
14884,76
14884,78
14884,97
14884,109
14884,130
917,18
917,35
917,63
917,72
917,100
917,101
4638,18
4638,20
4638,35
4638,41
4638,63
4638,72
4638,77
4638,97
1095,35
1095,41
1095,43
1095,55
1095,58
294,1
294,4
294,54
159,18
159,34
159,35
159,101
448,18
448,22
448,35
448,55
448,101
448,102
4804,18
4804,22
4804,76
4804,97
4804,111
14756,74
14756,78
14756,97
14756,120
14756,121
14756,122
14756,126
14756,132
11882,18
11882,25
11882,34
11882,63
11882,72
11882,80
11882,81
5594,75
5594,76
5594,78
5594,97
5594,110
5594,115
5594,116
5594,132
3148,35
3148,37
3148,78
3148,97
3148,132
5569,74
5569,76
5569,78
5569,97
5569,107
5569,111
5569,122
5569,132
576,55
576,62
576,80
576,81
576,83
336,18
336,35
336,42
336,55
336,100
336,102
512,1
512,63
512,70
512,98
1688,1
1688,10
1688,18
1688,20
920,55
920,62
920,78
920,97
920,132
1970,55
1970,60
2485,55
2485,59
2485,63
2485,68
14712,74
14712,76
14712,78
14712,97
14712,107
14712,122
14712,131
14785,74
14785,97
14785,123
14785,126
899,1
899,3
899,84
899,86
578,35
578,37
578,54
7528,1
7528,5
7528,63
7528,70
7528,76
7528,97
7528,107
1357,18
1357,34
1357,63
1357,72
1357,77
1357,97
7062,1
7062,5
7062,7
7062,8
7062,55
7062,62
385,1
385,6
385,55
385,62
2419,18
2419,34
2419,35
2419,77
2419,97
2419,101
1143,54
1143,80
1143,81
14296,54
14296,55
14296,62
14296,78
14296,97
14296,132
345,18
345,28
345,55
345,102
2507,74
2507,76
2507,97
2507,111
2507,124
2811,74
2811,78
2811,97
2811,120
2811,123
2811,132
14471,55
14471,74
14471,76
14471,97
14471,102
14471,111
14471,122
5037,18
5037,34
5037,35
5037,37
5037,41
5037,55
5037,63
5037,72
5037,102
6931,1
6931,5
6931,6
6931,8
6931,63
6931,70
8479,13
8479,14
8479,54
8479,55
8479,102
14782,74
14782,97
14782,121
14782,122
14782,124
832,74
832,75
832,76
832,97
832,107
832,112
832,114
832,120
955,63
955,72
955,80
955,81
298,35
298,37
298,79
298,80
298,83
1085,1
1085,5
1085,77
1085,97
1368,35
1368,52
1368,54
1368,55
1368,62
747,74
747,75
747,76
747,97
747,107
747,118
747,120
747,122
895,35
895,52
895,55
895,63
895,70
895,102
278,1
278,6
278,55
278,102
204,18
204,22
204,35
204,52
309,18
309,22
309,35
309,101
2993,18
2993,20
2993,80
2993,81
2041,18
2041,20
2041,29
2041,55
2041,102
8025,1
8025,8
8025,63
8025,68
1161,18
1161,20
1161,55
1161,63
1161,69
1161,72
1161,102
3330,1
3330,4
3330,18
3330,20
3330,55
3330,63
3330,72
3330,102
359,1
359,5
359,63
359,72
1553,18
1553,22
1553,30
1200,54
1200,55
1200,57
1200,62
304,18
304,29
304,35
304,48
14320,55
14320,56
14320,62
14320,63
14320,71
14320,76
14320,78
14320,97
14320,111
14320,132
155,1
155,6
155,8
3970,75
3970,76
3970,77
3970,97
3970,107
3970,111
3970,119
6369,1
6369,3
6369,54
6369,84
6369,85
357,80
357,81
357,83
731,35
731,37
731,49
5590,75
5590,76
5590,77
5590,97
5590,107
5590,111
5590,115
5590,116
8325,1
8325,63
8325,69
8325,84
8325,85
8325,98
1111,18
1111,24
1111,35
1111,43
1739,55
1739,61
1739,62
1542,1
1542,10
1542,35
1542,48
3969,74
3969,97
3969,122
3969,124
3969,126
524,18
524,25
524,34
1707,18
1707,22
1707,30
1707,55
1707,102
762,1
762,7
1503,18
1503,34
1503,35
1503,37
1503,41
1503,55
1503,102
14766,74
14766,78
14766,97
14766,124
14766,127
14766,128
6841,1
6841,4
6841,54
6841,55
6841,57
7998,1
7998,8
7998,35
7998,48
7998,52
7998,55
7998,102
1750,74
1750,75
1750,97
1750,118
1750,126
1162,18
1162,27
1162,34
1162,55
1162,102
10929,18
10929,22
10929,27
10929,34
10929,35
10929,37
10929,41
10929,55
10929,80
10929,81
10929,102
478,18
478,29
478,34
478,55
478,102
422,13
422,14
422,63
422,71
3557,18
3557,20
3557,35
3557,43
3557,55
3557,58
3557,63
3557,72
12429,18
12429,30
12429,34
12429,35
12429,41
12429,55
12429,102
9830,18
9830,20
9830,25
9830,35
9830,42
9830,52
9830,63
9830,72
3712,18
3712,30
3712,35
3712,41
3712,55
3712,102
2817,75
2817,80
2817,82
2817,97
2817,119
3335,1
3335,4
3335,35
3335,48
3335,54
11968,18
11968,25
11968,35
11968,42
11968,55
11968,62
11968,63
11968,72
6493,1
6493,4
6493,5
6493,35
6493,48
6493,52
7561,1
7561,6
7561,8
7561,10
7561,84
7561,86
335,18
335,34
335,35
335,42
335,55
335,63
335,72
335,102
5561,74
5561,75
5561,97
5561,115
5561,117
5561,125
3043,18
3043,24
3043,35
3043,41
3043,55
3043,63
3043,72
3043,102
313,1
313,4
313,63
313,72
13405,35
13405,37
13405,42
13405,43
13405,49
13405,54
13405,55
13405,102
7745,1
7745,6
7745,35
7745,37
7745,41
7745,55
7745,102
98,1
98,5
98,55
98,102
704,18
704,20
704,35
704,37
704,55
704,63
704,72
704,102
1181,1
1181,4
1181,63
1181,69
338,1
338,4
338,5
338,8
380,35
380,41
380,43
380,55
380,102
1955,35
1955,42
1955,54
6591,1
6591,4
6591,6
6591,55
6591,63
6591,71
6591,102
12810,18
12810,34
12810,35
12810,41
12810,48
12810,52
12810,55
12810,58
12810,80
12810,83
815,1
815,4
815,54
815,55
815,102
1835,35
1835,48
1835,53
3731,18
3731,34
3731,35
3731,38
3731,55
3731,62
1348,18
1348,19
1348,34
1348,35
1348,42
1348,55
1348,63
1348,72
1348,102
173,55
173,62
173,79
562,1
562,5
562,8
562,35
562,48
292,1
292,4
292,8
264,1
264,3
264,63
264,72
4233,1
4233,5
4233,8
4233,63
4233,103
11280,18
11280,23
11280,24
11280,34
11280,35
11280,41
11280,55
11280,58
551,1
551,8
551,55
551,62
748,1
748,4
748,5
748,6
748,8
106,18
106,34
106,35
106,42
3870,35
3870,49
3870,54
3870,55
3870,58
8185,1
8185,10
8185,18
8185,20
8185,35
8185,52
5643,1
5643,2
5643,4
5643,8
5643,80
5643,81
984,55
984,79
984,102
9341,18
9341,19
9341,35
9341,48
9341,52
9341,54
532,35
532,43
532,52
532,55
532,58
248,1
248,5
248,8
248,55
248,102
7235,1
7235,5
7235,8
7235,74
7235,97
7235,120
2564,1
2564,5
2564,74
2564,97
2564,120
2513,75
2513,76
2513,78
2513,97
2513,107
2513,115
2513,117
2513,132
830,35
830,48
830,80
830,81
7497,1
7497,5
7497,55
7497,58
1301,1
1301,8
1301,80
1301,83
2302,1
2302,2
2302,3
437,18
437,20
437,35
437,52
437,55
437,63
437,72
437,102
12822,18
12822,34
12822,35
12822,41
12822,52
12822,55
12822,62
12822,80
12822,104
2158,1
2158,5
2158,6
2158,63
2158,70
3048,18
3048,24
3048,55
3048,62
3048,63
3048,72
563,1
563,12
3387,1
3387,5
3387,55
3387,62
3387,76
3387,97
3387,111
575,35
575,46
1643,18
1643,35
1643,37
1643,55
1643,62
1643,100
193,1
193,6
193,63
193,72
643,63
643,70
643,79
643,80
643,83
9191,18
9191,19
9191,34
9191,35
9191,43
9191,55
9191,63
9191,72
9191,102
11122,18
11122,22
11122,35
11122,37
11122,41
11122,49
11122,52
11122,55
11122,102
823,1
823,5
823,6
823,8
823,63
823,72
358,1
358,5
358,8
358,35
358,43
1173,55
1173,62
1173,63
1173,103
9602,18
9602,20
9602,22
9602,34
9602,35
9602,37
9602,55
9602,63
9602,72
9602,102
3534,18
3534,20
3534,34
3534,35
3534,42
3534,48
3534,55
3534,63
3534,72
3534,102
2540,1
2540,3
2540,35
2540,52
2540,63
2540,72
11558,18
11558,24
11558,25
11558,34
11558,63
11558,72
5579,74
5579,78
5579,97
5579,120
5579,129
14760,74
14760,78
14760,97
14760,121
14760,129
682,1
682,9
682,80
682,83
181,63
181,70
181,79
451,18
451,19
451,35
451,52
451,55
451,63
451,72
451,102
324,18
324,29
324,34
456,35
456,52
456,55
456,63
456,72
456,102
12076,18
12076,27
12076,31
12076,34
12076,35
12076,41
12076,42
12076,52
12076,55
12076,63
12076,72
12076,102
8715,18
8715,19
8715,20
8715,34
8715,35
8715,52
8715,54
8715,55
8715,63
8715,72
8715,102
7831,1
7831,6
7831,55
7831,62
7831,76
7831,97
7831,110
307,35
307,49
307,63
307,72
206,35
206,41
206,63
206,72
1513,35
1513,37
1513,48
1513,52
12710,18
12710,34
12710,35
12710,38
12710,41
12710,63
12710,72
12710,80
12710,81
1796,18
1796,22
1796,34
1796,35
1796,101
3968,74
3968,97
3968,120
3968,122
3968,124
3968,125
4182,1
4182,5
4182,6
4182,8
4182,55
4182,84
4182,86
4182,102
1410,63
1410,71
1410,80
1410,83
2768,35
2768,49
2768,55
2768,62
2768,63
2768,72
568,63
568,70
568,80
568,83
352,18
352,34
352,63
352,70
1712,18
1712,29
1712,34
1712,35
1712,55
1712,101
1712,102
394,18
394,21
394,35
394,101
2911,1
2911,6
2911,63
2911,103
2958,18
2958,19
2958,54
2958,55
2958,58
2958,63
2958,72
274,18
274,34
274,35
274,63
274,72
274,101
208,35
208,43
208,48
208,55
208,102
3702,18
3702,29
3702,35
3702,52
3702,55
3702,58
9116,18
9116,19
9116,29
9116,35
9116,52
9116,55
9116,58
9116,63
9116,72
990,1
990,5
990,8
990,63
990,70
3212,55
3212,62
3212,63
3212,72
3212,80
3212,81
1178,1
1178,3
1178,4
1178,5
1178,8
3232,74
3232,75
3232,76
3232,97
3232,107
3232,111
3232,112
3232,114
3232,120
12908,18
12908,34
12908,35
12908,48
12908,49
12908,55
12908,58
12908,63
12908,72
12908,77
12908,97
14642,74
14642,75
14642,78
14642,97
14642,119
14642,125
14642,132
322,18
322,32
14813,75
14813,76
14813,97
14813,107
14813,108
14813,115
14813,116
148,35
148,43
148,48
827,18
827,33
827,55
827,102
6996,1
6996,5
6996,6
6996,35
6996,37
6996,48
6996,52
472,1
472,9
472,55
472,62
14702,74
14702,76
14702,77
14702,97
14702,109
14702,121
7038,1
7038,5
7038,6
7038,55
7038,63
7038,69
7038,84
7038,85
7038,102
1196,35
1196,37
1196,48
1196,55
1196,102
3806,35
3806,37
3806,55
3806,63
3806,70
3806,102
223,55
223,62
223,79
223,80
223,83
402,18
402,21
402,35
402,52
191,1
191,4
191,55
191,102
10511,18
10511,21
10511,31
10511,33
10511,35
10511,41
10511,55
10511,102
13356,35
13356,37
13356,41
13356,48
13356,49
13356,52
13356,55
13356,58
13356,63
13356,72
13356,77
13356,97
7311,1
7311,5
7311,18
7311,19
7311,34
7311,35
7311,55
7311,63
7311,72
7311,101
7311,102
530,1
530,5
530,63
530,70
703,1
703,6
703,84
703,86
1099,55
1099,62
1099,75
1099,80
1099,83
1099,97
1099,118
2713,18
2713,34
2713,55
2713,63
2713,72
2713,77
2713,97
2713,102
8966,18
8966,19
8966,23
8966,34
8966,35
8966,42
8966,55
8966,63
8966,72
8966,102
268,18
268,55
268,100
268,102
874,1
874,3
874,84
874,85
6347,1
6347,3
6347,35
6347,48
6347,84
6347,85
2895,1
2895,6
2895,8
2895,55
2895,62
2895,63
2895,72
390,18
390,20
390,34
390,63
390,72
1984,84
1984,85
1037,35
1037,48
1037,49
1037,55
1037,102
2535,1
2535,3
2535,35
2535,43
2535,48
2535,55
2535,102
8400,13
8400,14
8400,18
8400,21
8400,55
8400,102
4516,18
4516,19
4516,35
4516,42
4516,43
4516,63
4516,72
3279,1
3279,3
3279,4
3279,84
3279,86
413,18
413,34
413,55
413,58
3056,18
3056,25
3056,63
3056,72
3056,80
3056,81
1480,1
1480,4
1480,6
1480,8
1480,10
8948,18
8948,19
8948,23
8948,26
8948,34
8948,55
8948,63
8948,72
8948,102
13732,35
13732,40
13732,49
13732,54
926,18
926,31
926,34
8187,1
8187,10
8187,18
8187,20
8187,35
8187,101
941,1
941,54
941,98
342,63
342,66
691,63
691,70
691,80
691,81
1243,18
1243,25
1243,35
1243,41
1243,63
1243,72
2915,1
2915,8
2915,35
2915,43
2915,55
2915,62
861,1
861,4
861,55
861,63
861,72
861,102
11605,18
11605,24
11605,30
11605,34
11605,54
11605,55
11605,58
11605,63
11605,72
367,18
367,34
367,35
367,48
367,55
367,102
1274,18
1274,30
1274,34
1274,55
1274,102
2283,55
2283,63
2283,67
2283,102
1659,55
1659,58
1659,60
7245,1
7245,5
7245,9
7245,13
7245,15
7245,63
7245,67
13367,35
13367,37
13367,41
13367,49
13367,52
13367,55
13367,102
2875,1
2875,4
2875,84
2875,85
1286,35
1286,41
1286,63
1286,69
2941,18
2941,19
2941,20
2941,35
2941,41
2941,55
2941,63
2941,72
2941,102
1642,18
1642,34
1642,80
1642,81
1660,55
1660,61
1660,63
1660,70
1006,55
1006,62
1006,63
1006,69
13291,35
13291,37
13291,38
13291,41
13291,55
13291,58
3254,75
3254,78
3254,97
3254,115
3254,116
3254,119
3254,132
626,35
626,37
626,55
626,63
626,72
626,102
320,35
320,48
320,52
320,55
320,102
909,1
909,4
909,63
909,67
4445,18
4445,19
4445,20
4445,22
4445,34
4445,55
4445,63
4445,72
4445,102
299,1
299,8
299,55
299,102
339,35
339,41
339,43
2709,18
2709,34
2709,35
2709,42
2709,55
2709,62
2709,63
2709,72
198,18
198,20
198,35
198,42
198,63
198,72
694,18
694,22
694,23
694,55
694,102
9971,18
9971,20
9971,34
9971,35
9971,41
1848,63
1848,64
1848,66
514,18
514,35
514,100
514,101
230,35
230,41
230,52
1235,18
1235,20
1235,63
1235,72
1235,77
1235,97
1914,18
1914,22
1914,35
1914,48
1914,52
1914,77
1914,97
8511,13
8511,15
8511,78
8511,84
8511,87
8511,97
8511,128
1814,18
1814,34
1814,35
1814,38
1814,55
1814,63
1814,72
1814,102
11391,18
11391,23
11391,30
11391,35
11391,41
11391,55
11391,102
1038,35
1038,48
1038,52
1038,55
1038,58
1165,18
1165,34
1165,35
1165,41
1165,48
251,18
251,34
251,35
251,52
251,55
251,102
1115,18
1115,34
1115,35
1115,49
1115,52
7216,1
7216,5
7216,8
7216,55
7216,58
317,1
317,5
317,35
317,48
5584,74
5584,79
5584,97
5584,120
5584,123
351,1
351,3
351,35
351,43
496,1
496,3
496,5
496,8
453,1
453,5
453,8
453,63
453,72
3832,35
3832,41
3832,52
3832,55
3832,77
3832,97
3832,102
1334,1
1334,3
1334,6
1334,63
1334,72
1518,35
1518,47
1518,52
5541,74
5541,75
5541,78
5541,97
5541,119
5541,120
5541,132
201,1
201,79
201,98
2281,55
2281,62
2281,74
2281,77
2281,97
2281,120
1106,1
1106,6
1106,80
1106,81
14631,74
14631,75
14631,78
14631,97
14631,115
14631,116
14631,120
14631,131
12730,18
12730,34
12730,35
12730,38
12730,54
12730,55
12730,102
12048,18
12048,26
12048,35
12048,46
676,1
676,8
676,84
676,86
6033,1
6033,3
6033,8
6033,84
6033,86
177,35
177,49
177,55
177,102
858,55
858,63
858,69
858,102
816,18
816,20
816,63
816,69
816,72
377,1
377,6
377,10
1015,1
1015,6
1015,10
1015,63
1015,72
3901,55
3901,59
3901,63
3901,64
9609,18
9609,20
9609,22
9609,34
9609,35
9609,52
403,35
403,43
403,55
403,62
2757,35
2757,45
2757,52
2757,55
2757,102
4035,1
4035,3
4035,5
4035,10
14604,74
14604,75
14604,76
14604,97
14604,108
14604,112
14604,113
14604,118
14604,120
12089,18
12089,27
12089,34
12089,35
12089,42
12089,48
664,18
664,21
664,35
664,37
9189,18
9189,19
9189,34
9189,35
9189,43
9189,48
9189,55
9189,63
9189,72
9189,102
13497,35
13497,37
13497,52
13497,55
13497,62
13497,77
13497,79
13497,80
13497,81
13497,83
13497,97
442,18
442,24
442,35
442,42
1127,76
1127,77
1127,78
1127,97
1127,111
1127,127
4436,13
4436,14
4436,80
4436,83
3624,18
3624,23
3624,33
2589,13
2589,14
2589,63
2589,71
2589,72
774,18
774,19
774,35
774,42
774,55
774,63
774,72
774,102
11032,18
11032,22
11032,33
11032,34
11032,35
11032,49
11032,52
11032,55
11032,102
5855,1
5855,3
5855,4
5855,55
5855,58
5855,63
5855,72
2060,18
2060,24
2060,35
2060,42
2060,55
2060,63
2060,72
2060,102
3415,1
3415,6
3415,63
3415,72
3415,76
3415,77
3415,97
3415,111
3622,18
3622,23
3622,25
3622,34
3622,55
3622,63
3622,72
3622,102
2199,18
2199,22
2199,29
2199,34
622,1
622,3
622,35
622,48
9000,18
9000,19
9000,24
9000,32
9000,34
9000,35
9000,48
9000,63
9000,72
627,35
627,43
627,48
627,52
627,55
627,102
954,63
954,70
954,72
1209,1
1209,5
1209,8
1209,76
1209,77
1209,97
1209,111
254,18
254,63
254,72
254,100
410,1
410,6
410,8
410,63
410,72
415,55
415,58
415,63
415,72
2009,1
2009,6
2009,35
2009,37
2009,55
2009,62
13975,35
13975,43
13975,52
13975,55
13975,58
13975,77
13975,97
1652,35
1652,43
1652,55
1652,58
1652,77
1652,97
4443,13
4443,99
6573,1
6573,4
6573,6
6573,35
6573,43
6573,48
6573,52
6573,54
6573,55
6573,58
6573,62
1303,1
1303,10
1303,35
1303,52
1063,1
1063,9
1063,63
1063,70
332,18
332,29
332,35
332,101
1966,35
1966,50
1966,77
1966,97
642,35
642,36
642,37
3887,35
3887,54
3887,77
3887,97
3887,101
631,35
631,40
631,55
631,102
1423,1
1423,4
1423,35
1423,43
1423,52
7065,1
7065,5
7065,7
7065,9
14593,74
14593,75
14593,76
14593,97
14593,107
14593,111
14593,119
14593,120
376,1
376,5
376,6
376,55
376,102
1222,74
1222,75
1222,76
1222,97
1222,107
1222,112
1222,113
1222,118
1222,120
12731,18
12731,34
12731,35
12731,38
12731,63
12731,72
12731,77
12731,97
1129,1
1129,6
1129,63
1129,72
1129,76
1129,97
1129,111
12726,18
12726,34
12726,35
12726,38
12726,48
12726,63
12726,72
12726,77
12726,97
5419,35
5419,55
5419,58
5419,62
5419,101
742,18
742,34
742,35
742,41
742,55
742,63
742,72
742,102
343,18
343,20
343,35
343,52
528,35
528,49
528,55
528,62
714,35
714,37
714,38
6101,1
6101,3
6101,18
6101,20
6101,35
6101,42
6101,55
6101,63
6101,72
6101,102
365,18
365,25
365,35
365,63
365,72
365,101
1379,1
1379,5
1379,6
1379,84
1379,86
283,1
283,5
283,35
283,43
1158,18
1158,19
1158,35
1158,42
1158,55
1158,102
1428,1
1428,5
1428,13
1428,14
1428,55
1428,102
470,18
470,26
470,55
470,102
4577,18
4577,20
4577,25
4577,29
4577,34
4577,63
4577,72
5959,1
5959,3
5959,5
5959,35
5959,43
5959,55
5959,62
1464,35
1464,37
1464,41
1464,52
1464,55
1464,62
3134,35
3134,37
3134,41
3134,43
10014,18
10014,20
10014,34
10014,35
10014,49
10014,52
14481,55
14481,75
14481,97
14481,102
14481,118
12394,18
12394,29
12394,35
12394,48
12394,55
12394,58
12394,77
12394,97
723,18
723,29
723,35
723,55
723,101
723,102
1258,1
1258,8
1258,10
1258,63
1258,72
732,1
732,5
732,35
732,48
732,52
759,35
759,48
759,49
759,52
386,18
386,35
386,37
386,55
386,100
386,102
4283,1
4283,5
4283,84
4283,86
11209,18
11209,22
11209,35
11209,43
11209,52
11209,55
11209,58
1016,13
1016,14
1016,15
5611,76
5611,78
5611,97
5611,107
5611,128
13983,35
13983,43
13983,52
13983,77
13983,80
13983,82
13983,97
1164,18
1164,31
1164,55
1164,58
13668,35
13668,39
13668,48
13668,52
13668,63
13668,72
5891,1
5891,3
5891,5
5891,6
5891,35
5891,52
5891,63
5891,72
5891,76
5891,97
5891,111
2052,18
2052,22
2052,35
2052,42
2052,48
2052,55
2052,102
4145,1
4145,4
4145,18
4145,23
9842,18
9842,20
9842,25
9842,35
9842,52
9842,55
9842,102
436,1
436,4
436,35
436,43
8360,13
8360,14
8360,18
8360,19
8360,20
8360,22
8360,29
8360,63
8360,72
14732,74
14732,76
14732,97
14732,108
14732,121
2300,78
2300,84
2300,85
2300,97
2300,127
2741,35
2741,37
2741,75
2741,97
2741,118
272,1
272,4
272,5
11262,18
11262,22
11262,80
11262,82
6821,1
6821,4
6821,35
6821,48
6821,52
6821,55
6821,102
837,18
837,20
837,25
837,55
837,63
837,72
837,102
9612,18
9612,20
9612,22
9612,34
9612,55
9612,63
9612,72
9612,102
506,35
506,37
506,48
1096,35
1096,43
1096,52
1096,63
1096,72
408,1
408,8
408,10
133,35
133,40
2889,1
2889,5
2889,54
464,1
464,5
464,55
464,62
14758,74
14758,78
14758,97
14758,120
14758,131
14758,132
5512,63
5512,69
5512,84
5512,105
7868,1
7868,6
7868,76
7868,78
7868,97
7868,111
7868,132
8253,1
8253,18
8253,19
8253,98
174,18
174,34
174,35
174,48
504,1
504,5
504,35
504,52
1124,63
1124,68
6510,1
6510,4
6510,5
6510,84
6510,86
794,55
794,63
794,71
794,102
282,18
282,23
282,35
282,52
1710,18
1710,25
1710,35
1710,39
2178,13
2178,14
2178,18
2178,20
2178,55
2178,63
2178,72
2178,102
1344,1
1344,8
1344,13
1344,14
2732,35
2732,37
2732,48
2732,54
4821,18
4821,23
4821,34
4821,35
4821,42
4821,55
4821,63
4821,72
4821,102
142,35
142,43
142,53
1592,63
1592,69
1592,78
1592,97
1592,127
2276,35
2276,52
2276,55
2276,61
458,35
458,49
458,55
458,58
8287,1
8287,35
8287,48
8287,54
8287,55
8287,98
8287,102
1674,1
1674,3
1674,35
1674,41
1674,55
1674,102
526,35
526,40
526,48
1120,35
1120,42
1120,48
1120,49
1583,35
1583,43
1583,48
1583,55
1583,58
1583,63
1583,72
1345,1
1345,8
1345,79
6671,1
6671,4
6671,13
6671,14
6671,18
6671,55
6671,63
6671,71
6671,100
6671,102
4984,18
4984,29
4984,35
4984,37
4984,55
4984,58
9644,18
9644,20
9644,23
9644,24
9644,26
9644,27
9644,29
9644,30
9644,31
9644,34
9644,35
9644,37
9644,41
9644,42
9644,43
9644,48
9644,55
9644,58
9644,63
9644,72
9644,77
9644,79
9644,80
9644,83
9644,97
5060,18
5060,34
5060,35
5060,41
5060,48
5060,52
5060,55
5060,62
10423,18
10423,21
10423,25
10423,34
10423,35
10423,48
10423,52
10423,63
10423,72
11419,18
11419,23
11419,34
11419,35
11419,41
11419,42
11419,55
11419,63
11419,72
11419,102
1168,35
1168,37
1168,41
1168,55
1168,58
7046,1
7046,5
7046,6
7046,63
7046,70
7046,76
7046,97
7046,111
2079,18
2079,34
2079,35
2079,52
2079,55
2079,58
968,35
968,48
968,52
968,55
968,63
968,72
968,102
12626,18
12626,34
12626,35
12626,37
12626,38
12626,80
12626,83
2966,18
2966,20
2966,25
2966,35
2966,52
2966,55
2966,62
2966,63
2966,72
4563,18
4563,20
4563,22
4563,35
4563,37
4563,55
4563,102
124,18
124,35
124,42
124,63
124,72
124,100
11363,18
11363,23
11363,29
11363,31
11363,34
11363,35
11363,42
11363,52
11363,54
11363,55
11363,63
11363,72
11363,102
945,18
945,19
945,35
945,55
945,101
945,102
1154,1
1154,6
1154,84
1154,85
978,35
978,37
978,48
978,63
978,72
965,18
965,30
965,34
3563,18
3563,20
3563,35
3563,49
3563,52
3563,63
3563,72
1408,63
1408,69
1408,84
1408,85
14498,63
14498,64
14498,76
14498,97
14498,107
698,35
698,42
698,48
698,52
1407,55
1407,63
1407,72
1407,77
1407,97
1407,102
2320,1
2320,5
2320,6
2320,8
2320,84
2320,86
522,35
522,43
522,48
522,63
522,72
11788,18
11788,25
11788,29
11788,34
11788,35
11788,41
11788,55
11788,62
11788,63
11788,72
11788,80
11788,83
969,63
969,72
969,95
969,96
7100,1
7100,5
7100,8
7100,18
7100,19
7100,35
7100,52
7100,55
7100,58
7100,63
7100,72
1091,18
1091,24
1091,35
1091,55
1091,63
1091,72
1091,101
1091,102
523,18
523,19
523,35
523,43
523,63
523,72
9712,18
9712,20
9712,23
9712,35
9712,42
9712,52
9712,63
9712,72
10982,18
10982,22
10982,29
10982,35
10982,37
10982,55
10982,102
2614,18
2614,20
2614,29
2614,55
2614,63
2614,72
2614,102
1261,18
1261,19
1261,34
1261,35
1261,48
1261,63
1261,72
2660,18
2660,23
2660,30
9043,18
9043,19
9043,24
9043,35
9043,55
9043,63
9043,72
9043,101
9043,102
463,1
463,6
463,9
3800,35
3800,37
3800,50
972,1
972,4
972,6
972,55
972,102
11211,18
11211,22
11211,35
11211,43
11211,55
11211,63
11211,72
11211,102
1467,35
1467,45
1467,50
10206,18
10206,20
10206,35
10206,47
10206,48
10206,52
776,18
776,30
776,35
776,101
13784,35
13784,41
13784,43
13784,52
13784,63
13784,70
1051,18
1051,34
1051,35
1051,49
1051,63
1051,72
12082,18
12082,27
12082,34
12082,35
12082,37
12082,48
12082,52
12082,55
12082,58
11371,18
11371,23
11371,29
11371,34
11371,35
11371,41
11371,48
11371,49
11371,52
11371,55
11371,77
11371,97
11371,102
2234,18
2234,34
2234,35
2234,42
2234,48
2234,52
2234,55
2234,63
2234,72
2234,102
4640,18
4640,20
4640,35
4640,42
4640,43
4640,48
4640,63
4640,72
559,35
559,42
559,55
559,63
559,72
559,102
749,1
749,5
749,10
791,18
791,30
791,35
791,52
798,18
798,22
798,29
798,55
798,102
662,1
662,5
662,13
662,14
2292,74
2292,78
2292,97
2292,120
2292,127
963,18
963,27
963,34
1419,1
1419,3
1419,35
1419,43
1419,48
3740,18
3740,34
3740,35
3740,42
3740,49
3740,55
3740,102
12527,18
12527,31
12527,35
12527,43
12527,48
12527,55
12527,102
430,35
430,43
430,53
430,55
430,58
1534,1
1534,4
1534,18
1534,19
1534,63
1534,72
6252,1
6252,3
6252,18
6252,35
6252,43
6252,100
6812,1
6812,4
6812,35
6812,43
6812,63
6812,72
6812,80
6812,81
901,18
901,34
901,35
901,41
901,52
3428,1
3428,8
3428,54
3428,55
3428,102
3121,18
3121,35
3121,41
3121,49
3121,52
3121,100
176,1
176,5
176,9
9589,18
9589,20
9589,22
9589,29
9589,34
9589,55
9589,102
892,18
892,34
892,35
892,49
892,55
892,102
1626,18
1626,20
1626,23
1626,63
1626,72
480,13
480,15
1290,35
1290,55
1290,77
1290,97
1290,101
1290,102
1231,1
1231,5
1231,8
1231,84
1231,86
518,18
518,20
518,35
518,42
518,55
518,63
518,72
518,102
784,18
784,22
784,29
2978,18
2978,20
2978,35
2978,41
2978,42
2978,55
2978,63
2978,72
2978,102
3345,1
3345,5
3345,6
3345,8
3345,9
3345,55
3345,102
597,18
597,29
597,35
597,37
3668,18
3668,26
3668,28
7162,1
7162,5
7162,8
7162,35
7162,37
7162,49
7162,74
7162,97
7162,120
5197,35
5197,37
5197,41
5197,55
5197,95
5197,96
5197,102
10291,18
10291,20
10291,76
10291,77
10291,97
10291,111
987,1
987,2
987,8
2361,18
2361,19
2361,55
2361,62
120,35
120,63
120,72
120,101
8526,13
8526,35
8526,41
8526,55
8526,99
8526,102
257,74
257,80
257,83
257,97
257,122
1654,35
1654,44
1654,55
1654,102
7091,1
7091,5
7091,8
7091,18
7091,19
7091,20
7091,25
7091,27
7091,35
7091,40
7091,43
7091,48
7091,52
7091,55
7091,63
7091,72
7091,77
7091,97
7091,102
11525,18
11525,23
11525,35
11525,48
11525,54
5178,35
5178,37
5178,38
5178,39
11284,18
11284,23
11284,24
11284,34
11284,35
11284,52
11284,55
11284,102
573,18
573,21
573,34
6309,1
6309,3
6309,35
6309,42
6309,43
6309,55
6309,102
2025,13
2025,15
2025,63
2025,71
6053,1
6053,3
6053,13
6053,14
6053,35
6053,37
6053,55
6053,84
6053,85
6053,102
904,35
904,47
904,63
904,72
1483,1
1483,5
1483,6
1483,84
1483,85
580,63
580,64
915,18
915,27
915,55
915,58
2236,18
2236,34
2236,35
2236,43
2236,52
2236,55
2236,102
14279,54
14279,55
14279,57
14279,58
14279,59
14279,61
14279,77
14279,97
3453,1
3453,35
3453,52
3453,63
3453,72
3453,98
3974,75
3974,76
3974,97
3974,108
3974,119
4373,1
4373,9
4373,63
4373,67
4373,70
5448,55
5448,58
5448,59
5448,62
1247,35
1247,42
1247,49
1247,52
323,75
323,80
323,83
323,97
323,112
323,113
2393,18
2393,24
2393,63
2393,72
2393,77
2393,97
617,1
617,3
617,35
617,43
617,55
617,102
1547,18
1547,19
1547,55
1547,58
3386,1
3386,5
3386,35
3386,48
3386,55
3386,77
3386,97
3386,102
596,1
596,3
596,8
10956,18
10956,22
10956,29
10956,30
10956,34
10956,35
10956,48
10956,52
10956,55
10956,102
705,18
705,24
705,35
705,52
705,63
705,72
1064,1
1064,10
1064,55
1064,102
531,1
531,55
531,62
531,98
1671,88
1671,96
1373,74
1373,75
1373,97
1373,118
1373,119
1373,120
9373,18
9373,19
9373,35
9373,55
9373,63
9373,69
9373,72
9373,101
9373,102
8883,18
8883,19
8883,22
8883,29
8883,35
8883,52
8883,63
8883,72
11629,18
11629,24
11629,34
11629,35
11629,41
11629,52
11629,55
11629,102
404,18
404,25
404,35
404,52
14211,35
14211,52
14211,54
14211,63
14211,72
817,18
817,21
817,35
817,41
817,55
817,102
7241,1
7241,5
7241,8
7241,89
7241,91
7241,96
10601,18
10601,21
10601,35
10601,37
10601,55
10601,62
10601,80
10601,83
995,13
995,14
995,35
995,37
10891,18
10891,22
10891,25
10891,34
10891,35
10891,55
10891,63
10891,72
10891,101
10891,102
8607,18
8607,19
8607,20
8607,22
8607,34
8607,35
8607,42
8607,63
8607,72
3559,18
3559,20
3559,35
3559,46
2210,18
2210,24
2210,34
2210,35
2210,48
1271,18
1271,24
1271,55
1271,58
1512,35
1512,37
1512,43
1512,55
1512,102
439,35
439,63
439,70
439,101
2369,18
2369,20
2369,35
2369,43
2369,48
2369,55
2369,63
2369,72
2369,102
1930,18
1930,32
1930,34
4336,1
4336,8
4336,10
4336,76
4336,97
4336,111
601,18
601,55
601,63
601,72
601,100
601,102
7569,1
7569,6
7569,8
7569,18
7569,22
7569,23
7569,34
7569,35
7569,52
7569,55
7569,102
14248,35
14248,53
14248,55
14248,80
14248,81
14248,102
1133,18
1133,24
1133,34
1133,55
1133,102
927,18
927,34
927,35
927,48
927,52
927,63
927,72
636,35
636,36
636,41
1568,18
1568,34
1568,35
1568,41
1568,42
1568,55
1568,63
1568,72
1568,102
9787,18
9787,20
9787,25
9787,34
9787,35
9787,37
9787,39
9787,41
9787,55
9787,63
9787,72
9787,74
9787,77
9787,97
9787,102
9787,120
2957,18
2957,19
2957,35
2957,48
2957,52
2957,55
2957,58
2957,63
2957,72
2793,63
2793,69
2793,80
2793,81
2793,83
1280,18
1280,34
1280,35
1280,47
1911,18
1911,22
1911,34
1911,55
1911,63
1911,72
1911,102
1839,54
1839,55
1839,63
1839,72
1839,102
3169,35
3169,41
3169,48
3169,52
3169,63
3169,72
361,35
361,41
361,48
7191,1
7191,5
7191,8
7191,35
7191,43
7191,55
7191,58
7191,62
7191,63
7191,72
831,35
831,50
831,55
831,102
1212,18
1212,22
1212,35
1212,37
1212,55
1212,102
555,1
555,5
555,8
555,9
1192,18
1192,30
1192,63
1192,72
330,35
330,41
330,42
486,55
486,57
486,62
14846,75
14846,78
14846,97
14846,112
14846,113
14846,115
14846,116
14846,118
14846,132
722,18
722,24
722,34
213,18
213,24
213,55
213,102
1237,18
1237,22
1237,35
1237,37
1054,18
1054,35
1054,48
1054,63
1054,72
1054,100
613,18
613,29
613,35
613,41
613,55
613,102
4664,18
4664,20
4664,55
4664,58
2305,1
2305,3
2305,4
2305,35
2305,52
849,18
849,29
849,55
849,58
890,18
890,22
890,35
890,41
11549,18
11549,24
11549,25
11549,30
11549,55
11549,102
5404,35
5404,52
5404,55
5404,58
5404,63
5404,70
4855,18
4855,24
4855,30
4855,55
4855,102
12000,18
12000,25
12000,54
12000,63
12000,72
1612,1
1612,5
1612,8
1612,35
1612,101
1259,1
1259,8
1259,35
1259,101
3505,18
3505,19
3505,55
3505,63
3505,72
3505,77
3505,97
3505,102
1565,18
1565,30
1565,35
1565,55
1565,101
1565,102
3163,35
3163,41
3163,43
3163,49
1380,1
1380,5
1380,8
1380,89
1380,96
585,18
585,20
585,25
585,63
585,72
1283,35
1283,37
1283,55
1283,80
1283,83
1283,102
8595,18
8595,19
8595,20
8595,22
8595,29
8595,34
8595,35
8595,48
8595,77
8595,97
252,18
252,26
729,18
729,21
729,35
729,48
729,63
729,72
280,35
280,42
280,48
280,63
280,72
2155,1
2155,4
2155,35
2155,43
2155,48
2155,55
2155,102
600,18
600,31
600,35
600,52
3726,18
3726,34
3726,35
3726,37
3726,55
3726,58
657,18
657,27
657,35
657,101
618,1
618,6
618,35
618,43
6590,1
6590,4
6590,6
6590,55
6590,62
6590,80
6590,81
1929,18
1929,30
1929,55
1929,63
1929,72
1929,102
12775,18
12775,34
12775,35
12775,41
12775,42
12775,48
12775,55
12775,62
12775,63
12775,72
421,1
421,8
421,35
421,43
811,1
811,9
811,63
811,72
2566,1
2566,6
2566,8
2566,80
2566,81
2816,75
2816,79
2816,80
2816,83
2816,97
2816,118
538,18
538,22
538,35
538,42
538,55
538,102
1715,18
1715,34
1715,35
1715,37
1715,38
1013,1
1013,4
1013,8
1013,10
8033,1
8033,8
8033,63
8033,103
1693,18
1693,19
1693,63
1693,69
1693,72
2229,18
2229,31
2229,77
2229,97
8403,13
8403,14
8403,18
8403,22
8403,29
8403,30
8403,34
8403,35
8403,49
8403,52
8403,55
8403,63
8403,69
8403,102
802,1
802,5
802,8
802,35
802,52
290,35
290,41
290,55
290,63
290,72
290,102
3410,1
3410,6
3410,55
3410,58
1492,13
1492,14
1492,18
1492,25
1492,63
1492,72
4844,18
4844,23
4844,55
4844,77
4844,97
4844,102
1017,13
1017,14
1017,55
1017,63
1017,72
1017,102
12788,18
12788,34
12788,35
12788,41
12788,42
12788,55
12788,62
738,18
738,34
738,35
738,48
738,55
738,63
738,72
738,102
2848,1
2848,3
2848,35
2848,37
2848,63
2848,72
7083,1
7083,5
7083,8
7083,9
7083,76
7083,97
7083,107
7083,110
7083,111
1381,1
1381,6
1381,13
1381,14
1570,18
1570,34
1570,35
1570,44
5352,35
5352,46
5352,49
5352,55
5352,102
4447,18
4447,19
4447,20
4447,25
4447,63
4447,72
1941,18
1941,35
1941,48
1941,52
1941,100
1798,18
1798,23
1798,24
1798,55
1798,102
875,1
875,5
875,55
875,77
875,97
875,102
3833,35
3833,41
3833,52
3833,80
3833,81
628,1
628,4
628,63
628,70
14351,55
14351,62
14351,63
14351,70
14351,72
4524,18
4524,19
4524,35
4524,43
4524,49
4524,63
4524,72
9525,18
9525,20
9525,22
9525,23
9525,29
9525,34
9525,35
9525,48
9525,55
9525,102
1974,63
1974,80
1974,83
1974,103
1389,18
1389,20
1389,22
1389,63
1389,72
614,35
614,37
614,74
614,97
614,120
11543,18
11543,23
11543,55
11543,63
11543,102
11543,103
460,55
460,80
460,81
460,102
2667,18
2667,24
2667,35
2667,52
2667,55
2667,58
2667,63
2667,72
509,18
509,35
509,37
509,41
509,55
509,100
509,102
438,35
438,40
438,63
438,72
188,18
188,21
188,63
188,72
9606,18
9606,20
9606,22
9606,34
9606,35
9606,42
9606,52
9606,63
9606,72
9606,77
9606,97
1807,18
1807,25
1807,35
1807,49
1807,63
1807,72
1548,18
1548,20
1548,21
1834,35
1834,48
1834,52
1834,63
1834,72
1834,77
1834,97
240,18
240,20
240,35
240,52
240,63
240,72
539,18
539,34
539,35
539,41
539,63
539,72
1418,1
1418,3
1418,18
1418,20
1418,63
1418,72
1000,18
1000,25
1000,34
1000,55
1000,63
1000,72
1000,102
1214,18
1214,29
1214,35
1214,38
14326,55
14326,57
14326,63
14326,103
3293,1
3293,3
3293,18
3293,20
3293,35
3293,43
3293,63
3293,72
669,1
669,5
669,55
669,63
669,72
669,102
11034,18
11034,22
11034,33
11034,55
11034,102
1201,55
1201,56
1201,57
964,18
964,27
964,35
964,52
964,55
964,102
4064,1
4064,3
4064,18
4064,25
4064,35
4064,43
4064,63
4064,72
2317,1
2317,4
2317,54
2317,63
2317,70
5743,1
5743,3
5743,4
5743,5
5743,35
5743,43
5743,54
5743,55
5743,102
696,18
696,34
696,35
696,37
696,55
696,102
1685,1
1685,8
1685,10
1685,55
1685,102
2140,1
2140,3
2140,6
2140,10
2771,35
2771,51
2771,84
2771,85
1840,55
1840,59
1840,63
1840,70
2720,18
2720,35
2720,55
2720,63
2720,72
2720,100
2720,101
2720,102
374,18
374,34
374,35
374,49
431,18
431,19
431,35
431,52
7360,1
7360,5
7360,18
7360,23
7360,29
1600,78
1600,80
1600,81
1600,97
1600,132
737,1
737,3
737,4
737,63
737,72
1487,1
1487,6
1487,8
1487,55
1487,62
3025,18
3025,23
3025,25
3025,55
3025,63
3025,72
3025,102
7211,1
7211,5
7211,8
7211,35
7211,55
7211,58
7211,101
615,35
615,44
2307,1
2307,3
2307,6
2307,35
2307,43
1971,55
1971,62
1971,80
1971,104
928,35
928,39
928,52
362,18
362,20
362,35
362,48
362,55
362,63
362,72
362,102
8092,1
8092,9
8092,18
8092,34
3275,1
3275,3
3275,4
3275,5
3275,8
3275,63
3275,72
9611,18
9611,20
9611,22
9611,34
9611,35
9611,63
9611,70
9611,72
9611,101
449,35
449,36
449,55
449,102
2134,94
2134,96
2773,35
2773,52
2773,63
2773,71
12460,18
12460,30
12460,35
12460,44
12460,55
12460,102
3877,35
3877,52
3877,54
3877,55
3877,62
3877,63
3877,70
9378,18
9378,19
9378,54
9378,63
9378,70
9378,72
9378,77
9378,97
4244,1
4244,5
4244,13
4244,14
4244,55
4244,77
4244,97
4244,102
483,18
483,25
483,35
483,42
483,63
483,72
5932,1
5932,3
5932,5
5932,18
5932,20
5932,25
5932,34
5932,35
5932,38
5932,55
5932,63
5932,72
5932,77
5932,97
5932,102
855,1
855,6
855,35
855,52
1281,35
1281,37
1281,41
1281,52
1281,55
1281,102
2502,74
2502,75
2502,97
2502,118
2502,119
2502,120
2502,122
12786,18
12786,34
12786,35
12786,41
12786,42
12786,54
12786,55
12786,102
679,35
679,54
679,55
679,58
679,101
2782,55
2782,58
2782,59
11003,18
11003,22
11003,30
11003,31
11003,55
11003,102
4280,1
4280,5
4280,76
4280,77
4280,97
4280,107
4280,111
14678,74
14678,75
14678,97
14678,112
14678,113
14678,120
14678,121
14678,124
5245,35
5245,38
5245,54
5245,55
5245,62
12194,18
12194,28
12194,34
12194,77
12194,97
508,18
508,19
508,35
508,55
508,63
508,72
508,101
508,102
1869,1
1869,3
1869,5
1869,6
1869,8
1152,1
1152,5
1152,8
1152,35
1152,48
1152,52
14867,76
14867,77
14867,78
14867,97
14867,107
14867,131
14812,75
14812,76
14812,97
14812,107
14812,108
14812,111
14812,115
14812,116
2200,18
2200,22
2200,34
2200,35
2200,42
2200,55
2200,102
860,1
860,4
860,6
860,10
9793,18
9793,20
9793,25
9793,34
9793,35
9793,41
9793,42
9793,47
9793,48
9793,49
9793,52
9793,55
9793,62
9793,63
9793,72
5481,55
5481,62
5481,77
5481,78
5481,97
5481,132
1172,35
1172,49
1172,55
1172,63
1172,70
1172,102
851,54
851,55
851,58
851,77
851,97
10974,18
10974,22
10974,29
10974,34
10974,35
10974,55
10974,101
10974,102
7539,1
7539,5
7539,76
7539,78
7539,97
7539,111
7539,127
14720,74
14720,76
14720,97
14720,107
14720,108
14720,120
1549,18
1549,20
1549,25
4615,18
4615,20
4615,34
4615,35
4615,47
4615,63
4615,72
6074,1
6074,3
6074,18
6074,19
6074,35
6074,43
2177,1
2177,77
2177,97
2177,98
5287,35
5287,41
5287,45
5287,55
5287,102
5431,54
5431,55
5431,62
5431,63
5431,103
14252,35
14252,54
14252,55
14252,58
14252,62
14252,101
1631,18
1631,22
1631,23
1631,34
1631,55
1631,102
1473,35
1473,52
1473,54
1473,63
1473,70
12588,18
12588,34
12588,35
12588,36
12588,37
12588,38
12588,39
12588,40
12588,41
12588,42
12588,55
12588,62
12588,63
12588,72
3792,35
3792,37
3792,41
3792,55
3792,80
3792,81
3792,102
4619,18
4619,20
4619,34
4619,35
4619,55
4619,63
4619,72
4619,101
4619,102
1655,35
1655,48
1655,52
1655,54
654,18
654,22
654,35
654,48
654,52
1694,18
1694,20
1694,22
1694,55
1694,63
1694,72
1694,102
1255,1
1255,5
1255,7
1255,8
3789,35
3789,37
3789,41
3789,54
3778,18
3778,35
3778,52
3778,77
3778,97
3778,100
3370,1
3370,5
3370,8
3370,55
3370,76
3370,97
3370,102
3370,111
13510,35
13510,37
13510,54
13510,77
13510,97
14178,35
14178,49
14178,75
14178,97
14178,118
2125,74
2125,79
2125,97
2125,120
2125,126
2108,35
2108,48
2108,55
2108,58
2108,77
2108,97
8486,13
8486,14
8486,55
8486,91
8486,96
8486,102
3476,18
3476,19
3476,20
3476,35
3476,52
13931,35
13931,43
13931,44
13931,49
13931,52
13931,55
13931,58
5205,35
5205,37
5205,45
730,35
730,37
730,39
2426,18
2426,35
2426,41
2426,55
2426,58
2426,63
2426,72
2426,100
5229,35
5229,37
5229,74
5229,77
5229,97
5229,120
1833,35
1833,48
1833,52
1833,55
1833,62
1833,63
1833,72
426,1
426,63
426,72
426,98
12642,18
12642,34
12642,35
12642,37
12642,41
12642,42
12642,52
12642,55
12642,62
12642,77
12642,97
5599,75
5599,76
5599,97
5599,111
5599,112
5599,113
5599,118
13649,35
13649,38
13649,77
13649,80
13649,83
13649,97
493,63
493,71
493,79
14882,76
14882,78
14882,97
14882,108
14882,128
9588,18
9588,20
9588,22
9588,29
9588,34
9588,35
9588,55
9588,63
9588,72
9588,101
9588,102
13971,35
13971,43
13971,52
13971,54
13971,55
13971,62
1909,18
1909,22
1909,29
1909,34
1909,55
1909,102
418,63
418,69
418,80
418,81
579,55
579,62
579,76
579,97
579,107
9399,18
9399,20
9399,21
9399,22
9399,25
9399,34
9399,35
9399,52
9399,55
9399,63
9399,72
9399,102
1528,74
1528,77
1528,78
1528,97
1528,122
1528,132
10221,18
10221,20
10221,35
10221,48
10221,54
10221,55
10221,102
14816,75
14816,76
14816,97
14816,107
14816,111
14816,115
14816,116
14816,117
805,35
805,38
805,48
1520,35
1520,52
1520,54
1520,55
1520,58
1520,63
1520,70
3256,75
3256,80
3256,83
3256,97
11896,18
11896,25
11896,35
11896,37
11896,41
11896,48
11896,54
11896,63
11896,70
9776,18
9776,20
9776,25
9776,29
9776,35
9776,37
9776,41
9776,55
9776,62
9776,63
9776,69
9776,72
9776,80
9776,81
14831,75
14831,76
14831,97
14831,109
14831,115
14831,116
10117,18
10117,20
10117,35
10117,38
10117,63
10117,72
10117,74
10117,75
10117,97
10117,112
10117,113
10117,120
5617,76
5617,80
5617,83
5617,97
5617,111
4801,18
4801,22
4801,55
4801,63
4801,70
4801,102
4980,18
4980,29
4980,34
4980,35
4980,48
4980,63
4980,72
3249,75
3249,76
3249,77
3249,97
3249,107
3249,115
3249,117
8208,1
8208,10
8208,35
8208,37
8208,43
8208,55
8208,76
8208,77
8208,95
8208,96
8208,97
8208,102
8208,111
4579,18
4579,20
4579,25
4579,35
4579,37
4579,55
4579,62
4579,63
4579,72
2132,77
2132,78
2132,97
2132,127
2132,132
5624,80
5624,81
5624,82
5624,83
1488,1
1488,6
1488,77
1488,97
2772,35
2772,52
2772,55
2772,58
2772,62
6830,1
6830,4
6830,35
6830,52
6830,54
6830,55
6830,102
1221,55
1221,62
1221,63
1221,69
1221,80
1221,81
3984,84
3984,87
1003,18
1003,35
1003,55
1003,100
1003,101
1003,102
733,18
733,20
733,34
733,55
733,63
733,72
733,102
492,35
492,37
492,41
492,55
492,62
4030,1
4030,3
4030,5
4030,8
4030,55
4030,80
4030,81
4030,102
14598,74
14598,75
14598,76
14598,97
14598,107
14598,115
14598,116
14598,122
6063,1
6063,3
6063,18
6063,19
6063,23
6063,25
6063,29
6063,34
6063,35
6063,37
6063,38
6063,41
6063,49
6063,55
6063,63
6063,69
6063,72
6063,102
1466,35
1466,41
1466,63
1466,70
11272,18
11272,23
11272,24
11272,30
11272,31
11272,34
11272,35
11272,48
11272,55
11272,102
8123,1
8123,9
8123,35
8123,52
8123,55
8123,62
8123,79
8123,80
8123,83
12568,18
12568,32
12568,35
12568,52
12568,54
12568,55
12568,56
12568,58
12568,62
14821,75
14821,76
14821,97
14821,107
14821,115
14821,117
14821,119
14700,74
14700,76
14700,77
14700,97
14700,107
14700,121
3297,1
3297,3
3297,18
3297,25
1232,1
1232,6
1232,76
1232,77
1232,97
1232,111
5446,55
5446,57
5446,58
916,18
916,29
916,35
916,37
916,55
916,102
2777,54
2777,55
2777,57
2777,61
14883,76
14883,78
14883,97
14883,109
14883,111
14883,127
12630,18
12630,34
12630,35
12630,37
12630,40
12630,41
12630,77
12630,97
5426,54
5426,55
5426,57
5426,59
5426,63
5426,70
8202,1
8202,10
8202,18
8202,34
8202,35
8202,101
14428,55
14428,62
14428,75
14428,79
14428,80
14428,83
14428,97
14428,118
4802,18
4802,22
4802,55
4802,80
4802,83
4802,102
3903,55
3903,62
3903,63
3903,70
3903,76
3903,97
3903,111
4814,18
4814,23
4814,29
4814,35
4814,41
4814,55
4814,102
2319,1
2319,5
2319,6
2319,8
2319,76
2319,97
2319,111
13915,35
13915,42
13915,54
13915,55
13915,62
2318,1
2318,4
2318,77
2318,97
5504,63
5504,65
5504,69
14207,35
14207,52
14207,54
14207,55
14207,58
14207,61
14207,62
2576,1
2576,8
2576,13
2576,14
2576,55
2576,102
454,13
454,16
5581,74
5581,78
5581,97
5581,126
5581,130
14880,76
14880,78
14880,97
14880,108
14880,109
14880,132
14809,75
14809,76
14809,78
14809,97
14809,111
14809,119
14809,130
3840,35
3840,42
3840,76
3840,97
3840,111
8896,18
8896,19
8896,22
8896,34
8896,35
8896,38
8896,54
8896,55
8896,63
8896,72
8896,102
14641,74
14641,75
14641,78
14641,97
14641,119
14641,122
14641,132
13456,35
13456,37
13456,48
13456,49
515,1
515,6
515,55
515,63
515,72
515,102
1716,18
1716,34
1716,35
1716,38
1716,48
5633,1
5633,2
5633,3
5633,10
14063,35
14063,48
14063,49
14063,52
14063,55
14063,63
14063,72
14063,77
14063,97
14063,102
1968,35
1968,63
1968,69
1968,101
4612,18
4612,20
4612,34
4612,35
4612,42
4612,49
4612,55
4612,102
14463,55
14463,63
14463,71
14463,94
14463,96
14463,102
3687,18
3687,28
3687,77
3687,97
8198,1
8198,10
8198,18
8198,34
8198,35
8198,42
8198,55
8198,102
863,1
863,8
863,63
863,70
8580,18
8580,19
8580,20
8580,22
8580,23
8580,34
8580,35
8580,41
8580,42
8580,48
8580,52
8580,55
8580,58
8580,63
8580,72
14638,74
14638,75
14638,78
14638,97
14638,118
14638,121
14638,132
7500,1
7500,5
7500,55
7500,62
7500,63
7500,70
7500,95
7500,96
6656,1
6656,4
6656,10
6656,54
6656,55
6656,102
2858,1
2858,4
2858,6
2858,8
2858,55
2858,102
14905,80
14905,81
14905,84
14905,85
5451,55
5451,58
5451,63
5451,72
5451,77
5451,97
253,35
253,36
634,1
634,6
634,63
634,69
3894,54
3894,55
3894,61
3894,62
5406,35
5406,52
5406,55
5406,63
5406,71
5406,102
5734,1
5734,3
5734,4
5734,5
5734,8
5734,80
5734,81
644,1
644,5
644,6
644,63
644,72
14847,75
14847,78
14847,97
14847,112
14847,113
14847,128
12253,18
12253,29
12253,34
12253,35
12253,38
12253,41
12253,48
12253,52
12253,63
12253,72
12253,77
12253,97
12681,18
12681,34
12681,35
12681,37
12681,48
12681,55
12681,58
12163,18
12163,28
12163,29
12163,34
12163,35
12163,37
12163,41
12163,55
12163,63
12163,72
12163,102
6848,1
6848,4
6848,55
6848,61
1683,1
1683,5
1683,35
1683,48
1683,55
1683,62
3209,55
3209,56
3209,63
3209,68
14889,76
14889,80
14889,81
14889,82
14889,97
14889,111
14759,74
14759,78
14759,97
14759,121
14759,122
14759,131
5818,1
5818,3
5818,4
5818,18
5818,27
5818,35
5818,43
5818,55
5818,58
1293,77
1293,95
1293,96
1293,97
1903,18
1903,20
1903,35
1903,38
1903,55
1903,63
1903,72
1903,102
7231,1
7231,5
7231,8
7231,63
7231,70
7231,80
7231,83
792,18
792,34
792,35
792,42
792,48
1256,1
1256,5
1256,8
1256,55
1256,63
1256,72
1256,102
6407,1
6407,4
6407,5
6407,6
6407,8
6407,35
6407,52
6407,63
6407,69
6407,80
6407,81
6407,82
7028,1
7028,5
7028,6
7028,35
7028,49
7028,55
7028,102
14830,75
14830,76
14830,97
14830,109
14830,111
14830,119
8300,1
8300,54
8300,55
8300,62
8300,76
8300,97
8300,98
8300,111
5273,35
5273,40
5273,49
5273,77
5273,97
1622,18
1622,19
1622,22
1622,63
1622,72
1677,1
1677,4
1677,35
1677,48
1677,55
1677,102
9326,18
9326,19
9326,35
9326,43
9326,54
697,18
697,34
697,35
697,52
697,55
697,63
697,72
697,102
5366,35
5366,48
5366,54
5366,55
5366,63
5366,72
5366,102
14492,55
14492,80
14492,83
14492,95
14492,96
14492,102
12663,18
12663,34
12663,35
12663,37
12663,41
12663,55
12663,63
12663,69
12663,102
13310,35
13310,37
13310,39
13310,40
13310,52
13310,77
13310,97
1847,55
1847,74
1847,97
1847,102
1847,122
11395,18
11395,23
11395,31
11395,34
11395,35
11395,41
11395,63
11395,72
5593,75
5593,76
5593,78
5593,97
5593,107
5593,119
5593,127
3879,35
3879,52
3879,55
3879,59
3628,18
3628,23
3628,35
3628,37
3628,48
6903,1
6903,5
6903,6
6903,8
6903,18
6903,34
6903,35
6903,52
6903,77
6903,97
2969,18
2969,20
2969,34
2969,35
2969,37
1665,74
1665,75
1665,97
1665,112
1665,113
1665,118
1665,120
1665,124
5424,35
5424,76
5424,77
5424,97
5424,101
5424,107
3822,35
3822,41
3822,42
3822,43
3822,55
3822,102
14069,35
14069,48
14069,49
14069,55
14069,58
14069,63
14069,72
671,35
671,43
671,48
671,55
671,58
624,18
624,34
624,35
624,39
4172,1
4172,4
4172,63
4172,70
4172,76
4172,97
4172,111
629,18
629,34
629,35
629,40
1350,18
1350,20
1350,35
1350,48
1350,52
14358,55
14358,62
14358,63
14358,70
14358,74
14358,78
14358,97
14358,120
14358,122
14358,132
13290,35
13290,37
13290,38
13290,41
13290,49
7179,1
7179,5
7179,8
7179,35
7179,41
7179,55
7179,102
3184,35
3184,44
3184,63
3184,72
1479,1
1479,4
1479,5
1479,63
1479,72
2024,13
2024,14
2024,63
2024,71
2024,80
2024,81
2454,35
2454,41
2454,55
2454,58
2454,62
13321,35
13321,37
13321,40
13321,41
13321,55
13321,102
3342,1
3342,4
3342,79
2399,18
2399,27
2399,35
2399,41
14778,74
14778,97
14778,120
14778,121
14778,122
14778,124
977,35
977,37
977,48
977,55
977,62
12940,18
12940,34
12940,35
12940,49
12940,63
12940,69
6538,1
6538,4
6538,6
6538,9
6538,35
6538,52
6538,55
6538,62
1009,63
1009,70
1009,71
2103,35
2103,43
2103,48
2103,52
2103,55
2103,77
2103,97
2103,102
4805,18
4805,22
4805,80
4805,83
5445,55
5445,56
5445,80
5445,81
5403,35
5403,52
5403,55
5403,58
5403,61
2533,1
2533,3
2533,4
2533,55
2533,58
1239,18
1239,23
1239,35
1239,41
1239,55
1239,102
3902,55
3902,62
3902,63
3902,70
3902,74
3902,97
3902,120
3902,122
9808,18
9808,20
9808,25
9808,35
9808,37
9808,41
9808,52
9808,55
9808,58
9808,62
9808,63
9808,72
5557,74
5557,75
5557,97
5557,112
5557,114
5557,125
14031,35
14031,45
14031,49
14031,52
5618,76
5618,84
5618,85
5618,97
5618,107
5312,35
5312,42
5312,48
5312,52
5312,55
5312,62
5312,63
5312,72
1034,35
1034,36
1034,52
3695,18
3695,29
3695,35
3695,37
3695,63
3695,72
2704,18
2704,34
2704,35
2704,41
2704,42
2704,52
2704,55
2704,63
2704,72
2704,102
14490,55
14490,80
14490,81
14490,82
14490,102
2670,18
2670,25
2670,34
2670,35
2670,48
2670,55
2670,63
2670,72
2670,102
1506,18
1506,34
1506,35
1506,42
1506,52
1506,55
1506,63
1506,72
1506,102
13766,35
13766,41
13766,42
13766,77
13766,97
4175,1
4175,4
4175,80
4175,82
2665,18
2665,24
2665,34
2665,35
2665,42
2665,63
2665,72
13198,18
13198,35
13198,46
13198,47
13198,100
1260,1
1260,63
1260,69
1260,98
8515,13
8515,16
8515,18
8515,34
8515,35
8515,52
8515,55
8515,63
8515,70
8515,102
12475,18
12475,30
12475,54
12475,55
12475,62
12475,63
12475,70
9504,18
9504,20
9504,21
9504,35
9504,42
9504,48
9504,49
9504,55
9504,62
9504,63
9504,72
1367,35
1367,50
1367,54
1880,1
1880,5
1880,6
1880,8
1880,55
1880,62
2909,1
2909,6
2909,63
2909,70
2909,76
2909,97
2909,111
2012,1
2012,6
2012,76
2012,97
2012,107
2012,111
3842,35
3842,43
3842,48
3842,52
3842,55
3842,58
3842,63
3842,72
9325,18
9325,19
9325,35
9325,43
9325,52
9325,63
9325,72
9325,77
9325,97
4475,18
4475,19
4475,23
4475,35
4475,63
4475,72
4475,101
1461,18
1461,35
1461,38
1461,42
1461,100
14685,74
14685,75
14685,97
14685,112
14685,114
14685,115
14685,117
14685,126
14728,74
14728,76
14728,97
14728,107
14728,120
14728,123
1387,18
1387,19
1387,20
3391,1
3391,5
3391,63
3391,69
3391,84
3391,85
14159,35
14159,49
14159,55
14159,58
14159,77
14159,97
1289,35
1289,43
1289,49
1289,55
1289,58
4471,18
4471,19
4471,22
4471,34
4471,55
4471,63
4471,72
4471,102
11598,18
11598,24
11598,29
11598,35
11598,49
11598,52
11598,55
11598,102
3651,18
3651,25
3651,34
3651,35
3651,42
3651,48
3651,63
3651,72
3458,13
3458,14
3458,16
4809,18
4809,23
4809,25
4809,63
4809,72
2082,18
2082,34
2082,80
2082,83
1508,18
1508,34
1508,35
1508,52
1508,55
1508,63
1508,70
1508,102
2198,18
2198,22
2198,23
2198,35
2198,101
12005,18
12005,25
12005,55
12005,63
12005,69
12005,72
12005,102
2008,1
2008,6
2008,10
2008,55
2008,102
5199,35
5199,37
5199,42
5199,55
5199,102
1866,78
1866,80
1866,83
1866,97
1866,132
11130,18
11130,22
11130,35
11130,37
11130,41
11130,55
11130,95
11130,96
11130,102
14873,76
14873,77
14873,97
14873,107
14873,108
14873,109
14873,111
14797,75
14797,76
14797,78
14797,97
14797,107
14797,109
14797,115
14797,116
14797,132
6875,1
6875,4
6875,76
6875,78
6875,97
6875,111
6875,127
238,18
238,34
238,35
238,52
238,63
238,72
1069,18
1069,21
1069,35
1069,48
1069,55
1069,102
763,18
763,19
763,35
763,37
763,63
763,72
303,18
303,22
303,35
303,52
303,55
303,102
1662,63
1662,69
1662,70
9085,18
9085,19
9085,27
9085,35
9085,48
9085,63
9085,72
9797,18
9797,20
9797,25
9797,34
9797,35
9797,42
9797,55
9797,63
9797,72
9797,102
1012,1
1012,3
1012,4
1012,55
1012,102
1470,35
1470,49
1470,51
841,18
841,34
841,35
841,55
841,63
841,72
841,101
841,102
11335,18
11335,23
11335,26
11335,29
11335,35
11335,48
11335,52
11335,55
11335,102
4930,18
4930,26
4930,27
4930,55
4930,102
5159,35
5159,36
5159,37
5159,55
5159,62
1424,1
1424,4
1424,35
1424,48
1424,63
1424,72
2149,1
2149,4
2149,8
2149,35
2149,43
2259,35
2259,41
2259,52
2259,77
2259,97
592,1
592,10
592,63
592,72
9328,18
9328,19
9328,35
9328,43
9328,55
9328,58
9328,63
9328,72
9328,77
9328,97
2182,18
2182,19
2182,23
2182,63
2182,72
4446,18
4446,19
4446,20
4446,23
4446,34
4446,35
4446,42
4446,55
4446,63
4446,72
4446,102
2754,35
2754,43
2754,55
2754,80
2754,81
2754,102
2348,1
2348,10
2348,55
2348,62
4353,1
4353,8
4353,55
4353,62
4353,63
4353,70
12656,18
12656,34
12656,35
12656,37
12656,41
12656,52
12656,55
12656,58
510,74
510,75
510,80
510,83
510,97
510,118
510,122
14342,55
14342,61
14342,63
14342,71
12009,18
12009,25
12009,63
12009,69
12009,72
12009,80
12009,81
12009,84
12009,85
14546,63
14546,70
14546,80
14546,104
1916,18
1916,23
1916,26
1916,55
1916,102
14149,35
14149,49
14149,52
14149,54
14149,55
14149,102
2584,1
2584,10
2584,18
2584,25
10056,18
10056,20
10056,35
10056,37
10056,41
10056,55
10056,58
10056,62
10056,63
10056,72
10056,77
10056,97
1785,18
1785,20
1785,34
1785,35
1785,41
1785,55
1785,63
1785,72
1785,102
3784,35
3784,37
3784,39
3784,52
6381,1
6381,3
6381,55
6381,84
6381,85
6381,102
13540,35
13540,37
13540,55
13540,62
13540,80
13540,81
13540,83
12072,18
12072,27
12072,30
12072,31
12072,34
12072,35
12072,41
12072,46
12072,48
12072,49
12072,55
12072,102
1946,35
1946,37
1946,54
1946,55
1946,62
820,55
820,58
820,63
820,70
10551,18
10551,21
10551,34
10551,35
10551,41
10551,52
10551,55
10551,62
10551,63
10551,72
10551,77
10551,97
2105,35
2105,45
2105,48
2105,55
2105,102
3618,18
3618,22
3618,54
3618,55
3618,102
467,35
467,48
467,55
467,58
467,63
467,72
878,18
878,23
878,34
878,55
878,102
4578,18
4578,20
4578,25
4578,34
4578,55
4578,62
4578,63
4578,72
1521,55
1521,56
1521,63
1521,70
14256,35
14256,55
14256,61
14256,101
7148,1
7148,5
7148,8
7148,18
7148,34
7148,35
7148,43
7148,63
7148,72
1471,35
1471,49
1471,52
1471,55
1471,62
1014,1
1014,5
1014,8
1014,10
9360,18
9360,19
9360,35
9360,52
9360,54
9360,55
9360,58
1633,18
1633,22
1633,35
1633,52
1633,63
1633,72
9004,18
9004,19
9004,24
9004,34
9004,35
9004,41
9004,43
9004,48
9004,63
9004,72
6066,1
6066,3
6066,18
6066,19
6066,34
6066,35
6066,36
6066,42
6066,55
6066,63
6066,72
6066,102
12793,18
12793,34
12793,35
12793,41
12793,43
12793,48
12793,52
12793,55
12793,62
12793,63
12793,72
12793,80
12793,81
1762,1
1762,4
1762,6
1762,76
1762,97
1762,111
2380,18
2380,22
2380,35
2380,41
2380,52
2180,13
2180,17
1018,18
1018,34
1018,35
1018,43
1018,63
1018,72
10023,18
10023,20
10023,35
10023,36
10023,37
10023,41
10023,55
10023,62
398,18
398,22
398,34
556,1
556,5
556,8
556,55
556,62
1305,18
1305,20
1305,35
1305,52
1305,55
1305,62
1305,63
1305,72
11568,18
11568,24
11568,25
11568,54
1248,55
1248,62
1248,74
1248,80
1248,83
1248,97
1248,122
14881,76
14881,78
14881,97
14881,108
14881,127
6758,1
6758,4
6758,18
6758,34
6758,55
6758,62
5405,35
5405,52
5405,55
5405,61
5405,62
835,1
835,5
835,6
835,76
835,97
835,111
3229,63
3229,73
663,1
663,6
663,8
663,10
1935,18
1935,34
1935,35
1935,48
1935,77
1935,97
1365,35
1365,47
1365,48
1365,63
1365,72
5660,1
5660,2
5660,8
5660,10
5660,84
5660,85
1186,18
1186,20
1186,35
1186,37
1186,55
1186,62
1186,63
1186,72
14212,35
14212,52
14212,54
14212,63
14212,72
14212,77
14212,97
3860,35
3860,47
3860,48
3860,55
3860,102
2872,1
2872,4
2872,35
2872,52
2872,54
9806,18
9806,20
9806,25
9806,34
9806,63
9806,72
9806,77
9806,97
5021,18
5021,31
5021,35
5021,52
5021,77
5021,97
1376,79
1376,80
1376,81
9698,18
9698,20
9698,23
9698,34
9698,55
9698,63
9698,72
9698,102
8776,18
8776,19
8776,20
8776,63
8776,72
8776,80
8776,81
2415,18
2415,34
2415,35
2415,48
2415,52
2415,77
2415,97
765,35
765,37
765,74
765,97
765,120
765,122
1338,1
1338,4
1338,84
1338,86
2333,1
2333,5
2333,35
2333,48
2333,52
2333,77
2333,97
9810,18
9810,20
9810,25
9810,35
9810,37
9810,41
9810,55
9810,63
9810,69
9810,72
9810,102
1071,18
1071,22
1071,35
1071,43
7215,1
7215,5
7215,8
7215,54
7215,55
7215,102
5410,35
5410,52
5410,63
5410,66
4225,1
4225,5
4225,8
4225,35
4225,43
4225,55
4225,62
11998,18
11998,25
11998,35
11998,52
11998,55
11998,80
11998,81
11998,102
13246,35
13246,36
13246,41
13246,52
13246,55
13246,62
14304,54
14304,63
14304,64
14304,66
3739,18
3739,34
3739,35
3739,42
3739,48
3739,49
3739,63
3739,72
14674,74
14674,75
14674,97
14674,112
14674,113
14674,118
14674,123
14674,124
7061,1
7061,5
7061,6
7061,88
7061,94
7061,96
14554,63
14554,71
14554,75
14554,80
14554,82
14554,83
14554,97
14554,119
2397,18
2397,25
2397,35
2397,40
13930,35
13930,42
13930,80
13930,81
13930,82
6186,1
6186,3
6186,18
6186,25
6186,34
6186,35
6186,38
6186,42
6186,48
6186,52
6186,63
6186,72
6186,77
6186,97
6040,1
6040,3
6040,10
6040,18
6040,19
6040,20
6040,35
6040,48
6040,55
6040,62
6040,63
6040,72
6040,80
6040,83
701,1
701,8
701,55
701,63
701,72
701,102
3388,1
3388,5
3388,55
3388,63
3388,69
3388,102
14444,55
14444,62
14444,88
14444,89
14444,90
14444,94
14444,96
6917,1
6917,5
6917,6
6917,8
6917,35
6917,48
6917,52
543,1
543,3
543,6
761,1
761,3
761,5
761,55
761,102
14611,74
14611,75
14611,76
14611,97
14611,111
14611,119
14611,122
948,18
948,22
948,55
948,62
5107,18
5107,35
5107,36
5107,55
5107,100
5107,102
2458,35
2458,42
2458,55
2458,62
2458,63
2458,72
245,18
245,22
245,35
245,48
521,35
521,37
521,79
13375,35
13375,37
13375,41
13375,52
13375,55
13375,62
13375,77
13375,97
11569,18
11569,24
11569,25
11569,63
11569,70
11569,72
6861,1
6861,4
6861,55
6861,63
6861,69
6861,80
6861,81
6861,102
14852,75
14852,78
14852,97
14852,115
14852,117
14852,128
7197,1
7197,5
7197,8
7197,35
7197,43
7197,76
7197,97
7197,111
1021,35
1021,48
1021,55
1021,62
1021,77
1021,97
1047,18
1047,19
1047,35
1047,41
1047,63
1047,72
397,18
397,19
397,35
397,42
8350,1
8350,84
8350,87
8350,98
3376,1
3376,5
3376,8
3376,84
3376,85
719,18
719,24
719,35
719,42
719,63
719,72
1499,18
1499,23
1499,35
1499,52
1499,55
1499,62
2335,1
2335,5
2335,90
2335,96
3008,18
3008,22
3008,23
3008,55
3008,62
498,18
498,24
498,35
498,63
498,72
498,101
1604,1
1604,3
1604,4
1604,8
2370,18
2370,20
2370,35
2370,55
2370,58
2370,63
2370,72
2370,101
640,18
640,24
640,35
640,101
2091,35
2091,37
2091,80
2091,81
8169,1
8169,10
8169,18
8169,19
8169,29
8169,34
8169,35
8169,41
8169,42
8169,55
8169,58
8169,63
8169,72
8169,80
8169,81
289,18
289,34
289,35
289,48
289,63
289,72
2065,18
2065,27
2065,55
2065,63
2065,72
2065,102
2685,18
2685,28
2685,29
347,18
347,21
347,35
347,41
14827,75
14827,76
14827,97
14827,108
14827,112
14827,114
880,18
880,32
880,63
880,72
1121,35
1121,49
1121,52
1121,63
1121,72
3531,18
3531,20
3531,34
3531,35
3531,38
3531,63
3531,72
3506,18
3506,19
3506,55
3506,63
3506,72
3506,95
3506,96
3506,102
8404,13
8404,14
8404,18
8404,22
8404,29
8404,34
8404,35
8404,48
8404,55
8404,63
8404,72
8404,77
8404,97
8404,102
10764,18
10764,22
10764,23
10764,29
10764,55
10764,62
1994,1
1994,3
1994,35
1994,42
2761,35
2761,48
2761,49
2761,52
2761,77
2761,97
3933,63
3933,70
3933,84
3933,85
13402,35
13402,37
13402,41
13402,80
13402,82
1110,18
1110,20
1110,35
1110,42
1110,55
1110,102
885,55
885,62
885,63
885,71
2892,1
2892,5
2892,94
2892,96
1463,35
1463,36
1463,37
1463,41
14376,55
14376,62
14376,63
14376,80
14376,81
14376,83
14376,103
683,18
683,23
683,35
683,55
683,101
683,102
540,35
540,48
540,63
540,70
14505,63
14505,67
14505,71
14505,76
14505,97
14505,111
1092,18
1092,34
1092,35
1092,41
1092,52
1092,55
1092,102
7863,1
7863,6
7863,63
7863,72
7863,84
7863,86
713,18
713,31
713,35
713,48
6191,1
6191,3
6191,18
6191,25
6191,35
6191,48
6191,63
6191,72
818,18
818,22
818,55
818,63
818,72
818,102
2220,18
2220,25
2220,35
2220,42
2220,52
2220,63
2220,72
647,1
647,5
647,93
647,96
4264,1
4264,5
4264,35
4264,43
4264,93
4264,96
980,35
980,45
980,48
980,52
1048,18
1048,26
1048,35
1048,101
4319,1
4319,6
4319,55
4319,62
4319,63
4319,69
1310,18
1310,23
1310,35
1310,37
1578,35
1578,38
1578,55
1578,63
1578,72
1578,102
1481,1
1481,4
1481,35
1481,48
1481,52
1414,74
1414,78
1414,97
1414,122
1414,126
1414,132
3050,18
3050,25
3050,34
3050,35
3050,41
3050,63
3050,72
1083,1
1083,3
1083,5
1083,6
419,18
419,21
419,35
419,48
8505,13
8505,15
8505,55
8505,62
4334,1
4334,8
4334,10
4334,35
4334,52
14333,55
14333,58
14333,95
14333,96
3640,18
3640,24
3640,31
1733,35
1733,48
1733,54
1733,55
1733,62
583,35
583,55
583,62
583,101
6721,1
6721,4
6721,18
6721,22
6721,23
6721,29
6721,35
6721,48
6721,52
6721,55
6721,62
856,35
856,38
856,49
13471,35
13471,37
13471,48
13471,55
13471,62
13471,79
728,18
728,19
728,34
728,35
728,42
728,63
728,72
487,18
487,20
487,35
487,38
487,63
487,72
1320,18
1320,35
1320,49
1320,100
13207,18
13207,35
13207,52
13207,54
13207,55
13207,63
13207,72
13207,100
13207,102
1185,1
1185,6
1185,18
1185,19
1185,63
1185,72
1519,35
1519,51
1519,63
1519,69
3450,1
3450,18
3450,34
3450,63
3450,72
3450,98
674,18
674,22
674,35
674,42
432,55
432,62
432,63
432,72
1620,13
1620,14
1620,35
1620,41
1620,55
1620,102
1420,1
1420,3
1420,35
1420,101
4453,18
4453,19
4453,20
4453,34
4453,55
4453,63
4453,72
4453,102
14041,35
14041,46
14041,47
14041,48
14041,63
14041,69
11030,18
11030,22
11030,32
11030,33
11030,35
11030,55
11030,101
11030,102
1636,18
1636,26
1636,34
2081,18
2081,34
2081,54
2081,55
2081,102
3448,1
3448,18
3448,19
3448,55
3448,63
3448,72
3448,98
3448,102
1560,18
1560,25
1560,35
1560,37
2825,1
2825,2
2825,9
7541,1
7541,5
7541,76
7541,97
7541,110
1008,55
1008,91
1008,96
1008,102
1885,1
1885,7
1885,8
1702,18
1702,20
1702,35
1702,43
1339,1
1339,5
1339,6
1339,55
1339,63
1339,72
1339,102
8201,1
8201,10
8201,18
8201,34
8201,35
8201,63
8201,72
8201,101
2239,18
2239,34
2239,35
2239,55
2239,58
2239,101
840,18
840,20
840,35
840,47
840,63
840,72
1134,18
1134,27
1134,35
1134,55
1134,101
1134,102
2466,35
2466,44
2466,52
7302,1
7302,5
7302,18
7302,19
7302,22
7302,34
7302,55
7302,62
7302,63
7302,72
655,18
655,24
655,55
655,58
655,63
655,72
12230,18
12230,29
12230,30
12230,35
12230,52
12230,55
12230,102
4588,18
4588,20
4588,28
4588,55
4588,102
6059,1
6059,3
6059,18
6059,19
6059,22
6059,23
6059,34
6059,35
6059,55
6059,58
6059,63
6059,72
6059,77
6059,97
6059,101
14250,35
14250,54
14250,55
14250,57
14250,101
1635,18
1635,25
1635,34
1635,35
1635,42
1635,63
1635,72
1830,35
1830,42
1830,48
1830,52
1830,63
1830,72
1653,35
1653,43
1653,55
1653,63
1653,70
1653,102
1406,55
1406,62
1406,74
1406,97
1406,122
1406,124
2790,55
2790,63
2790,64
2790,102
5526,63
5526,79
5526,103
406,18
406,19
406,35
406,48
406,55
406,63
406,72
406,102
1744,63
1744,67
1744,70
267,35
267,53
267,55
267,102
4093,1
4093,3
4093,63
4093,72
4093,84
4093,85
4454,18
4454,19
4454,20
4454,34
4454,63
4454,72
6470,1
6470,4
6470,5
6470,18
6470,19
6470,35
6470,43
6470,63
6470,72
315,18
315,25
315,35
315,48
315,63
315,72
14236,35
14236,52
14236,63
14236,70
14236,71
5173,35
5173,36
5173,48
5173,63
5173,72
1011,1
1011,2
1011,63
1011,69
2226,18
2226,29
2226,34
2226,55
2226,63
2226,72
2226,102
8199,1
8199,10
8199,18
8199,34
8199,35
8199,48
8199,55
8199,62
8199,63
8199,72
8199,77
8199,97
2413,18
2413,34
2413,35
2413,43
2413,55
2413,58
12286,18
12286,29
12286,34
12286,35
12286,45
12286,55
12286,58
12749,18
12749,34
12749,35
12749,40
12749,41
12749,42
12749,48
12749,52
12749,55
12749,62
12749,63
12749,70
12749,77
12749,97
2626,18
2626,20
2626,35
2626,49
2626,55
2626,63
2626,72
2626,102
780,18
780,35
780,52
780,100
2311,1
2311,4
2311,5
2311,35
2311,43
2311,55
2311,102
10163,18
10163,20
10163,35
10163,42
10163,43
10163,45
10163,48
10163,55
10163,63
10163,72
10163,102
750,18
750,25
750,35
750,55
750,63
750,72
750,101
750,102
13499,35
13499,37
13499,52
13499,55
13499,79
13499,80
13499,83
13499,102
3705,18
3705,29
3705,80
3705,81
8191,1
8191,10
8191,18
8191,20
8191,55
8191,102
7198,1
7198,5
7198,8
7198,35
7198,43
7198,84
7198,86
7224,1
7224,5
7224,8
7224,55
7224,63
7224,72
7224,80
7224,83
7224,102
4285,1
4285,6
4285,8
4285,35
4285,43
4285,63
4285,72
2268,35
2268,46
2268,49
8476,13
8476,14
8476,35
8476,63
8476,71
8476,101
11367,18
11367,23
11367,29
11367,34
1460,18
1460,34
1460,55
1460,77
1460,97
1460,102
3049,18
3049,25
3049,27
1731,35
1731,43
1731,48
1731,52
1731,77
1731,97
2043,18
2043,20
2043,34
2043,35
2043,52
6877,1
6877,4
6877,80
6877,81
6877,82
9893,18
9893,20
9893,29
9893,35
9893,41
1343,1
1343,6
1343,91
1343,96
1265,18
1265,20
1265,25
1265,35
1265,48
1265,63
1265,72
14479,55
14479,75
14479,80
14479,83
14479,97
14479,102
14479,118
2929,1
2929,18
2929,19
2929,63
2929,72
2929,98
2678,18
2678,26
2678,32
247,18
247,19
247,35
247,52
247,63
247,72
5623,78
5623,97
5623,127
5623,130
5623,132
3653,18
3653,25
3653,34
3653,55
3653,62
3653,63
3653,72
11726,18
11726,24
11726,35
11726,43
11726,53
11726,55
11726,102
3638,18
3638,24
3638,27
8165,1
8165,9
8165,94
8165,96
4331,1
4331,6
4331,88
4331,96
2879,1
2879,5
2879,6
2879,35
2879,43
2879,55
2879,102
9564,18
9564,20
9564,22
9564,25
9564,34
9564,35
9564,38
9564,41
9564,42
9564,55
9564,63
9564,72
9564,102
10330,18
10330,21
10330,22
10330,30
10330,34
10330,35
10330,41
10330,55
10330,102
1755,1
1755,3
1755,4
1755,5
1755,35
1755,43
567,18
567,20
567,35
567,41
567,63
567,72
1759,1
1759,3
1759,54
1139,35
1139,41
1139,48
1139,52
14314,54
14314,77
14314,78
14314,97
14314,132
2483,54
2483,76
2483,77
2483,97
2483,111
14781,74
14781,97
14781,121
14781,122
14781,123
8301,1
8301,54
8301,55
8301,77
8301,97
8301,98
8301,102
5745,1
5745,3
5745,4
5745,5
5745,35
5745,43
5745,77
5745,97
638,35
638,39
638,55
638,102
11591,18
11591,24
11591,29
11591,34
11591,55
11591,63
11591,72
11591,102
11778,18
11778,25
11778,27
11778,55
11778,102
14010,35
14010,43
14010,88
14010,96
6048,1
6048,3
6048,10
6048,55
6048,63
6048,72
6048,80
6048,81
6048,102
1442,18
1442,20
1442,35
1442,39
1442,63
1442,72
678,35
678,42
678,55
678,62
5600,75
5600,76
5600,97
5600,111
5600,118
5600,119
4665,18
4665,20
4665,55
4665,63
4665,70
4665,72
4665,102
2444,35
2444,38
2444,79
2444,80
2444,83
11072,18
11072,22
11072,34
11072,35
11072,41
11072,55
11072,63
11072,72
11072,102
12546,18
12546,31
12546,55
12546,62
2826,1
2826,2
2826,35
2826,43
4538,18
4538,19
4538,35
4538,52
4538,55
4538,58
8648,18
8648,19
8648,20
8648,25
8648,30
8648,35
8648,43
8648,52
8648,55
8648,58
8648,63
8648,72
2664,18
2664,24
2664,31
2664,63
2664,72
884,35
884,55
884,58
884,63
884,72
884,101
11268,18
11268,23
11268,24
11268,27
11268,31
11268,55
11268,102
5013,18
5013,30
5013,77
5013,97
14078,35
14078,48
14078,50
14078,63
14078,72
14078,77
14078,97
13012,18
13012,35
13012,37
13012,38
13012,52
13012,63
13012,72
13012,100
9537,18
9537,20
9537,22
9537,23
9537,34
9537,35
9537,52
9537,55
9537,63
9537,72
9537,102
3359,1
3359,5
3359,8
3359,9
3359,55
3359,63
3359,72
3359,102
11977,18
11977,25
11977,35
11977,43
11977,55
11977,63
11977,72
11977,102
9515,18
9515,20
9515,22
9515,23
9515,25
9515,27
9515,29
9515,34
9515,55
9515,63
9515,72
9515,102
7157,1
7157,5
7157,8
7157,18
7157,100
2004,1
2004,5
2004,18
2004,22
1142,35
1142,49
1142,55
1142,63
1142,72
1142,102
11928,18
11928,25
11928,35
11928,39
11928,40
11928,63
11928,72
2219,18
2219,25
2219,35
2219,39
2219,63
2219,72
839,18
839,20
839,35
839,38
1336,1
1336,4
1336,35
1336,43
1336,55
1336,102
2279,54
2279,80
2279,83
1422,1
1422,4
1422,8
1422,55
1422,102
2036,18
2036,19
2036,35
2036,43
2036,52
2036,55
2036,63
2036,72
2036,102
2516,75
2516,78
2516,97
2516,118
2516,119
2516,132
1457,18
1457,34
1457,35
1457,40
1457,42
1644,35
1644,36
1644,39
3949,74
3949,75
3949,97
3949,112
3949,113
3949,115
3949,117
3949,123
4062,1
4062,3
4062,18
4062,23
4062,35
4062,48
773,1
773,4
773,35
773,52
6097,1
6097,3
6097,18
6097,20
6097,34
6097,63
6097,72
2824,80
2824,82
2824,83
3677,18
3677,27
3677,34
3677,35
3677,101
665,18
665,23
665,63
665,72
3669,18
3669,26
3669,31
11772,18
11772,25
11772,27
11772,34
11772,55
11772,63
11772,72
11772,102
767,1
767,6
767,35
767,48
1313,18
1313,25
1313,35
1313,52
1313,55
1313,102
1468,35
1468,46
1468,48
2752,35
2752,43
2752,48
2752,49
2752,52
4348,1
4348,8
4348,35
4348,52
4348,80
4348,81
11741,18
11741,24
11741,35
11741,52
11741,54
13588,35
13588,37
13588,80
13588,104
11860,18
11860,25
11860,34
11860,35
11860,42
11860,63
11860,72
11860,80
11860,83
3352,1
3352,5
3352,6
3352,55
3352,76
3352,97
3352,102
3352,111
1217,18
1217,34
1217,35
1217,37
1217,41
2964,18
2964,20
2964,24
2964,63
2964,72
6006,1
6006,3
6006,6
6006,55
6006,62
838,18
838,20
838,34
838,55
838,102
12531,18
12531,31
12531,35
12531,46
2505,74
2505,76
2505,78
2505,97
2505,107
2505,111
2505,120
2505,132
4094,1
4094,3
4094,63
4094,72
4094,84
4094,86
2948,18
2948,19
2948,31
2948,63
2948,72
1998,1
1998,4
1998,5
1998,35
1998,52
12036,18
12036,26
12036,35
12036,37
12036,55
12036,102
2364,18
2364,20
2364,29
3333,1
3333,4
3333,35
3333,43
3333,54
2571,1
2571,6
2571,35
2571,48
2571,55
2571,102
10161,18
10161,20
10161,35
10161,41
10161,55
10161,77
10161,97
10161,102
11334,18
11334,23
11334,26
11334,27
589,35
589,41
589,42
589,55
589,102
4160,1
4160,4
4160,35
4160,49
4160,63
4160,72
1254,1
1254,3
1254,9
1321,35
1321,36
1321,77
1321,97
1500,18
1500,29
1500,34
1500,35
1500,52
1500,55
1500,102
7895,1
7895,8
7895,10
7895,35
7895,43
7895,63
7895,72
5867,1
5867,3
5867,4
5867,80
5867,81
5867,84
5867,85
708,18
708,20
708,35
708,41
708,55
708,63
708,72
708,102
13224,35
13224,36
13224,37
13224,40
13224,41
13224,42
13224,52
13224,55
13224,102
1838,35
1838,52
1838,80
1838,83
8149,1
8149,9
8149,63
8149,70
8149,71
8149,75
8149,97
8149,112
8149,113
8149,118
1788,18
1788,20
1788,35
1788,40
4961,18
4961,28
4961,35
4961,37
1075,35
1075,37
1075,41
1075,63
1075,72
7572,1
7572,6
7572,8
7572,18
7572,27
826,18
826,30
826,35
826,48
1329,55
1329,62
1329,79
1329,80
1329,81
9516,18
9516,20
9516,22
9516,23
9516,25
9516,28
9516,34
9516,35
9516,41
9516,55
9516,62
9516,63
9516,72
891,18
891,25
891,35
891,38
891,63
891,72
12610,18
12610,34
12610,35
12610,36
12610,80
12610,83
5375,35
5375,48
5375,55
5375,63
5375,69
5375,102
7059,1
7059,5
7059,6
7059,84
7059,86
7059,88
7059,96
4420,13
4420,14
4420,18
4420,19
4420,55
4420,63
4420,72
4420,102
6992,1
6992,5
6992,6
6992,18
6992,34
6992,55
6992,62
6992,63
6992,72
3432,1
3432,8
3432,63
3432,72
3432,80
3432,83
1068,18
1068,20
1068,35
1068,49
1068,63
1068,72
997,18
997,21
997,25
997,63
997,72
10875,18
10875,22
10875,25
10875,27
10875,34
10875,35
10875,41
10875,55
10875,63
10875,72
10875,102
6703,1
6703,4
6703,18
6703,20
6703,24
6703,54
6703,63
6703,72
14364,55
14364,62
14364,63
14364,70
14364,80
14364,81
14364,83
1356,18
1356,34
1356,35
1356,39
1356,63
1356,72
8221,1
8221,10
8221,35
8221,52
8221,54
607,18
607,34
607,35
607,42
607,52
677,18
677,25
677,35
677,52
677,55
677,63
677,72
677,102
967,35
967,43
967,48
967,77
967,97
758,18
758,35
758,41
758,52
758,55
758,100
758,102
9170,18
9170,19
9170,34
9170,35
9170,41
9170,48
9170,52
9170,55
9170,63
9170,72
9170,102
1558,18
1558,24
1558,35
1558,37
1703,18
1703,20
1703,35
1703,47
1703,55
1703,63
1703,72
1703,102
7140,1
7140,5
7140,8
7140,18
7140,29
7140,76
7140,97
7140,111
1145,74
1145,75
1145,79
1145,80
1145,83
1145,97
1145,112
1145,113
1145,122
2275,35
2275,51
2275,52
1939,18
1939,35
1939,40
1939,100
414,35
414,40
414,42
903,35
903,43
903,48
903,55
903,62
1958,35
1958,43
1958,52
1958,55
1958,63
1958,72
1958,102
952,35
952,41
952,49
952,55
952,102
14738,74
14738,76
14738,97
14738,111
14738,120
14738,121
13491,35
13491,37
13491,52
13491,55
13491,58
13491,62
4004,1
4004,3
4004,4
4004,5
4004,8
4004,10
10320,18
10320,21
10320,22
10320,29
10320,34
10320,35
10320,37
10320,48
10320,52
10320,55
10320,62
3289,1
3289,3
3289,6
3289,84
3289,86
764,18
764,31
764,35
764,101
12007,18
12007,25
12007,63
12007,65
12007,72
1969,55
1969,58
1969,80
1969,81
1584,35
1584,43
1584,52
1584,53
1584,55
1584,102
1295,1
1295,4
1295,5
1295,9
2438,35
2438,37
2438,55
2438,79
2438,102
4715,18
4715,21
4715,35
4715,43
4715,52
635,18
635,35
635,41
635,52
635,100
9394,18
9394,20
9394,21
9394,22
9394,23
9394,29
9394,30
9394,31
9394,34
9394,35
9394,43
9394,52
9394,55
9394,63
9394,72
9394,102
1388,18
1388,19
1388,35
1388,41
4905,18
4905,25
4905,35
4905,38
4905,41
9555,18
9555,20
9555,22
9555,24
9555,34
9555,35
9555,36
9555,37
9555,38
9555,41
9555,43
9555,48
9555,52
9555,55
9555,58
9555,63
9555,72
3447,1
3447,11
3447,63
3447,70
943,18
943,19
943,34
943,55
943,63
943,72
943,102
688,18
688,21
688,35
688,42
688,63
688,72
5442,55
5442,56
5442,62
5442,63
5442,70
1140,35
1140,43
1140,52
1140,55
1140,62
4265,1
4265,5
4265,35
4265,48
4265,49
4265,52
9508,18
9508,20
9508,21
9508,35
9508,48
9508,50
9508,52
9508,63
9508,72
9508,77
9508,97
11571,18
11571,24
11571,26
11571,35
11571,41
1151,1
1151,3
1151,35
1151,48
1151,52
3504,18
3504,19
3504,35
3504,55
3504,58
3504,101
1249,55
1249,62
1249,80
1249,82
1435,1
1435,13
1435,14
1435,98
6139,1
6139,3
6139,18
6139,22
6139,29
6139,34
6139,35
6139,55
6139,101
6139,102
2020,1
2020,10
2020,35
2020,101
9873,18
9873,20
9873,29
9873,34
9873,35
9873,37
9873,41
9873,48
9873,55
9873,62
9873,63
9873,72
9873,78
9873,97
9873,132
5353,35
5353,46
5353,52
1699,18
1699,20
1699,35
1699,37
1699,55
1699,102
481,35
481,42
481,43
8040,1
8040,8
8040,76
8040,77
8040,97
8040,107
8040,111
12902,18
12902,34
12902,35
12902,47
12902,49
3091,18
3091,33
3091,34
1138,35
1138,40
1138,48
1138,63
1138,72
2240,18
2240,34
2240,63
2240,72
2240,80
2240,81
1297,1
1297,5
1297,6
1297,35
1297,43
13229,35
13229,36
13229,37
13229,52
13229,55
13229,62
1377,1
1377,3
1377,6
1377,8
4886,18
4886,24
4886,54
4886,55
4886,63
4886,72
4886,102
1241,18
1241,24
1241,34
1241,63
1241,72
14780,74
14780,97
14780,120
14780,124
14780,125
14780,126
989,1
989,3
989,4
989,35
989,43
1482,1
1482,5
1482,6
1482,10
1160,18
1160,20
1160,55
1160,62
5505,63
5505,65
5505,70
5363,35
5363,48
5363,52
5363,54
5363,63
5363,72
6149,1
6149,3
6149,18
6149,22
6149,35
6149,43
6149,53
2231,18
2231,34
2231,35
2231,36
2231,37
1097,55
1097,57
1097,63
1097,70
8593,18
8593,19
8593,20
8593,22
8593,29
8593,30
8593,34
8593,35
8593,37
8593,41
8593,42
8593,47
8593,52
8593,55
8593,58
8593,61
8593,63
8593,72
1536,1
1536,5
1536,9
1536,55
1536,62
2424,18
2424,35
2424,41
2424,43
2424,52
2424,55
2424,100
2424,102
3529,18
3529,20
3529,29
3529,35
3529,52
3529,63
3529,72
2746,35
2746,40
2746,52
2746,63
2746,72
1043,75
1043,79
1043,80
1043,83
1043,97
1043,112
1043,113
1614,1
1614,5
1614,84
1614,85
7359,1
7359,5
7359,18
7359,22
7359,84
7359,85
4051,1
4051,3
4051,10
4051,55
4051,62
2744,35
2744,40
2744,41
2744,63
2744,72
5373,35
5373,48
5373,55
5373,62
5373,63
5373,70
5373,77
5373,97
9828,18
9828,20
9828,25
9828,35
9828,42
9828,47
9828,48
9828,55
9828,63
9828,72
9828,102
423,18
423,19
423,35
423,48
1001,18
1001,25
1001,35
1001,47
1001,63
1001,72
1925,18
1925,27
1925,35
1925,49
10905,18
10905,22
10905,25
10905,77
10905,97
12809,18
12809,34
12809,35
12809,41
12809,48
12809,52
12809,55
12809,58
6084,1
6084,3
6084,18
6084,19
6084,55
6084,58
6084,80
6084,81
4515,18
4515,19
4515,35
4515,42
4515,43
4515,48
4515,63
4515,72
4515,77
4515,97
2967,18
2967,20
2967,25
2967,35
2967,55
2967,63
2967,72
2967,101
2967,102
11141,18
11141,22
11141,35
11141,37
11141,48
11141,63
11141,72
1122,35
1122,52
1122,53
10985,18
10985,22
10985,29
10985,35
10985,41
10985,48
10985,52
10985,55
10985,63
10985,72
10985,77
10985,97
10985,102
14421,55
14421,62
14421,74
14421,97
14421,122
14421,125
497,18
497,29
497,35
497,52
497,55
497,102
882,35
882,40
882,42
882,63
882,72
387,35
387,41
387,49
3051,18
3051,25
3051,34
3051,35
3051,63
3051,72
3051,101
5440,55
5440,56
5440,57
5440,61
3038,18
3038,24
3038,30
1846,55
1846,63
1846,70
1846,95
1846,96
1846,102
1174,63
1174,72
1174,80
1174,83
1454,18
1454,28
1454,35
1454,101
14344,55
14344,61
14344,80
14344,81
1315,18
1315,29
1315,35
1315,45
1340,1
1340,5
1340,6
1340,63
1340,69
12836,18
12836,34
12836,35
12836,41
12836,63
12836,69
1437,18
1437,19
1437,35
1437,48
1437,52
1961,35
1961,43
1961,76
1961,77
1961,97
1961,111
953,35
953,48
953,55
953,62
953,63
953,72
466,13
466,14
466,63
466,72
914,18
914,26
914,35
914,52
1591,55
1591,62
1591,74
1591,79
1591,97
1591,122
2728,35
2728,37
2728,41
2728,52
2728,63
2728,72
6678,1
6678,4
6678,18
6678,19
6678,20
6678,34
6678,35
6678,42
6678,63
6678,72
1391,18
1391,20
1391,63
1391,72
1391,80
1391,81
12430,18
12430,30
12430,34
12430,35
12430,42
12430,55
12430,58
1057,35
1057,48
1057,49
1057,63
1057,72
2925,1
2925,10
2925,18
2925,24
4363,1
4363,9
4363,18
4363,24
14637,74
14637,75
14637,78
14637,97
14637,118
14637,121
14637,122
14637,132
10079,18
10079,20
10079,35
10079,37
10079,48
10079,55
10079,58
10079,63
10079,72
2216,18
2216,24
2216,35
2216,48
2216,52
2216,63
2216,72
11369,18
11369,23
11369,29
11369,34
11369,35
11369,39
11369,48
11369,55
11369,102
548,74
548,79
548,97
548,120
548,122
1242,18
1242,25
1242,35
1242,41
10794,18
10794,22
10794,23
10794,34
10794,35
10794,47
10794,52
10794,55
10794,63
10794,72
10794,102
4915,18
4915,25
4915,35
4915,42
4915,47
4915,63
4915,72
5383,35
5383,48
5383,74
5383,97
5383,120
2266,35
2266,43
2266,49
2266,63
2266,72
8044,1
8044,8
8044,84
8044,85
475,35
475,43
475,55
475,63
475,72
475,102
1184,1
1184,5
1184,63
1184,69
6990,1
6990,5
6990,6
6990,18
6990,34
6990,35
6990,41
587,35
587,36
587,43
14682,74
14682,75
14682,97
14682,112
14682,113
14682,122
14682,125
6265,1
6265,3
6265,35
6265,37
6265,43
6265,48
6265,80
6265,82
1362,35
1362,43
1362,48
1362,49
779,18
779,35
779,37
779,63
779,72
779,100
10280,18
10280,20
10280,55
10280,77
10280,95
10280,96
10280,97
10280,102
599,18
599,34
599,35
599,43
1797,18
1797,22
1797,35
1797,43
1797,55
1797,102
4254,1
4254,5
4254,18
4254,55
4254,100
4254,102
3301,1
3301,3
3301,35
3301,41
3301,43
686,1
686,5
686,35
686,43
686,55
686,102
2310,1
2310,4
2310,5
2310,6
2310,8
2310,35
2310,43
11601,18
11601,24
11601,29
11601,55
11601,102
1072,18
1072,24
1072,35
1072,55
1072,101
1072,102
1491,1
1491,76
1491,77
1491,97
1491,98
1491,111
623,1
623,5
623,6
623,9
12599,18
12599,34
12599,35
12599,36
12599,41
12599,55
12599,102
2489,55
2489,63
2489,102
2489,103
2500,74
2500,75
2500,97
2500,112
2500,113
2500,118
2500,120
2500,122
2500,124
7910,1
7910,8
7910,13
7910,15
7910,55
7910,102
12737,18
12737,34
12737,35
12737,39
12737,42
12737,52
12737,63
12737,72
4251,1
4251,5
4251,18
4251,29
4251,55
4251,102
14143,35
14143,49
14143,50
14143,55
14143,58
14086,35
14086,48
14086,52
14086,55
14086,58
14086,77
14086,97
2971,18
2971,20
2971,34
2971,35
2971,42
2971,48
2971,63
2971,72
3191,35
3191,48
3191,52
3191,54
3191,55
3191,58
395,35
395,37
395,55
395,62
395,80
395,83
2376,18
2376,22
2376,23
2376,34
5335,35
5335,43
5335,55
5335,58
5335,63
5335,103
1756,1
1756,3
1756,18
1756,19
1756,63
1756,72
6862,1
6862,4
6862,55
6862,63
6862,69
6862,102
2228,18
2228,30
2228,35
2228,43
2228,55
2228,102
782,55
782,79
782,80
782,83
782,102
474,18
474,25
474,35
474,48
266,74
266,75
266,78
266,97
266,118
266,120
266,122
266,132
3472,18
3472,19
3472,20
3472,34
3472,35
3472,42
3472,63
3472,72
11247,18
11247,22
11247,35
11247,52
11247,63
11247,72
11247,80
11247,81
1800,18
1800,23
1800,31
5022,18
5022,31
5022,35
5022,55
5022,58
5022,101
4646,18
4646,20
4646,35
4646,43
4646,48
4646,55
4646,58
4646,63
4646,72
7053,1
7053,5
7053,6
7053,75
7053,97
7053,119
2115,63
2115,70
2115,74
2115,97
2115,122
2680,18
2680,26
2680,55
2680,58
400,18
400,35
400,38
400,100
9041,18
9041,19
9041,24
9041,35
9041,52
9041,55
9041,102
9512,18
9512,20
9512,22
9512,23
9548,18
9548,20
9548,22
9548,23
9548,63
9548,72
10681,18
10681,21
10681,35
10681,52
10681,95
10681,96
8559,18
8559,19
8559,20
8559,21
8559,25
8559,34
8559,55
8559,63
8559,72
8559,102
9427,18
9427,20
9427,21
9427,25
9427,34
9427,35
9427,41
9427,55
9427,63
9427,72
9427,77
9427,97
9427,102
6031,1
6031,3
6031,8
6031,35
6031,52
2514,75
2514,78
2514,80
2514,83
2514,97
2514,118
2514,132
2572,1
2572,6
2572,55
2572,62
2572,80
2572,83
4489,18
4489,19
4489,31
4489,55
4489,63
4489,72
4489,102
956,1
956,4
956,5
956,55
956,102
12083,18
12083,27
12083,34
12083,35
12083,37
12083,55
12083,74
12083,97
12083,102
12083,120
1923,18
1923,27
1923,31
465,35
465,48
465,52
465,55
465,62
8170,1
8170,10
8170,18
8170,19
8170,35
8170,37
1302,1
1302,9
1302,80
1302,81
9087,18
9087,19
9087,28
9087,31
9087,63
9087,72
3470,13
3470,16
3470,63
3470,70
3470,71
10612,18
10612,21
10612,35
10612,39
10612,41
1678,1
1678,4
1678,35
1678,52
1678,55
1678,102
3498,18
3498,19
3498,35
3498,42
3498,52
1114,18
1114,31
1114,35
1114,52
1114,55
1114,102
489,74
489,75
489,79
489,80
489,83
489,97
489,112
489,113
489,120
971,74
971,79
971,80
971,83
971,97
971,120
971,122
11815,18
11815,25
11815,31
11815,34
11815,35
11815,48
11815,52
11815,55
11815,63
11815,72
11815,95
11815,96
11815,102
4458,18
4458,19
4458,20
4458,55
4458,62
4458,63
4458,72
3096,18
3096,34
3096,35
3096,37
3096,41
3096,55
3096,62
3198,35
3198,52
3198,55
3198,62
3198,63
3198,70
6126,1
6126,3
6126,18
6126,22
6126,23
1049,18
1049,31
1049,35
1049,42
1489,1
1489,55
1489,63
1489,72
1489,98
1489,102
3967,74
3967,97
3967,120
3967,122
3967,123
3967,124
1269,18
1269,23
1269,55
1269,62
11308,18
11308,23
11308,25
11308,26
11308,27
11308,31
11308,34
11308,55
11308,63
11308,72
11308,102
4690,18
4690,21
4690,34
4690,35
4690,101
658,18
658,29
658,35
658,42
7635,1
7635,6
7635,10
7635,35
7635,41
7635,55
7635,62
12402,18
12402,29
12402,35
12402,50
12402,55
12402,102
2916,1
2916,8
2916,35
2916,52
2916,55
2916,102
1294,1
1294,3
1294,63
1294,70
5447,55
5447,57
5447,61
5447,62
1504,18
1504,34
1504,35
1504,37
1504,55
1504,62
8873,18
8873,19
8873,22
8873,25
8873,35
8873,37
8873,63
8873,70
8873,72
2394,18
2394,25
2394,34
2394,35
2394,48
2394,63
2394,72
12209,18
12209,28
12209,35
12209,48
12209,52
12209,55
12209,63
12209,72
12209,102
10501,18
10501,21
10501,29
10501,35
10501,48
10501,52
14438,55
14438,62
14438,76
14438,97
14438,107
14438,109
4982,18
4982,29
4982,35
4982,37
4982,38
1402,35
1402,41
1402,49
1402,52
7904,1
7904,8
7904,10
7904,84
7904,86
2042,18
2042,20
2042,34
2042,35
2042,41
2042,63
2042,72
1119,35
1119,41
1119,52
1119,63
1119,72
2313,1
2313,4
2313,6
2313,35
2313,43
2313,63
2313,72
2865,1
2865,4
2865,8
2865,80
2865,81
10006,18
10006,20
10006,34
10006,35
10006,43
10006,55
10006,63
10006,72
10006,102
12077,18
12077,27
12077,31
12077,35
12077,43
12077,52
12077,55
12077,102
2104,35
2104,43
2104,48
2104,53
2104,55
2104,102
1949,35
1949,39
1949,48
1949,52
1366,35
1366,48
1366,63
1366,69
853,1
853,4
853,9
5432,54
5432,55
5432,62
5432,79
4208,1
4208,5
4208,6
4208,79
2030,18
2030,19
2030,34
2030,35
2030,48
1331,74
1331,76
1331,78
1331,97
1331,107
1331,120
1331,122
1331,132
2722,35
2722,36
2722,49
11961,18
11961,25
11961,35
11961,42
11961,48
11961,52
11961,55
11961,63
11961,72
11961,102
14443,55
14443,62
14443,80
14443,83
14443,84
14443,86
9714,18
9714,20
9714,23
9714,35
9714,43
9714,52
9714,63
9714,72
5003,18
5003,30
5003,32
8414,13
8414,14
8414,18
8414,24
8414,63
8414,71
656,18
656,25
656,35
656,42
429,18
429,20
429,35
429,42
7535,1
7535,5
7535,63
7535,103
1624,18
1624,19
1624,35
1624,52
1624,55
1624,58
1624,63
1624,72
9337,18
9337,19
9337,35
9337,47
9337,48
9337,52
2332,1
2332,5
2332,35
2332,43
2332,55
2332,58
215,18
215,19
215,35
215,48
215,63
215,72
14372,55
14372,62
14372,63
14372,72
14372,77
14372,97
766,1
766,2
766,5
8276,1
8276,35
8276,39
8276,63
8276,72
8276,98
3553,18
3553,20
3553,35
3553,42
3553,49
3553,63
3553,72
542,1
542,4
542,35
542,48
1007,55
1007,63
1007,72
1007,95
1007,96
1007,102
1882,1
1882,6
1882,10
1882,35
1882,43
1680,1
1680,5
1680,6
1680,80
1680,81
14449,55
14449,62
14449,91
14449,95
14449,96
1153,1
1153,6
1153,8
1153,76
1153,97
1153,111
8641,18
8641,19
8641,20
8641,24
8641,34
8641,35
8641,37
8641,38
8641,41
8641,42
8641,48
8641,55
8641,62
8641,63
8641,72
3449,1
3449,18
3449,20
3449,63
3449,72
3449,98
593,18
593,22
593,63
593,72
3269,1
3269,2
3269,55
3269,63
3269,69
3269,102
2063,18
2063,25
2063,35
2063,43
2063,63
2063,72
1183,1
1183,5
1183,8
1183,80
1183,81
846,18
846,20
846,34
846,35
846,42
846,63
846,72
326,90
326,96
2347,1
2347,10
2347,35
2347,48
2347,55
2347,102
2058,18
2058,24
2058,25
1443,18
1443,20
1443,35
1443,42
1443,52
1443,63
1443,72
5046,18
5046,34
5046,35
5046,38
5046,49
5046,63
5046,72
3734,18
3734,34
3734,35
3734,41
3734,49
3734,55
3734,102
1062,1
1062,5
1062,35
1062,49
2985,18
2985,20
2985,35
2985,43
2985,48
2985,52
2985,55
2985,63
2985,72
2985,102
4166,1
4166,4
4166,55
4166,62
4166,63
4166,70
12896,18
12896,34
12896,35
12896,44
12896,55
12896,63
12896,70
12896,102
910,1
910,5
910,6
910,8
910,55
910,102
4556,18
4556,20
4556,22
4556,23
4556,34
4556,55
4556,63
4556,72
4556,102
2963,18
2963,20
2963,23
2963,34
2963,63
2963,72
9850,18
9850,20
9850,26
9850,35
9850,46
9850,48
9850,55
9850,62
689,18
689,25
689,35
689,48
689,55
689,63
689,72
689,102
744,35
744,41
744,50
1770,1
1770,5
1770,35
1770,48
1770,52
1770,55
1770,102
1316,18
1316,29
1316,55
1316,62
1036,35
1036,39
1036,41
3627,18
3627,23
3627,34
3627,55
3627,63
3627,72
3627,102
10212,18
10212,20
10212,35
10212,48
10212,49
10212,54
10212,55
10212,102
8521,13
8521,17
8521,18
8521,19
3444,1
3444,10
3444,18
3444,34
3444,55
3444,102
1801,18
1801,23
1801,35
1801,37
1801,55
1801,102
1919,18
1919,24
1919,35
1919,41
1919,55
1919,102
5768,1
5768,3
5768,4
5768,6
5768,35
5768,43
5768,55
5768,102
2783,55
2783,62
2783,63
2783,70
2783,79
2783,80
2783,83
5630,1
5630,2
5630,3
5630,6
5630,63
5630,72
699,35
699,42
699,49
699,63
699,72
673,1
673,4
673,6
673,63
673,72
1306,18
1306,21
1306,22
2453,35
2453,41
2453,50
2453,55
2453,102
5836,1
5836,3
5836,4
5836,35
5836,43
5836,49
1498,18
1498,20
1498,35
1498,43
1498,55
1498,63
1498,72
1498,102
4587,18
4587,20
4587,27
4587,35
4587,41
4587,55
4587,63
4587,72
4587,102
867,18
867,27
867,35
867,42
911,1
911,10
911,35
911,43
10276,18
10276,20
10276,55
10276,62
10276,80
10276,83
10516,18
10516,21
10516,32
10516,35
10516,48
10516,55
10516,102
4072,1
4072,3
4072,35
4072,42
4072,43
2026,13
2026,16
2026,63
2026,71
3077,18
3077,29
3077,35
3077,63
3077,72
3077,101
1587,35
1587,52
1587,53
1587,55
1587,102
1777,13
1777,14
1777,55
1777,63
1777,71
1777,102
1104,1
1104,3
1104,4
1104,6
8721,18
8721,19
8721,20
8721,35
8721,37
1219,18
1219,34
1219,55
1219,95
1219,96
1219,102
2715,18
2715,35
2715,39
2715,100
4966,18
4966,28
4966,35
4966,48
4966,55
4966,62
2623,18
2623,20
2623,35
2623,43
2623,52
2623,63
2623,72
4052,1
4052,3
4052,12
646,1
646,5
646,9
646,55
646,102
1045,1
1045,8
1045,35
1045,43
1045,55
1045,102
11250,18
11250,22
11250,35
11250,55
11250,62
11250,101
3336,1
3336,4
3336,35
3336,52
3336,63
3336,72
611,1
611,9
611,55
611,102
937,1
937,5
937,35
937,43
937,52
1386,13
1386,14
1386,18
1386,20
1386,63
1386,72
8463,13
8463,14
8463,35
8463,38
8463,41
3087,18
3087,32
3087,34
3087,55
3087,102
4392,1
4392,10
4392,35
4392,52
4392,55
4392,102
391,18
391,35
391,41
391,63
391,72
391,100
988,1
988,2
988,63
988,72
3648,18
3648,25
3648,29
7285,1
7285,5
7285,10
7285,94
7285,96
7200,1
7200,5
7200,8
7200,35
7200,48
7200,49
7200,52
7200,55
7200,58
3429,1
3429,8
3429,55
3429,58
4345,1
4345,8
4345,35
4345,48
4345,55
4345,58
6528,1
6528,4
6528,6
6528,8
6528,55
6528,58
6528,63
6528,72
9773,18
9773,20
9773,25
9773,29
9773,34
9773,35
9773,42
9773,63
9773,70
9773,72
8478,13
8478,14
8478,54
8478,55
8478,79
8478,102
5150,18
5150,35
5150,44
5150,100
2959,18
2959,19
2959,54
2959,55
2959,63
2959,72
2959,102
2164,1
2164,6
2164,9
2164,55
2164,102
7560,1
7560,6
7560,8
7560,10
7560,80
7560,81
7560,82
7560,84
7560,86
848,18
848,24
848,35
848,52
848,55
848,102
5537,74
5537,75
5537,78
5537,97
5537,118
5537,119
5537,120
5537,132
598,18
598,34
598,35
598,38
598,63
598,72
14529,63
14529,70
14529,74
14529,76
14529,97
14529,111
14529,122
3443,1
3443,10
3443,18
3443,20
3443,63
3443,72
1453,18
1453,28
1453,34
10583,18
10583,21
10583,35
10583,37
10583,40
857,35
857,39
857,63
857,72
5040,18
5040,34
5040,35
5040,37
5040,42
5040,63
5040,72
3192,35
3192,48
3192,54
3192,77
3192,97
2341,1
2341,6
2341,55
2341,95
2341,96
2341,102
10092,18
10092,20
10092,35
10092,37
10092,55
10092,62
10092,63
10092,72
10092,80
10092,81
625,35
625,47
625,48
4935,18
4935,26
4935,35
4935,47
4935,55
4935,102
1090,18
1090,23
1090,35
1090,42
2628,18
2628,20
2628,55
2628,63
2628,72
2628,80
2628,81
2628,102
940,1
940,6
940,80
940,83
14556,63
14556,71
14556,84
14556,87
3440,1
3440,9
3440,55
3440,79
3440,80
3440,83
3440,102
12574,18
12574,32
12574,55
12574,58
12574,63
12574,72
946,18
946,20
946,21
946,63
946,72
2050,18
2050,22
2050,28
2050,55
2050,102
2066,18
2066,29
2066,35
2066,37
2066,52
7068,1
7068,5
7068,7
7068,76
7068,97
7068,111
13938,35
13938,43
13938,47
13938,55
13938,58
3187,35
3187,46
3187,47
2351,1
2351,35
2351,52
2351,98
9947,18
9947,20
9947,34
9947,35
9947,37
9947,41
9947,52
9947,55
9947,63
9947,72
9947,102
684,35
684,38
684,41
500,1
500,5
500,91
500,96
6740,1
6740,4
6740,18
6740,28
6740,35
6740,43
3186,35
3186,45
3186,49
1501,18
1501,29
1501,35
1501,37
1501,55
1501,62
1403,35
1403,41
1403,55
1403,95
1403,96
1403,102
12406,18
12406,29
12406,35
12406,52
12406,80
12406,83
4032,1
4032,3
4032,5
4032,8
4032,84
4032,86
1922,18
1922,26
1922,35
1922,55
1922,101
1922,102
3423,1
3423,8
3423,18
3423,29
1314,18
1314,29
1314,35
1314,39
2541,1
2541,3
2541,55
2541,80
2541,81
2541,102
2891,1
2891,5
2891,88
2891,96
4729,18
4729,22
4729,23
4729,25
4457,18
4457,19
4457,20
4457,55
4457,58
4457,63
4457,72
1892,13
1892,14
1892,55
1892,62
9914,18
9914,20
9914,29
9914,35
9914,101
8180,1
8180,10
8180,18
8180,20
8180,35
8180,37
1234,13
1234,15
1234,55
1234,102
718,18
718,21
718,35
718,52
718,63
718,72
14195,35
14195,50
14195,63
14195,72
5492,55
5492,75
5492,80
5492,83
5492,97
5492,102
5492,112
5492,113
2094,35
2094,41
2094,43
2094,52
1364,35
1364,43
1364,49
1364,52
10799,18
10799,22
10799,23
10799,34
10799,35
10799,52
10799,55
10799,58
14134,35
14134,48
14134,63
14134,72
14134,79
12586,18
12586,33
12586,55
12586,58
1539,1
1539,6
1539,35
1539,43
1539,63
1539,72
12584,18
12584,33
12584,35
12584,52
12584,55
12584,58
1937,18
1937,34
1937,55
1937,80
1937,81
1937,102
4559,18
4559,20
4559,22
4559,34
4559,35
4559,37
4559,41
4559,52
4559,55
4559,102
9613,18
9613,20
9613,22
9613,34
9613,55
9613,102
949,18
949,29
949,35
949,49
3685,18
3685,28
3685,55
3685,58
14473,55
14473,74
14473,80
14473,83
14473,97
14473,102
14473,120
3819,35
3819,40
3819,49
3819,63
3819,72
1077,35
1077,39
1077,48
11844,18
11844,25
11844,34
11844,35
11844,41
11844,42
11844,63
11844,72
2014,1
2014,8
2014,35
2014,49
4525,18
4525,19
4525,35
4525,43
4525,54
4525,55
4525,63
4525,72
4525,102
4396,1
4396,11
4396,63
4396,72
14432,55
14432,62
14432,75
14432,80
14432,83
14432,97
14432,119
507,55
507,62
507,74
507,97
507,120
507,122
5181,35
5181,37
5181,38
5181,48
1317,18
1317,31
1317,34
1317,55
1317,102
2961,18
2961,20
2961,21
2961,35
2961,52
2961,63
2961,72
8160,1
8160,9
8160,80
8160,104
5870,1
5870,3
5870,5
5870,6
5870,8
5870,35
5870,43
5870,55
5870,63
5870,69
5870,102
1701,18
1701,20
1701,35
1701,41
1701,55
1701,102
4902,18
4902,25
4902,35
4902,37
4902,39
4902,63
4902,72
11677,18
11677,24
11677,35
11677,39
812,18
812,21
812,35
812,63
812,72
812,101
847,18
847,22
847,35
847,41
847,55
847,102
4316,1
4316,6
4316,35
4316,49
4316,52
666,35
666,41
666,48
666,63
666,72
586,18
586,23
586,35
586,48
586,55
586,102
807,35
807,39
807,49
934,74
934,78
934,97
934,120
934,122
934,126
934,132
13642,35
13642,38
13642,55
13642,80
13642,83
13642,102
368,35
368,38
368,55
368,102
13308,35
13308,37
13308,39
13308,40
9134,18
9134,19
9134,34
9134,35
9134,37
9651,18
9651,20
9651,23
9651,24
9651,35
9651,41
9651,48
9651,49
9651,55
9651,62
9651,63
9651,72
2143,1
2143,3
2143,35
2143,37
2143,55
2143,102
712,18
712,20
712,35
712,48
712,55
712,102
3479,18
3479,19
3479,23
3479,35
3479,48
1318,18
1318,34
1318,35
1318,41
1318,42
3318,1
3318,4
3318,5
3318,84
3318,85
2086,18
2086,63
2086,70
2086,100
12058,18
12058,26
12058,55
12058,77
12058,97
12058,102
3855,35
3855,44
3855,48
3855,77
3855,97
7816,1
7816,6
7816,35
7816,55
7816,61
7816,101
2669,18
2669,24
2669,35
2669,55
2669,58
2669,63
2669,72
2669,101
12901,18
12901,34
12901,35
12901,46
12901,55
12901,102
8349,1
8349,84
8349,86
8349,98
7954,1
7954,8
7954,18
7954,28
7954,55
7954,62
14099,35
14099,48
14099,52
14099,63
14099,72
14099,77
14099,80
14099,81
14099,97
3085,18
3085,31
3085,35
3085,48
3085,52
1359,35
1359,39
1359,40
4399,1
4399,35
4399,37
4399,55
4399,98
4399,102
6878,1
6878,4
6878,84
6878,85
6878,86
1567,18
1567,31
1567,35
1567,55
1567,101
1567,102
4107,1
4107,4
4107,5
4107,6
4107,63
4107,69
1002,18
1002,29
1002,34
1002,35
1002,52
2160,1
2160,5
2160,8
2160,93
2160,96
445,74
445,75
445,78
445,97
445,112
445,113
445,120
445,122
445,132
695,18
695,27
695,63
695,72
1924,18
1924,27
1924,35
1924,42
1924,63
1924,72
1275,18
1275,32
1275,55
1275,63
1275,72
1275,102
2112,55
2112,62
2112,63
2112,70
2112,80
2112,81
3026,18
3026,23
3026,28
3026,55
3026,102
922,1
922,5
922,6
922,55
922,62
2649,18
2649,22
2649,28
7747,1
7747,6
7747,35
7747,37
7747,48
7747,52
7747,55
7747,102
2536,1
2536,3
2536,35
2536,43
2536,55
2536,63
2536,72
2536,102
709,18
709,32
709,55
709,102
1965,35
1965,48
1965,55
1965,95
1965,96
1965,102
4576,18
4576,20
4576,24
4576,55
4576,63
4576,72
4576,102
1060,55
1060,62
1060,63
1060,70
1060,80
1060,83
12995,18
12995,35
12995,36
12995,37
12995,55
12995,100
12995,102
2023,13
2023,14
2023,18
2023,29
1282,35
1282,37
1282,41
1282,55
1282,63
1282,72
1282,102
14869,76
14869,77
14869,78
14869,97
14869,109
14869,132
1426,1
1426,5
1426,6
1426,80
1426,83
1382,1
1382,6
1382,35
1382,37
13434,35
13434,37
13434,43
13434,48
13434,63
13434,72
1311,18
1311,24
1311,35
1311,48
1311,52
2630,18
2630,20
2630,63
2630,70
2630,72
13807,35
13807,41
13807,48
13807,55
13807,95
13807,96
13807,102
2578,1
2578,8
2578,35
2578,43
2578,55
2578,58
321,18
321,23
321,35
321,48
1395,18
1395,34
1395,63
1395,69
993,1
993,6
993,55
993,62
993,63
993,72
2215,18
2215,24
2215,35
2215,48
2215,52
2215,55
2215,102
7205,1
7205,5
7205,8
7205,35
7205,48
7205,84
7205,86
1233,1
1233,6
1233,89
1233,96
889,1
889,8
889,9
1458,18
1458,34
1458,35
1458,41
1458,42
1458,55
1458,102
11547,18
11547,24
11547,25
11547,26
11547,55
11547,102
2161,1
2161,5
2161,9
2161,91
2161,96
986,90
986,91
986,96
1985,89
1985,90
1985,91
1985,96
3372,1
3372,5
3372,8
3372,63
3372,72
3372,76
3372,97
3372,111
1084,1
1084,5
1084,55
1084,95
1084,96
1084,102
1886,1
1886,8
1886,35
1886,37
1808,18
1808,25
1808,55
1808,58
1808,63
1808,72
1952,35
1952,41
1952,42
1952,48
1952,63
1952,72
3228,63
3228,71
3228,79
3228,80
3228,83
10552,18
10552,21
10552,34
10552,35
10552,41
10552,55
10552,62
10552,77
10552,97
12646,18
12646,34
12646,35
12646,37
12646,41
12646,43
12646,55
12646,62
12646,63
12646,72
2039,18
2039,19
2039,54
9003,18
9003,19
9003,24
9003,34
9003,35
9003,41
9003,42
9003,43
9003,48
9003,52
9003,55
9003,63
9003,70
9003,72
9003,102
868,18
868,34
868,55
868,63
868,70
868,102
7547,1
7547,5
7547,89
7547,94
7547,96
3927,55
3927,84
3927,85
3927,102
444,18
444,24
444,35
444,52
1298,1
1298,5
1298,55
1298,80
1298,83
1298,102
14777,74
14777,97
14777,120
14777,121
14777,122
14777,123
1920,18
1920,26
1920,27
1188,18
1188,22
1188,35
1188,52
1188,55
1188,62
13433,35
13433,37
13433,43
13433,48
13433,55
13433,80
13433,83
13433,102
5043,18
5043,34
5043,35
5043,37
5043,74
5043,97
5043,120
957,1
957,5
957,89
957,96
2450,35
2450,41
2450,45
869,18
869,35
869,48
869,100
5604,75
5604,79
5604,97
5604,112
5604,113
5604,118
3541,18
3541,20
3541,35
3541,37
3541,52
9595,18
9595,20
9595,22
9595,31
9595,35
9595,41
9595,55
9595,63
9595,72
9595,102
1845,55
1845,63
1845,70
1845,72
1845,102
12680,18
12680,34
12680,35
12680,37
12680,48
12680,52
12680,55
12680,102
12423,18
12423,30
12423,31
12423,35
12423,55
12423,77
12423,97
12423,101
12423,102
1773,1
1773,6
1773,8
1773,84
1773,86
9047,18
9047,19
9047,25
9047,27
9047,29
9047,34
9047,55
9047,63
9047,72
9047,102
1679,1
1679,4
1679,55
1679,58
13945,35
13945,43
13945,48
13945,52
13945,55
13945,62
13945,63
13945,72
4508,18
4508,19
4508,35
4508,37
4508,55
4508,58
4508,63
4508,72
2661,18
2661,23
2661,35
2661,42
2661,55
2661,102
4660,18
4660,20
4660,35
4660,50
4660,55
4660,63
4660,72
4660,102
1447,18
1447,22
1447,55
1447,77
1447,97
1447,102
918,35
918,36
918,48
4761,18
4761,22
4761,34
4761,35
4761,41
4761,52
4761,55
4761,102
2651,18
2651,22
2651,29
2651,35
2651,101
8195,1
8195,10
8195,18
8195,24
8195,35
8195,101
3790,35
3790,37
3790,41
3790,55
3790,62
3790,80
3790,81
14749,74
14749,77
14749,97
14749,120
14749,125
4540,18
4540,19
4540,54
4540,55
4540,63
4540,70
4540,72
4540,102
2972,18
2972,20
2972,35
2972,37
2972,41
2972,55
2972,62
2972,63
2972,72
4279,1
4279,5
4279,63
4279,70
4279,89
4279,96
11806,18
11806,25
11806,29
11806,35
11806,55
11806,63
11806,72
11806,101
11806,102
1552,18
1552,22
1552,23
1552,35
1552,48
1552,55
1552,102
546,18
546,27
546,35
546,52
3543,18
3543,20
3543,35
3543,38
3543,42
2211,18
2211,24
2211,34
2211,55
2211,63
2211,72
2211,102
1766,1
1766,5
1766,9
1766,80
1766,83
1035,35
1035,38
1035,42
1778,18
1778,19
1778,29
1778,63
1778,72
8292,1
8292,35
8292,48
8292,74
8292,97
8292,98
8292,120
843,35
843,50
843,52
2679,18
2679,26
2679,34
2679,55
2679,102
14639,74
14639,75
14639,78
14639,97
14639,118
14639,125
14639,132
2264,35
2264,43
2264,48
2264,52
2264,55
2264,63
2264,72
2264,102
3063,18
3063,27
3063,35
3063,48
3063,63
3063,72
1905,18
1905,20
1905,35
1905,48
1905,52
1905,55
1905,102
2222,18
2222,25
2222,55
2222,63
2222,72
2222,95
2222,96
2222,102
14117,35
14117,48
14117,55
14117,62
14117,63
14117,70
14117,72
8606,18
8606,19
8606,20
8606,22
8606,34
8606,35
8606,42
8606,48
8606,55
8606,63
8606,72
8606,102
8203,1
8203,10
8203,18
8203,35
8203,100
8203,101
2574,1
2574,6
2574,89
2574,90
2574,96
961,18
961,22
961,34
961,35
961,52
1495,18
1495,20
1495,25
1495,35
1495,52
1495,55
1495,63
1495,72
1495,102
7838,1
7838,6
7838,55
7838,63
7838,72
7838,80
7838,83
7838,102
1027,13
1027,14
1027,63
1027,70
3469,13
3469,15
3469,18
3469,34
3469,55
3469,102
2107,35
2107,48
2107,52
2107,55
2107,77
2107,97
2107,102
994,1
994,55
994,62
994,79
994,98
1825,35
1825,37
1825,41
1825,55
1825,62
1825,80
1825,83
2527,1
2527,2
2527,55
2527,62
6668,1
6668,4
6668,13
6668,14
6668,18
6668,20
6668,55
6668,62
6668,63
6668,72
4892,18
4892,25
4892,34
4892,35
4892,38
4742,18
4742,22
4742,25
5134,18
5134,35
5134,41
5134,49
5134,52
5134,55
5134,100
5134,102
2743,35
2743,39
2743,49
2743,52
1650,35
1650,43
1650,48
1650,53
4294,1
4294,6
4294,10
4294,35
4294,48
2233,18
2233,34
2233,35
2233,41
2233,52
2233,55
2233,63
2233,72
2233,102
9019,18
9019,19
9019,24
9019,35
9019,37
2274,35
2274,50
2274,55
2274,62
2049,18
2049,22
2049,23
2049,34
2049,35
2049,52
2049,55
2049,102
2609,18
2609,19
2609,35
2609,52
2609,55
2609,62
6569,1
6569,4
6569,6
6569,35
6569,37
6569,48
6569,54
6569,55
6569,58
6569,63
6569,72
1623,18
1623,19
1623,35
1623,40
1623,63
1623,72
680,18
680,34
680,35
680,42
680,52
680,63
680,72
7281,1
7281,5
7281,9
7281,79
7281,80
7281,83
11386,18
11386,23
11386,29
11386,35
11386,48
1746,74
1746,75
1746,76
1746,97
1746,107
1746,112
1746,113
1746,118
1746,122
3487,18
3487,19
3487,34
3487,35
3487,42
3487,63
3487,72
3487,77
3487,97
14535,63
14535,70
14535,75
14535,97
12707,18
12707,34
12707,35
12707,38
12707,41
12707,49
12707,55
12707,63
12707,72
12707,102
3357,1
3357,5
3357,6
3357,95
3357,96
3170,35
3170,41
3170,48
3170,55
3170,58
3170,63
3170,72
5303,35
5303,41
5303,55
5303,63
5303,102
5303,103
1995,1
1995,3
1995,63
1995,69
5487,55
5487,63
5487,72
5487,79
5487,80
5487,83
5487,102
2113,55
2113,62
2113,63
2113,71
2113,79
9207,18
9207,19
9207,34
9207,55
9207,61
9207,63
9207,72
645,1
645,8
645,35
645,48
2258,35
2258,41
2258,43
2258,48
8733,18
8733,19
8733,20
8733,35
8733,41
8733,42
8733,43
8733,48
8733,55
8733,63
8733,72
8733,102
778,18
778,34
778,35
778,42
778,48
778,63
778,72
14860,75
14860,80
14860,83
14860,97
14860,118
14860,119
5970,1
5970,3
5970,5
5970,55
5970,77
5970,97
5970,102
1109,18
1109,19
1109,34
1109,55
1109,102
11900,18
11900,25
11900,35
11900,37
11900,42
1803,18
1803,24
1803,35
1803,41
1803,63
1803,72
7544,1
7544,5
7544,84
7544,85
7544,86
5141,18
5141,35
5141,42
5141,43
5141,55
5141,63
5141,72
5141,100
5141,102
1150,1
1150,3
1150,35
1150,43
1150,52
4583,18
4583,20
4583,25
4583,35
4583,42
4583,52
4583,55
4583,63
4583,69
4583,72
4583,102
1490,1
1490,63
1490,68
1490,98
893,35
893,37
893,43
1673,1
1673,2
1673,84
1673,86
12600,18
12600,34
12600,35
12600,36
12600,41
12600,63
12600,72
11521,18
11521,23
11521,35
11521,48
11521,49
11521,55
11521,102
9871,18
9871,20
9871,29
9871,31
9871,55
9871,63
9871,72
9871,102
11790,18
11790,25
11790,29
11790,34
11790,35
11790,42
11790,48
11790,49
11790,63
11790,72
13500,35
13500,37
13500,52
13500,55
13500,79
13500,102
574,18
574,34
574,35
574,48
574,52
5655,1
5655,2
5655,6
5655,8
8106,1
8106,9
8106,35
8106,37
8106,55
8106,63
8106,71
8106,102
641,18
641,35
641,41
641,42
641,100
2173,1
2173,9
2173,63
2173,67
2591,13
2591,15
2591,63
2591,70
1432,1
1432,6
1432,8
1432,9
68,74
68,97
2673,18
2673,25
2673,35
2673,37
2673,55
2673,63
2673,72
2673,102
2027,18
2027,19
2027,20
2027,35
2027,52
2027,55
2027,63
2027,72
2027,102
11251,18
11251,22
11251,54
588,18
588,29
588,63
588,72
2613,18
2613,20
2613,25
2613,34
2613,55
2613,63
2613,72
2613,102
12819,18
12819,34
12819,35
12819,41
12819,49
12819,55
12819,62
12819,63
12819,72
5084,18
5084,34
5084,35
5084,46
4998,18
4998,29
4998,35
4998,55
4998,63
4998,72
4998,101
4998,102
3865,35
3865,48
3865,63
3865,103
1137,35
1137,36
1137,41
1137,55
1137,102
4926,18
4926,25
4926,35
4926,52
4926,77
4926,97
2151,1
2151,4
2151,10
2151,35
2151,43
1390,18
1390,20
1390,63
1390,69
2312,1
2312,4
2312,6
2312,10
2312,63
2312,72
8028,1
8028,8
8028,63
8028,70
8028,79
8014,1
8014,8
8014,55
8014,62
8014,79
8014,80
8014,83
4841,18
4841,23
4841,35
4841,49
4841,63
4841,72
516,18
516,24
516,35
516,48
4089,1
4089,3
4089,55
4089,84
4089,86
4089,102
2845,1
2845,3
2845,18
2845,23
7729,1
7729,6
7729,18
7729,30
7729,34
7729,35
7729,48
13417,35
13417,37
13417,42
13417,49
13417,63
13417,72
13301,35
13301,37
13301,38
13301,48
13301,74
13301,97
13301,120
13301,123
2314,1
2314,4
2314,6
2314,35
2314,52
14491,55
14491,80
14491,82
14491,102
4099,1
4099,4
4099,5
4099,6
4099,8
4099,10
2021,1
2021,10
2021,63
2021,70
4286,1
4286,6
4286,8
4286,55
4286,63
4286,72
4286,84
4286,86
4286,102
2360,18
2360,19
2360,54
2360,63
2360,72
7604,1
7604,6
7604,8
7604,55
7604,80
7604,83
7604,102
1841,55
1841,62
1841,63
1841,67
5461,55
5461,62
5461,63
5461,70
5461,75
5461,97
5461,118
4526,18
4526,19
4526,35
4526,46
4526,48
4526,63
4526,72
1307,18
1307,21
1307,25
13920,35
13920,42
13920,55
13920,58
13920,77
13920,97
5005,18
5005,30
5005,34
5005,63
5005,72
1806,18
1806,25
1806,35
1806,42
1806,48
1806,63
1806,72
3427,1
3427,8
3427,35
3427,43
3427,48
2416,18
2416,34
2416,35
2416,49
2416,52
2416,55
2416,102
2455,35
2455,42
2455,43
2455,48
2455,55
2455,102
14504,63
14504,67
14504,71
2059,18
2059,24
2059,25
2059,63
2059,72
1505,18
1505,34
1505,35
1505,42
1505,48
1505,55
1505,102
2057,18
2057,23
2057,35
2057,49
9066,18
9066,19
9066,25
9066,35
9066,42
9066,43
9066,49
9066,55
9066,63
9066,72
9066,102
992,1
992,6
992,8
992,55
992,63
992,72
992,102
2352,13
2352,14
2352,15
2352,80
2352,81
3850,35
3850,43
3850,52
3850,54
3850,55
3850,58
4011,1
4011,3
4011,4
4011,8
4011,55
4011,102
3649,18
3649,25
3649,31
1556,18
1556,23
1556,35
1556,41
12031,18
12031,26
12031,35
12031,37
12031,41
2420,18
2420,34
2420,55
2420,58
2420,63
2420,72
2153,1
2153,4
2153,18
2153,34
1439,18
1439,20
1439,34
1439,35
1439,42
5562,74
5562,75
5562,97
5562,118
5562,119
5562,124
13241,35
13241,36
13241,40
13241,52
14441,55
14441,62
14441,79
14441,80
14441,81
14441,82
11106,18
11106,22
11106,34
11106,35
11106,55
11106,63
11106,72
11106,101
11106,102
3030,18
3030,23
3030,34
3030,63
3030,72
14019,35
14019,44
14019,49
1465,35
1465,41
1465,54
14423,55
14423,62
14423,74
14423,97
14423,125
14080,35
14080,48
14080,52
14080,53
14080,77
14080,97
14184,35
14184,49
14184,84
14184,85
8216,1
8216,10
8216,35
8216,43
8216,48
8216,52
10542,18
10542,21
10542,34
10542,35
10542,41
10542,42
10542,49
10542,52
10542,55
10542,58
944,18
944,19
944,35
944,48
944,52
944,63
944,72
12442,18
12442,30
12442,35
12442,41
12442,42
14892,76
14892,88
14892,96
14892,97
14892,111
1277,18
1277,34
1277,35
1277,38
1277,42
558,35
558,40
558,49
9118,18
9118,19
9118,29
9118,54
9118,55
9118,63
9118,72
9118,102
2078,18
2078,34
2078,35
2078,47
2078,63
2078,72
12887,18
12887,34
12887,35
12887,43
12887,52
12887,55
12887,58
13552,35
13552,37
13552,55
13552,80
13552,102
13552,104
4165,1
4165,4
4165,54
4165,63
4165,72
2448,35
2448,41
2448,43
2448,48
2448,55
2448,102
6910,1
6910,5
6910,6
6910,8
6910,35
6910,41
6910,55
6910,102
8144,1
8144,9
8144,55
8144,74
8144,97
8144,102
8144,120
2246,35
2246,37
2246,41
2246,48
2246,55
2246,102
2138,1
2138,3
2138,5
2138,6
2138,63
2138,72
12481,18
12481,31
12481,32
12481,34
12481,35
12481,43
12481,48
12481,52
12481,55
12481,58
12481,77
12481,97
8192,1
8192,10
8192,18
8192,22
6831,1
6831,4
6831,35
6831,52
6831,55
6831,58
790,1
790,3
790,80
790,81
3055,18
3055,25
3055,35
3055,55
3055,62
3055,63
3055,72
3055,101
6361,1
6361,3
6361,35
6361,52
6361,63
6361,72
6361,84
6361,85
3173,35
3173,41
3173,80
3173,83
7646,1
7646,6
7646,10
7646,55
7646,63
7646,102
7646,103
3435,1
3435,9
3435,13
3435,14
3435,55
3435,102
2172,1
2172,9
2172,35
2172,43
2504,74
2504,75
2504,97
2504,118
2504,122
2504,126
1799,18
1799,23
1799,29
5136,18
5136,35
5136,41
5136,54
5136,55
5136,58
5136,100
4398,1
4398,18
4398,25
4398,63
4398,72
4398,98
4091,1
4091,3
4091,63
4091,67
4091,84
4091,85
1811,18
1811,29
1811,34
1811,35
1811,41
7571,1
7571,6
7571,8
7571,18
7571,24
7571,35
7571,48
7571,52
2241,18
2241,35
2241,37
2241,41
2241,52
2241,55
2241,100
2241,102
7045,1
7045,5
7045,6
7045,63
7045,69
7045,84
7045,85
4929,18
4929,25
4929,63
4929,70
4929,72
770,74
770,75
770,76
770,97
770,107
770,112
770,113
770,122
1687,1
1687,8
1687,35
1687,48
1687,63
1687,72
14157,35
14157,49
14157,52
14157,94
14157,96
14156,35
14156,49
14156,52
14156,76
14156,97
14156,111
4008,1
4008,3
4008,4
4008,6
4008,10
4008,63
4008,72
3290,1
3290,3
3290,8
3290,35
3290,43
3290,55
3290,102
788,74
788,75
788,78
788,97
788,112
788,113
788,118
788,120
788,132
3502,18
3502,19
3502,35
3502,48
3502,63
3502,72
3502,77
3502,97
6360,1
6360,3
6360,35
6360,52
6360,55
6360,63
6360,70
6360,84
6360,85
6360,102
577,1
577,4
577,5
577,6
3104,18
3104,34
3104,35
3104,41
3104,48
3104,52
3104,55
3104,102
711,1
711,4
711,8
711,63
711,72
3371,1
3371,5
3371,8
3371,55
3371,77
3371,97
3371,102
9963,18
9963,20
9963,34
9963,35
9963,38
9963,48
7518,1
7518,5
7518,55
7518,79
7518,80
7518,83
7518,102
13997,35
13997,43
13997,55
13997,62
13997,76
13997,97
13997,111
11874,18
11874,25
11874,34
11874,35
11874,49
11874,52
11874,55
11874,63
11874,72
11874,102
1686,1
1686,8
1686,35
1686,48
1686,52
1554,18
1554,22
1554,35
1554,48
1554,77
1554,97
14448,55
14448,62
14448,90
14448,91
14448,96
2070,18
2070,34
2070,35
2070,38
2070,42
2070,63
2070,72
9940,18
9940,20
9940,34
9940,35
9940,37
9940,38
9940,42
9940,48
9940,52
9940,63
9940,72
2247,35
2247,37
2247,42
1393,18
1393,22
1393,35
1393,48
1393,55
1393,63
1393,72
1393,102
8458,13
8458,14
8458,35
8458,37
8458,43
8458,55
8458,63
8458,72
8458,102
7258,1
7258,5
7258,9
7258,35
7258,42
7258,52
7258,63
7258,72
3683,18
3683,28
3683,31
12158,18
12158,27
12158,94
12158,96
1791,18
1791,21
1791,34
1791,35
1791,41
1791,55
1791,102
2543,1
2543,4
2543,5
2543,8
2543,10
4798,18
4798,22
4798,35
4798,55
4798,77
4798,97
4798,101
4798,102
2002,1
2002,5
2002,8
2002,63
2002,69
13020,18
13020,35
13020,37
13020,39
13020,55
13020,62
13020,100
12930,18
12930,34
12930,35
12930,48
12930,80
12930,83
1550,18
1550,21
1550,35
1550,48
1550,52
2218,18
2218,25
2218,34
2218,35
2218,52
2218,55
2218,63
2218,72
2218,102
1990,1
1990,3
1990,6
1990,55
1990,102
2334,1
2334,5
2334,35
2334,49
2334,55
2334,102
3035,18
3035,23
3035,35
3035,44
3035,55
3035,102
2325,1
2325,5
2325,8
2325,35
2325,52
2325,55
2325,102
1056,35
1056,42
1056,48
1056,55
1056,102
8182,1
8182,10
8182,18
8182,20
8182,35
8182,42
2766,35
2766,48
2766,63
2766,72
2766,80
2766,81
9562,18
9562,20
9562,22
9562,25
9562,34
9562,35
9562,37
9562,42
9562,48
9562,63
9562,72
7718,1
7718,6
7718,18
7718,25
7718,63
7718,72
7718,84
7718,86
13442,35
13442,37
13442,43
13442,55
13442,62
13442,79
13442,80
13442,83
3857,35
3857,45
3857,55
3857,62
4379,1
4379,9
4379,84
4379,86
11448,18
11448,23
11448,34
11448,54
11448,55
11448,102
14550,63
14550,71
14550,73
9162,18
9162,19
9162,34
9162,35
9162,41
9162,42
9162,43
9162,48
9162,50
9162,55
9162,63
9162,72
9162,102
8714,18
8714,19
8714,20
8714,34
8714,35
8714,49
8714,63
8714,72
4851,18
4851,24
4851,27
4851,55
4851,102
5211,35
5211,37
5211,52
5211,54
5211,55
5211,58
3037,18
3037,23
3037,55
3037,95
3037,96
3037,102
6919,1
6919,5
6919,6
6919,8
6919,35
6919,48
6919,63
6919,72
6919,80
6919,82
13946,35
13946,43
13946,48
13946,52
13946,55
13946,63
13946,72
13946,77
13946,97
13946,102
10205,18
10205,20
10205,35
10205,46
10205,63
10205,72
13551,35
13551,37
13551,55
13551,80
13551,81
13551,102
998,18
998,22
998,35
998,48
998,52
998,55
998,102
6041,1
6041,3
6041,10
6041,18
6041,19
6041,63
6041,72
3834,35
3834,41
3834,55
3834,80
3834,83
3834,102
3100,18
3100,34
3100,35
3100,40
3100,41
12265,18
12265,29
12265,34
12265,35
12265,41
12265,55
12265,63
12265,72
12265,102
1566,18
1566,31
1566,35
1566,43
930,35
930,49
930,52
930,63
930,70
11647,18
11647,24
11647,34
11647,35
11647,48
11647,77
11647,97
6394,1
6394,4
6394,5
6394,6
6394,8
6394,9
6394,18
6394,20
6394,34
6394,35
6394,42
6394,52
6394,55
6394,62
6394,63
6394,72
9329,18
9329,19
9329,35
9329,43
9329,55
9329,58
9329,80
9329,81
4095,1
4095,3
4095,80
4095,81
4095,84
4095,85
4590,18
4590,20
4590,29
4590,34
4590,35
4590,52
4590,55
4590,102
2137,1
2137,3
2137,4
2137,54
11002,18
11002,22
11002,30
11002,31
11002,34
11002,35
11002,48
11002,55
11002,102
1404,35
1404,43
1404,54
1404,55
1404,58
5396,35
5396,51
5396,63
5396,70
8168,1
8168,10
8168,18
8168,19
8168,20
8168,22
8168,29
8168,35
8168,42
8168,55
8168,63
8168,72
8168,77
8168,97
8168,102
4479,18
4479,19
4479,24
4479,55
4479,102
5131,18
5131,35
5131,41
5131,48
5131,52
5131,55
5131,100
5131,102
4817,18
4817,23
4817,31
4817,34
4817,55
4817,102
4958,18
4958,27
4958,95
4958,96
1789,18
1789,20
1789,35
1789,40
1789,42
1789,63
1789,72
5417,35
5417,54
5417,63
5417,72
5417,101
1586,35
1586,51
1586,63
1586,65
1729,35
1729,42
1729,48
1729,55
1729,63
1729,72
1729,102
3101,18
3101,34
3101,35
3101,40
3101,41
3101,55
3101,102
5415,35
5415,54
5415,55
5415,62
5415,101
6146,1
6146,3
6146,18
6146,22
6146,35
6146,41
6146,43
6146,55
6146,58
2209,18
2209,24
2209,34
2209,35
2209,42
3718,18
3718,34
3718,35
3718,36
3718,55
3718,102
3674,18
3674,27
3674,31
3674,55
3674,102
2046,18
2046,20
2046,35
2046,41
2046,42
2046,63
2046,72
7239,1
7239,5
7239,8
7239,76
7239,89
7239,96
7239,97
7239,107
1913,18
1913,22
1913,35
1913,45
13350,35
13350,37
13350,41
13350,43
13350,48
13350,55
13350,102
1963,35
1963,48
1963,49
1963,77
1963,97
7619,1
7619,6
7619,9
7619,35
7619,42
7619,49
7619,84
7619,86
1032,18
1032,29
1032,34
1032,35
1032,48
6896,1
6896,5
6896,6
6896,8
6896,18
6896,20
6896,55
6896,102
2852,1
2852,4
2852,5
2852,6
2852,8
2852,63
2852,72
9596,18
9596,20
9596,22
9596,31
9596,55
9596,102
3222,63
3222,66
3222,71
8705,18
8705,19
8705,20
8705,34
8705,35
8705,42
8705,48
8705,52
8705,63
8705,72
8705,77
8705,97
2396,18
2396,25
2396,34
2396,35
2396,101
3929,55
3929,90
3929,96
3929,102
11265,18
11265,23
11265,24
11265,25
11265,55
11265,63
11265,72
11265,102
9381,18
9381,19
9381,55
9381,58
9381,63
9381,72
9381,80
9381,81
8854,18
8854,19
8854,22
8854,23
8854,34
8854,55
8854,63
8854,72
8854,102
1641,18
1641,34
1641,35
1641,53
2702,18
2702,34
2702,35
2702,37
2702,42
13640,35
13640,38
13640,55
13640,63
13640,70
13640,102
11551,18
11551,24
11551,25
11551,31
11551,35
11551,43
11551,63
11551,72
3137,35
3137,37
3137,41
3137,77
3137,97
1107,1
1107,80
1107,83
1107,98
3934,63
3934,72
3934,76
3934,97
3934,107
3934,111
3708,18
3708,30
3708,31
3708,55
3708,102
6926,1
6926,5
6926,6
6926,8
6926,55
6926,62
6926,63
6926,72
6926,80
6926,83
6924,1
6924,5
6924,6
6924,8
6924,55
6924,62
6924,63
6924,71
6924,72
6924,80
6924,83
8277,1
8277,35
8277,40
8277,63
8277,72
8277,98
7491,1
7491,5
7491,35
7491,52
7491,63
7491,72
3107,18
3107,34
3107,35
3107,48
3107,49
3107,52
4301,1
4301,6
4301,18
4301,25
4301,63
4301,72
11387,18
11387,23
11387,29
11387,35
11387,48
11387,54
11387,55
11387,62
13202,18
13202,35
13202,48
13202,55
13202,58
13202,63
13202,72
13202,100
5355,35
5355,47
5355,48
5355,52
5355,63
5355,72
1319,18
1319,34
1319,35
1319,45
2672,18
2672,25
2672,34
2672,55
2672,102
11970,18
11970,25
11970,35
11970,43
772,93
772,96
9188,18
9188,19
9188,34
9188,35
9188,43
9188,48
9188,52
9188,55
9188,58
9188,62
9188,63
9188,72
3221,55
3221,90
3221,95
3221,96
3221,102
883,35
883,41
883,42
883,63
883,72
14375,55
14375,62
14375,63
14375,73
2193,18
2193,20
2193,35
2193,52
2193,55
2193,58
2193,63
2193,72
2481,35
2481,76
2481,97
2481,101
2481,111
13211,18
13211,35
13211,53
13211,55
13211,100
13211,102
1105,1
1105,5
1105,8
1105,80
1105,83
5105,18
5105,35
5105,36
5105,37
5105,41
5105,55
5105,100
5105,102
1456,18
1456,34
1456,35
1456,36
7511,1
7511,5
7511,55
7511,63
7511,72
7511,95
7511,96
7511,102
13624,35
13624,38
13624,49
13624,52
13624,55
13624,63
13624,72
13624,102
9583,18
9583,20
9583,22
9583,29
9583,30
9583,31
9583,34
9583,55
9583,63
9583,72
9583,77
9583,97
9583,102
8177,1
8177,10
8177,18
8177,20
8177,23
8177,55
8177,102
775,18
775,21
775,35
775,38
1335,1
1335,3
1335,35
1335,37
4981,18
4981,29
4981,34
4981,55
4981,58
8175,1
8175,10
8175,18
8175,19
8175,35
8175,55
8175,63
8175,72
8175,101
8175,102
4910,18
4910,25
4910,35
4910,41
4910,42
4910,48
4910,52
4910,63
4910,72
8291,1
8291,35
8291,48
8291,63
8291,72
8291,98
11567,18
11567,24
11567,25
11567,35
11567,63
11567,72
11567,101
8256,1
8256,18
8256,20
8256,55
8256,58
8256,63
8256,72
8256,98
1076,35
1076,37
1076,63
1076,70
5064,18
5064,34
5064,35
5064,41
5064,50
2676,18
2676,25
2676,35
2676,55
2676,101
2676,102
1728,35
1728,41
1728,55
1728,62
1728,63
1728,72
862,1
862,5
862,35
862,48
862,55
862,102
3519,18
3519,20
3519,23
3519,55
3519,102
14175,35
14175,49
14175,63
14175,103
3398,1
3398,6
3398,8
3398,35
3398,37
3398,55
3398,62
14311,54
14311,63
14311,103
3599,18
3599,22
3599,30
3599,34
3599,55
3599,102
4001,1
4001,2
4001,63
4001,69
4001,84
4001,85
7899,1
7899,8
7899,10
7899,35
7899,52
7899,55
7899,58
13991,35
13991,43
13991,55
13991,56
13991,58
14672,74
14672,75
14672,97
14672,112
14672,113
14672,118
14672,121
2432,35
2432,36
2432,37
2432,55
2432,102
6007,1
6007,3
6007,6
6007,55
6007,63
6007,70
6007,102
7133,1
7133,5
7133,8
7133,18
7133,25
7133,80
7133,82
1278,18
1278,34
1278,35
1278,40
1278,42
1278,63
1278,72
13215,18
13215,55
13215,61
13215,63
13215,72
13215,100
13230,35
13230,36
13230,37
13230,54
557,18
557,35
557,41
557,55
557,63
557,72
557,100
557,102
6791,1
6791,4
6791,35
6791,41
6791,52
6010,1
6010,3
6010,6
6010,63
6010,72
6010,84
6010,86
959,1
959,63
959,70
959,79
959,98
4543,18
4543,19
4543,55
4543,63
4543,69
4543,72
4543,102
8286,1
8286,35
8286,48
8286,52
8286,63
8286,72
8286,98
12484,18
12484,31
12484,34
12484,35
12484,40
12484,41
12484,54
12484,55
12484,58
12484,62
12484,80
12484,83
1198,35
1198,44
1198,48
5774,1
5774,3
5774,4
5774,6
5774,55
5774,84
5774,86
5774,102
3127,35
3127,36
3127,41
3127,52
13068,18
13068,35
13068,38
13068,42
13068,48
13068,52
13068,100
11550,18
11550,24
11550,25
11550,31
11550,34
11550,55
11550,102
2842,1
2842,3
2842,10
2842,55
2842,102
3401,1
3401,6
3401,9
3401,63
3401,70
923,1
923,8
923,80
923,81
2834,1
2834,3
2834,5
2834,8
2834,35
2834,52
10181,18
10181,20
10181,35
10181,42
10181,48
10181,63
10181,70
10181,72
10181,80
10181,81
2478,35
2478,52
2478,55
2478,80
2478,81
2478,102
11582,18
11582,24
11582,27
11582,55
11582,63
11582,72
11582,102
8524,13
8524,17
8524,63
8524,71
5762,1
5762,3
5762,4
5762,6
5762,10
5762,55
5762,84
5762,86
5762,102
14039,35
14039,45
14039,55
14039,61
6344,1
6344,3
6344,35
6344,48
6344,55
6344,62
6344,80
6344,83
14820,75
14820,76
14820,97
14820,107
14820,115
14820,116
14820,119
12016,18
12016,26
12016,29
12016,34
2775,35
2775,55
2775,62
2775,77
2775,97
2775,101
3477,18
3477,19
3477,20
3477,35
3477,63
3477,72
3477,101
10878,18
10878,22
10878,25
10878,29
10878,30
10878,31
10878,34
10878,63
10878,72
10878,77
10878,89
10878,96
10878,97
2342,1
2342,6
2342,63
2342,67
2342,70
4190,1
4190,5
4190,6
4190,10
4190,55
4190,102
5196,35
5196,37
5196,41
5196,55
5196,80
5196,83
5196,102
637,35
637,37
637,52
637,55
637,62
12216,18
12216,28
12216,35
12216,55
12216,63
12216,72
12216,101
12216,102
2473,35
2473,49
2473,52
2473,55
2473,58
8365,13
8365,14
8365,18
8365,19
8365,34
8365,35
8365,42
8365,55
8365,63
8365,72
8365,102
2208,18
2208,24
2208,25
2208,55
2208,63
2208,72
2208,102
5750,1
5750,3
5750,4
5750,5
5750,55
5750,62
3282,1
3282,3
3282,5
3282,8
3282,9
5045,18
5045,34
5045,35
5045,38
5045,41
5045,55
5045,102
10754,18
10754,22
10754,23
10754,29
10754,35
10754,37
10754,55
10754,75
10754,97
10754,102
2553,1
2553,5
2553,8
2553,13
2553,14
9832,18
9832,20
9832,25
9832,35
9832,47
9832,48
9832,52
9832,55
9832,63
9832,72
9832,102
7932,1
7932,8
7932,18
7932,22
7932,23
7932,25
7932,34
7932,35
7932,37
7932,38
7932,42
7932,48
7932,55
7932,62
7932,63
7932,72
785,35
785,43
785,48
785,55
785,63
785,72
785,102
8864,18
8864,19
8864,22
8864,24
8864,29
8864,31
8864,34
8864,55
8864,63
8864,72
8864,77
8864,97
8864,102
6552,1
6552,4
6552,6
6552,10
6552,84
6552,86
2304,1
2304,3
2304,4
2304,8
2304,63
2304,72
2404,18
2404,29
2404,34
2404,35
2404,41
2404,55
2404,102
2555,1
2555,5
2555,8
2555,35
2555,52
2555,63
2555,72
14707,74
14707,76
14707,78
14707,97
14707,107
14707,120
14707,121
14707,132
2904,1
2904,6
2904,55
2904,62
2904,63
2904,70
8358,13
8358,14
8358,18
8358,19
3079,18
3079,30
3079,34
3079,35
3079,52
3079,55
3079,102
1004,35
1004,43
1004,55
1004,58
1004,63
1004,72
6592,1
6592,4
6592,6
6592,55
6592,63
6592,72
6592,84
6592,86
6592,102
4589,18
4589,20
4589,29
4589,34
4589,35
4589,41
4589,55
4589,63
4589,72
4589,102
1902,18
1902,20
1902,34
1902,35
1902,63
1902,72
1902,101
4572,18
4572,20
4572,24
8032,1
8032,8
8032,63
8032,73
8032,76
8032,97
8032,111
1910,18
1910,22
1910,34
1910,35
1910,55
1910,101
1910,102
13376,35
13376,37
13376,41
13376,52
13376,55
13376,63
13376,72
13376,102
14435,55
14435,62
14435,76
14435,77
14435,97
14435,107
1956,35
1956,43
1956,48
1956,49
1956,55
1956,102
4854,18
4854,24
4854,29
4854,63
4854,72
2599,18
2599,19
2599,34
2599,35
2599,41
2599,63
2599,72
1582,35
1582,41
1582,48
1582,55
1582,62
6599,1
6599,4
6599,6
6599,84
6599,86
1585,35
1585,47
1585,55
1585,102
4927,18
4927,25
4927,55
4927,58
3872,35
3872,49
3872,55
3872,62
3872,77
3872,97
1415,75
1415,97
1415,112
9894,18
9894,20
9894,29
9894,35
9894,41
9894,42
9894,49
9894,52
9894,55
9894,63
9894,72
9894,102
668,74
668,80
668,83
668,97
668,124
2252,35
2252,39
2252,41
2252,55
2252,102
9046,18
9046,19
9046,25
1849,63
1849,69
1849,71
958,1
958,6
958,54
10286,18
10286,20
10286,63
10286,72
10286,80
10286,82
12644,18
12644,34
12644,35
12644,37
12644,41
12644,42
12644,55
12644,102
1627,18
1627,20
1627,35
1627,49
13517,35
13517,37
13517,55
13517,62
13517,63
13517,70
13517,79
1754,1
1754,2
1754,55
1754,102
2005,1
2005,5
2005,35
2005,41
14101,35
14101,48
14101,52
14101,63
14101,103
6098,1
6098,3
6098,18
6098,20
6098,35
6098,41
6098,48
6098,55
6098,63
6098,72
6098,102
9978,18
9978,20
9978,34
9978,35
9978,41
9978,42
9978,52
9978,55
9978,63
9978,72
9978,102
1763,1
1763,5
1763,6
1763,8
1763,9
5454,55
5454,59
5454,63
5454,69
14419,55
14419,62
14419,74
14419,97
14419,121
1697,18
1697,20
1697,34
1697,35
1697,101
10790,18
10790,22
10790,23
10790,34
10790,35
10790,42
10790,52
10790,55
10790,102
1325,35
1325,51
1325,55
1325,102
452,18
452,35
452,42
452,55
452,63
452,72
452,100
452,102
8467,13
8467,14
8467,35
8467,41
8467,48
8467,55
8467,62
6778,1
6778,4
6778,35
6778,37
6778,55
6778,62
6778,63
6778,69
6778,72
6778,79
6778,84
6778,85
10741,18
10741,22
10741,23
10741,29
10741,31
10741,34
10741,35
10741,41
10741,43
10741,54
10741,55
10741,102
3159,35
3159,40
3159,49
3159,52
2544,1
2544,4
2544,5
2544,8
2544,55
2544,102
9817,18
9817,20
9817,25
9817,35
9817,37
9817,55
9817,58
9817,62
9817,63
9817,72
9817,77
9817,97
4946,18
4946,27
4946,34
4946,35
4946,55
4946,101
4946,102
2147,1
2147,4
2147,6
2147,54
11631,18
11631,24
11631,34
11631,35
11631,41
11631,55
11631,63
11631,72
11631,102
4474,18
4474,19
4474,22
4474,35
4474,55
4474,63
4474,72
4474,101
4474,102
1276,18
1276,34
1276,35
1276,38
1276,41
2167,1
2167,6
2167,95
2167,96
981,35
981,48
981,50
6056,1
6056,3
6056,18
6056,19
5411,35
5411,52
5411,63
5411,72
5411,80
5411,81
4102,1
4102,4
4102,5
4102,6
4102,10
6075,1
6075,3
6075,18
6075,19
6075,35
6075,43
6075,48
6075,52
6075,55
6075,63
6075,72
6075,77
6075,97
6075,102
14452,55
14452,63
14452,66
14452,71
14452,102
13506,35
13506,37
13506,54
13506,55
13506,63
13506,69
13506,102
1648,35
1648,40
1648,41
1648,55
1648,102
14480,55
14480,75
14480,97
14480,102
14480,112
14480,113
3859,35
3859,46
3859,48
3859,63
3859,72
4082,1
4082,3
4082,35
4082,43
4082,76
4082,97
4082,111
13430,35
13430,37
13430,43
13430,48
13430,55
13430,62
6869,1
6869,4
6869,63
6869,69
6869,72
6869,84
6869,85
1207,1
1207,4
1207,35
1207,37
12863,18
12863,34
12863,35
12863,42
12863,49
12863,55
12863,63
12863,72
12863,77
12863,97
12863,102
11307,18
11307,23
11307,24
11307,55
11307,63
11307,72
11307,102
11436,18
11436,23
11436,34
11436,35
11436,47
11438,18
11438,23
11438,34
11438,35
11438,47
11438,55
11438,102
2583,1
2583,10
2583,18
2583,19
2583,63
2583,72
1266,18
1266,21
1266,29
1266,55
1266,102
3639,18
3639,24
3639,29
10857,18
10857,22
10857,24
10857,34
10857,35
10857,48
10857,55
10857,63
10857,72
10857,102
1871,1
1871,3
1871,35
1871,49
14328,55
14328,58
14328,62
14328,80
14328,83
7916,1
7916,8
7916,18
7916,19
7916,35
7916,43
7916,63
7916,72
1268,18
1268,23
1268,35
1268,48
1268,52
5250,35
5250,38
5250,63
5250,70
7494,1
7494,5
7494,35
7494,63
7494,72
7494,101
8157,1
8157,9
8157,75
8157,97
8157,118
2510,74
2510,78
2510,97
2510,120
2510,126
2510,130
8393,13
8393,14
8393,18
8393,20
8393,63
8393,71
8393,72
3652,18
3652,25
3652,34
3652,35
3652,55
3652,63
3652,72
3652,101
3652,102
1927,18
1927,28
1927,35
1927,52
1927,55
1927,102
3258,75
3258,97
3258,115
3258,116
3258,117
3258,119
13934,35
13934,43
13934,44
13934,63
13934,72
11889,18
11889,25
11889,35
11889,37
11889,38
7801,1
7801,6
7801,35
7801,49
7801,84
7801,85
3455,1
3455,55
3455,76
3455,97
3455,98
3455,102
3455,111
14519,63
14519,69
14519,80
14519,81
14519,84
14519,87
1540,1
1540,8
1540,18
1540,19
1540,63
1540,72
3153,35
3153,38
3153,52
3153,63
3153,72
6717,1
6717,4
6717,18
6717,20
6717,63
6717,72
6717,80
6717,81
8179,1
8179,10
8179,18
8179,20
8179,34
8179,35
8179,37
8179,41
8179,55
8179,102
12063,18
12063,27
12063,29
12063,34
12063,35
12063,43
12063,48
12063,52
12063,55
12063,58
4289,1
4289,6
4289,8
4289,76
4289,77
4289,97
4289,111
11319,18
11319,23
11319,25
11319,31
11319,32
11319,35
11319,37
11319,55
11319,58
11319,63
11319,72
3664,18
3664,25
3664,35
3664,52
3664,63
3664,72
3664,77
3664,97
14870,76
14870,77
14870,78
14870,97
14870,111
14870,129
12041,18
12041,26
12041,35
12041,41
12041,48
12041,55
12041,63
12041,72
12041,102
2760,35
2760,48
2760,49
2760,52
2760,63
2760,72
10758,18
10758,22
10758,23
10758,29
10758,35
10758,42
10758,55
10758,62
2037,18
2037,19
2037,35
2037,43
2037,55
2037,58
2037,63
2037,72
6720,1
6720,4
6720,18
6720,22
6720,23
6720,29
6720,34
6720,35
6720,42
6720,55
6720,62
5698,1
5698,2
5698,55
5698,84
5698,86
5698,102
3379,1
3379,5
3379,10
3379,35
3379,43
11557,18
11557,24
11557,25
11557,34
11557,35
11557,63
11557,72
11557,101
1246,35
1246,41
1246,48
1246,55
1246,63
1246,72
1246,102
13841,35
13841,41
13841,55
13841,62
13841,63
13841,69
9363,18
9363,19
9363,35
9363,52
9363,54
9363,55
9363,58
9363,63
9363,72
1951,35
1951,41
1951,42
1951,48
7655,1
7655,6
7655,13
7655,14
7655,18
7655,20
7655,35
7655,43
7655,55
7655,58
7655,63
7655,72
919,35
919,41
919,52
919,55
919,62
12933,18
12933,34
12933,35
12933,49
12933,52
12933,55
12933,63
12933,71
12933,102
1564,18
1564,29
1564,35
1564,52
1564,63
1564,72
13102,18
13102,35
13102,40
13102,63
13102,72
13102,100
1494,18
1494,19
1494,34
1494,35
1494,48
1494,55
1494,63
1494,72
1494,102
2908,1
2908,6
2908,63
2908,70
2908,72
4613,18
4613,20
4613,34
4613,35
4613,42
4613,55
4613,62
4613,63
4613,72
1284,35
1284,38
1284,48
1284,63
1284,72
4704,18
4704,21
4704,35
4704,40
4704,42
2494,74
2494,75
2494,77
2494,97
2494,118
2494,122
13939,35
13939,43
13939,48
13939,49
13939,55
13939,58
13939,77
13939,97
1561,18
1561,25
1561,35
1561,48
1561,55
1561,62
1561,63
1561,72
4796,18
4796,22
4796,35
4796,52
4796,55
4796,58
4384,1
4384,10
4384,18
4384,19
4384,35
4384,101
4853,18
4853,24
4853,29
4853,34
14165,35
14165,49
14165,55
14165,63
14165,71
14165,102
11540,18
11540,23
11540,54
11540,55
11540,102
2647,18
2647,22
2647,25
2647,63
2647,72
3738,18
3738,34
3738,35
3738,42
3738,48
3738,49
11397,18
11397,23
11397,31
11397,35
11397,37
2461,35
2461,43
2461,48
2461,52
2461,55
2461,62
610,91
610,95
610,96
7151,1
7151,5
7151,8
7151,18
7151,34
7151,35
7151,48
7151,52
7151,77
7151,97
1108,13
1108,14
1108,80
1108,81
14795,75
14795,76
14795,77
14795,97
14795,111
14795,112
14795,113
2146,1
2146,4
2146,6
2146,8
2146,63
2146,72
3109,18
3109,34
3109,35
3109,48
3109,55
3109,58
3109,63
3109,72
9124,18
9124,19
9124,31
9124,34
9124,35
9124,43
9124,55
9124,62
9124,63
9124,72
9124,80
9124,83
5501,55
5501,94
5501,95
5501,96
5501,102
8995,18
8995,19
8995,24
8995,29
8995,31
8995,34
8995,35
8995,55
8995,63
8995,72
8995,101
8995,102
3417,1
3417,6
3417,63
3417,72
3417,84
3417,85
11865,18
11865,25
11865,34
11865,35
11865,46
1353,18
1353,22
1353,23
1353,35
1353,52
1353,55
1353,102
1611,1
1611,5
1611,6
1611,8
1611,10
4707,18
4707,21
4707,35
4707,41
4707,49
13863,35
13863,42
13863,43
13863,48
13863,52
13863,77
13863,97
11939,18
11939,25
11939,35
11939,41
11939,48
11939,49
11939,55
11939,58
11939,63
11939,72
1087,1
1087,35
1087,43
1087,98
4249,1
4249,5
4249,18
4249,20
4249,63
4249,72
913,18
913,21
913,29
11477,18
11477,23
11477,35
11477,41
11477,42
11477,48
1333,79
1333,80
1333,81
1333,83
979,35
979,41
979,55
979,58
979,63
979,72
14495,55
14495,90
14495,91
14495,95
14495,96
14495,102
11960,18
11960,25
11960,35
11960,42
11960,48
11960,52
7807,1
7807,6
7807,35
7807,52
7807,55
7807,62
7807,74
7807,80
7807,81
7807,97
7807,120
9050,18
9050,19
9050,25
9050,31
9050,35
9050,42
9050,48
9050,52
9050,63
9050,72
1272,18
1272,29
1272,34
1272,35
1272,101
12004,18
12004,25
12004,55
12004,63
12004,65
12004,72
12004,102
960,1
960,74
960,97
960,98
960,120
14568,63
14568,80
14568,103
14568,104
9201,18
9201,19
9201,34
9201,35
9201,49
9201,52
9201,63
9201,72
9506,18
9506,20
9506,21
9506,35
9506,43
9506,46
9506,48
9506,63
9506,72
9506,77
9506,80
9506,81
9506,97
2456,35
2456,42
2456,48
2456,49
2456,63
2456,72
2038,18
2038,19
2038,35
2038,43
2038,55
2038,102
7611,1
7611,6
7611,8
7611,63
7611,72
7611,84
7611,85
7439,1
7439,5
7439,35
7439,38
7439,48
8998,18
8998,19
8998,24
8998,31
8998,35
8998,43
8998,49
8998,63
8998,72
1180,1
1180,3
1180,5
1180,35
1180,43
13218,18
13218,55
13218,95
13218,96
13218,100
13218,102
9536,18
9536,20
9536,22
9536,23
9536,34
9536,35
9536,52
9536,54
9536,55
9536,58
9536,63
9536,72
1747,74
1747,75
1747,97
1747,112
1747,113
1747,114
1747,118
1747,122
11911,18
11911,25
11911,35
11911,37
11911,55
11911,62
11911,63
11911,72
11911,77
11911,97
2687,18
2687,28
2687,35
2687,42
5322,35
5322,43
5322,48
5322,49
5322,52
5322,55
5322,102
6986,1
6986,5
6986,6
6986,18
6986,29
6986,35
6986,43
3637,18
3637,23
3637,54
11329,18
11329,23
11329,25
11329,35
11329,38
11329,63
11329,72
8836,18
8836,19
8836,22
8836,23
8836,25
8836,26
8836,27
8836,28
8836,35
8836,38
8836,55
8836,63
8836,72
8836,102
14152,35
14152,49
14152,52
14152,55
14152,62
14152,80
14152,83
3699,18
3699,29
3699,35
3699,48
3699,52
3699,63
3699,72
7649,1
7649,6
7649,10
7649,63
7649,72
7649,84
7649,86
5464,55
5464,62
5464,63
5464,71
5464,80
5464,83
7808,1
7808,6
7808,35
7808,52
7808,55
7808,62
7808,77
7808,97
3460,13
3460,14
3460,18
3460,23
5388,35
5388,49
5388,53
14077,35
14077,48
14077,50
14077,55
14077,102
9783,18
9783,20
9783,25
9783,31
9783,55
9783,63
9783,72
9783,102
2326,1
2326,5
2326,8
2326,54
5049,18
5049,34
5049,35
5049,38
5049,55
5049,62
5049,63
5049,72
8618,18
8618,19
8618,20
8618,23
8618,24
8618,34
8618,35
8618,42
8618,55
8618,63
8618,72
8618,102
6867,1
6867,4
6867,55
6867,94
6867,96
6867,102
11416,18
11416,23
11416,34
11416,35
11416,41
11416,42
11416,48
11416,52
11416,55
11416,62
8617,18
8617,19
8617,20
8617,23
8617,24
8617,34
8617,35
8617,42
8617,55
8617,62
8617,63
8617,72
1589,35
1589,54
1589,55
1589,63
1589,70
1589,101
1589,102
7737,1
7737,6
7737,18
7737,34
7737,35
7737,101
3926,55
3926,63
3926,68
3926,102
1112,18
1112,25
1112,35
1112,42
1112,55
1112,63
1112,72
1112,102
1170,35
1170,42
1170,43
1170,55
1170,102
2194,18
2194,20
2194,54
12860,18
12860,34
12860,35
12860,42
12860,48
12860,77
12860,97
3961,74
3961,76
3961,97
3961,111
3961,120
3961,126
9882,18
9882,20
9882,29
9882,34
9882,35
9882,48
9882,52
9882,63
9882,72
3603,18
3603,22
3603,34
3603,35
3603,49
8868,18
8868,19
8868,22
8868,24
8868,35
8868,41
8868,52
8868,55
8868,63
8868,72
8868,77
8868,97
8868,102
6464,1
6464,4
6464,5
6464,9
6464,55
6464,63
6464,71
6464,102
3380,1
3380,5
3380,10
3380,55
3380,102
2828,1
2828,3
2828,4
2828,6
2828,8
1197,35
1197,43
1197,52
1197,53
1647,35
1647,38
1647,40
12559,18
12559,32
12559,35
12559,40
12559,52
10263,18
10263,20
10263,35
10263,55
10263,63
10263,72
10263,95
10263,96
10263,101
10263,102
2983,18
2983,20
2983,35
2983,42
2983,52
1881,1
1881,5
1881,55
1881,62
1881,80
1881,83
1682,1
1682,5
1682,35
1682,43
1682,49
4621,18
4621,20
4621,34
4621,55
4621,62
2882,1
2882,5
2882,8
2882,35
2882,49
2882,55
2882,102
12830,18
12830,34
12830,35
12830,41
12830,55
12830,62
12830,63
12830,72
12830,80
12830,83
8197,1
8197,10
8197,18
8197,25
8197,35
8197,101
9161,18
9161,19
9161,34
9161,35
9161,41
9161,42
2136,1
2136,3
2136,4
2136,35
2136,43
2136,63
2136,72
13473,35
13473,37
13473,48
13473,55
13473,63
13473,70
13473,102
6565,1
6565,4
6565,6
6565,18
6565,21
6565,34
6565,80
6565,81
3431,1
3431,8
3431,63
3431,70
3431,76
3431,97
3431,111
1569,18
1569,34
1569,35
1569,41
1569,48
1569,55
1569,102
14445,55
14445,62
14445,88
14445,89
14445,96
670,18
670,27
670,35
670,48
10099,18
10099,20
10099,35
10099,37
10099,74
10099,97
10099,120
10099,123
2933,1
2933,63
2933,67
2933,98
3189,35
3189,47
3189,49
2227,18
2227,29
2227,34
2227,63
2227,72
1088,18
1088,19
1088,55
1088,62
1088,63
1088,72
1279,18
1279,34
1279,35
1279,41
1279,42
1279,63
1279,72
4897,18
4897,25
4897,34
4897,35
4897,41
4897,55
4897,63
4897,72
4897,102
12114,18
12114,27
12114,35
12114,39
12114,63
12114,72
1783,18
1783,19
1783,63
1783,70
2430,18
2430,35
2430,50
2430,100
1131,18
1131,21
1131,35
1131,39
13773,35
13773,41
13773,43
13773,48
13773,52
13773,55
13773,62
13773,79
1781,18
1781,19
1781,35
1781,38
1781,63
1781,72
9945,18
9945,20
9945,34
9945,35
9945,37
9945,41
9945,48
9945,55
9945,58
9945,63
9945,72
9945,80
9945,81
3488,18
3488,19
3488,34
3488,55
3488,62
3488,63
3488,72
8296,1
8296,35
8296,52
8296,55
8296,62
8296,63
8296,72
8296,98
2061,18
2061,25
2061,34
2061,35
2061,48
1358,18
1358,35
1358,52
1358,63
1358,72
1358,100
11259,18
11259,22
11259,63
11259,69
6069,1
6069,3
6069,18
6069,19
6069,35
6069,41
6069,43
6069,52
6069,55
6069,63
6069,72
6069,102
2195,18
2195,20
2195,54
2195,63
2195,72
12694,18
12694,34
12694,35
12694,37
12694,55
12694,62
12694,80
12694,83
5896,1
5896,3
5896,5
5896,7
5896,8
4739,18
4739,22
4739,23
4739,35
4739,42
4739,55
4739,62
7864,1
7864,6
7864,74
7864,97
7864,122
9673,18
9673,20
9673,23
9673,28
9673,55
9673,63
9673,72
9673,102
9053,18
9053,19
9053,25
9053,34
9053,35
9053,36
9053,37
9053,39
9053,41
9053,55
9053,62
9053,80
9053,83
505,18
505,23
505,35
505,52
505,55
505,102
2518,75
2518,80
2518,81
2518,97
2518,118
1496,18
1496,20
1496,34
1496,35
1496,48
1496,63
1496,72
13910,35
13910,42
13910,52
13910,55
13910,58
12825,18
12825,34
12825,35
12825,41
12825,53
14214,35
14214,52
14214,55
14214,58
14214,62
14214,80
14214,83
2974,18
2974,20
2974,35
2974,37
2974,55
2974,58
2974,63
2974,72
8023,1
8023,8
8023,55
8023,84
8023,86
8023,102
14215,35
14215,52
14215,55
14215,58
14215,76
14215,77
14215,97
14215,107
7842,1
7842,6
7842,55
7842,84
7842,85
7842,102
8148,1
8148,9
8148,55
8148,80
8148,81
8148,83
8148,102
5154,18
5154,35
5154,49
5154,63
5154,72
5154,100
2114,63
2114,69
2114,72
13755,35
13755,41
13755,42
13755,48
13755,52
13755,63
13755,72
10851,18
10851,22
10851,24
10851,30
10851,34
10851,35
10851,41
10851,48
10851,55
10851,63
10851,72
10851,102
14287,54
14287,55
14287,58
14287,62
14287,77
14287,97
1285,35
1285,41
1285,52
1285,55
1285,58
10270,18
10270,20
10270,55
10270,58
10270,63
10270,69
10270,72
12424,18
12424,30
12424,32
12424,35
12424,52
12424,55
12424,58
14230,35
14230,52
14230,55
14230,63
14230,102
14230,103
13300,35
13300,37
13300,38
13300,48
13300,55
13300,102
8167,1
8167,10
8167,18
8167,19
8167,20
8167,22
8167,29
8167,34
8167,35
8167,55
8167,63
8167,72
8167,101
8167,102
14837,75
14837,77
14837,78
14837,97
14837,112
14837,114
14837,132
4390,1
4390,10
4390,35
4390,37
4390,55
4390,62
1228,1
1228,3
1228,5
1228,8
1228,55
1228,102
12079,18
12079,27
12079,31
12079,35
12079,101
5000,18
5000,29
5000,55
5000,63
5000,69
5000,102
3888,35
3888,63
3888,71
3888,101
4919,18
4919,25
4919,35
4919,47
4919,52
4919,55
4919,63
4919,72
4919,102
11089,18
11089,22
11089,34
11089,35
11089,48
11089,55
11089,63
11089,72
11089,102
1405,35
1405,46
1405,63
1405,72
2512,75
2512,76
2512,77
2512,97
2512,111
2512,112
2512,114
1441,18
1441,20
1441,35
1441,38
1441,42
1441,63
1441,72
3594,18
3594,22
3594,26
3594,55
3594,102
2003,1
2003,5
2003,8
2003,77
2003,97
12057,18
12057,26
12057,55
12057,62
12839,18
12839,34
12839,35
12839,42
12839,43
12839,48
12839,55
12839,58
12839,63
12839,72
6062,1
6062,3
6062,18
6062,19
6062,22
6062,63
6062,72
12827,18
12827,34
12827,35
12827,41
12827,55
12827,58
12827,77
12827,97
2015,1
2015,8
2015,55
2015,79
2015,102
1421,1
1421,4
1421,5
1421,8
1421,63
1421,72
9959,18
9959,20
9959,34
9959,35
9959,37
9959,55
9959,102
1988,1
1988,3
1988,5
1988,55
1988,62
4496,18
4496,19
4496,34
4496,35
4496,42
4496,55
4496,102
2261,35
2261,42
2261,43
2261,49
2265,35
2265,43
2265,49
2265,55
2265,62
1689,13
1689,14
1689,18
1689,34
1689,55
1689,102
5578,74
5578,78
5578,97
5578,120
5578,121
5578,123
5578,132
5096,18
5096,34
5096,35
5096,52
5096,55
5096,62
5096,63
5096,70
12956,18
12956,34
12956,35
12956,53
12956,55
12956,58
4416,1
4416,80
4416,98
4416,104
2205,18
2205,23
2205,26
7741,1
7741,6
7741,18
7741,100
2074,18
2074,34
2074,35
2074,42
2074,48
2074,55
2074,63
2074,72
2074,102
13641,35
13641,38
13641,55
13641,80
13641,82
13641,102
1888,1
1888,9
1888,79
1888,80
1888,83
11947,18
11947,25
11947,35
11947,41
11947,52
11947,55
11947,58
11947,63
11947,72
10057,18
10057,20
10057,35
10057,37
10057,41
10057,55
10057,58
10057,63
10057,72
1832,35
1832,42
1832,55
1832,58
2712,18
2712,34
2712,35
2712,55
2712,63
2712,70
2712,101
2712,102
2028,18
2028,19
2028,23
2028,55
2028,63
2028,72
2028,102
7530,1
7530,5
7530,63
7530,70
7530,77
7530,97
2902,1
2902,6
2902,35
2902,63
2902,72
2902,101
9428,18
9428,20
9428,21
9428,25
9428,34
9428,35
9428,42
9428,63
9428,72
14908,89
14908,90
14908,94
14908,96
14186,35
14186,50
14186,52
14186,55
14186,58
5705,1
5705,2
5705,84
5705,85
5497,55
5497,80
5497,81
5497,83
5497,102
8576,18
8576,19
8576,20
8576,22
8576,23
8576,24
8576,34
8576,35
8576,37
8576,42
8576,55
8576,58
8576,63
8576,72
7934,1
7934,8
7934,18
7934,22
7934,23
7934,34
7934,35
7934,55
7934,62
7934,101
10709,18
10709,22
10709,23
10709,25
10709,29
10709,34
10709,35
10709,40
10709,48
10709,55
10709,63
10709,72
10709,77
10709,97
10709,102
14281,54
14281,55
14281,57
14281,59
14281,62
1360,35
1360,41
1360,54
1360,55
1360,102
3060,18
3060,27
3060,34
3060,35
3060,41
3060,55
3060,102
14737,74
14737,76
14737,97
14737,110
14737,121
6392,1
6392,3
6392,91
6392,96
4386,1
4386,10
4386,18
4386,34
4386,35
4386,42
2759,35
2759,48
2759,49
2759,52
2759,55
2759,58
13227,35
13227,36
13227,37
13227,52
13488,35
13488,37
13488,49
13488,55
13488,62
13488,77
13488,97
8335,1
8335,63
8335,79
8335,98
8335,103
3036,18
3036,23
3036,35
3036,52
3036,55
3036,62
3036,63
3036,72
973,18
973,23
973,55
973,63
973,72
973,102
2880,1
2880,5
2880,6
2880,35
2880,101
11920,18
11920,25
11920,35
11920,38
11920,42
1141,35
1141,43
1141,80
1141,81
13995,35
13995,43
13995,55
13995,62
13995,63
13995,72
13995,80
13995,81
14075,35
14075,48
14075,49
14075,80
14075,81
8320,1
8320,55
8320,95
8320,96
8320,98
8320,102
9126,18
9126,19
9126,31
9126,35
9126,42
9126,43
9126,55
9126,58
9126,63
9126,72
12271,18
12271,29
12271,34
12271,35
12271,42
12271,48
12271,55
12271,58
12271,63
12271,72
9379,18
9379,19
9379,55
9379,56
9379,63
9379,72
8860,18
8860,19
8860,22
8860,23
8860,55
8860,63
8860,72
8860,77
8860,97
8860,102
976,18
976,35
976,43
976,100
2830,1
2830,3
2830,4
2830,6
2830,35
2830,43
5704,1
5704,2
5704,79
10239,18
10239,20
10239,35
10239,49
10239,55
10239,58
10239,63
10239,72
7343,1
7343,5
7343,18
7343,22
7343,23
7343,27
7343,34
7343,35
7343,42
7343,48
7343,49
7343,52
7343,55
7343,63
7343,72
7343,102
3530,18
3530,20
3530,34
3530,35
3530,37
3530,63
3530,72
865,18
865,20
865,35
865,40
865,63
865,72
1486,1
1486,5
1486,95
1486,96
2636,18
2636,21
2636,29
2636,35
2636,41
7945,1
7945,8
7945,18
7945,24
12416,18
12416,29
12416,63
12416,103
4752,18
4752,22
4752,29
4752,35
4752,37
4752,41
4752,55
4752,102
2999,18
2999,21
2999,35
2999,41
2999,55
2999,63
2999,72
2999,102
4837,18
4837,23
4837,35
4837,48
4837,52
4837,77
4837,97
4811,18
4811,23
4811,27
4811,34
4811,55
4811,102
9551,18
9551,20
9551,22
9551,24
9551,25
9551,34
9551,35
9551,37
9551,41
9551,42
9551,48
9551,49
9551,52
9551,55
9551,62
9551,63
9551,72
9551,77
9551,80
9551,83
9551,97
11121,18
11121,22
11121,35
11121,37
11121,41
11121,48
11121,55
11121,63
11121,72
11121,102
5161,35
5161,36
5161,38
5161,55
5161,102
5942,1
5942,3
5942,5
5942,18
5942,27
5942,34
5942,35
5942,38
5942,41
5942,52
5942,55
5942,62
2565,1
2565,5
2565,79
2565,80
2565,83
9964,18
9964,20
9964,34
9964,35
9964,38
9964,48
9964,63
9964,72
8575,18
8575,19
8575,20
8575,22
8575,23
8575,24
8575,27
8575,28
8575,35
8575,48
8575,52
8575,55
8575,63
8575,72
8575,102
2590,13
2590,15
2590,63
2590,69
4991,18
4991,29
4991,35
4991,45
4991,52
5780,1
5780,3
5780,4
5780,8
5780,80
5780,83
2677,18
2677,25
2677,63
2677,69
2677,72
9520,18
9520,20
9520,22
9520,23
9520,27
9520,34
9520,35
9520,42
9520,48
9520,63
9520,72
9520,80
9520,82
2459,35
2459,42
2459,80
2459,81
10002,18
10002,20
10002,34
10002,35
10002,42
10002,55
10002,63
10002,72
10002,80
10002,81
10002,102
3716,18
3716,32
3716,55
3716,62
6214,1
6214,3
6214,18
6214,34
6214,35
6214,37
6214,55
6214,102
10424,18
10424,21
10424,25
10424,34
10424,35
10424,48
10424,52
10424,63
10424,72
10424,77
10424,97
9938,18
9938,20
9938,34
9938,35
9938,36
9938,37
1066,18
1066,19
1066,35
1066,43
5849,1
5849,3
5849,4
5849,35
5849,52
5849,54
5849,55
5849,58
8579,18
8579,19
8579,20
8579,22
8579,23
8579,34
8579,35
8579,37
8579,52
8579,55
8579,58
8579,62
8579,63
8579,70
8579,72
2405,18
2405,29
2405,34
2405,35
2405,48
2405,52
2405,55
2405,102
2064,18
2064,27
2064,35
2064,37
2270,35
2270,48
2270,52
2270,55
2270,58
2270,63
2270,72
2946,18
2946,19
2946,27
2946,55
2946,63
2946,72
2946,102
11756,18
11756,24
11756,55
11756,63
11756,70
11756,72
11756,102
9683,18
9683,20
9683,23
9683,31
9683,34
9683,35
9683,42
9683,52
9683,55
9683,62
9683,63
9683,72
9683,77
9683,97
10039,18
10039,20
10039,35
10039,37
10039,40
10039,63
10039,72
1322,35
1322,42
1322,48
1322,77
1322,97
12763,18
12763,34
12763,35
12763,41
12763,42
12763,43
12763,48
12763,49
12763,52
12763,55
12763,58
12763,63
12763,72
12763,77
12763,97
1452,18
1452,25
1452,35
1452,49
5631,1
5631,2
5631,3
5631,8
2750,35
2750,42
2750,43
2750,55
2750,58
5184,35
5184,37
5184,39
5184,41
3099,18
3099,34
3099,35
3099,38
3099,52
3099,63
3099,72
1672,1
1672,2
1672,13
1672,14
10883,18
10883,22
10883,25
10883,29
10883,63
10883,72
2321,1
2321,5
2321,6
2321,35
2321,52
9605,18
9605,20
9605,22
9605,34
9605,35
9605,41
9605,55
9605,102
2232,18
2232,34
2232,35
2232,41
2232,49
570,35
570,53
570,55
570,58
7994,1
7994,8
7994,35
7994,43
7994,63
7994,103
1440,18
1440,20
1440,34
1440,35
1440,42
1440,55
1440,63
1440,72
1440,102
1786,18
1786,20
1786,34
1786,35
1786,48
1786,55
1786,63
1786,72
1786,102
4299,1
4299,6
4299,18
4299,20
4299,55
4299,102
11879,18
11879,25
11879,34
11879,35
11879,55
11879,63
11879,72
11879,77
11879,97
11879,101
11879,102
1957,35
1957,43
1957,49
1957,52
1957,55
1957,102
9722,18
9722,20
9722,24
9722,25
9722,34
9722,35
9722,42
9722,48
9722,52
9722,55
9722,58
9722,63
9722,72
2085,18
2085,35
2085,41
2085,52
2085,55
2085,63
2085,72
2085,100
2085,102
1784,18
1784,20
1784,25
1784,35
1784,52
1784,63
1784,72
12633,18
12633,34
12633,35
12633,37
12633,40
12633,55
12633,102
11412,18
11412,23
11412,34
11412,35
11412,37
11412,48
11412,63
11412,72
12722,18
12722,34
12722,35
12722,38
12722,43
12722,48
12722,55
12722,58
14525,63
14525,70
14525,72
14525,80
14525,83
7627,1
7627,6
7627,9
7627,76
7627,77
7627,88
7627,96
7627,97
7627,107
7627,111
2409,18
2409,31
2409,35
2409,41
12556,18
12556,32
12556,34
12556,35
12556,101
3175,35
3175,42
3175,48
3175,49
3175,55
3175,102
6430,1
6430,4
6430,5
6430,6
6430,63
6430,69
6430,76
6430,97
6430,111
795,74
795,75
795,97
795,112
795,114
795,118
795,122
11471,18
11471,23
11471,35
11471,38
11471,41
11471,42
11471,55
11471,102
4364,1
4364,9
4364,18
4364,29
6328,1
6328,3
6328,35
6328,43
6328,53
6328,55
6328,62
5908,1
5908,3
5908,5
5908,8
5908,35
5908,41
5908,55
5908,102
7473,1
7473,5
7473,35
7473,43
7473,55
7473,76
7473,97
7473,102
7473,111
7464,1
7464,5
7464,35
7464,43
7464,52
7464,55
7464,58
7464,62
2145,1
2145,4
2145,5
2145,55
2145,62
13981,35
13981,43
13981,52
13981,63
13981,72
13981,77
13981,97
1351,18
1351,21
1351,34
1351,63
1351,72
10820,18
10820,22
10820,23
10820,35
10820,41
10820,63
10820,69
10820,72
8330,1
8330,63
8330,70
8330,80
8330,83
8330,98
1327,35
1327,52
1327,55
1327,62
1327,77
1327,97
1469,35
1469,48
1469,76
1469,77
1469,97
1469,111
14051,35
14051,47
14051,48
14051,52
14051,54
14051,55
14051,102
12692,18
12692,34
12692,35
12692,37
12692,54
12692,55
12692,102
1378,1
1378,5
1378,6
1378,8
1378,55
1378,63
1378,72
1378,102
13254,35
13254,36
13254,42
13254,55
13254,62
4151,1
4151,4
4151,35
4151,40
1813,18
1813,31
1813,63
1813,72
3533,18
3533,20
3533,34
3533,35
3533,41
3533,52
3533,63
3533,72
13284,35
13284,36
13284,76
13284,97
13284,111
3094,18
3094,34
3094,35
3094,36
3094,41
3483,18
3483,19
3483,29
10425,18
10425,21
10425,25
10425,34
10425,35
10425,49
10425,52
10425,63
10425,72
2945,18
2945,19
2945,25
2945,55
2945,63
2945,72
2945,102
5234,35
5234,38
5234,40
5234,41
3111,18
3111,34
3111,63
3111,69
3111,72
11769,18
11769,25
11769,26
11769,55
11769,102
3199,35
3199,52
3199,55
3199,62
3199,80
3199,81
10710,18
10710,22
10710,23
10710,25
10710,34
10710,35
10710,42
10710,55
10710,102
11812,18
11812,25
11812,30
11812,55
11812,63
11812,72
11812,102
14668,74
14668,75
14668,97
14668,112
14668,113
14668,115
14668,116
14668,122
8645,18
8645,19
8645,20
8645,24
8645,35
8645,37
8645,48
8645,55
8645,62
8645,63
8645,72
8754,18
8754,19
8754,20
8754,35
8754,43
8754,48
8754,52
8754,54
8754,63
8754,72
8260,1
8260,18
8260,34
8260,35
8260,41
8260,48
8260,55
8260,63
8260,72
8260,98
8260,102
7982,1
7982,8
7982,35
7982,41
7982,55
7982,102
11973,18
11973,25
11973,35
11973,43
11973,48
11973,63
11973,72
4417,1
4417,84
4417,85
4417,98
1497,18
1497,20
1497,34
1497,35
1497,52
1497,55
1497,63
1497,72
1497,102
1884,1
1884,6
1884,63
1884,71
11581,18
11581,24
11581,27
11581,35
11581,101
4010,1
4010,3
4010,4
4010,8
4010,35
4010,43
4502,18
4502,19
4502,34
4502,55
4502,58
4502,63
4502,72
8171,1
8171,10
8171,18
8171,19
8171,35
8171,41
8171,55
8171,102
14784,74
14784,97
14784,122
14784,123
14784,125
1776,13
1776,14
1776,18
1776,25
13228,35
13228,36
13228,37
13228,52
13228,55
13228,58
13228,77
13228,97
6255,1
6255,3
6255,35
6255,36
6255,37
6255,52
6255,55
6255,58
6255,77
6255,97
1451,18
1451,25
1451,35
1451,37
1451,63
1451,72
3406,1
3406,6
3406,35
3406,48
3406,52
3406,55
3406,102
13882,35
13882,42
13882,48
13882,49
13882,55
13882,62
13487,35
13487,37
13487,49
13487,52
13487,55
13487,102
6744,1
6744,4
6744,18
6744,34
6744,35
6744,37
6744,38
6744,48
6744,52
6744,55
6744,102
5787,1
5787,3
5787,4
5787,10
5787,35
5787,37
5787,63
5787,72
5333,35
5333,43
5333,54
5333,55
5333,62
10912,18
10912,22
10912,26
10912,34
10912,55
10912,58
6710,1
6710,4
6710,18
6710,20
6710,35
6710,43
6710,48
6710,55
6710,63
6710,72
6710,102
12871,18
12871,34
12871,35
12871,42
12871,55
12871,58
3039,18
3039,24
3039,34
3039,35
3039,41
3039,55
3039,102
12203,18
12203,28
12203,35
12203,42
12203,63
12203,72
8046,1
8046,9
8046,10
1824,35
1824,37
1824,38
1824,63
1824,72
6072,1
6072,3
6072,18
6072,19
6072,35
6072,42
6072,43
6072,52
6072,63
6072,72
11503,18
11503,23
11503,35
11503,43
11503,52
11503,55
11503,62
11503,79
11503,80
11503,83
810,1
810,5
810,80
810,83
14170,35
14170,49
14170,63
14170,70
14170,71
6669,1
6669,4
6669,13
6669,14
6669,18
6669,22
6669,34
6669,55
6669,102
9904,18
9904,20
9904,29
9904,35
9904,48
9904,52
9904,63
9904,72
9553,18
9553,20
9553,22
9553,24
9553,29
9553,34
9553,35
9553,37
9553,41
9553,49
9553,55
9553,63
9553,72
9553,77
9553,80
9553,83
9553,97
9553,102
1889,1
1889,11
1889,55
1889,62
6953,1
6953,5
6953,6
6953,9
6953,63
6953,70
6953,72
2940,13
2940,16
2940,79
2674,18
2674,25
2674,35
2674,42
2674,55
2674,102
3673,18
3673,26
3673,55
3673,95
3673,96
3673,102
2655,18
2655,22
2655,35
2655,37
2655,41
2655,55
2655,102
7222,1
7222,5
7222,8
7222,55
7222,63
7222,70
7222,72
7222,102
5572,74
5572,76
5572,97
5572,108
5572,111
5572,120
11112,18
11112,22
11112,35
11112,36
11112,52
11112,55
11112,102
3829,35
3829,41
3829,49
3829,55
3829,62
13541,35
13541,37
13541,55
13541,62
13541,80
13541,82
1430,1
1430,5
1430,18
1430,34
1430,55
1430,102
1264,18
1264,19
1264,35
1264,48
1264,55
1264,58
1264,63
1264,72
14280,54
14280,55
14280,57
14280,58
14280,62
4971,18
4971,29
4971,34
4971,35
4971,41
4971,48
11185,18
11185,22
11185,35
11185,42
11185,43
11185,48
11185,52
11185,55
11185,58
11185,63
11185,72
2841,1
2841,3
2841,8
2841,55
2841,62
7283,1
7283,5
7283,10
7283,55
7283,62
7283,84
7283,86
2557,1
2557,5
2557,9
2557,63
2557,72
9661,18
9661,20
9661,23
9661,25
9661,35
9661,48
9661,55
9661,63
9661,72
9661,102
2469,35
2469,46
2469,55
2469,102
4799,18
4799,22
4799,35
4799,63
4799,70
4799,101
14739,74
14739,76
14739,97
14739,111
14739,120
14739,121
14739,122
10088,18
10088,20
10088,35
10088,37
10088,55
10088,58
1632,18
1632,22
1632,34
1632,35
1632,41
1632,55
1632,102
1651,35
1651,43
1651,55
1651,58
1651,62
14796,75
14796,76
14796,77
14796,97
14796,111
14796,115
14796,117
14796,119
2546,1
2546,4
2546,6
2546,63
2546,70
14153,35
14153,49
14153,52
14153,55
14153,95
14153,96
14153,102
13276,35
13276,36
13276,52
13276,55
13276,77
13276,97
13276,102
11632,18
11632,24
11632,34
11632,35
11632,41
11632,63
11632,72
5359,35
5359,48
5359,49
5359,55
5359,62
5359,80
5359,83
8625,18
8625,19
8625,20
8625,23
8625,26
8625,55
8625,58
8625,63
8625,72
5067,18
5067,34
5067,35
5067,41
5067,55
5067,58
5067,63
5067,72
10055,18
10055,20
10055,35
10055,37
10055,41
10055,52
10055,55
10055,102
3633,18
3633,23
3633,35
3633,44
1208,1
1208,5
1208,6
1208,89
1208,96
10847,18
10847,22
10847,24
10847,25
10847,29
10847,35
10847,41
10847,42
10847,52
10847,55
10847,102
13403,35
13403,37
13403,42
13403,43
2191,18
2191,20
2191,35
2191,37
2191,52
2191,55
2191,62
2191,63
2191,72
12073,18
12073,27
12073,30
12073,34
12073,35
12073,42
12073,48
12073,55
12073,63
12073,72
12073,77
12073,97
12073,102
13595,35
13595,38
13595,41
13595,42
824,18
824,20
824,35
824,48
824,52
824,63
824,72
3105,18
3105,34
3105,35
3105,42
3105,49
4342,1
4342,8
4342,35
4342,41
2212,18
2212,24
2212,35
2212,37
2212,63
2212,72
4731,18
4731,22
4731,23
4731,29
4731,34
4388,1
4388,10
4388,18
4388,100
4565,18
4565,20
4565,22
4565,55
4565,62
4565,63
4565,72
11404,18
11404,23
11404,32
11404,55
11404,102
1706,18
1706,22
1706,23
1706,35
1706,52
1074,18
1074,34
1074,35
1074,48
1074,52
1074,55
1074,102
1932,18
1932,34
1932,35
1932,41
1932,48
1932,55
1932,63
1932,72
1932,102
2652,18
2652,22
2652,34
2652,35
2652,42
3106,18
3106,34
3106,35
3106,43
3106,48
3106,55
3106,63
3106,72
3106,102
5101,18
5101,34
5101,55
5101,63
5101,69
5101,102
4831,18
4831,23
4831,35
4831,42
4831,43
11859,18
11859,25
11859,34
11859,35
11859,42
11859,55
11859,63
11859,72
11859,102
1894,18
1894,19
1894,24
3348,1
3348,5
3348,6
3348,8
3348,35
3348,48
3348,55
3348,102
3141,35
3141,37
3141,55
3141,58
3141,63
3141,72
4349,1
4349,8
4349,35
4349,63
4349,72
4349,101
4351,1
4351,8
4351,54
4351,63
4351,72
1595,74
1595,76
1595,77
1595,97
1595,111
1595,120
1595,122
5177,35
5177,36
5177,55
5177,77
5177,97
5177,102
11650,18
11650,24
11650,34
11650,35
11650,55
11650,101
11650,102
1425,1
1425,4
1425,55
1425,63
1425,70
1425,102
3567,18
3567,21
3567,23
3567,35
3567,52
5066,18
5066,34
5066,35
5066,41
5066,52
5066,55
5066,62
5066,77
5066,97
12666,18
12666,34
12666,35
12666,37
12666,42
12666,44
12666,55
12666,58
9952,18
9952,20
9952,34
9952,35
9952,37
9952,42
9952,43
9952,77
9952,97
7414,1
7414,5
7414,18
7414,34
7414,35
7414,101
1033,18
1033,29
1033,55
1033,63
1033,72
1033,102
1149,75
1149,79
1149,97
1149,112
1149,113
7315,1
7315,5
7315,18
7315,19
7315,35
7315,43
7315,55
7315,58
7315,63
7315,72
6129,1
6129,3
6129,18
6129,22
6129,23
6129,35
6129,41
6129,43
6129,52
6129,55
6129,58
6129,63
6129,72
12833,18
12833,34
12833,35
12833,41
12833,55
12833,63
12833,72
12833,75
12833,97
12833,102
12833,112
12833,113
5391,35
5391,49
5391,55
5391,58
5391,63
5391,72
12784,18
12784,34
12784,35
12784,41
12784,42
12784,52
12784,55
12784,77
12784,97
12784,102
5077,18
5077,34
5077,35
5077,43
5077,48
5077,55
5077,62
11764,18
11764,25
11764,26
11764,31
11764,35
11764,40
11764,52
6125,1
6125,3
6125,18
6125,22
2681,18
2681,26
2681,63
2681,72
1610,1
1610,4
1610,54
1610,55
1610,58
3172,35
3172,41
3172,55
3172,80
3172,81
3172,102
5502,55
5502,94
5502,96
5502,102
12104,18
12104,27
12104,34
12104,35
12104,48
12104,55
12104,58
7583,1
7583,6
7583,8
7583,35
7583,48
7583,52
7583,77
7583,97
7919,1
7919,8
7919,18
7919,20
7919,22
7919,34
7919,35
7919,55
7919,101
7919,102
5068,18
5068,34
5068,35
5068,42
5068,43
5068,48
5068,52
2608,18
2608,19
2608,35
2608,52
2608,54
2608,55
2608,63
2608,72
2608,102
9198,18
9198,19
9198,34
9198,35
9198,48
9198,55
9198,58
9198,63
9198,72
4488,18
4488,19
4488,31
3758,18
3758,34
3758,55
3758,62
3758,63
3758,70
7714,1
7714,6
7714,18
7714,24
7714,35
7714,63
7714,72
7714,101
6404,1
6404,4
6404,5
6404,6
6404,8
6404,35
6404,43
6404,55
6404,102
3223,63
3223,67
3223,78
3223,97
3223,132
825,18
825,24
825,35
825,43
825,63
825,72
2646,18
2646,22
2646,23
2646,35
2646,55
2646,101
2646,102
4155,1
4155,4
4155,35
4155,48
4155,55
4155,58
4155,63
4155,72
9527,18
9527,20
9527,22
9527,23
9527,29
9527,35
9527,52
9527,55
9527,58
9527,63
9527,72
6213,1
6213,3
6213,18
6213,34
6213,35
6213,37
6213,43
6213,53
6213,55
6213,58
6213,80
6213,83
9230,18
9230,19
9230,35
9230,37
9230,41
9230,55
9230,62
9230,63
9230,72
9230,80
9230,81
9230,83
6949,1
6949,5
6949,6
6949,9
6949,55
6949,62
2460,35
2460,43
2460,44
8255,1
8255,18
8255,20
8255,35
8255,48
8255,63
8255,72
8255,98
2471,35
2471,48
2471,52
2471,80
2471,83
6169,1
6169,3
6169,18
6169,23
6169,35
6169,38
6169,42
6169,43
6169,55
6169,77
6169,97
6169,102
14257,35
14257,55
14257,62
14257,63
14257,70
14257,101
2947,18
2947,19
2947,29
2947,55
2947,63
2947,72
2947,102
9063,18
9063,19
9063,25
9063,34
9063,55
9063,102
9054,18
9054,19
9054,25
9054,34
9054,35
9054,37
9054,55
9054,62
2587,1
2587,63
2587,70
2587,72
2587,98
10906,18
10906,22
10906,26
10906,28
1918,18
1918,23
1918,35
1918,52
1918,55
1918,63
1918,72
1918,102
5041,18
5041,34
5041,35
5041,37
5041,43
7963,1
7963,8
7963,18
7963,34
7963,35
7963,49
7963,52
7963,55
7963,63
7963,72
7963,102
4596,18
4596,20
4596,30
4596,63
4596,72
10737,18
10737,22
10737,23
10737,28
10737,34
10737,35
10737,37
10737,41
10737,55
10737,102
2711,18
2711,34
2711,35
2711,48
2711,52
2711,55
2711,62
5805,1
5805,3
5805,4
5805,18
5805,20
5805,63
5805,72
5805,80
5805,81
13495,35
13495,37
13495,52
13495,55
13495,62
13495,63
13495,72
13495,79
5900,1
5900,3
5900,5
5900,8
5900,10
5900,63
5900,72
5900,76
5900,97
8282,1
8282,35
8282,43
8282,55
8282,58
8282,98
3003,18
3003,21
3003,35
3003,49
3003,52
1579,35
1579,38
1579,80
1579,83
12592,18
12592,34
12592,35
12592,36
12592,37
12592,41
12592,63
12592,72
1517,35
1517,41
1517,52
1517,55
1517,63
1517,72
1517,102
12977,18
12977,34
12977,55
12977,63
12977,72
12977,80
12977,83
12977,102
12534,18
12534,31
12534,35
12534,48
12534,50
12534,55
12534,102
9915,18
9915,20
9915,30
5299,35
5299,41
5299,54
5299,55
5299,62
12001,18
12001,25
12001,55
12001,61
12001,63
12001,72
14213,35
14213,52
14213,55
14213,58
14213,62
14213,63
14213,72
12787,18
12787,34
12787,35
12787,41
12787,42
12787,55
12787,58
12787,63
12787,72
5358,35
5358,47
5358,50
14025,35
14025,45
14025,48
14025,50
14025,52
4899,18
4899,25
4899,34
4899,35
4899,42
4899,52
4899,63
4899,72
10355,18
10355,21
10355,23
10355,25
10355,35
10355,48
10355,55
10355,102
4256,1
4256,5
4256,35
4256,37
4256,55
4256,62
9756,18
9756,20
9756,24
9756,35
9756,43
9756,49
9756,52
9756,63
9756,72
14815,75
14815,76
14815,97
14815,107
14815,111
14815,112
14815,114
14815,118
10515,18
10515,21
10515,32
10515,34
10515,35
10515,48
10515,49
10515,63
10515,72
8267,1
8267,35
8267,37
8267,55
8267,62
8267,63
8267,72
8267,80
8267,83
8267,98
1820,18
1820,35
1820,41
1820,50
1820,100
1206,1
1206,4
1206,5
1206,35
1206,48
8894,18
8894,19
8894,22
8894,34
8894,35
8894,37
8894,42
8894,48
8894,52
8894,55
8894,58
8894,62
8894,63
8894,72
8002,1
8002,8
8002,35
8002,49
8002,55
8002,63
8002,70
8002,72
8002,102
1563,18
1563,27
1563,35
1563,43
7799,1
7799,6
7799,35
7799,49
7799,63
7799,66
2237,18
2237,34
2237,35
2237,48
2237,55
2237,58
4972,18
4972,29
4972,34
4972,35
4972,41
4972,48
4972,52
4972,55
4972,102
3167,35
3167,41
3167,48
3167,49
3167,63
3167,72
6958,1
6958,5
6958,6
6958,10
6958,18
6958,34
6958,35
6958,52
6958,63
6958,72
9869,18
9869,20
9869,29
9869,31
9869,34
9869,55
9869,63
9869,72
9869,77
9869,97
9869,102
2862,1
2862,4
2862,8
2862,10
2862,35
2862,43
11971,18
11971,25
11971,35
11971,43
11971,48
11971,55
11971,58
11971,63
11971,72
9058,18
9058,19
9058,25
9058,34
9058,35
9058,43
9058,48
9058,52
9058,54
9058,55
9058,58
9058,63
9058,72
5027,18
5027,32
5027,35
5027,101
14618,74
14618,75
14618,77
14618,97
14618,112
14618,113
14618,123
8597,18
8597,19
8597,20
8597,22
8597,31
8597,35
8597,38
8597,42
8597,63
8597,72
2224,18
2224,28
2224,34
2224,55
2224,102
7400,1
7400,5
7400,18
7400,34
7400,35
7400,41
12573,18
12573,32
12573,35
12573,55
12573,63
12573,72
12573,101
12573,102
12824,18
12824,34
12824,35
12824,41
12824,52
12824,77
12824,97
10287,18
10287,20
10287,63
10287,72
10287,80
10287,83
13654,35
13654,39
13654,41
13654,44
7626,1
7626,6
7626,9
7626,63
7626,72
7626,76
7626,97
7626,111
11831,18
11831,25
11831,34
11831,35
11831,37
11831,41
11831,43
11831,52
11831,55
11831,63
11831,72
11831,102
1257,1
1257,6
1257,90
1257,96
1213,18
1213,27
1213,35
1213,48
1213,55
1213,102
11200,18
11200,22
11200,35
11200,42
11200,80
11200,83
9891,18
9891,20
9891,29
9891,35
9891,37
9891,63
9891,72
10514,18
10514,21
10514,32
10514,34
3216,55
3216,62
3216,91
3216,96
12164,18
12164,28
12164,29
12164,34
12164,35
12164,43
12164,48
12164,55
12164,62
1400,35
1400,38
1400,42
1400,63
1400,72
5244,35
5244,38
5244,52
5244,55
5244,63
5244,72
5244,102
8387,13
8387,14
8387,18
8387,20
8387,35
8387,41
8387,47
8387,55
8387,63
8387,72
8387,76
8387,97
8387,102
8387,111
4808,18
4808,23
4808,25
4808,55
4808,102
10874,18
10874,22
10874,25
10874,27
10874,34
10874,35
10874,38
10874,41
10874,42
10874,52
10874,80
10874,81
2169,1
2169,8
2169,54
5664,1
5664,2
5664,8
5664,63
5664,69
6608,1
6608,4
6608,8
6608,18
6608,20
6608,63
6608,72
11225,18
11225,22
11225,35
11225,48
11225,52
11225,55
11225,62
11225,77
11225,97
14208,35
14208,52
14208,54
14208,55
14208,58
14208,80
14208,81
938,1
938,5
938,55
938,63
938,70
938,102
1067,18
1067,19
1067,63
1067,72
1067,77
1067,97
9715,18
9715,20
9715,23
9715,35
9715,48
9715,52
9715,55
9715,58
1692,18
1692,19
1692,35
1692,48
1692,52
1692,55
1692,63
1692,72
1692,102
3816,35
3816,39
3816,43
3816,55
3816,58
5790,1
5790,3
5790,4
5790,10
5790,63
5790,72
5790,84
5790,85
5212,35
5212,37
5212,52
5212,55
5212,58
2682,18
2682,27
2682,35
2682,48
2682,52
3831,35
3831,41
3831,52
3831,55
3831,62
3831,77
3831,97
2221,18
2221,25
2221,35
2221,47
2221,55
2221,63
2221,72
2221,102
13877,35
13877,42
13877,44
4539,18
4539,19
4539,35
4539,52
4539,63
4539,72
4539,77
4539,97
9052,18
9052,19
9052,25
9052,31
9052,63
9052,72
2271,35
2271,48
2271,55
2271,62
2271,63
2271,70
2256,35
2256,40
2256,52
2256,55
2256,102
6537,1
6537,4
6537,6
6537,9
6537,10
2093,35
2093,40
2093,42
2093,52
12421,18
12421,30
12421,31
12421,35
12421,43
12421,47
12421,48
12421,52
12421,55
12421,102
13685,35
13685,40
13685,41
13685,42
13685,48
13685,49
13685,77
13685,97
8971,18
8971,19
8971,23
8971,35
8971,37
8971,48
8971,55
8971,63
8971,72
8971,102
10285,18
10285,20
10285,63
10285,72
10285,80
10285,81
10285,82
4492,18
4492,19
4492,34
4492,35
4492,41
4492,48
4492,52
4492,55
4492,63
4492,72
4492,80
4492,81
4492,102
1609,1
1609,4
1609,6
1609,55
1609,63
1609,72
1609,102
1727,35
1727,41
1727,43
1727,63
1727,72
9688,18
9688,20
9688,23
9688,34
9688,35
9688,38
9688,42
9688,48
9688,52
9688,55
9688,58
9688,63
9688,72
9688,77
9688,78
9688,97
9688,130
1191,18
1191,29
1191,63
1191,70
14361,55
14361,62
14361,63
14361,70
14361,74
14361,97
14361,122
554,18
554,21
554,55
554,63
554,72
554,102
4812,18
4812,23
4812,27
4812,35
4812,48
4812,55
4812,102
1657,35
1657,48
1657,55
1657,62
1657,80
1657,83
1621,13
1621,16
1621,63
1621,70
1061,1
1061,4
1061,5
1061,35
1061,43
7825,1
7825,6
7825,55
7825,62
7825,63
7825,69
7825,84
7825,85
14819,75
14819,76
14819,97
14819,107
14819,115
14819,116
14819,117
6829,1
6829,4
6829,35
6829,51
6829,84
6829,85
942,18
942,19
942,24
942,63
942,72
3773,18
3773,35
3773,41
3773,52
3773,63
3773,72
3773,100
14567,63
14567,79
14567,80
14567,83
14567,103
5749,1
5749,3
5749,4
5749,5
5749,54
1669,75
1669,79
1669,97
1669,118
9311,18
9311,19
9311,35
9311,43
9311,47
9311,48
9311,63
9311,72
7101,1
7101,5
7101,8
7101,18
7101,19
7101,35
7101,52
7101,55
7101,63
7101,72
7101,102
3066,18
3066,28
3066,35
3066,55
3066,101
3066,102
4813,18
4813,23
4813,28
1157,18
1157,19
1157,35
1157,37
1157,55
1157,63
1157,72
1157,102
1960,35
1960,43
1960,63
1960,69
3578,18
3578,21
3578,35
3578,37
3578,41
14433,55
14433,62
14433,75
14433,97
3539,18
3539,20
3539,35
3539,37
3539,41
3539,48
3539,55
3539,63
3539,72
3539,102
9206,18
9206,19
9206,34
9206,35
9206,101
9205,18
9205,19
9205,34
9205,35
9205,55
9205,63
9205,72
9205,101
9205,102
11655,18
11655,24
11655,35
11655,36
11655,63
11655,72
9074,18
9074,19
9074,25
9074,55
9074,63
9074,72
9074,80
9074,81
9074,102
2668,18
2668,24
2668,35
2668,52
2668,55
2668,62
8637,18
8637,19
8637,20
8637,23
8637,35
8637,48
8637,55
8637,63
8637,72
8637,77
8637,97
8637,102
2382,18
2382,22
2382,35
2382,42
2382,55
2382,63
2382,72
2382,102
1516,35
1516,39
1516,55
1516,62
1433,1
1433,6
1433,9
1433,63
1433,72
11343,18
11343,23
11343,27
11343,29
11343,55
11343,58
13880,35
13880,42
13880,48
13880,49
13880,52
13880,55
13880,77
13880,97
13880,102
9220,18
9220,19
9220,35
9220,37
9220,38
9220,55
9220,63
9220,72
9220,102
10842,18
10842,22
10842,23
10842,35
10842,52
10842,55
10842,77
10842,97
10842,102
9513,18
9513,20
9513,22
9513,23
9513,24
9513,27
9513,63
9513,72
9513,95
9513,96
1933,18
1933,34
1933,35
1933,41
1933,52
1933,63
1933,72
7990,1
7990,8
7990,35
7990,43
7990,52
7990,55
7990,58
3787,35
3787,37
3787,41
3787,42
3787,55
3787,102
2980,18
2980,20
2980,35
2980,41
2980,55
2980,58
2980,63
2980,72
5479,55
5479,62
5479,76
5479,77
5479,97
5479,111
10118,18
10118,20
10118,35
10118,39
10118,46
2981,18
2981,20
2981,35
2981,42
2981,48
2581,1
2581,9
2581,35
2581,52
12753,18
12753,34
12753,35
12753,40
12753,41
12753,55
12753,58
12753,77
12753,97
3497,18
3497,19
3497,35
3497,42
3497,43
3497,55
3497,63
3497,72
3497,102
7672,1
7672,6
7672,18
7672,19
7672,34
7672,35
7672,52
7672,63
7672,72
14591,74
14591,75
14591,76
14591,97
14591,107
14591,111
14591,115
14591,116
14591,120
3154,35
3154,38
3154,55
3154,62
3154,80
3154,83
7208,1
7208,5
7208,8
7208,35
7208,52
7208,55
7208,62
9775,18
9775,20
9775,25
9775,29
9775,34
9775,35
9775,52
9775,55
9775,58
9775,62
9775,63
9775,72
1823,35
1823,36
1823,38
4997,18
4997,29
4997,35
4997,55
4997,58
4997,101
4630,18
4630,20
4630,35
4630,39
4630,42
10038,18
10038,20
10038,35
10038,37
10038,40
10038,55
10038,102
5255,35
5255,39
5255,47
5255,48
4427,13
4427,14
4427,35
4427,37
4427,41
4427,55
4427,102
4647,18
4647,20
4647,35
4647,47
4647,48
7202,1
7202,5
7202,8
7202,35
7202,48
7202,52
7202,63
7202,72
6222,1
6222,3
6222,18
6222,34
6222,35
6222,42
6222,49
6222,55
6222,62
6222,63
6222,70
6222,72
6222,95
6222,96
3331,1
3331,4
3331,35
3331,41
3331,55
3331,102
12585,18
12585,33
12585,35
12585,101
13964,35
13964,43
13964,49
13964,55
13964,58
13964,77
13964,97
12594,18
12594,34
12594,35
12594,36
12594,37
12594,63
12594,72
7469,1
7469,5
7469,35
7469,43
7469,54
9255,18
9255,19
9255,35
9255,39
9255,42
311,74
311,79
311,80
311,83
311,97
311,120
1326,35
1326,52
1326,54
1326,55
1326,63
1326,70
1326,102
661,74
661,79
661,97
661,122
829,18
829,35
829,42
829,52
829,63
829,72
829,100
1700,18
1700,20
1700,35
1700,39
2254,35
2254,40
2254,42
2254,49
7193,1
7193,5
7193,8
7193,35
7193,43
7193,55
7193,62
7193,63
7193,72
3480,18
3480,19
3480,23
3480,55
3480,102
14129,35
14129,48
14129,63
14129,69
14129,84
14129,85
6133,1
6133,3
6133,18
6133,22
6133,23
6133,35
6133,55
6133,80
6133,81
6133,82
6133,101
6133,102
14198,35
14198,51
14198,55
14198,62
14198,80
14198,83
1429,1
1429,5
1429,18
1429,22
1429,55
1429,102
2569,1
2569,6
2569,35
2569,38
14656,74
14656,75
14656,80
14656,81
14656,97
14656,118
14656,122
4770,18
4770,22
4770,34
4770,55
4770,62
2840,1
2840,3
2840,8
2840,35
2840,43
1608,1
1608,4
1608,6
1608,35
1608,43
14679,74
14679,75
14679,97
14679,112
14679,113
14679,120
14679,122
14679,125
1887,1
1887,8
1887,63
1887,71
10103,18
10103,20
10103,35
10103,38
10103,41
10103,42
10103,63
10103,72
4605,18
4605,20
4605,34
4605,35
4605,38
4605,55
4605,63
4605,72
4605,102
2447,35
2447,41
2447,42
2447,52
10256,18
10256,20
10256,35
10256,52
10256,63
10256,72
10256,80
10256,81
4528,18
4528,19
4528,35
4528,47
4528,55
4528,102
12848,18
12848,34
12848,35
12848,42
12848,48
12848,49
12848,52
12848,55
12848,62
12848,63
12848,72
12848,80
12848,83
12714,18
12714,34
12714,35
12714,38
12714,42
12714,48
12714,49
12714,55
12714,62
12714,63
12714,72
13252,35
13252,36
13252,42
13252,48
13252,63
13252,72
10773,18
10773,22
10773,23
10773,31
10773,35
10773,37
10773,38
10773,41
10773,43
10773,55
10773,102
1485,1
1485,5
1485,80
1485,81
12590,18
12590,34
12590,35
12590,36
12590,37
12590,41
2007,1
2007,5
2007,63
2007,67
13194,18
13194,35
13194,44
13194,55
13194,100
13194,102
10216,18
10216,20
10216,35
10216,48
10216,50
10216,55
10216,63
10216,72
10216,102
12847,18
12847,34
12847,35
12847,42
12847,47
12847,63
12847,72
3474,18
3474,19
3474,20
3474,35
3474,48
3474,52
3474,55
3474,63
3474,72
3474,102
2695,18
2695,29
2695,35
2695,49
2695,52
3171,35
3171,41
3171,49
3171,63
3171,72
13451,35
13451,37
13451,45
13451,52
13451,55
13451,62
13451,77
13451,97
13453,35
13453,37
13453,45
13453,55
13453,102
8940,18
8940,19
8940,23
8940,24
8940,25
8940,34
8940,35
8940,41
8940,42
8940,52
8940,55
8940,62
8940,63
8940,72
2629,18
2629,20
2629,55
2629,95
2629,96
2629,102
11221,18
11221,22
11221,35
11221,48
11221,52
11221,54
12449,18
12449,30
12449,35
12449,42
12449,48
12449,49
12449,55
12449,102
8048,1
8048,9
8048,10
8048,55
8048,80
8048,83
8048,102
12279,18
12279,29
12279,34
12279,35
12279,43
12279,48
12279,52
13242,35
13242,36
13242,40
13242,63
13242,72
11515,18
11515,23
11515,35
11515,46
11515,47
11515,48
11515,55
11515,102
4545,18
4545,19
4545,76
4545,77
4545,97
4545,111
11506,18
11506,23
11506,35
11506,43
11506,55
11506,63
11506,72
11506,102
11261,18
11261,22
11261,76
11261,77
11261,97
11261,107
11261,111
1263,18
1263,19
1263,35
1263,47
1263,63
1263,72
9734,18
9734,20
9734,24
9734,34
9734,35
9734,36
9734,37
9734,41
9734,55
9734,58
9734,63
9734,72
9734,77
9734,97
11875,18
11875,25
11875,34
11875,35
11875,49
11875,55
11875,62
11875,63
11875,72
5856,1
5856,3
5856,4
5856,55
5856,62
5856,63
5856,72
3516,18
3516,20
3516,22
3516,35
3516,48
3516,55
3516,63
3516,72
3516,102
10672,18
10672,21
10672,35
10672,48
10672,63
10672,70
2084,18
2084,35
2084,41
2084,42
2084,55
2084,63
2084,72
2084,100
2084,102
9982,18
9982,20
9982,34
9982,35
9982,41
9982,42
9982,63
9982,72
2100,35
2100,42
2100,49
2100,77
2100,97
12339,18
12339,29
12339,35
12339,38
12339,39
12900,18
12900,34
12900,35
12900,46
12900,47
12900,63
12900,72
14053,35
14053,47
14053,52
14053,63
14053,72
3799,35
3799,37
3799,48
3799,55
3799,58
3799,63
3799,72
12960,18
12960,34
12960,35
12960,55
12960,58
12960,63
12960,72
12960,101
9728,18
9728,20
9728,24
9728,25
9728,35
9728,38
9728,52
9728,55
9728,102
1250,74
1250,75
1250,97
1250,112
1250,113
1250,114
1250,120
1361,35
1361,42
1361,53
10928,18
10928,22
10928,27
10928,34
2749,35
2749,42
2749,43
2749,52
13193,18
13193,35
13193,43
13193,77
13193,97
13193,100
14112,35
14112,48
14112,54
14112,55
14112,58
14112,63
14112,72
11562,18
11562,24
11562,25
11562,35
11562,41
11562,42
11562,52
11562,55
11562,102
13518,35
13518,37
13518,55
13518,62
13518,63
13518,70
13518,79
13518,80
13518,83
7661,1
7661,6
7661,13
7661,14
7661,63
7661,71
12482,18
12482,31
12482,32
12482,35
12482,41
12482,48
1245,18
1245,34
1245,35
1245,52
1245,63
1245,70
7260,1
7260,5
7260,9
7260,35
7260,43
7260,55
7260,62
3854,35
3854,43
3854,55
3854,63
3854,102
3854,103
14042,35
14042,46
14042,48
14042,52
4928,18
4928,25
4928,63
4928,70
3459,13
3459,14
3459,16
3459,63
3459,71
14188,35
14188,50
14188,53
3325,1
3325,4
3325,10
3325,11
5011,18
5011,30
5011,35
5011,55
5011,58
5011,101
12425,18
12425,30
12425,34
12425,35
12425,37
12425,38
12425,41
12425,42
12425,48
12425,52
12425,55
12425,58
12425,77
12425,97
2452,35
2452,41
2452,48
2452,55
2452,58
1964,35
1964,48
1964,55
1964,58
1964,62
6202,1
6202,3
6202,18
6202,29
6202,34
6202,77
6202,97
2604,18
2604,19
2604,35
2604,40
2604,42
2604,63
2604,72
897,74
897,75
897,79
897,80
897,83
897,97
897,112
897,113
897,120
897,122
10258,18
10258,20
10258,35
10258,54
10258,55
10258,63
10258,72
10258,101
10258,102
1695,18
1695,20
1695,25
1695,35
1695,48
1695,55
1695,63
1695,72
1695,102
612,18
612,21
612,35
612,42
3848,35
3848,43
3848,49
3848,55
3848,77
3848,97
3848,102
14038,35
14038,45
14038,55
14038,59
14038,62
3667,18
3667,25
3667,55
3667,95
3667,96
3667,102
4614,18
4614,20
4614,34
4614,35
4614,42
4614,55
4614,102
2099,35
2099,42
2099,48
2099,49
2099,52
2780,55
2780,56
2780,63
2780,69
4874,18
4874,24
4874,35
4874,42
4874,52
9540,18
9540,20
9540,22
9540,23
9540,35
9540,37
9540,41
9540,55
9540,58
9540,63
9540,72
13801,35
13801,41
13801,48
13801,52
13801,55
13801,62
13801,77
13801,80
13801,81
13801,97
6458,1
6458,4
6458,5
6458,8
6458,63
6458,69
6458,84
6458,85
2214,18
2214,24
2214,35
2214,43
2214,55
2214,102
1337,1
1337,4
1337,35
1337,43
1337,63
1337,72
10881,18
10881,22
10881,25
10881,29
10881,34
10881,55
10881,62
9061,18
9061,19
9061,25
9061,34
9061,35
9061,63
9061,72
9061,101
8872,18
8872,19
8872,22
8872,25
8872,34
8872,35
8872,41
8872,63
8872,72
10040,18
10040,20
10040,35
10040,37
10040,41
1615,1
1615,6
1615,18
1615,20
1615,63
1615,72
2924,1
2924,9
2924,91
2924,96
735,55
735,62
735,74
735,79
735,97
735,120
1267,18
1267,21
1267,34
1267,35
1267,52
2632,18
2632,21
2632,22
2632,35
2632,52
8755,18
8755,19
8755,20
8755,35
8755,43
8755,48
8755,52
8755,55
8755,63
8755,72
8755,102
13201,18
13201,35
13201,48
13201,52
13201,55
13201,62
13201,100
9563,18
9563,20
9563,22
9563,25
9563,34
9563,35
9563,37
9563,52
9563,55
9563,63
9563,72
9563,102
8907,18
8907,19
8907,22
8907,34
8907,35
8907,52
8907,55
8907,63
8907,72
8907,102
2206,18
2206,23
2206,29
2206,55
2206,102
1030,18
1030,26
1030,35
1030,48
12301,18
12301,29
12301,34
12301,55
12301,62
12301,77
12301,97
5553,74
5553,75
5553,97
5553,112
5553,113
5553,121
5553,122
3093,18
3093,34
3093,35
3093,36
3093,38
2657,18
2657,22
2657,35
2657,42
2657,55
2657,62
5947,1
5947,3
5947,5
5947,35
5947,37
2006,1
2006,5
2006,35
2006,48
2006,63
2006,72
3065,18
3065,27
3065,55
3065,62
10836,18
10836,22
10836,23
10836,35
10836,48
10836,55
10836,62
10836,77
10836,97
2894,1
2894,6
2894,8
2894,10
2894,35
2894,43
5253,35
5253,39
5253,41
5253,63
5253,72
12187,18
12187,28
12187,34
12187,35
12187,42
12187,55
12187,62
12187,63
12187,72
1619,13
1619,14
1619,35
1619,37
1619,55
1619,102
13665,35
13665,39
13665,45
13665,52
13665,55
13665,102
3815,35
3815,39
3815,42
3820,35
3820,40
3820,55
3820,58
1812,18
1812,30
1812,35
1812,42
13084,18
13084,35
13084,39
13084,55
13084,100
13084,102
7985,1
7985,8
7985,35
7985,42
7985,55
7985,62
7985,63
7985,72
7985,75
7985,80
7985,81
7985,97
7985,119
1300,1
1300,8
1300,77
1300,97
3363,1
3363,5
3363,8
3363,35
3363,41
996,18
996,19
996,35
996,52
996,55
996,102
3556,18
3556,20
3556,35
3556,43
3556,52
3556,55
3556,63
3556,72
3556,102
12014,18
12014,26
12014,27
12014,35
12014,43
12014,48
9550,18
9550,20
9550,22
9550,24
9550,25
9550,31
9550,35
9550,42
9550,48
9550,52
9550,55
9550,77
9550,97
9550,102
797,1
797,6
797,8
797,55
797,102
11264,18
11264,23
11264,24
11264,25
11264,34
11264,35
11264,37
11264,41
11264,55
11264,102
2255,35
2255,40
2255,48
2255,55
2255,102
2642,18
2642,22
2642,23
2642,31
2642,55
2642,102
9790,18
9790,20
9790,25
9790,34
9790,35
9790,38
9790,48
9790,55
9790,63
9790,72
9790,102
8862,18
8862,19
8862,22
8862,23
8862,55
8862,102
2055,18
2055,22
2055,55
2055,58
6223,1
6223,3
6223,18
6223,34
6223,35
6223,42
6223,63
6223,72
925,18
925,28
925,35
925,52
2062,18
2062,25
2062,35
2062,41
2062,55
2062,63
2062,72
2062,102
9907,18
9907,20
9907,29
9907,35
9907,48
9907,55
9907,102
3010,18
3010,22
3010,25
3010,55
3010,63
3010,72
3010,102
4846,18
4846,23
4846,80
4846,81
1904,18
1904,20
1904,35
1904,41
1904,48
1904,63
1904,72
14009,35
14009,43
14009,84
14009,86
1765,1
1765,5
1765,8
1765,35
1765,43
1765,49
2056,18
2056,23
2056,34
2056,35
2056,48
11579,18
11579,24
11579,27
11579,35
11579,42
11579,48
11579,55
11579,58
11579,76
11579,77
11579,97
11579,107
10098,18
10098,20
10098,35
10098,37
10098,63
10098,72
10098,77
10098,80
10098,83
10098,97
3311,1
3311,3
3311,55
3311,62
3311,80
3311,83
8906,18
8906,19
8906,22
8906,34
8906,35
8906,52
8906,55
8906,58
8906,63
8906,72
2730,35
2730,37
2730,43
2730,52
2753,35
2753,43
2753,49
2753,77
2753,97
11914,18
11914,25
11914,35
11914,37
11914,55
11914,62
11914,80
11914,83
12981,18
12981,34
12981,63
12981,65
7036,1
7036,5
7036,6
7036,55
7036,62
7036,76
7036,97
7036,111
1562,18
1562,25
1562,63
1562,72
1562,77
1562,97
3885,35
3885,53
3885,77
3885,97
7371,1
7371,5
7371,18
7371,24
7371,89
7371,96
2789,55
2789,62
2789,95
2789,96
12175,18
12175,28
12175,31
12175,34
12175,35
12175,42
4913,18
4913,25
4913,35
4913,41
4913,55
4913,62
2633,18
2633,21
2633,23
2633,55
2633,102
11400,18
11400,23
11400,31
11400,35
11400,52
11400,54
11400,55
11400,102
10775,18
10775,22
10775,23
10775,31
10775,55
10775,62
12492,18
12492,31
12492,34
12492,35
12492,55
12492,101
12492,102
9868,18
9868,20
9868,29
9868,31
9868,34
9868,35
9868,42
9868,49
9868,52
9868,55
9868,62
9868,63
9868,72
1189,18
1189,25
1189,35
1189,48
1189,52
1189,63
1189,72
8161,1
8161,9
8161,84
8161,85
11649,18
11649,24
11649,34
11649,35
11649,55
11649,77
11649,97
11649,101
11649,102
8728,18
8728,19
8728,20
8728,35
8728,37
8728,55
8728,58
8728,63
8728,72
13823,35
13823,41
13823,52
13823,55
13823,58
13823,63
13823,70
1996,1
1996,4
1996,5
1996,6
1996,63
1996,72
10955,18
10955,22
10955,29
10955,30
10955,34
10955,35
10955,42
10955,44
10955,48
10955,49
10955,55
10955,62
10955,77
10955,97
11510,18
11510,23
11510,35
11510,44
11510,52
11510,55
11510,102
6411,1
6411,4
6411,5
6411,6
6411,8
6411,63
6411,72
6411,76
6411,78
6411,97
6411,107
6411,132
14502,63
14502,66
14502,80
14502,81
7959,1
7959,8
7959,18
7959,34
7959,35
7959,42
7959,63
7959,72
7601,1
7601,6
7601,8
7601,55
7601,74
7601,97
7601,102
7601,120
1603,1
1603,3
1603,4
1603,5
1603,6
14147,35
14147,49
14147,52
14147,54
14147,55
14147,62
4049,1
4049,3
4049,10
4049,35
4049,43
4049,55
4049,63
4049,72
4049,102
4568,18
4568,20
4568,23
4568,35
4568,48
801,74
801,75
801,78
801,97
801,112
801,113
801,118
801,120
801,122
801,132
3942,74
3942,75
3942,78
3942,97
3942,118
3942,119
3942,122
3942,132
8804,18
8804,19
8804,21
8804,34
8804,35
8804,42
8804,43
8804,49
8804,63
8804,72
3818,35
3818,40
3818,49
3818,55
3818,102
1538,1
1538,6
1538,8
1538,35
1538,43
10990,18
10990,22
10990,29
10990,35
10990,42
10990,48
2188,18
2188,19
2188,35
2188,55
2188,58
2188,63
2188,72
2188,101
1709,18
1709,24
1709,35
1709,41
4277,1
4277,5
4277,55
4277,76
4277,97
4277,102
4277,107
819,18
819,32
819,35
819,48
9172,18
9172,19
9172,34
9172,35
9172,42
9172,43
9172,48
9172,49
9172,52
9172,55
9172,63
9172,72
9172,102
11825,18
11825,25
11825,32
11825,34
11825,35
11825,52
11825,55
11825,63
11825,72
11825,102
947,18
947,20
947,35
947,42
947,48
947,63
947,72
12852,18
12852,34
12852,35
12852,42
12852,48
12852,52
12852,55
12852,58
7629,1
7629,6
7629,9
7629,80
7629,81
4560,18
4560,20
4560,22
4560,34
4560,35
4560,41
4560,42
4560,55
4560,63
4560,72
4560,102
2328,1
2328,5
2328,8
2328,79
13878,35
13878,42
13878,47
13878,48
1169,35
1169,40
1169,42
1169,48
2776,35
2776,80
2776,83
2776,101
2251,35
2251,37
2251,75
2251,97
2251,112
2251,113
4310,1
4310,6
4310,35
4310,43
4310,48
3642,18
3642,24
3642,34
3642,35
3642,101
14569,63
14569,84
14569,103
14569,105
8996,18
8996,19
8996,24
8996,30
8996,31
8996,34
8996,35
8996,42
8996,48
8996,52
8996,55
8996,58
8996,63
8996,72
8996,77
8996,97
650,1
650,79
650,80
650,83
650,98
1434,1
1434,9
1434,76
1434,97
1434,107
8178,1
8178,10
8178,18
8178,20
8178,25
8178,34
8178,35
8178,38
8178,48
8178,55
8178,63
8178,72
8178,102
2407,18
2407,29
2407,55
2407,95
2407,96
2407,102
2659,18
2659,23
2659,24
2659,63
2659,72
11682,18
11682,24
11682,35
11682,41
11682,42
11682,55
11682,63
11682,72
11682,102
5514,63
5514,70
5514,80
5514,82
5499,55
5499,89
5499,96
5499,102
5001,18
5001,29
5001,80
5001,83
14331,55
14331,58
14331,76
14331,97
14331,111
3542,18
3542,20
3542,35
3542,37
3542,52
3542,55
3542,63
3542,72
3542,102
3575,18
3575,21
3575,34
3575,35
3575,37
7822,1
7822,6
7822,54
7822,55
7822,80
7822,81
7822,102
1878,1
1878,4
1878,18
1878,20
1878,63
1878,72
2671,18
2671,25
2671,34
2671,35
2671,52
2671,63
2671,72
3366,1
3366,5
3366,8
3366,35
3366,43
3366,55
3366,58
9112,18
9112,19
9112,29
9112,35
9112,48
9112,52
9112,63
9112,72
12236,18
12236,29
12236,34
12236,35
12236,37
12236,38
12236,39
12236,49
12236,55
12236,63
12236,72
12236,102
9335,18
9335,19
9335,35
9335,46
4859,18
4859,24
4859,34
4859,35
4859,42
4859,55
4859,102
3481,18
3481,19
3481,24
3481,34
3481,35
3481,42
3481,55
3481,63
3481,72
3481,102
4875,18
4875,24
4875,35
4875,42
4875,52
4875,63
4875,72
14791,75
14791,76
14791,77
14791,97
14791,107
14791,111
14791,112
14791,114
11481,18
11481,23
11481,35
11481,41
11481,42
11481,49
11481,55
11481,102
3446,1
3446,10
3446,55
3446,62
3446,63
3446,72
12779,18
12779,34
12779,35
12779,41
12779,42
12779,49
9660,18
9660,20
9660,23
9660,25
9660,34
9660,55
9660,63
9660,72
9660,102
14913,96
14913,106
11285,18
11285,23
11285,24
11285,34
11285,63
11285,72
5099,18
5099,34
5099,35
5099,53
5099,55
5099,102
12988,18
12988,34
12988,77
12988,80
12988,81
12988,97
14043,35
14043,46
14043,52
14043,55
14043,102
14054,35
14054,47
14054,54
10204,18
10204,20
10204,35
10204,46
10204,47
10204,63
10204,72
3273,1
3273,3
3273,4
3273,5
3273,6
3273,8
4205,1
4205,5
4205,6
4205,63
4205,71
3190,35
3190,48
3190,49
3190,55
3190,58
4790,18
4790,22
4790,35
4790,47
4790,55
4790,102
7651,1
7651,6
7651,10
7651,76
7651,97
7651,111
2073,18
2073,34
2073,35
2073,42
2073,48
2073,52
4123,1
4123,4
4123,6
4123,8
4123,55
4123,62
1236,18
1236,21
1236,35
1236,52
1236,55
1236,102
2545,1
2545,4
2545,5
2545,80
2545,81
2592,18
2592,19
2592,20
2592,55
2592,102
3389,1
3389,5
3389,55
3389,63
3389,71
3389,102
8145,1
8145,9
8145,55
8145,76
8145,77
8145,97
8145,102
8145,111
13779,35
13779,41
13779,43
13779,48
13779,55
13779,77
13779,97
13779,102
10208,18
10208,20
10208,35
10208,47
10208,52
10208,55
10208,63
10208,72
10208,102
894,35
894,40
894,43
1287,35
1287,42
1287,43
1287,48
2595,18
2595,19
2595,24
2595,55
2595,58
2595,63
2595,72
706,55
706,62
706,74
706,97
706,124
7798,1
7798,6
7798,35
7798,49
7798,55
7798,102
11424,18
11424,23
11424,34
11424,35
11424,41
11424,52
11424,55
11424,62
6468,1
6468,4
6468,5
6468,13
6468,14
3747,18
3747,34
3747,35
3747,47
3747,55
3747,102
1167,18
1167,35
1167,38
1167,41
1167,100
1384,1
1384,8
1384,35
1384,43
1384,63
1384,72
4410,1
4410,55
4410,77
4410,97
4410,98
4410,102
10153,18
10153,20
10153,35
10153,41
10153,50
11217,18
11217,22
11217,35
11217,47
11217,52
951,35
951,36
951,63
951,72
8685,18
8685,19
8685,20
8685,32
8685,63
8685,72
6929,1
6929,5
6929,6
6929,8
6929,55
6929,76
6929,97
6929,102
6929,111
11023,18
11023,22
11023,31
11023,35
11023,41
11023,55
11023,62
11314,18
11314,23
11314,25
11314,27
11314,35
11314,41
11314,42
11314,55
11314,63
11314,72
11314,102
11340,18
11340,23
11340,26
11340,35
11340,52
11340,55
11340,102
1588,35
1588,52
1588,55
1588,62
1588,63
1588,72
5117,18
5117,35
5117,37
5117,41
5117,55
5117,77
5117,97
5117,100
5117,102
5294,35
5294,41
5294,49
5294,52
5294,55
5294,102
1879,1
1879,4
1879,55
1879,62
1879,80
1879,81
5923,1
5923,3
5923,5
5923,9
5923,55
5923,62
5923,63
5923,72
4709,18
4709,21
4709,35
4709,42
4709,43
11206,18
11206,22
11206,35
11206,43
11206,49
11206,52
2492,74
2492,75
2492,76
2492,78
2492,97
2492,107
2492,118
2492,120
2492,122
2492,132
14862,75
14862,97
14862,112
14862,113
14862,115
14862,116
14862,118
14862,119
10841,18
10841,22
10841,23
10841,35
10841,52
10841,55
10841,63
10841,72
10841,102
4547,18
4547,20
4547,21
4547,25
4547,34
4547,35
4547,42
4547,48
4547,49
4547,52
4547,55
4547,63
4547,72
4547,102
1898,18
1898,19
1898,35
1898,37
620,18
620,29
620,35
620,48
620,55
620,102
2362,18
2362,19
2362,63
2362,70
2362,72
9204,18
9204,19
9204,34
9204,35
9204,55
9204,62
9204,63
9204,72
9204,101
12252,18
12252,29
12252,34
12252,35
12252,38
12252,41
12252,42
12252,49
12252,52
12252,63
12252,72
5207,35
5207,37
5207,48
5207,55
5207,76
5207,97
5207,102
5207,111
1732,35
1732,48
1732,52
1732,63
1732,70
12771,18
12771,34
12771,35
12771,41
12771,42
12771,48
12771,52
12771,55
12771,102
5057,18
5057,34
5057,35
5057,41
5057,42
5057,48
5057,52
5057,63
5057,72
5418,35
5418,55
5418,57
5418,101
1736,35
1736,49
1736,50
7979,1
7979,8
7979,35
7979,41
7979,48
7979,55
7979,62
1065,18
1065,19
1065,35
1065,42
1065,48
1065,63
1065,72
3495,18
3495,19
3495,35
3495,41
3495,48
3495,55
3495,63
3495,72
3495,102
3507,18
3507,19
3507,55
3507,77
3507,97
3507,102
1398,18
1398,35
1398,43
1398,55
1398,100
1398,102
5384,35
5384,48
5384,77
5384,80
5384,81
5384,97
3775,18
3775,35
3775,42
3775,48
3775,52
3775,100
3441,1
3441,9
3441,63
3441,69
2187,18
2187,19
2187,35
2187,43
2187,52
2187,63
2187,72
1921,18
1921,26
1921,35
1921,48
1921,55
1921,102
1581,35
1581,41
1581,48
1581,52
1581,55
1581,102
3937,74
3937,75
3937,76
3937,97
3937,107
3937,118
3937,119
3937,122
1928,18
1928,29
1928,35
1928,48
1928,55
1928,62
1637,18
1637,32
1637,35
1637,48
1637,63
1637,72
1532,1
1532,3
1532,8
1532,63
1532,72
1601,89
1601,91
1601,96
4575,18
4575,20
4575,24
4575,35
4575,52
4575,63
4575,72
3166,35
3166,41
3166,48
3166,49
1640,18
1640,34
1640,35
1640,44
1640,55
1640,102
3007,18
3007,22
3007,23
3007,35
3007,42
3007,55
3007,102
11704,18
11704,24
11704,35
11704,42
11704,48
11704,55
11704,102
9413,18
9413,20
9413,21
9413,24
9413,25
9413,35
9413,48
9413,55
9413,63
9413,72
9413,102
8133,1
8133,9
8133,55
8133,62
8133,63
8133,72
8133,80
8133,83
5164,35
5164,36
5164,42
5164,48
3294,1
3294,3
3294,18
3294,20
3294,55
3294,63
3294,72
3294,102
8247,1
8247,18
8247,19
8247,35
8247,43
8247,55
8247,63
8247,72
8247,98
8247,102
12110,18
12110,27
12110,35
12110,37
12110,48
4057,1
4057,3
4057,18
4057,20
4057,22
4057,55
4057,63
4057,72
4057,102
11257,18
11257,22
11257,55
11257,74
11257,97
11257,102
11257,120
10936,18
10936,22
10936,27
10936,35
10936,42
10936,52
10936,55
10936,102
12677,18
12677,34
12677,35
12677,37
12677,48
12677,52
3473,18
3473,19
3473,20
3473,35
3473,42
3473,55
3473,63
3473,72
3473,102
13615,35
13615,38
13615,48
13615,49
14710,74
14710,76
14710,78
14710,97
14710,107
14710,121
14710,122
14710,132
12443,18
12443,30
12443,35
12443,41
12443,48
12443,55
12443,102
12053,18
12053,26
12053,35
12053,48
12053,55
12053,63
12053,72
12053,102
11244,18
11244,22
11244,35
11244,52
11244,55
11244,62
11244,63
11244,72
11244,80
11244,81
2096,35
2096,41
2096,48
2096,77
2096,97
8310,1
8310,55
8310,62
8310,63
8310,70
8310,79
8310,98
2053,18
2053,22
2053,35
2053,43
2053,48
1573,18
1573,35
1573,36
1573,41
1573,100
1341,1
1341,5
1341,6
1341,91
1341,96
4669,18
4669,21
4669,22
4669,23
4669,55
4669,102
2436,35
2436,37
2436,49
2436,55
2436,102
4745,18
4745,22
4745,25
4745,35
4745,52
4745,55
4745,63
4745,72
4745,102
2357,18
2357,19
2357,24
2357,35
2357,52
2357,63
2357,72
2926,1
2926,10
2926,35
2926,43
2926,48
2926,55
2926,102
1392,18
1392,21
1392,35
1392,38
1392,63
1392,72
5477,55
5477,62
5477,75
5477,97
5477,118
5477,119
1973,63
1973,71
1973,72
8790,18
8790,19
8790,21
8790,24
8790,34
8790,35
8790,43
8790,48
8790,52
8790,55
8790,63
8790,72
8790,102
12538,18
12538,31
12538,35
12538,48
12538,63
12538,69
5409,35
5409,52
5409,55
5409,80
5409,83
5409,102
13767,35
13767,41
13767,43
13767,47
3452,1
3452,35
3452,52
3452,55
3452,98
3452,102
8099,1
8099,9
8099,18
8099,35
8099,37
8099,55
8099,62
8099,63
8099,72
8099,100
2699,18
2699,30
2699,35
2699,43
3344,1
3344,4
3344,91
3344,96
3769,18
3769,35
3769,37
3769,55
3769,62
3769,63
3769,72
3769,100
6225,1
6225,3
6225,18
6225,34
6225,35
6225,43
6225,52
6225,55
6225,77
6225,97
6225,102
3514,18
3514,20
3514,22
2935,13
2935,14
2935,18
2935,19
2935,63
2935,72
3499,18
3499,19
3499,35
3499,42
3499,55
3499,62
3499,63
3499,72
2238,18
2238,34
2238,35
2238,49
2238,52
2238,63
2238,72
11897,18
11897,25
11897,35
11897,37
11897,41
11897,52
11897,55
11897,62
11897,63
11897,72
12059,18
12059,27
12059,28
12059,29
12059,34
12059,35
12059,48
12059,50
12059,63
12059,70
12059,77
12059,97
4357,1
4357,8
4357,55
4357,80
4357,81
4357,102
9942,18
9942,20
9942,34
9942,35
9942,37
9942,41
9942,42
9942,48
9942,55
9942,63
9942,72
9942,102
8982,18
8982,19
8982,23
8982,35
8982,101
6014,1
6014,3
6014,8
6014,9
6014,55
6014,102
3323,1
3323,4
3323,8
3323,35
3323,101
2495,74
2495,75
2495,78
2495,80
2495,83
2495,97
2495,118
2495,120
2495,132
1135,18
1135,30
1135,35
1135,52
1135,55
1135,102
11148,18
11148,22
11148,35
11148,37
11148,80
11148,83
1681,1
1681,5
1681,8
1681,91
1681,96
3237,74
3237,75
3237,97
3237,112
3237,113
3237,114
3237,118
3237,120
3237,122
3237,124
752,35
752,36
752,43
752,55
752,102
13391,35
13391,37
13391,41
13391,55
13391,74
13391,97
13391,102
13391,120
1546,18
1546,19
1546,20
1546,35
1546,48
1546,63
1546,72
9913,18
9913,20
9913,29
9913,35
9913,63
9913,72
9913,101
10214,18
10214,20
10214,35
10214,48
10214,49
10214,63
10214,69
2648,18
2648,22
2648,26
3321,1
3321,4
3321,6
3321,35
3321,48
3305,1
3305,3
3305,35
3305,43
3305,49
3305,55
3305,102
5609,75
5609,97
5609,112
5609,114
5609,115
5609,116
5609,117
12332,18
12332,29
12332,35
12332,37
12332,52
12332,55
12332,102
912,18
912,20
912,35
912,41
2371,18
2371,21
2371,24
1890,1
1890,12
1890,80
1890,81
8163,1
8163,9
8163,84
8163,105
1412,74
1412,75
1412,79
1412,97
1412,112
1412,113
1412,120
1412,122
879,18
879,24
879,35
879,48
879,55
879,63
879,72
879,102
1385,1
1385,8
1385,63
1385,69
1029,18
1029,24
1029,35
1029,52
1029,55
1029,63
1029,72
1029,102
4789,18
4789,22
4789,35
4789,45
4789,55
4789,102
10674,18
10674,21
10674,35
10674,49
10674,52
10674,63
10674,72
3302,1
3302,3
3302,35
3302,41
3302,43
3302,55
3302,102
1304,18
1304,19
1304,35
1304,41
1304,55
1304,63
1304,72
1304,102
14483,55
14483,76
14483,97
14483,102
2366,18
2366,20
2366,35
2366,38
2366,55
2366,102
13739,35
13739,40
13739,63
13739,72
13739,77
13739,97
2441,35
2441,38
2441,41
2441,63
2441,72
14233,35
14233,52
14233,63
14233,68
14233,80
14233,81
2083,18
2083,35
2083,39
2083,41
2083,100
4241,1
4241,5
4241,10
4241,55
4241,62
13065,18
13065,35
13065,38
13065,41
13065,63
13065,72
13065,100
10435,18
10435,21
10435,25
10435,35
10435,41
10435,48
10435,49
10435,52
10435,55
10435,63
10435,72
10435,102
12403,18
12403,29
12403,35
12403,52
12403,55
12403,62
12403,80
12403,81
3081,18
3081,30
3081,35
3081,49
11776,18
11776,25
11776,27
11776,35
11776,49
11776,52
11776,63
11776,72
2857,1
2857,4
2857,5
2857,76
2857,97
2857,111
5735,1
5735,3
5735,4
5735,5
5735,10
5735,35
5735,43
3631,18
3631,23
3631,35
3631,42
3631,48
3631,63
3631,72
3753,18
3753,34
3753,35
3753,49
3753,52
3753,55
3753,62
6838,1
6838,4
6838,35
6838,55
6838,80
6838,81
6838,101
6838,102
2398,18
2398,25
2398,55
2398,63
2398,72
2398,77
2398,97
2398,102
355,75
355,76
355,97
355,107
355,110
355,119
14861,75
14861,84
14861,97
14861,105
14861,119
1818,18
1818,34
1818,35
1818,48
1818,55
1818,62
1818,63
1818,72
3643,18
3643,24
3643,35
3643,37
3643,55
3643,63
3643,72
3643,102
1787,18
1787,20
1787,35
1787,37
1787,48
1787,55
1787,62
1787,63
1787,72
854,1
854,5
854,8
854,35
854,43
854,55
854,102
9387,18
9387,19
9387,63
9387,70
9387,72
9387,76
9387,97
9387,111
4655,18
4655,20
4655,35
4655,48
4655,55
4655,63
4655,72
4655,77
4655,97
4655,102
13969,35
13969,43
13969,50
13969,55
13969,102
2638,18
2638,21
2638,34
2638,55
2638,63
2638,72
2638,102
8557,18
8557,19
8557,20
8557,21
8557,25
8557,34
8557,35
8557,42
8557,52
8557,55
8557,62
8557,63
8557,72
2975,18
2975,20
2975,35
2975,38
2975,48
2975,63
2975,72
2327,1
2327,5
2327,8
2327,76
2327,97
13042,18
13042,35
13042,37
13042,41
13042,55
13042,80
13042,83
13042,100
13042,102
5004,18
5004,30
5004,34
5004,35
5004,48
5004,55
5004,102
14060,35
14060,47
14060,80
14060,81
8410,13
8410,14
8410,18
8410,23
8410,25
8410,26
8410,34
8410,63
8410,72
13079,18
13079,35
13079,39
13079,41
13079,48
13079,100
12880,18
12880,34
12880,35
12880,43
12880,48
12880,52
12880,55
12880,63
12880,72
12880,102
8976,18
8976,19
8976,23
8976,35
8976,43
8976,48
8976,55
8976,62
8976,63
8976,72
975,18
975,35
975,40
975,42
975,100
1617,1
1617,9
1617,35
1617,48
12805,18
12805,34
12805,35
12805,41
12805,48
12805,49
12805,55
12805,58
1940,18
1940,35
1940,41
1940,55
1940,77
1940,97
1940,100
1940,102
1768,1
1768,5
1768,35
1768,37
13573,35
13573,37
13573,74
13573,75
13573,80
13573,83
13573,97
13573,112
13573,113
13573,122
2375,18
2375,21
2375,55
2375,95
2375,96
2375,102
3271,1
3271,2
3271,80
3271,83
8427,13
8427,14
8427,18
8427,26
2047,18
2047,21
2047,35
2047,42
2047,48
2047,63
2047,72
1790,18
1790,20
1790,35
1790,41
1790,48
1790,55
1790,63
1790,72
1790,102
5078,18
5078,34
5078,35
5078,43
5078,52
5078,55
5078,63
5078,72
5078,102
1371,55
1371,62
1371,74
1371,78
1371,97
1371,120
1371,132
11783,18
11783,25
11783,29
11783,31
11783,35
11783,37
11783,48
11783,52
11783,55
11783,62
11783,63
11783,72
2288,74
2288,75
2288,78
2288,97
2288,112
2288,114
2288,122
2288,132
14836,75
14836,76
14836,97
14836,119
1771,1
1771,5
1771,35
1771,55
1771,101
1771,102
8426,13
8426,14
8426,18
8426,25
8426,95
8426,96
3126,18
3126,35
3126,43
3126,55
3126,58
3126,100
3858,35
3858,45
3858,55
3858,63
3858,72
3858,102
2809,74
2809,76
2809,97
2809,120
1462,18
1462,35
1462,41
1462,43
1462,55
1462,100
1462,102
2998,18
2998,21
2998,35
2998,41
2998,55
2998,62
4389,1
4389,10
4389,35
4389,37
760,74
760,75
760,79
760,97
760,112
760,113
760,120
14654,74
14654,75
14654,80
14654,81
14654,83
14654,97
14654,118
14654,122
3264,76
3264,78
3264,97
3264,132
1396,18
1396,34
1396,95
1396,96
1868,1
1868,2
1868,5
1868,8
4201,1
4201,5
4201,6
4201,35
4201,52
4201,55
4201,102
6948,1
6948,5
6948,6
6948,9
6948,35
6948,52
6948,55
6948,63
6948,71
6948,72
6948,102
9976,18
9976,20
9976,34
9976,35
9976,41
9976,42
9976,48
9976,63
9976,72
1551,18
1551,21
1551,63
1551,70
12968,18
12968,34
12968,55
12968,58
12968,62
12968,63
12968,72
12232,18
12232,29
12232,31
12232,34
12232,35
12232,36
12232,43
12232,48
12232,52
12232,55
12232,62
12232,63
12232,72
5625,80
5625,83
5625,95
5625,96
2525,77
2525,80
2525,81
2525,97
1893,18
1893,19
1893,22
1893,55
1893,63
1893,72
1893,102
14133,35
14133,48
14133,63
14133,72
14133,74
14133,77
14133,97
14133,120
13609,35
13609,38
13609,42
13609,52
13609,55
13609,62
6726,1
6726,4
6726,18
6726,22
6726,63
6726,69
6726,80
6726,81
5116,18
5116,35
5116,37
5116,41
5116,55
5116,62
5116,77
5116,97
5116,100
13240,35
13240,36
13240,39
13240,48
7244,1
7244,5
7244,9
7244,13
7244,14
7244,55
7244,62
7244,80
7244,83
11983,18
11983,25
11983,35
11983,48
11983,49
11983,63
11983,72
12142,18
12142,27
12142,35
12142,48
12142,95
12142,96
5848,1
5848,3
5848,4
5848,35
5848,49
5848,52
9700,18
9700,20
9700,23
9700,35
9700,37
9700,41
9700,48
9700,55
9700,63
9700,72
9700,102
12653,18
12653,34
12653,35
12653,37
12653,41
12653,48
12653,63
12653,72
3549,18
3549,20
3549,35
3549,41
3549,48
7291,1
7291,5
7291,13
7291,14
7291,55
7291,78
7291,97
7291,102
7291,132
10734,18
10734,22
10734,23
10734,28
10734,29
10734,34
10734,35
10734,52
10734,55
10734,63
10734,72
10734,102
3623,18
3623,23
3623,30
3623,55
3623,102
3200,35
3200,55
3200,95
3200,96
3200,101
3200,102
1917,18
1917,23
1917,35
1917,48
1917,55
1917,62
4269,1
4269,5
4269,35
4269,48
4269,76
4269,97
828,18
828,35
828,41
828,55
828,62
828,100
14645,74
14645,75
14645,79
14645,80
14645,83
14645,97
14645,112
14645,113
14645,118
14645,122
11410,18
11410,23
11410,34
11410,35
11410,37
11410,42
11410,55
11410,63
11410,72
11410,80
11410,81
11410,102
1240,18
1240,23
1240,35
1240,43
720,55
720,62
720,74
720,75
720,97
720,112
720,113
720,120
2446,35
2446,40
2446,55
2446,62
2900,1
2900,6
2900,35
2900,43
2900,52
2900,63
2900,72
3397,1
3397,6
3397,8
3397,10
3397,80
3397,81
8030,1
8030,8
8030,63
8030,72
8030,76
8030,97
1740,55
1740,62
1740,74
1740,78
1740,97
1740,122
1740,132
4666,18
4666,20
4666,55
4666,63
4666,72
4666,77
4666,97
4666,102
14532,63
14532,70
14532,74
14532,79
14532,97
14532,126
12735,18
12735,34
12735,35
12735,39
12735,41
12735,48
12735,55
12735,62
2309,1
2309,3
2309,35
2309,55
2309,101
2309,102
6814,1
6814,4
6814,35
6814,43
6814,80
6814,81
1113,18
1113,30
1113,35
1113,48
1113,55
1113,102
2282,55
2282,62
2282,76
2282,97
2654,18
2654,22
2654,35
2654,36
8750,18
8750,19
8750,20
8750,35
8750,42
8750,55
8750,63
8750,72
8750,77
8750,97
8750,102
4842,18
4842,23
4842,35
4842,52
4842,77
4842,97
11681,18
11681,24
11681,35
11681,41
11681,42
11681,48
11681,55
11681,62
11681,63
11681,72
11681,77
11681,97
1215,18
1215,29
1215,35
1215,48
1215,52
6418,1
6418,4
6418,5
6418,6
6418,18
6418,20
6418,35
6418,48
6418,55
6418,63
6418,72
6418,102
3064,18
3064,27
3064,35
3064,49
3064,55
3064,102
2835,1
2835,3
2835,5
2835,9
14602,74
14602,75
14602,76
14602,97
14602,107
14602,118
14602,124
5175,35
5175,36
5175,53
3394,1
3394,5
3394,76
3394,97
4748,18
4748,22
4748,28
4748,55
4748,63
4748,72
4748,102
1831,35
1831,42
1831,49
1831,55
1831,102
4374,1
4374,9
4374,63
4374,69
4374,80
4374,81
13762,35
13762,41
13762,42
13762,52
13762,55
13762,62
13762,63
13762,72
11328,18
11328,23
11328,25
11328,35
11328,37
11328,41
11328,55
11328,63
11328,72
11328,77
11328,97
11328,102
5567,74
5567,76
5567,77
5567,78
5567,97
5567,111
5567,122
5567,132
6240,1
6240,3
6240,18
6240,34
6240,35
6240,55
6240,63
6240,72
6240,101
6240,102
12486,18
12486,31
12486,34
12486,35
12486,41
12486,55
12486,77
12486,97
12486,102
3720,18
3720,34
3720,35
3720,37
3720,41
3720,48
3720,55
3720,102
2468,35
2468,45
2468,55
2468,58
1204,74
1204,79
1204,97
1204,126
2389,18
2389,24
2389,34
2389,35
2389,52
2389,55
2389,102
836,13
836,14
836,77
836,97
2011,1
2011,6
2011,76
2011,97
7282,1
7282,5
7282,9
7282,89
7282,91
7282,96
2690,18
2690,28
2690,55
2690,63
2690,72
2690,102
2190,18
2190,20
2190,25
2190,35
2190,63
2190,72
2190,101
2610,18
2610,20
2610,21
2610,35
2610,42
2610,63
2610,72
2330,1
2330,5
2330,18
2330,22
2330,35
2330,48
2330,55
2330,102
2819,76
2819,77
2819,78
2819,97
2819,107
2819,127
4719,18
4719,21
4719,35
4719,47
4719,63
4719,72
814,74
814,79
814,80
814,83
814,97
814,122
2509,74
2509,78
2509,80
2509,83
2509,97
2509,120
2509,132
13019,18
13019,35
13019,37
13019,39
13019,48
13019,55
13019,63
13019,72
13019,100
13019,102
2511,74
2511,80
2511,83
2511,97
2511,126
541,74
541,75
541,80
541,83
541,97
541,118
541,120
2846,1
2846,3
2846,18
2846,34
2846,35
2846,43
5522,63
5522,72
5522,76
5522,97
1859,75
1859,76
1859,77
1859,97
1859,107
1859,119
2747,35
2747,41
2747,55
2747,62
2747,77
2747,97
864,1
864,74
864,79
864,97
864,98
864,120
6874,1
6874,4
6874,63
6874,72
6874,80
6874,83
7639,1
7639,6
7639,10
7639,35
7639,48
7639,52
13999,35
13999,43
13999,55
13999,63
13999,72
13999,80
13999,81
13999,102
6887,1
6887,5
6887,6
6887,8
6887,10
6887,35
6887,43
7288,1
7288,5
7288,13
7288,14
7288,35
7288,52
7288,55
7288,62
12843,18
12843,34
12843,35
12843,42
12843,43
12843,55
12843,63
12843,72
12843,80
12843,81
12843,102
1795,18
1795,22
1795,27
2603,18
2603,19
2603,35
2603,37
2603,55
2603,102
1372,63
1372,68
1372,80
1372,81
7739,1
7739,6
7739,18
7739,35
7739,52
7739,100
3208,55
3208,56
3208,63
3208,65
2822,78
2822,79
2822,80
2822,83
2822,97
2822,132
2225,18
2225,29
2225,34
2225,35
2225,48
2225,52
10443,18
10443,21
10443,25
10443,35
10443,48
10443,55
10443,63
10443,72
10443,102
2176,1
2176,76
2176,97
2176,98
12717,18
12717,34
12717,35
12717,38
12717,42
12717,48
12717,63
12717,72
12717,77
12717,97
1031,18
1031,28
1031,35
1031,48
13280,35
13280,36
13280,54
13280,55
13280,58
3210,55
3210,59
3210,80
3210,81
3706,18
3706,29
3706,95
3706,96
3098,18
3098,34
3098,35
3098,38
3098,41
3098,63
3098,72
2580,1
2580,9
2580,35
2580,37
10539,18
10539,21
10539,34
10539,35
10539,40
10539,42
10539,63
10539,72
12643,18
12643,34
12643,35
12643,37
12643,41
12643,42
12643,55
12643,63
12643,72
12643,102
4024,1
4024,3
4024,4
4024,54
4024,55
4024,102
2098,35
2098,41
2098,95
2098,96
13596,35
13596,38
13596,41
13596,42
13596,63
13596,72
4733,18
4733,22
4733,23
4733,34
4733,35
4733,48
4733,55
4733,62
14486,55
14486,77
14486,91
14486,95
14486,96
14486,97
14486,102
3921,55
3921,62
3921,75
3921,78
3921,97
3921,118
3921,132
12010,18
12010,25
12010,63
12010,72
12010,76
12010,97
12010,107
3750,18
3750,34
3750,35
3750,48
3750,53
13232,35
13232,36
13232,37
13232,55
13232,95
13232,96
13232,102
2401,18
2401,28
2401,31
2401,55
2401,102
10361,18
10361,21
10361,23
10361,34
10361,35
10361,48
10361,52
10361,55
10361,62
10361,80
10361,81
1714,18
1714,29
1714,35
1714,48
1714,63
1714,72
12510,18
12510,31
12510,35
12510,41
12510,42
12510,55
12510,62
8308,1
8308,55
8308,59
8308,98
8605,18
8605,19
8605,20
8605,22
8605,34
8605,35
8605,42
8605,43
8605,48
8605,49
8605,52
660,55
660,62
660,74
660,75
660,97
660,118
660,122
1177,76
1177,80
1177,83
1177,97
1177,107
2723,35
2723,36
2723,52
2723,55
2723,102
13637,35
13637,38
13637,55
13637,62
13637,63
13637,72
13637,80
13637,83
8494,13
8494,14
8494,76
8494,97
4900,18
4900,25
4900,34
4900,35
4900,48
4900,52
5828,1
5828,3
5828,4
5828,35
5828,37
5828,55
5828,62
5828,63
5828,72
5828,80
5828,83
10456,18
10456,21
10456,27
10456,35
10456,37
10456,41
10456,55
10456,62
10456,63
10456,72
2625,18
2625,20
2625,35
2625,48
2625,52
2625,55
2625,62
2625,63
2625,72
12733,18
12733,34
12733,35
12733,39
12733,41
12733,48
2606,18
2606,19
2606,35
2606,43
2606,48
2606,55
2606,63
2606,72
2606,102
5016,18
5016,31
5016,35
5016,48
5016,52
5016,63
5016,72
1805,18
1805,25
1805,35
1805,40
1805,63
1805,72
2734,35
2734,37
2734,55
2734,74
2734,97
2734,102
2734,120
1136,18
1136,35
1136,41
1136,48
1136,100
4852,18
4852,24
4852,28
12172,18
12172,28
12172,29
12172,55
12172,102
3083,18
3083,30
3083,55
3083,62
813,55
813,62
813,75
813,97
813,112
813,113
813,118
2040,18
2040,20
2040,23
2040,55
2040,63
2040,72
2040,102
4824,18
4824,23
4824,35
4824,36
1821,18
1821,35
1821,41
1821,63
1821,69
1821,100
809,74
809,75
809,78
809,97
809,112
809,113
809,118
809,122
809,132
13384,35
13384,37
13384,41
13384,55
13384,62
13384,75
13384,80
13384,83
13384,97
3743,18
3743,34
3743,35
3743,43
3743,48
3743,52
1559,18
1559,24
1559,35
1559,43
1559,55
1559,63
1559,72
1559,102
13344,35
13344,37
13344,41
13344,42
13344,55
13344,80
13344,83
13344,102
10832,18
10832,22
10832,23
10832,35
10832,47
10832,48
10832,55
10832,102
11671,18
11671,24
11671,35
11671,37
11671,52
1187,18
1187,22
1187,34
1187,35
1187,52
1187,55
1187,102
1572,18
1572,34
1572,35
1572,49
1572,63
1572,70
6961,1
6961,5
6961,6
6961,10
6961,63
6961,72
1028,18
1028,21
1028,34
1028,55
1028,102
1190,18
1190,28
1190,63
1190,72
1981,76
1981,77
1981,97
3128,35
3128,36
3128,43
3128,52
6241,1
6241,3
6241,18
6241,34
6241,63
6241,72
1718,18
1718,34
1718,35
1718,43
1718,53
9009,18
9009,19
9009,24
9009,34
9009,35
9009,43
9009,52
9009,55
9009,58
9009,62
9009,63
9009,72
10901,18
10901,22
10901,25
10901,35
10901,52
10901,55
10901,62
10901,63
10901,72
2548,1
2548,4
2548,10
2548,63
2548,72
1810,18
1810,27
1810,35
1810,43
1810,55
1810,102
4168,1
4168,4
4168,55
4168,76
4168,97
4168,102
4168,111
9549,18
9549,20
9549,22
9549,24
9549,25
9549,29
9549,35
9549,52
9549,55
9549,63
9549,72
9549,80
9549,81
9549,102
3270,1
3270,2
3270,63
3270,70
12454,18
12454,30
12454,35
12454,43
12454,48
4573,18
4573,20
4573,24
4573,35
4573,48
9440,18
9440,20
9440,21
9440,25
9440,35
9440,41
9440,55
9440,63
9440,72
9440,102
1616,1
1616,8
1616,76
1616,97
14290,54
14290,55
14290,58
14290,80
14290,83
1676,1
1676,4
1676,35
1676,43
1676,48
1577,35
1577,37
1577,55
1577,62
1577,74
1577,97
1577,120
10357,18
10357,21
10357,23
10357,28
10357,31
10357,34
10357,55
10357,77
10357,97
10357,102
10351,18
10351,21
10351,23
10351,25
10351,28
10351,30
10351,31
10351,34
10351,35
10351,48
10351,49
10351,52
10351,55
10351,62
10351,63
10351,72
10351,77
10351,97
6626,1
6626,4
6626,8
6626,35
6626,52
2552,1
2552,5
2552,6
2552,35
2552,48
2552,52
6699,1
6699,4
6699,18
6699,19
6699,63
6699,72
6699,80
6699,81
13777,35
13777,41
13777,43
13777,48
13777,55
13777,58
13777,77
13777,97
3194,35
3194,48
3194,63
3194,70
3194,77
3194,97
1757,1
1757,3
1757,35
1757,43
1757,55
1757,62
2184,18
2184,19
2184,25
2184,63
2184,72
4567,18
4567,20
4567,23
4567,34
4567,35
4567,48
4567,63
4567,72
14865,76
14865,77
14865,78
14865,97
14865,107
14865,127
14865,132
10428,18
10428,21
10428,25
10428,34
10428,35
10428,55
10428,63
10428,72
10428,101
10428,102
14877,76
14877,78
14877,97
14877,107
14877,110
14877,111
14877,132
3355,1
3355,5
3355,6
3355,76
3355,97
14626,74
14626,75
14626,78
14626,97
14626,112
14626,113
14626,120
14626,122
14626,124
14626,132
1607,1
1607,3
1607,55
1607,62
1607,63
1607,72
7964,1
7964,8
7964,18
7964,34
7964,63
7964,72
4514,18
4514,19
4514,35
4514,42
4514,43
4514,48
4514,63
4514,72
1323,35
1323,42
1323,52
1323,55
1323,102
9724,18
9724,20
9724,24
9724,25
9724,34
9724,55
9724,63
9724,72
9724,102
12278,18
12278,29
12278,34
12278,35
12278,42
12278,63
12278,72
1876,1
1876,4
1876,5
1876,10
2286,63
2286,70
2286,95
2286,96
2434,35
2434,37
2434,38
2434,55
2434,102
12234,18
12234,29
12234,31
12234,34
12234,35
12234,41
12234,48
12234,52
12234,55
12234,102
902,18
902,35
902,42
902,48
902,63
902,72
902,100
2242,18
2242,35
2242,37
2242,41
2242,55
2242,63
2242,72
2242,100
2242,102
2827,1
2827,2
2827,80
2827,81
2437,35
2437,37
2437,55
2437,79
2437,80
2437,83
2437,102
14853,75
14853,79
14853,80
14853,81
14853,83
14853,97
14853,119
10437,18
10437,21
10437,25
10437,35
10437,41
10437,55
10437,63
10437,72
10437,102
4344,1
4344,8
4344,35
4344,43
4344,63
4344,70
12552,18
12552,31
12552,80
12552,81
2688,18
2688,28
2688,35
2688,48
2688,52
2567,1
2567,6
2567,18
2567,20
2567,55
2567,63
2567,72
2567,102
3646,18
3646,24
3646,63
3646,70
2207,18
2207,23
2207,34
2207,35
2207,52
3889,35
3889,77
3889,78
3889,97
3889,101
3889,132
2185,18
2185,19
2185,34
2185,35
2185,42
2185,48
2185,52
2185,55
2185,63
2185,72
2185,102
1541,1
1541,9
1541,55
1541,62
1541,80
1541,83
1764,1
1764,5
1764,8
1764,9
1764,55
1764,102
12560,18
12560,32
12560,35
12560,41
4065,1
4065,3
4065,18
4065,25
4065,35
4065,48
4065,55
4065,63
4065,72
4065,102
2119,74
2119,75
2119,76
2119,97
2119,107
2119,112
2119,114
2119,122
7413,1
7413,5
7413,18
7413,34
7413,35
7413,55
7413,101
7413,102
11304,18
11304,23
11304,24
11304,35
11304,55
11304,101
11304,102
1039,63
1039,72
1039,76
1039,77
1039,97
1039,111
14012,35
14012,43
14012,95
14012,96
1775,1
1775,9
1775,55
1775,63
1775,72
1775,102
3796,35
3796,37
3796,48
3796,52
3796,55
3796,62
3796,63
3796,72
11606,18
11606,24
11606,30
11606,34
11606,55
11606,102
3732,18
3732,34
3732,35
3732,40
3732,42
3732,55
3732,63
3732,72
3732,102
7477,1
7477,5
7477,35
7477,43
7477,91
7477,96
2556,1
2556,5
2556,9
2556,35
2556,48
8318,1
8318,55
8318,76
8318,77
8318,97
8318,98
8318,102
2465,35
2465,43
2465,55
2465,62
2465,63
2465,72
3358,1
3358,5
3358,7
3358,55
3358,102
799,18
799,34
799,35
799,52
799,55
799,62
10387,18
10387,21
10387,24
10387,34
10387,35
10387,42
10387,48
10387,52
10387,55
10387,63
10387,72
10387,102
14742,74
14742,76
14742,97
14742,122
4382,1
4382,9
4382,93
4382,96
3511,18
3511,20
3511,21
3511,34
3511,63
3511,72
3781,35
3781,36
3781,52
3781,55
3781,62
2353,13
2353,14
2353,35
2353,49
950,18
950,35
950,42
950,48
950,100
1230,1
1230,3
1230,35
1230,52
1230,55
1230,102
1299,1
1299,6
1299,35
1299,101
3680,18
3680,27
3680,35
3680,43
3680,48
14893,76
14893,89
14893,91
14893,96
14893,97
14893,111
11992,18
11992,25
11992,35
11992,48
11992,63
11992,70
11992,72
4185,1
4185,5
4185,6
4185,8
4185,80
4185,81
8792,18
8792,19
8792,21
8792,24
8792,35
8792,48
8792,49
8792,52
8792,55
8792,63
8792,72
8792,102
1698,18
1698,20
1698,35
1698,37
1698,41
1698,63
1698,72
2476,35
2476,50
2476,55
2476,63
2476,70
2476,102
6635,1
6635,4
6635,8
6635,84
6635,86
6122,1
6122,3
6122,18
6122,21
6122,35
6122,48
6122,55
6122,102
13519,35
13519,37
13519,55
13519,62
13519,63
13519,70
13519,80
13519,83
4061,1
4061,3
4061,18
4061,22
4061,35
4061,52
4061,55
4061,102
9141,18
9141,19
9141,34
9141,35
9141,37
9141,41
9141,63
9141,72
5081,18
5081,34
5081,35
5081,44
5081,48
13962,35
13962,43
13962,49
13962,54
13962,55
13962,102
14650,74
14650,75
14650,79
14650,80
14650,83
14650,97
14650,118
14650,126
4869,18
4869,24
4869,35
4869,41
4869,52
4869,63
4869,72
1767,1
1767,5
1767,18
1767,34
1809,18
1809,25
1809,55
1809,62
7949,1
7949,8
7949,18
7949,25
7949,35
7949,52
7949,63
7949,72
1474,35
1474,80
1474,81
1474,101
8430,13
8430,14
8430,18
8430,28
8430,35
8430,41
10740,18
10740,22
10740,23
10740,29
10740,30
10740,55
10740,102
6378,1
6378,3
6378,55
6378,63
6378,71
6378,102
9456,18
9456,20
9456,21
9456,29
9456,35
9456,37
9456,41
9456,55
9456,63
9456,72
9456,102
2944,18
2944,19
2944,22
2944,55
2944,102
5484,55
5484,63
5484,70
5484,76
5484,97
5484,102
5484,111
6406,1
6406,4
6406,5
6406,6
6406,8
6406,35
6406,52
7534,1
7534,5
7534,63
7534,72
7534,89
7534,96
6618,1
6618,4
6618,8
6618,35
6618,41
6618,54
6618,55
6618,58
6618,62
8307,1
8307,55
8307,59
8307,61
8307,98
7892,1
7892,8
7892,10
7892,35
7892,41
7892,55
7892,62
5381,35
5381,48
5381,63
5381,70
5381,72
6015,1
6015,3
6015,8
6015,10
6015,35
6015,41
6015,55
6015,62
5018,18
5018,31
5018,35
5018,52
5018,55
5018,62
4512,18
4512,19
4512,35
4512,41
4512,52
4512,55
4512,63
4512,72
4512,102
5978,1
5978,3
5978,6
5978,8
5978,76
5978,97
5978,111
3320,1
3320,4
3320,6
3320,8
3320,55
3320,63
3320,72
3320,102
2289,74
2289,75
2289,97
2289,112
2289,113
2289,114
2289,120
2289,122
3634,18
3634,23
3634,35
3634,48
3634,52
3634,63
3634,72
13191,18
13191,35
13191,43
13191,53
13191,100
2197,18
2197,21
2197,35
2197,41
2197,48
14119,35
14119,48
14119,55
14119,62
14119,74
14119,97
14119,120
5219,35
5219,37
5219,55
5219,62
5219,74
5219,79
5219,80
5219,83
5219,97
5219,120
2080,18
2080,34
2080,35
2080,52
2080,77
2080,97
4083,1
4083,3
4083,35
4083,48
4083,52
4083,77
4083,97
983,35
983,55
983,63
983,70
983,101
983,102
1229,1
1229,3
1229,35
1229,48
1229,55
1229,102
12284,18
12284,29
12284,34
12284,35
12284,45
12284,48
6625,1
6625,4
6625,8
6625,35
6625,49
4822,18
4822,23
4822,34
4822,35
4822,48
4822,52
10533,18
10533,21
10533,34
10533,35
10533,38
10533,41
10533,48
10533,55
10533,62
10533,63
10533,72
10533,80
10533,81
8371,13
8371,14
8371,18
8371,20
12159,18
12159,28
12159,29
12159,31
12159,34
12159,35
12159,43
12159,48
12159,52
12159,55
12159,62
1352,18
1352,21
1352,35
1352,41
1352,63
1352,72
4222,1
4222,5
4222,8
4222,35
4222,36
10311,18
10311,21
10311,22
10311,25
10311,29
10311,31
10311,34
10311,35
10311,42
10311,63
10311,72
2765,35
2765,48
2765,55
2765,62
2765,80
2765,81
2378,18
2378,22
2378,24
2378,55
2378,102
2499,74
2499,75
2499,97
2499,112
2499,113
2499,114
2499,118
2499,120
2499,122
11487,18
11487,23
11487,35
11487,41
11487,52
11487,55
11487,62
11487,80
11487,81
10684,18
10684,21
10684,54
10684,55
10684,62
12975,18
12975,34
12975,55
12975,63
12975,69
12975,80
12975,81
12975,102
2391,18
2391,24
2391,35
2391,43
2391,48
2391,55
2391,63
2391,72
2391,102
11084,18
11084,22
11084,34
11084,35
11084,48
11084,52
11084,55
11084,62
11084,63
11084,72
11094,18
11094,22
11094,34
11094,35
11094,49
11094,55
11094,102
4871,18
4871,24
4871,35
4871,41
4871,55
4871,62
4883,18
4883,24
4883,35
4883,48
4883,52
4883,55
4883,63
4883,72
4883,102
12440,18
12440,30
12440,35
12440,37
12440,55
12440,62
12440,63
12440,72
12440,80
12440,81
768,35
768,37
768,74
768,97
768,122
9015,18
9015,19
9015,24
9015,34
9015,35
9015,48
9015,52
9015,77
9015,97
659,55
659,62
659,74
659,75
659,97
659,118
659,120
4230,1
4230,5
4230,8
4230,55
4230,76
4230,77
4230,97
4230,102
4230,111
1758,1
1758,3
1758,35
1758,43
1758,63
1758,72
1296,1
1296,4
1296,6
1296,55
1296,62
8683,18
8683,19
8683,20
8683,29
8683,55
8683,63
8683,72
8683,102
1445,18
1445,22
1445,34
1445,35
1445,48
4486,18
4486,19
4486,30
8972,18
8972,19
8972,23
8972,35
8972,41
8972,55
8972,63
8972,72
8972,102
2644,18
2644,22
2644,23
2644,35
2644,41
2644,55
2644,102
1575,18
1575,35
1575,41
1575,48
1575,55
1575,100
1575,102
2949,18
2949,19
2949,32
2949,35
2949,48
2949,63
2949,72
14458,55
14458,63
14458,70
14458,76
14458,78
14458,97
14458,102
14458,132
1580,35
1580,39
1580,77
1580,97
2235,18
2235,34
2235,35
2235,43
2235,48
2235,55
2235,102
10635,18
10635,21
10635,35
10635,41
10635,43
10635,55
10635,102
12022,18
12022,26
12022,30
12022,35
12022,48
12022,55
12022,102
4111,1
4111,4
4111,5
4111,8
4111,10
4111,63
4111,72
12051,18
12051,26
12051,35
12051,48
12051,49
12051,77
12051,97
7929,1
7929,8
7929,18
7929,21
1708,18
1708,22
1708,35
1708,49
10778,18
10778,22
10778,23
10778,34
10778,35
10778,37
10778,41
10778,55
10778,102
8614,18
8614,19
8614,20
8614,23
8614,24
8614,25
8614,34
8614,35
8614,42
8614,48
8614,52
8614,55
8614,63
8614,72
8614,102
5444,55
5444,56
5444,77
5444,97
12794,18
12794,34
12794,35
12794,41
12794,43
12794,48
12794,52
12794,55
12794,62
12794,77
12794,97
14158,35
14158,49
14158,54
14158,55
14158,63
14158,70
14158,102
3464,13
3464,14
3464,35
3464,48
5360,35
5360,48
5360,50
5360,52
14269,35
14269,76
14269,77
14269,97
14269,101
7558,1
7558,6
7558,8
7558,10
7558,55
7558,62
14197,35
14197,51
14197,52
14197,55
14197,63
14197,70
14197,102
14465,55
14465,63
14465,72
14465,76
14465,77
14465,97
14465,102
11771,18
11771,25
11771,27
11771,34
11771,35
11771,48
11771,55
11771,63
11771,70
11771,72
11771,102
5348,35
5348,45
5348,77
5348,97
4047,1
4047,3
4047,8
4047,76
4047,97
4047,111
1411,74
1411,75
1411,76
1411,97
1411,107
1411,112
1411,113
1411,118
1411,120
1411,122
4792,18
4792,22
4792,35
4792,48
4792,49
4792,55
4792,102
2799,74
2799,75
2799,77
2799,97
2799,118
2799,120
2799,122
11312,18
11312,23
11312,25
11312,27
11312,34
11312,35
11312,42
11312,48
11312,49
11312,55
11312,63
11312,72
11312,102
1793,18
1793,21
1793,35
1793,37
1793,55
1793,102
13792,35
13792,41
13792,44
13792,63
13792,72
2156,1
2156,4
2156,35
2156,55
2156,101
2156,102
3713,18
3713,31
3713,35
3713,37
3713,55
3713,102
1638,18
1638,34
1638,35
1638,37
1638,55
1638,63
1638,72
1638,102
1942,18
1942,35
1942,48
1942,55
1942,100
1942,102
11932,18
11932,25
11932,35
11932,40
11932,55
11932,63
11932,72
11932,102
3565,18
3565,20
3565,55
3565,63
3565,72
3565,95
3565,96
3565,102
3723,18
3723,34
3723,35
3723,37
3723,48
2735,35
2735,37
2735,63
2735,70
2735,79
2735,80
2735,83
5343,35
5343,45
5343,50
5343,77
5343,97
14072,35
14072,48
14072,49
14072,55
14072,62
14072,77
14072,97
4432,13
4432,14
4432,35
4432,52
1273,18
1273,29
1273,35
1273,43
12532,18
12532,31
12532,35
12532,47
12532,55
12532,102
12169,18
12169,28
12169,29
12169,35
12169,48
1211,13
1211,14
1211,18
1211,34
1896,18
1896,19
1896,34
1896,35
1896,42
1896,48
1896,55
1896,63
1896,72
1896,102
1399,35
1399,37
1399,49
1399,55
1399,62
5949,1
5949,3
5949,5
5949,35
5949,37
5949,55
5949,62
4066,1
4066,3
4066,18
4066,32
7081,1
7081,5
7081,8
7081,9
7081,55
7081,62
7081,80
7081,81
7081,83
7706,1
7706,6
7706,18
7706,22
7706,35
7706,48
7706,55
7706,62
5589,75
5589,76
5589,77
5589,78
5589,97
5589,111
5589,119
5589,132
5232,35
5232,37
5232,75
5232,80
5232,83
5232,97
1511,18
1511,35
1511,41
1511,42
1511,63
1511,72
1511,100
4695,18
4695,21
4695,35
4695,37
4695,48
4695,55
4695,62
6052,1
6052,3
6052,13
6052,14
6052,35
6052,37
6052,41
6052,48
6605,1
6605,4
6605,8
6605,18
6605,19
6605,35
6605,55
6605,63
6605,72
6605,101
6605,102
1493,13
1493,14
1493,35
1493,41
3027,18
3027,23
3027,29
3027,35
3027,48
3027,55
3027,102
7316,1
7316,5
7316,18
7316,19
7316,35
7316,43
7316,55
7316,63
7316,72
7316,102
12813,18
12813,34
12813,35
12813,41
12813,48
12813,55
12813,62
12813,63
12813,72
288,76
288,97
14560,63
14560,72
14560,75
14560,80
14560,83
14560,97
14560,118
7705,1
7705,6
7705,18
7705,22
7705,35
7705,48
7705,52
4235,1
4235,5
4235,9
4235,35
4235,43
4235,55
4235,102
5974,1
5974,3
5974,6
5974,8
5974,10
5974,35
5974,43
2379,18
2379,22
2379,29
2379,35
2379,52
5520,63
5520,72
5520,76
5520,77
5520,97
2601,18
2601,19
2601,34
2601,35
2601,48
2601,52
2601,63
2601,72
4090,1
4090,3
4090,63
4090,67
3413,1
3413,6
3413,63
3413,69
3413,80
3413,81
8328,1
8328,63
8328,70
8328,74
8328,79
8328,97
8328,98
8328,120
2337,1
2337,6
2337,8
2337,10
2337,63
2337,72
14350,55
14350,62
14350,63
14350,69
14350,84
14350,85
1629,18
1629,21
1629,35
1629,40
12795,18
12795,34
12795,35
12795,41
12795,43
12795,48
12795,55
12795,58
4838,18
4838,23
4838,35
4838,48
4838,55
4838,58
8688,18
8688,19
8688,20
8688,34
8688,35
8688,37
8688,41
8688,42
8688,48
8688,52
8688,63
8688,72
2118,74
2118,75
2118,76
2118,78
2118,97
2118,107
2118,118
2118,120
2118,132
14395,55
14395,62
14395,74
14395,75
14395,97
14395,112
14395,113
14395,114
14395,118
14395,122
7900,1
7900,8
7900,10
7900,54
14104,35
14104,48
14104,52
14104,77
14104,78
14104,97
14104,132
4705,18
4705,21
4705,35
4705,40
4705,55
4705,102
3328,1
3328,4
3328,13
3328,14
3328,63
3328,72
2710,18
2710,34
2710,35
2710,43
2710,48
2710,63
2710,72
11326,18
11326,23
11326,25
11326,34
11326,35
11326,49
11326,63
11326,72
11326,77
11326,97
1195,18
1195,35
1195,41
1195,43
1195,100
10996,18
10996,22
10996,29
10996,35
10996,48
10996,63
10996,72
3140,35
3140,37
3140,49
3140,52
3510,18
3510,19
3510,63
3510,72
3510,95
3510,96
1630,18
1630,21
1630,35
1630,42
1630,55
1630,63
1630,72
1630,102
11017,18
11017,22
11017,30
11017,35
11017,55
11017,101
11017,102
1347,1
1347,80
1347,81
1347,98
1843,55
1843,62
1843,74
1843,97
1843,120
1843,124
11068,18
11068,22
11068,34
11068,35
11068,41
11068,48
11068,52
11068,55
11068,95
11068,96
11068,102
4318,1
4318,6
4318,54
4318,63
4318,67
5230,35
5230,37
5230,74
5230,78
5230,97
5230,120
5230,132
2905,1
2905,6
2905,55
2905,62
2905,76
2905,97
2905,107
11366,18
11366,23
11366,29
11366,32
11366,34
11366,35
11366,55
11366,62
11366,63
11366,72
11366,101
4914,18
4914,25
4914,35
4914,41
4914,55
4914,63
4914,72
4914,77
4914,97
4914,102
1308,18
1308,21
1308,35
1308,55
1308,101
1308,102
8832,18
8832,19
8832,21
8832,35
8832,63
8832,72
8832,101
6377,1
6377,3
6377,55
6377,63
6377,69
6377,80
6377,81
6377,102
7768,1
7768,6
7768,35
7768,42
7768,63
7768,72
7768,77
7768,97
8480,13
8480,14
8480,55
8480,62
8480,63
8480,71
2358,18
2358,19
2358,24
2358,35
2358,63
2358,72
2358,101
3061,18
3061,27
3061,35
3061,37
3061,55
3061,102
8306,1
8306,55
8306,58
8306,80
8306,81
8306,98
8875,18
8875,19
8875,22
8875,28
8875,29
8875,34
8875,35
8875,48
8875,55
8875,102
4333,1
4333,8
4333,9
4333,63
4333,70
2918,1
2918,8
2918,63
2918,72
2918,80
2918,81
10897,18
10897,22
10897,25
10897,35
10897,41
10897,55
10897,63
10897,72
10897,102
14521,63
14521,69
14521,90
14521,96
14076,35
14076,48
14076,50
14076,52
14076,77
14076,97
7446,1
7446,5
7446,35
7446,41
7446,43
7446,52
14835,75
14835,76
14835,97
14835,111
14835,115
14835,116
14835,117
10477,18
10477,21
10477,29
10477,34
10477,35
10477,41
10477,42
10477,48
10477,52
10477,55
10477,63
10477,72
10477,102
5608,75
5608,97
5608,112
5608,113
5608,115
5608,116
5608,119
8763,18
8763,19
8763,20
8763,35
8763,48
8763,52
8763,55
8763,63
8763,69
8763,72
8763,102
8649,18
8649,19
8649,20
8649,25
8649,34
8649,35
8649,37
8649,38
8649,41
8649,42
8649,48
8649,52
8649,55
8649,58
8649,63
8649,72
8649,80
8649,81
2284,63
2284,70
2284,74
2284,97
2284,120
2284,122
10493,18
10493,21
10493,29
10493,35
10493,37
10493,55
10493,102
12379,18
12379,29
12379,35
12379,43
12379,53
12050,18
12050,26
12050,35
12050,48
12050,49
12050,55
12050,102
5361,35
5361,48
5361,50
5361,54
7406,1
7406,5
7406,18
7406,34
7406,35
7406,44
7406,52
7406,55
7406,102
4720,18
4720,21
4720,35
4720,48
4720,52
4720,55
4720,63
4720,72
4720,102
3220,55
3220,77
3220,95
3220,96
3220,97
3220,102
4268,1
4268,5
4268,35
4268,48
4268,55
4268,63
4268,70
4268,102
1891,1
1891,55
1891,62
1891,79
1891,80
1891,83
1891,98
1046,18
1046,19
1046,34
1046,35
1046,52
1046,63
1046,72
2631,18
2631,20
2631,95
2631,96
6534,1
6534,4
6534,6
6534,8
6534,76
6534,97
6534,111
12054,18
12054,26
12054,35
12054,48
12054,63
12054,72
12295,18
12295,29
12295,34
12295,35
12295,48
12295,77
12295,97
1052,18
1052,35
1052,40
1052,41
1052,100
1999,1
1999,5
1999,6
1999,9
1999,55
1999,102
14482,55
14482,76
14482,77
14482,95
14482,96
14482,97
14482,102
14482,111
3884,35
3884,52
3884,76
3884,77
3884,97
3884,111
6029,1
6029,3
6029,8
6029,35
6029,43
6029,52
9071,18
9071,19
9071,25
9071,35
9071,52
9071,55
9071,63
9071,72
9071,102
12558,18
12558,32
12558,34
12558,77
12558,97
4026,1
4026,3
4026,4
4026,55
4026,63
4026,70
4026,102
12151,18
12151,27
12151,35
12151,80
12151,81
12151,101
8929,18
8929,19
8929,22
8929,35
8929,48
8929,55
8929,62
2223,18
2223,27
2223,35
2223,41
2223,55
2223,102
8245,1
8245,13
8245,14
8245,77
8245,97
8245,98
7662,1
7662,6
7662,13
7662,14
7662,77
7662,80
7662,83
7662,97
7687,1
7687,6
7687,18
7687,20
7687,25
7687,27
7687,34
7687,35
7687,41
7687,63
7687,72
1658,35
1658,48
1658,55
1658,63
1658,70
1658,102
2117,63
2117,71
2117,80
2117,81
12323,18
12323,29
12323,35
12323,37
12323,42
12323,55
12323,63
12323,72
12323,102
8702,18
8702,19
8702,20
8702,34
8702,35
8702,42
8702,43
8702,48
8702,55
8702,63
8702,72
8702,77
8702,97
8702,102
3233,74
3233,75
3233,78
3233,97
3233,118
3233,120
3233,122
3233,124
3233,132
12106,18
12106,27
12106,34
12106,63
12106,70
1906,18
1906,21
1906,22
1906,55
1906,102
8821,18
8821,19
8821,21
8821,35
8821,42
8821,52
8821,63
8821,69
8821,72
4275,1
4275,5
4275,55
4275,62
4275,63
4275,72
4529,18
4529,19
4529,35
4529,48
4529,49
4529,52
4529,63
4529,72
8562,18
8562,19
8562,20
8562,21
8562,30
8562,35
8562,41
5759,1
5759,3
5759,4
5759,6
5759,8
5759,76
5759,97
5759,111
2618,18
2618,20
2618,35
2618,37
2618,48
2618,55
2618,63
2618,72
2618,102
5327,35
5327,43
5327,48
5327,55
5327,62
5327,80
5327,83
3659,18
3659,25
3659,35
3659,43
3659,49
3659,63
3659,72
12012,18
12012,25
12012,63
12012,72
12012,95
12012,96
8485,13
8485,14
8485,55
8485,77
8485,78
8485,97
8485,102
8485,132
3092,18
3092,33
3092,63
3092,70
4652,18
4652,20
4652,35
4652,48
4652,49
4652,52
4652,55
4652,63
4652,72
4652,102
2359,18
2359,19
2359,35
2359,48
2359,55
2359,62
13858,35
13858,41
13858,76
13858,77
13858,97
13858,111
4581,18
4581,20
4581,25
4581,35
4581,41
4581,55
4581,63
4581,72
4581,102
10262,18
10262,20
10262,35
10262,55
10262,63
10262,71
10262,72
10262,74
10262,97
10262,101
10262,102
10262,120
10262,122
3074,18
3074,29
3074,35
3074,41
3074,55
3074,62
1533,1
1533,3
1533,35
1533,48
1533,63
1533,72
1397,18
1397,35
1397,37
1397,38
1397,100
2560,1
2560,5
2560,35
2560,43
2560,48
2890,1
2890,5
2890,55
2890,91
2890,96
2890,102
8231,1
8231,10
8231,55
8231,76
8231,97
8231,102
8231,111
2931,1
2931,35
2931,48
2931,98
2593,18
2593,19
2593,21
2593,55
2593,63
2593,72
2593,102
1093,35
1093,36
1093,55
1093,58
11202,18
11202,22
11202,35
11202,43
11202,48
11202,49
11202,52
11202,55
11202,102
1711,18
1711,29
1711,34
1711,35
1711,48
1711,55
1711,102
1926,18
1926,28
1926,35
1926,48
1926,55
1926,102
4757,18
4757,22
4757,34
4757,35
4757,41
4757,42
4757,48
4757,55
4757,102
12636,18
12636,34
12636,35
12636,37
12636,41
12636,42
12636,48
12636,49
12636,52
12636,55
12636,62
12636,80
12636,83
3059,18
3059,26
3059,35
3059,47
8481,13
8481,14
8481,55
8481,62
8481,63
8481,72
8481,77
8481,97
8784,18
8784,19
8784,21
8784,23
8784,24
8784,34
8784,35
8784,42
8784,43
8784,48
8784,52
8784,55
8784,63
8784,72
8784,102
2336,1
2336,6
2336,8
2336,10
2336,55
2336,102
2422,18
2422,35
2422,37
2422,55
2422,63
2422,72
2422,100
2422,102
1055,35
1055,37
1055,41
1055,52
2462,35
2462,43
2462,52
2462,53
2462,55
2462,58
3686,18
3686,28
3686,63
3686,70
3767,18
3767,35
3767,37
3767,41
3767,55
3767,62
3767,80
3767,83
3767,100
1262,18
1262,19
1262,35
1262,42
1262,52
1262,63
1262,72
14676,74
14676,75
14676,97
14676,112
14676,113
14676,118
14676,126
2598,18
2598,19
2598,34
2598,35
2598,41
2598,55
2598,63
2598,72
2598,102
2349,1
2349,10
2349,55
2349,63
2349,72
2349,102
5800,1
5800,3
5800,4
5800,18
5800,20
5800,31
5800,35
5800,48
5800,52
5800,55
5800,62
5800,63
5800,72
7293,1
7293,5
7293,13
7293,14
7293,63
7293,70
1270,18
1270,24
1270,35
1270,48
1270,55
1270,102
14187,35
14187,50
14187,52
14187,63
14187,70
2701,18
2701,34
2701,35
2701,36
2701,63
2701,72
5412,35
5412,52
5412,77
5412,78
5412,97
5412,132
4787,18
4787,22
4787,35
4787,43
4787,55
4787,62
13469,35
13469,37
13469,48
13469,55
13469,62
13469,63
13469,72
13469,80
13469,83
9824,18
9824,20
9824,25
9824,35
9824,41
9824,48
9824,49
9824,55
9824,63
9824,72
9824,102
3862,35
3862,47
3862,77
3862,97
1726,35
1726,40
1726,43
1726,55
1726,102
2031,18
2031,19
2031,34
2031,35
2031,52
14244,35
14244,52
14244,76
14244,77
14244,97
14244,108
3439,1
3439,9
3439,55
3439,63
3439,71
3439,102
11972,18
11972,25
11972,35
11972,43
11972,48
11972,55
11972,63
11972,72
11972,102
5204,35
5204,37
5204,43
5204,80
5204,83
4096,1
4096,3
4096,84
4096,85
4096,86
5028,18
5028,34
5028,35
5028,36
5028,48
9062,18
9062,19
9062,25
9062,34
9062,55
9062,63
9062,72
9062,102
2287,74
2287,75
2287,78
2287,97
2287,112
2287,113
2287,122
2287,124
2287,132
10467,18
10467,21
10467,28
10467,34
10467,35
10467,55
10467,63
10467,72
10467,101
10467,102
3589,18
3589,22
3589,23
3589,30
3589,55
3589,102
4325,1
4325,6
4325,55
4325,76
4325,77
4325,97
4325,102
4325,111
8657,18
8657,19
8657,20
8657,25
8657,35
8657,37
8657,55
8657,63
8657,72
8657,102
4455,18
4455,19
4455,20
4455,35
4455,37
4455,63
4455,72
9432,18
9432,20
9432,21
9432,25
9432,34
9432,63
9432,72
9432,80
9432,83
3544,18
3544,20
3544,35
3544,38
3544,48
6632,1
6632,4
6632,8
6632,55
6632,62
6632,63
6632,72
6632,80
6632,83
2174,1
2174,10
2174,80
2174,81
7633,1
7633,6
7633,10
7633,18
7633,19
7633,63
7633,72
3656,18
3656,25
3656,35
3656,37
3656,55
3656,62
3404,1
3404,6
3404,18
3404,20
3404,35
3404,48
3404,63
3404,72
7920,1
7920,8
7920,18
7920,20
7920,26
7920,35
7920,43
7920,47
7920,63
7920,72
10333,18
10333,21
10333,22
10333,34
10333,35
10333,41
10333,55
10333,63
10333,72
10333,102
3298,1
3298,3
3298,18
3298,25
3298,63
3298,72
3214,55
3214,62
3214,74
3214,75
3214,97
3214,118
3214,122
3214,124
2106,35
2106,48
2106,49
2106,52
2106,55
2106,102
771,74
771,75
771,80
771,83
771,97
771,112
771,113
771,120
771,122
4282,1
4282,5
4282,80
4282,83
4282,91
4282,96
9097,18
9097,19
9097,29
9097,34
9097,35
9097,42
9097,48
9097,55
9097,63
9097,72
9097,80
9097,81
9097,102
8961,18
8961,19
8961,23
8961,34
8961,35
8961,38
8961,42
8961,55
8961,63
8961,72
8961,102
3491,18
3491,19
3491,35
3491,37
3491,42
3491,63
3491,72
11757,18
11757,24
11757,55
11757,63
11757,72
11757,77
11757,97
11757,102
10862,18
10862,22
10862,24
10862,35
10862,37
10862,55
10862,63
10862,72
10862,102
10870,18
10870,22
10870,24
10870,55
10870,63
10870,72
10870,102
7273,1
7273,5
7273,9
7273,55
7273,93
7273,96
7273,102
3471,13
3471,17
3471,55
3471,102
2410,18
2410,31
2410,35
2410,43
2410,55
2410,102
10245,18
10245,20
10245,35
10245,50
10245,63
10245,72
7327,1
7327,5
7327,18
7327,20
7327,22
7327,35
7327,41
7327,42
7327,48
7327,52
7327,55
7327,63
7327,72
7327,102
3868,35
3868,49
3868,52
3868,55
3868,62
3868,77
3868,97
8313,1
8313,55
8313,62
8313,76
8313,77
8313,97
8313,98
8313,107
8313,111
3180,35
3180,43
3180,50
3873,35
3873,49
3873,95
3873,96
6106,1
6106,3
6106,18
6106,20
6106,35
6106,48
6106,49
6106,63
6106,72
667,35
667,50
667,63
667,70
4894,18
4894,25
4894,34
4894,35
4894,41
1383,1
1383,6
1383,35
1383,48
1383,52
2204,18
2204,22
2204,55
2204,95
2204,96
2204,102
5556,74
5556,75
5556,97
5556,112
5556,114
5556,120
5556,122
5556,124
3117,18
3117,35
3117,37
3117,48
3117,100
11575,18
11575,24
11575,27
11575,28
11575,31
11575,34
11575,35
11575,48
11575,55
11575,63
11575,72
11575,102
3395,1
3395,5
3395,89
3395,91
3395,96
11169,18
11169,22
11169,35
11169,41
11169,43
11169,48
11169,55
11169,102
6611,1
6611,4
6611,8
6611,18
6611,34
6611,35
6611,37
6611,55
6611,102
9103,18
9103,19
9103,29
9103,35
9103,41
9103,42
9103,48
9103,52
6348,1
6348,3
6348,35
6348,49
6348,52
9511,18
9511,20
9511,21
9511,55
9511,62
6937,1
6937,5
6937,6
6937,8
6937,84
6937,85
1098,55
1098,62
1098,74
1098,75
1098,97
1098,112
1098,113
1098,122
8468,13
8468,14
8468,35
8468,41
8468,48
8468,55
8468,102
5777,1
5777,3
5777,4
5777,8
5777,13
5777,14
1593,74
1593,75
1593,76
1593,78
1593,97
1593,107
1593,112
1593,113
1593,120
1593,132
3697,18
3697,29
3697,35
3697,43
3697,52
12276,18
12276,29
12276,34
12276,35
12276,42
12276,55
12276,63
12276,72
12276,102
8863,18
8863,19
8863,22
8863,24
2338,1
2338,6
2338,8
2338,35
2338,48
7901,1
7901,8
7901,10
7901,55
7901,62
1484,1
1484,5
1484,9
1484,93
1484,96
2343,1
2343,8
2343,35
2343,55
2343,101
2343,102
6488,1
6488,4
6488,5
6488,35
6488,41
6488,43
14673,74
14673,75
14673,97
14673,112
14673,113
14673,118
14673,122
14673,126
13422,35
13422,37
13422,42
13422,55
13422,62
13422,63
13422,72
2034,18
2034,19
2034,35
2034,41
2034,52
2034,63
2034,72
13691,35
13691,40
13691,41
13691,43
11152,18
11152,22
11152,35
11152,38
11152,48
11152,52
11152,55
11152,62
11152,63
11152,72
11152,77
11152,97
10184,18
10184,20
10184,35
10184,42
10184,49
10184,54
10184,55
10184,63
10184,72
10184,77
10184,97
10184,102
11962,18
11962,25
11962,35
11962,42
11962,48
11962,52
11962,63
11962,72
11962,77
11962,97
10288,18
10288,20
10288,63
10288,72
10288,95
10288,96
3585,18
3585,21
3585,55
3585,63
3585,70
3585,102
14608,74
14608,75
14608,76
14608,97
14608,111
14608,112
14608,113
14608,120
14608,122
2943,18
2943,19
2943,22
471,74
471,80
471,83
471,97
471,120
471,122
2914,1
2914,8
2914,35
2914,43
2914,52
2914,55
2914,102
11664,18
11664,24
11664,35
11664,37
11664,43
11664,55
11664,62
11664,63
11664,72
14655,74
14655,75
14655,80
14655,81
14655,97
14655,118
14655,120
1079,74
1079,75
1079,80
1079,83
1079,97
1079,112
1079,113
1079,122
5539,74
5539,75
5539,78
5539,97
5539,118
5539,122
5539,124
5539,132
6901,1
6901,5
6901,6
6901,8
6901,18
6901,25
6901,63
6901,69
6901,72
11348,18
11348,23
11348,27
11348,34
11348,35
11348,42
11348,52
14425,55
14425,62
14425,75
14425,78
14425,80
14425,83
14425,97
14425,118
14425,132
4552,18
4552,20
4552,21
4552,35
4552,48
2189,18
2189,19
2189,63
2189,72
2189,80
2189,81
12547,18
12547,31
12547,55
12547,62
12547,63
12547,72
3088,18
3088,32
3088,35
3088,42
2751,35
2751,43
2751,45
1962,35
1962,48
1962,49
1962,55
1962,62
3861,35
3861,47
3861,55
3861,63
3861,72
3861,102
9935,18
9935,20
9935,32
9935,35
9935,42
9935,48
9935,49
9935,63
9935,72
9935,80
9935,81
3827,35
3827,41
3827,48
3827,49
3827,52
11841,18
11841,25
11841,34
11841,35
11841,41
11841,42
11841,48
11841,52
11841,55
11841,63
11841,72
11841,102
3116,18
3116,35
3116,37
3116,42
3116,100
12383,18
12383,29
12383,35
12383,44
5545,74
5545,75
5545,79
5545,80
5545,83
5545,97
5545,118
5545,122
2795,74
2795,75
2795,76
2795,78
2795,97
2795,107
2795,112
2795,113
2795,118
2795,120
2795,132
2168,1
2168,8
2168,35
2168,48
2168,55
2168,62
14127,35
14127,48
14127,63
14127,67
11491,18
11491,23
11491,35
11491,42
11491,48
11491,49
11491,55
11491,62
11491,77
11491,97
6138,1
6138,3
6138,18
6138,22
6138,29
6138,34
6138,35
6138,38
6138,39
6138,41
6138,49
6138,52
6138,55
6138,62
6138,80
6138,81
1992,1
1992,3
1992,18
1992,34
4135,1
4135,4
4135,8
4135,35
4135,48
4135,52
2645,18
2645,22
2645,23
2645,35
2645,48
4726,18
4726,21
4726,55
4726,62
4726,63
4726,72
6845,1
6845,4
6845,55
6845,56
12162,18
12162,28
12162,29
12162,34
3906,55
3906,62
3906,74
3906,75
3906,78
3906,97
3906,118
3906,120
3906,122
3906,132
3023,18
3023,22
3023,80
3023,81
8440,13
8440,14
8440,18
8440,32
8440,55
8440,63
8440,72
8440,102
2372,18
2372,21
2372,27
10238,18
10238,20
10238,35
10238,49
10238,54
10238,55
10238,63
10238,72
10238,77
10238,97
10238,102
6513,1
6513,4
6513,6
6513,8
6513,10
6513,35
6513,43
3522,18
3522,20
3522,25
3522,34
3522,35
3522,63
3522,72
3522,101
11802,18
11802,25
11802,29
11802,35
11802,43
11802,48
11802,55
11802,63
11802,72
11802,102
2346,1
2346,9
2346,79
2616,18
2616,20
2616,34
2616,35
2616,48
2616,55
2616,102
3032,18
3032,23
3032,35
3032,41
3032,55
3032,63
3032,72
3032,102
12466,18
12466,30
12466,35
12466,48
12466,55
12466,63
12466,70
12466,72
12466,102
4394,1
4394,10
4394,63
4394,72
4394,76
4394,97
4394,111
9829,18
9829,20
9829,25
9829,35
9829,42
9829,49
9829,63
9829,72
2508,74
2508,78
2508,80
2508,83
2508,97
2508,120
2508,122
2508,132
3579,18
3579,21
3579,35
3579,38
3579,39
12868,18
12868,34
12868,35
12868,42
12868,54
12868,55
12868,63
12868,72
12868,102
1912,18
1912,22
1912,35
1912,43
1912,48
1912,55
1912,102
4152,1
4152,4
4152,35
4152,41
4152,48
4152,55
4152,63
4152,72
4152,102
14863,75
14863,97
14863,112
14863,114
14863,115
14863,116
14863,118
14863,119
3951,74
3951,75
3951,97
3951,112
3951,114
3951,120
3951,126
5371,35
5371,48
5371,55
5371,58
5371,63
5371,70
1877,1
1877,4
1877,13
1877,14
3054,18
3054,25
3054,35
3054,49
3054,52
3054,63
3054,72
3122,18
3122,35
3122,41
3122,50
3122,55
3122,100
3122,102
2032,18
2032,19
2032,34
2032,35
2032,52
2032,55
2032,63
2032,72
2032,102
3583,18
3583,21
3583,35
3583,48
3583,55
3583,62
3583,63
3583,72
2196,18
2196,21
2196,35
2196,36
5093,18
5093,34
5093,35
5093,50
5093,52
2558,1
2558,5
2558,9
2558,89
2558,96
13509,35
13509,37
13509,54
13509,63
13509,72
8635,18
8635,19
8635,20
8635,23
8635,35
8635,43
8635,55
8635,63
8635,72
8635,102
2906,1
2906,6
2906,55
2906,63
2906,70
2906,102
2622,18
2622,20
2622,35
2622,42
2622,55
2622,62
2622,63
2622,72
2871,1
2871,4
2871,35
2871,49
2996,18
2996,21
2996,34
2996,35
2996,48
2996,63
2996,72
6107,1
6107,3
6107,18
6107,20
6107,35
6107,48
6107,63
6107,72
12878,18
12878,34
12878,35
12878,43
12878,48
12878,49
12878,55
12878,102
8786,18
8786,19
8786,21
8786,23
8786,34
8786,35
8786,42
8786,43
8786,48
8786,55
8786,63
8786,72
8786,77
8786,97
8786,102
13734,35
13734,40
13734,52
13734,55
13734,95
13734,96
13734,102
7164,1
7164,5
7164,8
7164,35
7164,37
7164,63
7164,72
10961,18
10961,22
10961,29
10961,34
10961,35
10961,37
10961,41
10961,55
10961,102
4730,18
4730,22
4730,23
4730,29
9483,18
9483,20
9483,21
9483,34
9483,35
9483,63
9483,72
9483,101
3033,18
3033,23
3033,35
3033,43
3033,48
10637,18
10637,21
10637,35
10637,41
10637,48
10637,52
9785,18
9785,20
9785,25
9785,32
9785,63
9785,72
14050,35
14050,47
14050,48
14050,52
14050,54
14050,55
14050,63
14050,72
14050,102
3524,18
3524,20
3524,25
3524,55
3524,102
9927,18
9927,20
9927,31
9927,35
9927,52
9927,55
9927,63
9927,72
9927,102
14030,35
14030,45
14030,49
14030,50
14030,52
4187,1
4187,5
4187,6
4187,9
4187,55
4187,62
4187,80
4187,83
6737,1
6737,4
6737,18
6737,25
6737,55
6737,102
7320,1
7320,5
7320,18
7320,19
7320,35
7320,48
7320,55
7320,62
7320,63
7320,72
11301,18
11301,23
11301,24
11301,35
11301,52
2836,1
2836,3
2836,5
2836,35
2836,43
2836,52
5157,18
5157,55
5157,62
5157,100
1053,18
1053,35
1053,42
1053,52
1053,100
6016,1
6016,3
6016,8
6016,10
6016,35
6016,43
6016,63
6016,72
10658,18
10658,21
10658,35
10658,43
10658,48
10658,53
3843,35
3843,43
3843,48
3843,53
3843,55
3843,58
10952,18
10952,22
10952,28
10952,35
10952,41
10952,52
10952,55
10952,102
1193,18
1193,31
1193,35
1193,48
1193,55
1193,102
1431,1
1431,5
1431,35
1431,101
7691,1
7691,6
7691,18
7691,20
7691,35
7691,37
7691,55
7691,62
7691,63
7691,72
14274,54
14274,55
14274,56
14274,59
14274,80
14274,81
6176,1
6176,3
6176,18
6176,23
6176,55
6176,102
10899,18
10899,22
10899,25
10899,35
10899,48
10899,52
10899,55
10899,63
10899,72
10899,102
5038,18
5038,34
5038,35
5038,37
5038,41
5038,63
5038,72
9154,18
9154,19
9154,34
9154,35
9154,39
9154,48
9154,63
9154,72
12678,18
12678,34
12678,35
12678,37
12678,48
12678,52
12678,55
12678,62
6918,1
6918,5
6918,6
6918,8
6918,35
6918,48
6918,52
6918,55
6918,62
9862,18
9862,20
9862,28
4054,1
4054,3
4054,18
4054,19
4054,35
4054,43
4054,48
4054,55
4054,63
4054,72
4054,102
12067,18
12067,27
12067,29
12067,35
12067,38
12067,41
12067,52
12067,55
12067,102
8796,18
8796,19
8796,21
8796,26
8796,31
8796,35
8796,48
8796,55
8796,63
8796,72
8796,102
11179,18
11179,22
11179,35
11179,41
11179,52
11179,77
11179,97
11440,18
11440,23
11440,34
11440,35
11440,48
11440,49
11440,63
11440,72
11440,77
11440,97
2923,1
2923,9
2923,55
2923,80
2923,83
2923,102
9177,18
9177,19
9177,34
9177,35
9177,42
9177,48
9177,49
9177,52
9177,55
9177,63
9177,72
9177,102
8738,18
8738,19
8738,20
8738,35
8738,41
8738,48
8738,55
8738,62
886,63
886,70
886,74
886,79
886,97
886,120
8669,18
8669,19
8669,20
8669,27
8669,34
8669,35
8669,42
8669,48
8669,63
8669,72
8669,77
8669,97
4843,18
4843,23
4843,35
4843,55
4843,62
4843,101
14014,35
14014,44
14014,48
14014,49
2069,18
2069,32
2069,35
2069,48
2069,55
2069,63
2069,72
2069,102
6810,1
6810,4
6810,35
6810,43
6810,55
6810,62
6810,63
6810,69
6810,72
4753,18
4753,22
4753,31
4753,35
4753,48
4510,18
4510,19
4510,35
4510,39
4510,48
4510,55
4510,63
4510,72
4510,102
9837,18
9837,20
9837,25
9837,35
9837,48
9837,49
9837,52
9837,63
9837,72
6189,1
6189,3
6189,18
6189,25
6189,34
6189,35
6189,43
6189,55
6189,63
6189,72
6189,102
3041,18
3041,24
3041,35
3041,40
3041,42
13127,18
13127,35
13127,41
13127,48
13127,49
13127,55
13127,100
13127,102
8834,18
8834,19
8834,22
8834,23
8834,24
8834,25
8834,34
8834,35
8834,52
8834,55
8834,63
8834,72
8834,102
9811,18
9811,20
9811,25
9811,35
9811,37
9811,41
9811,55
9811,63
9811,72
9811,102
8090,1
8090,9
8090,18
8090,29
8090,35
8090,52
14706,74
14706,76
14706,78
14706,97
14706,107
14706,120
14706,121
14706,122
14706,132
7389,1
7389,5
7389,18
7389,29
7389,35
7389,45
3647,18
3647,25
3647,27
3647,63
3647,72
2691,18
2691,29
2691,35
2691,36
2605,18
2605,19
2605,35
2605,42
2605,52
2605,55
2605,63
2605,72
2605,102
3776,18
3776,35
3776,42
3776,63
3776,72
3776,77
3776,97
3776,100
5769,1
5769,3
5769,4
5769,6
5769,35
5769,52
5769,55
5769,62
10390,18
10390,21
10390,24
10390,34
10390,35
10390,43
3869,35
3869,49
3869,52
3869,55
3869,63
3869,72
3869,102
1867,1
1867,2
1867,4
5236,35
5236,38
5236,41
5236,49
13337,35
13337,37
13337,41
13337,42
13337,52
11850,18
11850,25
11850,34
11850,35
11850,41
11850,49
11850,55
11850,63
11850,72
11850,102
2048,18
2048,21
2048,55
2048,58
7169,1
7169,5
7169,8
7169,35
7169,38
7169,52
7169,63
7169,72
4920,18
4920,25
4920,35
4920,48
4920,52
8592,18
8592,19
8592,20
8592,22
8592,27
8592,34
8592,35
8592,48
8592,52
8592,55
8592,63
8592,72
8592,102
1769,1
1769,5
1769,35
1769,43
1769,52
1769,55
1769,102
4942,18
4942,27
4942,29
4942,55
4942,102
6689,1
6689,4
6689,18
6689,19
6689,35
6689,43
6689,63
6689,72
6526,1
6526,4
6526,6
6526,8
6526,35
6526,49
6526,55
6526,102
6115,1
6115,3
6115,18
6115,21
6115,22
6115,25
6115,34
6115,35
6115,41
6115,42
6115,43
6115,52
6115,55
6115,63
6115,72
6115,77
6115,97
6115,102
1427,1
1427,5
1427,8
1427,35
1427,43
1427,52
10701,18
10701,22
10701,23
10701,24
10701,30
10701,34
10701,35
10701,41
10701,48
10701,52
10701,55
10701,102
8781,18
8781,19
8781,21
8781,22
8781,29
8781,35
8781,38
8781,55
8781,63
8781,72
8781,102
10998,18
10998,22
10998,29
10998,55
10998,62
10998,80
10998,83
12139,18
12139,27
12139,35
12139,48
12139,55
12139,58
2927,1
2927,10
2927,35
2927,43
2927,55
2927,102
4203,1
4203,5
4203,6
4203,55
4203,63
4203,72
4203,74
4203,75
4203,80
4203,83
4203,97
4203,102
4203,118
4203,120
2683,18
2683,27
2683,35
2683,48
2683,52
2683,55
2683,102
13769,35
13769,41
13769,43
13769,48
13769,49
13769,50
13769,55
13769,102
2582,1
2582,9
2582,63
2582,71
7732,1
7732,6
7732,18
7732,34
7732,35
7732,42
7732,55
7732,63
7732,72
7732,102
7066,1
7066,5
7066,7
7066,55
7066,62
10106,18
10106,20
10106,35
10106,38
10106,41
10106,55
10106,102
11685,18
11685,24
11685,35
11685,41
11685,43
11685,48
11685,52
11685,55
11685,63
11685,72
11685,77
11685,97
11685,102
2844,1
2844,3
2844,18
2844,19
2844,35
2844,48
2844,63
2844,72
1761,1
1761,3
1761,80
1761,83
8351,1
8351,95
8351,96
8351,98
3436,1
3436,9
3436,35
3436,37
3436,55
3436,102
4962,18
4962,28
4962,35
4962,38
9544,18
9544,20
9544,22
9544,23
9544,35
9544,48
9544,63
9544,72
2383,18
2383,22
2383,35
2383,44
14844,75
14844,78
14844,80
14844,81
14844,97
14844,119
14844,132
3489,18
3489,19
3489,35
3489,36
3489,63
3489,72
8765,18
8765,19
8765,20
8765,35
8765,48
8765,52
8765,63
8765,72
8765,80
8765,83
4518,18
4518,19
4518,35
4518,42
4518,48
4518,52
4518,63
4518,72
2298,75
2298,80
2298,83
2298,97
2298,119
4321,1
4321,6
4321,55
4321,62
4321,63
4321,72
4321,76
4321,97
4321,111
14246,35
14246,52
14246,84
14246,85
8695,18
8695,19
8695,20
8695,34
8695,35
8695,40
8695,42
8695,55
8695,63
8695,72
8695,102
13922,35
13922,42
13922,55
13922,62
13922,79
11375,18
11375,23
11375,29
11375,34
11375,35
11375,48
2390,18
2390,24
2390,35
2390,40
3581,18
3581,21
3581,35
3581,40
3581,63
3581,72
8846,18
8846,19
8846,22
8846,23
8846,30
8846,35
8846,48
8846,55
8846,102
14753,74
14753,78
14753,79
14753,80
14753,83
14753,97
14753,122
14753,132
12088,18
12088,27
12088,34
12088,35
12088,41
12088,52
12088,55
12088,77
12088,97
12088,102
769,35
769,38
769,52
1751,74
1751,78
1751,80
1751,83
1751,97
1751,122
1751,132
1455,18
1455,29
1455,35
1455,42
1455,55
1455,102
4657,18
4657,20
4657,35
4657,48
4657,63
4657,69
4657,72
1827,35
1827,37
1827,52
1827,55
1827,62
1827,63
1827,72
10885,18
10885,22
10885,25
10885,34
10885,35
10885,37
10885,41
10885,55
10885,62
10885,63
10885,72
10885,77
10885,97
7329,1
7329,5
7329,18
7329,20
7329,23
7329,25
7329,35
7329,37
7329,42
7329,52
7329,55
7329,63
7329,72
7329,102
2887,1
2887,5
2887,35
2887,42
3438,1
3438,9
3438,55
3438,62
3438,80
3438,81
3438,83
1828,35
1828,38
1828,55
1828,62
1828,63
1828,72
1675,1
1675,4
1675,5
1675,8
1675,35
1675,43
3354,1
3354,5
3354,6
3354,55
3354,95
3354,96
3354,102
2472,35
2472,48
2472,77
2472,78
2472,97
2472,132
13818,35
13818,41
13818,50
13818,52
4273,1
4273,5
4273,35
4273,52
4273,55
4273,77
4273,97
4273,102
1394,18
1394,25
1394,35
1394,52
1394,55
1394,62
1394,63
1394,72
2575,1
2575,8
2575,9
2575,63
2575,72
7927,1
7927,8
7927,18
7927,20
7927,35
7927,52
7927,63
7927,72
7927,76
7927,97
7927,111
5531,74
5531,75
5531,78
5531,80
5531,83
5531,97
5531,112
5531,113
5531,120
5531,132
4978,18
4978,29
4978,34
4978,35
4978,48
4978,49
4978,52
5023,18
5023,32
5023,34
5023,35
5023,48
11891,18
11891,25
11891,35
11891,37
11891,38
11891,48
11891,52
11891,55
11891,63
11891,72
11891,102
2561,1
2561,5
2561,35
2561,43
2561,63
2561,72
10846,18
10846,22
10846,23
10846,95
10846,96
11770,18
11770,25
11770,27
11770,29
11770,35
11770,37
11770,52
11770,55
11770,62
11770,63
11770,72
3946,74
3946,75
3946,80
3946,83
3946,97
3946,118
3946,122
3946,124
3095,18
3095,34
3095,35
3095,36
3095,52
8642,18
8642,19
8642,20
8642,24
8642,34
8642,35
8642,41
8642,42
8642,55
8642,63
8642,72
8642,102
8845,18
8845,19
8845,22
8845,23
8845,30
8845,35
8845,41
8845,42
8845,55
8845,63
8845,72
8845,102
1436,13
1436,14
1436,18
1436,22
12487,18
12487,31
12487,34
12487,35
12487,41
12487,55
12487,102
3235,74
3235,75
3235,79
3235,97
3235,112
3235,114
3235,120
1774,1
1774,8
1774,55
1774,62
1774,63
1774,72
3089,18
3089,32
3089,35
3089,47
14420,55
14420,62
14420,74
14420,97
14420,121
14420,122
11830,18
11830,25
11830,34
11830,35
11830,37
11830,41
11830,42
11830,52
11830,55
11830,62
11830,63
11830,72
11830,77
11830,97
8142,1
8142,9
8142,55
8142,63
8142,72
8142,74
8142,97
8142,102
8142,120
8142,122
2843,1
2843,3
2843,18
2843,19
2843,35
2843,48
2843,55
2843,63
2843,72
2843,102
8925,18
8925,19
8925,22
8925,35
8925,43
8925,55
8925,63
8925,72
8925,102
6906,1
6906,5
6906,6
6906,8
6906,35
6906,37
11176,18
11176,22
11176,35
11176,41
11176,48
11176,55
11176,63
11176,72
11176,102
373,74
373,75
373,80
373,83
373,97
373,112
373,113
373,120
10411,18
10411,21
10411,25
10411,29
10411,35
10411,52
10411,55
10411,63
10411,72
10411,77
10411,97
10411,102
2526,91
2526,93
2526,96
2619,18
2619,20
2619,35
2619,40
2619,42
14622,74
14622,75
14622,78
14622,79
14622,97
14622,118
14622,120
14622,122
14622,132
13667,35
13667,39
13667,48
13667,49
2044,18
2044,20
2044,35
2044,37
2044,48
2044,63
2044,72
4435,13
4435,14
4435,63
4435,70
4435,80
4435,81
14088,35
14088,48
14088,52
14088,55
14088,62
14088,63
14088,70
14088,72
1829,35
1829,39
1829,43
1829,55
1829,102
3011,18
3011,22
3011,29
3011,35
3011,48
8482,13
8482,14
8482,55
8482,63
8482,67
8482,102
1606,1
1606,3
1606,4
1606,80
1606,81
14715,74
14715,76
14715,78
14715,97
14715,111
14715,120
14715,122
14715,127
8585,18
8585,19
8585,20
8585,22
8585,24
8585,25
8585,26
8585,34
8585,35
8585,42
8585,55
8585,63
8585,72
8585,95
8585,96
8585,102
7676,1
7676,6
7676,18
7676,19
7676,35
7676,41
7676,52
7676,55
7676,63
7676,72
7676,84
7676,86
7676,102
7913,1
7913,8
7913,18
7913,19
7913,34
7913,35
7913,37
7913,40
7913,41
7913,42
7913,48
7913,52
7913,55
7913,63
7913,72
7913,102
12180,18
12180,28
12180,33
7941,1
7941,8
7941,18
7941,23
7941,27
7941,35
7941,48
7941,49
7941,52
7941,55
7941,102
7854,1
7854,6
7854,63
7854,69
7854,71
4642,18
4642,20
4642,35
4642,42
4642,48
4642,55
4642,102
12351,18
12351,29
12351,35
12351,41
12351,42
12351,43
12351,48
12351,55
12351,102
4206,1
4206,5
4206,6
4206,76
4206,97
4206,107
4206,111
12354,18
12354,29
12354,35
12354,41
12354,43
12354,48
12354,55
12354,102
6065,1
6065,3
6065,18
6065,19
6065,24
6065,35
6065,52
6065,63
6065,72
8071,1
8071,9
8071,18
8071,22
8071,35
8071,52
8071,55
8071,102
6732,1
6732,4
6732,18
6732,23
6732,35
6732,52
6732,55
6732,102
12074,18
12074,27
12074,30
12074,34
12074,55
12074,63
12074,72
12074,102
4866,18
4866,24
4866,35
4866,41
4866,48
4866,55
4866,63
4866,72
4866,102
2692,18
2692,29
2692,35
2692,37
2692,41
7206,1
7206,5
7206,8
7206,35
7206,49
7206,54
7206,55
7206,62
12221,18
12221,28
12221,55
12221,63
12221,69
12221,102
2179,13
2179,14
2179,77
2179,78
2179,97
2179,132
8632,18
8632,19
8632,20
8632,23
8632,34
8632,35
8632,48
8632,52
8632,55
8632,63
8632,72
8632,102
8537,18
8537,19
8537,20
8537,21
8537,22
8537,34
8537,35
8537,41
8537,52
8537,55
8537,62
8537,63
8537,72
8537,77
8537,97
2035,18
2035,19
2035,35
2035,41
2035,55
2035,102
5542,74
5542,75
5542,78
5542,97
5542,119
5542,126
5542,132
8596,18
8596,19
8596,20
8596,22
8596,29
8596,35
8596,48
8596,55
8596,63
8596,72
8596,102
11730,18
11730,24
11730,35
11730,48
11730,49
11730,55
11730,62
11444,18
11444,23
11444,34
11444,35
11444,49
11444,55
11444,102
5075,18
5075,34
5075,35
5075,42
5075,55
5075,77
5075,97
5075,102
6434,1
6434,4
6434,5
6434,6
6434,76
6434,97
6434,107
6434,111
2643,18
2643,22
2643,23
2643,34
2643,35
2643,48
2643,52
2643,55
2643,102
13867,35
13867,42
13867,43
13867,48
13867,63
13867,72
3965,74
3965,79
3965,80
3965,83
3965,97
3965,124
11589,18
11589,24
11589,29
11589,34
11589,35
11589,41
11589,48
11589,63
11589,72
9655,18
9655,20
9655,23
9655,25
9655,27
9655,34
9655,35
9655,49
9655,55
9655,63
9655,72
9655,102
876,18
876,19
876,35
876,43
876,55
876,63
876,72
876,102
11593,18
11593,24
11593,29
11593,35
11593,42
3230,74
3230,75
3230,76
3230,78
3230,97
3230,107
3230,112
3230,113
3230,120
3230,122
3230,132
13820,35
13820,41
13820,50
13820,55
13820,62
4250,1
4250,5
4250,18
4250,23
4250,55
4250,102
1537,1
1537,5
1537,55
1537,76
1537,77
1537,97
1537,102
1537,111
14116,35
14116,48
14116,55
14116,62
14116,63
14116,67
7734,1
7734,6
7734,18
7734,34
7734,35
7734,48
7734,55
7734,62
2217,18
2217,24
2217,55
2217,62
3306,1
3306,3
3306,35
3306,43
3306,53
10326,18
10326,21
10326,22
10326,29
10326,35
10326,41
10326,48
3133,35
3133,37
3133,38
3133,55
3133,62
8785,18
8785,19
8785,21
8785,23
8785,34
8785,35
8785,38
8785,41
8785,42
8785,43
8785,48
8785,52
8785,55
8785,62
8785,63
8785,72
8785,74
8785,75
8785,77
8785,78
8785,80
8785,83
8785,97
8785,118
8785,120
8785,122
8785,132
4482,18
4482,19
4482,28
4482,63
4482,72
13883,35
13883,42
13883,48
13883,49
13883,63
13883,72
13883,80
13883,81
9049,18
9049,19
9049,25
9049,29
9049,35
9049,41
9049,42
9049,48
9049,63
9049,72
1954,35
1954,42
1954,48
1954,55
1954,62
10900,18
10900,22
10900,25
10900,35
10900,52
13328,35
13328,37
13328,40
13328,49
3852,35
3852,43
3852,54
3852,63
3852,70
2989,18
2989,20
2989,35
2989,48
2989,55
2989,63
2989,69
2989,72
2989,102
4771,18
4771,22
4771,35
4771,37
4771,38
4771,41
4771,55
4771,102
14091,35
14091,48
14091,52
14091,55
14091,62
14091,78
14091,97
14091,132
1794,18
1794,21
1794,35
1794,42
1794,55
1794,102
13943,35
13943,43
13943,48
13943,52
13943,53
8994,18
8994,19
8994,24
8994,28
8994,30
8994,63
8994,72
5999,1
5999,3
5999,6
5999,35
5999,43
5999,48
5999,55
5999,102
4223,1
4223,5
4223,8
4223,35
4223,37
4223,55
4223,102
2897,1
2897,6
2897,8
2897,80
2897,83
7321,1
7321,5
7321,18
7321,19
7321,35
7321,52
7321,55
7321,63
7321,72
7321,102
2487,55
2487,62
2487,74
2487,75
2487,97
2487,118
2487,124
4898,18
4898,25
4898,34
4898,35
4898,42
4898,48
4898,55
4898,63
4898,72
4898,102
10632,18
10632,21
10632,35
10632,41
10632,43
10632,52
10409,18
10409,21
10409,25
10409,29
10409,35
10409,41
10409,43
10409,52
10409,55
10409,102
2157,1
2157,4
2157,35
2157,101
9133,18
9133,19
9133,34
9133,35
9133,36
9133,55
9133,63
9133,72
9133,102
5506,63
5506,66
5506,70
13876,35
13876,42
13876,43
13876,80
13876,81
4022,1
4022,3
4022,4
4022,35
4022,48
4022,55
4022,62
1291,74
1291,75
1291,97
1291,112
1291,114
1291,118
1291,120
1291,122
12013,18
12013,26
12013,27
12013,29
12013,30
12013,35
12013,43
12013,48
12013,55
12013,77
12013,97
12013,102
4918,18
4918,25
4918,35
4918,45
8021,1
8021,8
8021,55
8021,79
8021,80
8021,83
8021,102
4882,18
4882,24
4882,35
4882,47
4448,18
4448,19
4448,20
4448,34
4448,35
4448,41
4448,55
4448,63
4448,72
4448,77
4448,97
4448,102
6943,1
6943,5
6943,6
6943,9
6943,35
6943,37
6943,55
6943,62
6676,1
6676,4
6676,13
6676,14
6676,95
6676,96
1948,35
1948,39
1948,43
1634,18
1634,23
1634,35
1634,48
1634,63
1634,72
10802,18
10802,22
10802,23
10802,34
10802,55
10802,62
8692,18
8692,19
8692,20
8692,34
8692,35
8692,37
8692,42
8692,49
8692,55
8692,63
8692,72
8692,102
3682,18
3682,27
3682,35
3682,52
3682,55
3682,62
14731,74
14731,76
14731,97
14731,108
14731,120
14731,122
2463,35
2463,43
2463,52
2463,77
2463,97
3316,1
3316,4
3316,5
3316,77
3316,97
1780,18
1780,19
1780,35
1780,37
1780,48
1780,63
1780,72
1684,1
1684,6
1684,35
1684,48
1684,63
1684,72
9302,18
9302,19
9302,35
9302,42
9302,48
9302,55
9302,80
9302,81
9302,102
4173,1
4173,4
4173,63
4173,70
4173,80
4173,81
1194,18
1194,35
1194,40
1194,42
1194,63
1194,72
1194,100
8771,18
8771,19
8771,20
8771,35
8771,52
8771,55
8771,58
8771,63
8771,69
8771,72
13661,35
13661,39
13661,42
13661,48
6941,1
6941,5
6941,6
6941,9
6941,13
6941,14
6941,63
6941,72
9408,18
9408,20
9408,21
9408,22
9408,35
9408,42
9408,43
9408,48
9408,55
9408,63
9408,72
9408,102
4718,18
4718,21
4718,35
4718,44
7173,1
7173,5
7173,8
7173,35
7173,41
7173,48
7173,52
7173,55
7173,62
4743,18
4743,22
4743,25
4743,35
4743,43
4743,55
4743,63
4743,72
4743,102
2013,1
2013,8
2013,35
2013,43
2013,52
2142,1
2142,3
2142,10
2142,63
2142,72
2445,35
2445,40
2445,42
2445,55
2445,102
1446,18
1446,22
1446,35
1446,48
1446,63
1446,72
3152,35
3152,38
3152,49
3152,55
3152,62
13616,35
13616,38
13616,48
13616,49
13616,52
13616,55
13616,62
13616,80
13616,83
13632,35
13632,38
13632,52
13632,55
13632,62
13632,80
13632,83
1852,74
1852,75
1852,80
1852,83
1852,97
1852,112
1852,113
1852,118
1852,122
3587,18
3587,21
3587,63
3587,72
3587,80
3587,81
11982,18
11982,25
11982,35
11982,48
11982,49
11982,52
1855,74
1855,75
1855,97
1855,112
1855,114
1855,126
3912,55
3912,62
3912,74
3912,75
3912,80
3912,83
3912,97
3912,112
3912,113
3912,122
4153,1
4153,4
4153,35
4153,43
4153,52
4153,63
4153,72
2716,18
2716,35
2716,41
2716,52
2716,55
2716,62
2716,100
8316,1
8316,55
8316,63
8316,72
8316,76
8316,97
8316,98
8316,102
8316,111
12090,18
12090,27
12090,34
12090,35
12090,42
12090,48
12090,77
12090,97
2693,18
2693,29
2693,35
2693,38
2693,55
2693,102
2269,35
2269,48
2269,49
2269,55
2269,63
2269,72
2269,102
1986,1
1986,3
1986,4
1986,55
1986,63
1986,72
1986,102
1851,74
1851,75
1851,79
1851,80
1851,83
1851,97
1851,118
1851,120
3485,18
3485,19
3485,34
3485,35
3485,41
3485,48
3485,55
3485,63
3485,72
3485,102
7069,1
7069,5
7069,7
7069,93
7069,96
2120,74
2120,75
2120,78
2120,80
2120,83
2120,97
2120,118
2120,122
2120,132
12065,18
12065,27
12065,29
12065,34
12065,55
12065,102
8454,13
8454,14
8454,18
8454,35
8454,40
8454,42
8454,63
8454,72
8454,100
2792,63
2792,65
2792,80
2792,81
2308,1
2308,3
2308,8
2308,55
2308,102
2090,35
2090,37
2090,74
2090,79
2090,80
2090,83
2090,97
2090,120
2090,122
10538,18
10538,21
10538,34
10538,35
10538,39
10538,49
10538,77
10538,97
12992,18
12992,35
12992,36
12992,37
12992,41
12992,48
12992,49
12992,55
12992,62
12992,100
3034,18
3034,23
3034,35
3034,43
3034,48
3034,52
2517,75
2517,79
2517,80
2517,83
2517,97
9934,18
9934,20
9934,32
9934,34
9934,77
9934,97
6653,1
6653,4
6653,10
6653,54
1705,18
1705,21
1705,34
1705,35
1705,48
7590,1
7590,6
7590,8
7590,35
7590,52
7590,55
7590,102
3138,35
3138,37
3138,43
3138,48
5044,18
5044,34
5044,35
5044,38
5044,39
12518,18
12518,31
12518,35
12518,42
12518,48
12518,52
12518,55
12518,77
12518,97
12518,102
11187,18
11187,22
11187,35
11187,42
11187,43
11187,48
11187,52
11187,55
11187,102
12254,18
12254,29
12254,34
12254,35
12254,38
12254,48
12254,52
931,55
931,62
931,74
931,75
931,97
931,118
931,120
931,122
1625,18
1625,19
1625,35
1625,52
1625,55
1625,62
1625,63
1625,72
2331,1
2331,5
2331,35
2331,37
2331,55
2331,102
1166,18
1166,34
1166,35
1166,43
1166,55
1166,102
9073,18
9073,19
9073,25
9073,54
4109,1
4109,4
4109,5
4109,6
4109,89
4109,96
12092,18
12092,27
12092,34
12092,35
12092,42
12092,52
12092,63
12092,72
2213,18
2213,24
2213,35
2213,38
2724,35
2724,36
2724,55
2724,63
2724,72
2724,102
8584,18
8584,19
8584,20
8584,22
8584,23
8584,63
8584,72
4415,1
4415,76
4415,97
4415,98
4415,107
7156,1
7156,5
7156,8
7156,18
7156,35
7156,42
7156,48
7156,52
7156,55
7156,63
7156,72
7156,100
7156,102
3523,18
3523,20
3523,25
3523,55
3523,62
3523,63
3523,72
4343,1
4343,8
4343,35
4343,41
4343,63
4343,72
9743,18
9743,20
9743,24
9743,34
9743,35
9743,42
9743,48
9743,52
9743,63
9743,72
2663,18
2663,23
2663,35
2663,45
9951,18
9951,20
9951,34
9951,35
9951,37
9951,41
9951,63
9951,72
2175,1
2175,55
2175,63
2175,70
2175,98
2175,102
12477,18
12477,30
12477,63
12477,70
2277,35
2277,63
2277,72
2277,77
2277,97
2277,101
9430,18
9430,20
9430,21
9430,25
9430,34
9430,35
9430,48
9430,52
9430,55
9430,63
9430,72
9430,102
10927,18
10927,22
10927,27
10927,31
10927,34
10927,35
10927,38
10927,42
10927,48
10927,52
10927,55
10927,63
10927,72
10927,102
5082,18
5082,34
5082,35
5082,45
5082,52
2942,18
2942,19
2942,21
2942,63
2942,72
4088,1
4088,3
4088,55
4088,62
4088,63
4088,72
4088,80
4088,81
12038,18
12038,26
12038,35
12038,40
14539,63
14539,70
14539,76
14539,97
4313,1
4313,6
4313,35
4313,43
4313,55
4313,63
4313,72
4313,102
3475,18
3475,19
3475,20
3475,35
3475,48
3475,55
3475,62
3475,63
3475,72
5385,35
5385,48
5385,78
5385,97
5385,132
1354,18
1354,22
1354,35
1354,48
1354,55
1354,62
13132,18
13132,35
13132,41
13132,48
13132,54
13132,55
13132,100
13132,102
10698,18
10698,22
10698,23
10698,24
10698,29
10698,31
10698,34
10698,55
10698,102
6694,1
6694,4
6694,18
6694,19
6694,35
6694,63
6694,72
6694,101
3080,18
3080,30
3080,35
3080,48
3080,52
4298,1
4298,6
4298,18
4298,19
4298,35
4298,43
4298,63
4298,72
6291,1
6291,3
6291,35
6291,41
6291,43
6291,48
6291,55
6291,102
4607,18
4607,20
4607,34
4607,35
4607,41
4607,42
4607,48
4607,55
4607,63
4607,72
4607,102
12506,18
12506,31
12506,35
12506,39
12506,48
12506,55
12506,102
8820,18
8820,19
8820,21
8820,35
8820,42
8820,48
8820,63
8820,72
2718,18
2718,35
2718,43
2718,63
2718,72
2718,100
6365,1
6365,3
6365,35
6365,84
6365,86
6365,101
2244,18
2244,35
2244,41
2244,49
2244,55
2244,100
2244,102
2585,1
2585,35
2585,43
2585,63
2585,72
2585,98
1907,18
1907,21
1907,35
1907,37
1907,63
1907,72
9211,18
9211,19
9211,34
9211,63
9211,70
9211,72
9199,18
9199,19
9199,34
9199,35
9199,48
9199,55
9199,102
14382,55
14382,62
14382,74
14382,75
14382,78
14382,80
14382,83
14382,97
14382,118
14382,120
14382,132
4056,1
4056,3
4056,18
4056,19
4056,55
4056,102
6305,1
6305,3
6305,35
6305,42
6305,43
6305,49
9375,18
9375,19
9375,35
9375,63
9375,70
9375,101
11320,18
11320,23
11320,25
11320,31
11320,35
11320,52
11320,63
11320,72
5376,35
5376,48
5376,55
5376,63
5376,72
5376,80
5376,81
5376,102
6559,1
6559,4
6559,6
6559,18
6559,19
6559,35
6559,48
6559,52
6559,55
6559,63
6559,72
6559,102
4967,18
4967,28
4967,35
4967,48
4967,63
4967,72
13536,35
13536,37
13536,55
13536,62
13536,75
13536,76
13536,97
13536,107
13536,118
8339,1
8339,74
8339,75
8339,79
8339,97
8339,98
8339,118
8339,120
8339,122
6408,1
6408,4
6408,5
6408,6
6408,8
6408,55
6408,62
9726,18
9726,20
9726,24
9726,25
9726,35
9726,37
9726,41
9726,42
9726,48
9726,55
9726,63
9726,72
9726,77
9726,80
9726,81
9726,97
9726,102
13361,35
13361,37
13361,41
13361,48
13361,52
13361,55
13361,62
13361,80
13361,83
3412,1
3412,6
3412,55
3412,77
3412,97
3412,102
1557,18
1557,23
1557,35
1557,48
1557,52
1557,55
1557,102
11338,18
11338,23
11338,26
11338,35
11338,43
11338,48
11338,49
11338,55
11338,102
5315,35
5315,42
5315,49
5315,52
5315,63
5315,72
10999,18
10999,22
10999,29
10999,55
10999,63
10999,72
10999,102
6311,1
6311,3
6311,35
6311,42
6311,55
6311,63
6311,70
6311,102
3090,18
3090,32
3090,35
3090,48
3090,55
3090,102
3292,1
3292,3
3292,18
3292,19
3292,35
3292,52
3292,63
3292,72
2464,35
2464,43
2464,53
2464,55
2464,62
11317,18
11317,23
11317,25
11317,30
11317,31
11317,34
11317,35
11317,41
11317,48
11317,52
11317,55
11317,63
11317,69
11317,72
11317,102
11385,18
11385,23
11385,29
11385,35
11385,41
11385,52
11385,55
11385,102
1514,35
1514,37
1514,74
1514,75
1514,97
1514,112
1514,113
1514,120
1514,122
4979,18
4979,29
4979,34
4979,35
4979,48
4979,55
4979,58
3213,55
3213,62
3213,74
3213,75
3213,97
3213,112
3213,113
3213,118
3213,120
12205,18
12205,28
12205,35
12205,43
4361,1
4361,9
4361,18
4361,20
4361,35
4361,48
4361,63
4361,72
3788,35
3788,37
3788,41
3788,43
3788,55
3788,102
11901,18
11901,25
11901,35
11901,37
11901,42
11901,48
11901,63
11901,72
5147,18
5147,35
5147,42
5147,52
5147,77
5147,97
5147,100
2641,18
2641,21
2641,35
2641,55
2641,63
2641,72
2641,101
2641,102
11813,18
11813,25
11813,31
11813,34
11813,35
11813,42
11813,55
11813,63
11813,72
11813,102
2029,18
2029,19
2029,34
2029,35
2029,41
2029,42
2029,55
2029,63
2029,72
2029,102
14864,76
14864,77
14864,78
14864,97
14864,107
14864,110
14864,132
5180,35
5180,37
5180,38
5180,41
5180,63
5180,72
12179,18
12179,28
12179,32
12179,55
12179,102
12548,18
12548,31
12548,55
12548,63
12548,70
12548,102
7308,1
7308,5
7308,18
7308,19
7308,34
7308,35
7308,41
7308,48
7308,55
7308,63
7308,72
7308,102
1738,35
1738,55
1738,62
1738,63
1738,72
1738,101
1782,18
1782,19
1782,35
1782,43
1782,48
1782,63
1782,72
9625,18
9625,20
9625,22
9625,35
9625,41
9625,55
9625,63
9625,72
9625,102
3881,35
3881,52
3881,55
3881,95
3881,96
3881,102
2597,18
2597,19
2597,25
2597,35
2597,48
2597,63
2597,72
4372,1
4372,9
4372,55
4372,62
4372,79
4372,80
4372,83
3239,74
3239,75
3239,97
3239,112
3239,113
3239,122
3239,126
13101,18
13101,35
13101,40
13101,55
13101,100
13101,102
2257,35
2257,41
2257,42
2257,48
2257,55
2257,63
2257,72
2257,102
4721,18
4721,21
4721,35
4721,49
4721,55
4721,102
1745,63
1745,69
1745,80
1745,83
5336,35
5336,43
5336,55
5336,63
5336,69
5336,102
11302,18
11302,23
11302,24
11302,35
11302,52
11302,55
11302,102
1950,35
1950,39
1950,55
1950,58
4487,18
4487,19
4487,30
4487,35
4487,48
4487,63
4487,72
4461,18
4461,19
4461,21
4461,34
4461,35
4461,48
4461,55
4461,63
4461,72
4461,102
11546,18
11546,23
11546,80
11546,83
8545,18
8545,19
8545,20
8545,21
8545,23
8545,25
8545,27
8545,34
8545,35
8545,41
8545,55
8545,63
8545,72
8545,102
3602,18
3602,22
3602,34
3602,35
3602,42
3602,63
3602,72
10436,18
10436,21
10436,25
10436,35
10436,41
10436,55
10436,62
10436,63
10436,72
3845,35
3845,43
3845,48
3845,55
3845,58
3845,77
3845,97
7744,1
7744,6
7744,35
7744,37
7744,41
7744,55
7744,63
7744,72
7744,102
11956,18
11956,25
11956,35
11956,42
11956,48
935,75
935,80
935,83
935,97
935,112
935,113
935,118
3512,18
3512,20
3512,21
3512,35
3512,48
3512,55
3512,63
3512,72
3512,102
1931,18
1931,34
1931,35
1931,40
1931,55
1931,102
1959,35
1959,43
1959,54
1959,55
1959,63
1959,70
1959,102
8385,13
8385,14
8385,18
8385,20
8385,35
8385,37
8385,63
8385,72
3070,18
3070,29
3070,35
3070,37
3070,52
3070,55
3070,62
2870,1
2870,4
2870,35
2870,48
2870,55
2870,62
3617,18
3617,22
3617,35
3617,55
3617,63
3617,72
3617,101
3617,102
6571,1
6571,4
6571,6
6571,35
6571,37
6571,55
6571,102
11803,18
11803,25
11803,29
11803,35
11803,43
11803,52
11803,55
11803,63
11803,72
11803,77
11803,97
11803,102
6892,1
6892,5
6892,6
6892,8
6892,18
6892,19
6892,35
6892,52
6892,55
6892,63
6892,72
6892,102
11833,18
11833,25
11833,34
11833,35
11833,37
11833,42
11833,48
11833,52
11833,63
11833,72
11786,18
11786,25
11786,29
11786,34
11786,35
11786,37
11786,43
11786,48
11786,52
11786,55
11786,63
11786,72
11786,77
11786,97
11786,102
11544,18
11544,23
11544,63
11544,69
11544,72
10370,18
10370,21
10370,23
10370,35
10370,42
10370,48
10370,55
10370,63
10370,72
10370,102
9294,18
9294,19
9294,35
9294,42
9294,43
9294,52
9294,63
9294,72
13327,35
13327,37
13327,40
13327,48
13327,63
13327,72
11269,18
11269,23
11269,24
11269,27
11269,35
11269,52
11590,18
11590,24
11590,29
11590,34
11590,35
11590,42
14506,63
14506,67
14506,72
3891,35
3891,95
3891,96
3891,101
6692,1
6692,4
6692,18
6692,19
6692,35
6692,52
6692,63
6692,72
2365,18
2365,20
2365,34
2365,35
2365,48
10494,18
10494,21
10494,29
10494,35
10494,38
10494,41
10494,55
10494,62
3791,35
3791,37
3791,41
3791,55
3791,77
3791,97
3791,102
3130,35
3130,36
3130,48
3130,77
3130,97
11168,18
11168,22
11168,35
11168,41
11168,43
11168,48
11168,55
11168,63
11168,72
11168,102
5494,55
5494,76
5494,77
5494,97
5494,102
2051,18
2051,22
2051,34
2051,35
2051,48
2051,52
6087,1
6087,3
6087,18
6087,20
6087,22
6087,23
6087,55
6087,63
6087,72
6087,102
6164,1
6164,3
6164,18
6164,23
6164,34
2425,18
2425,35
2425,41
2425,43
2425,63
2425,72
2425,100
2740,35
2740,37
2740,74
2740,80
2740,83
2740,97
2740,120
2740,122
12814,18
12814,34
12814,35
12814,41
12814,48
12814,55
12814,77
12814,97
12814,102
5871,1
5871,3
5871,5
5871,6
5871,8
5871,35
5871,48
5871,63
5871,72
3382,1
3382,5
3382,18
3382,23
12740,18
12740,34
12740,35
12740,39
12740,48
12740,55
12740,62
5839,1
5839,3
5839,4
5839,35
5839,43
5839,55
5839,62
5839,63
5839,72
4211,1
4211,5
4211,8
4211,9
4211,35
4211,48
12951,18
12951,34
12951,35
12951,52
12951,55
12951,63
12951,69
12951,102
4909,18
4909,25
4909,35
4909,41
4909,42
2596,18
2596,19
2596,24
2596,55
2596,63
2596,72
2596,102
1089,18
1089,20
1089,35
1089,48
1089,55
1089,62
1089,63
1089,72
8376,13
8376,14
8376,18
8376,20
8376,23
8376,55
8376,63
8376,72
8376,102
10903,18
10903,22
10903,25
10903,55
10903,63
10903,72
10903,77
10903,97
10903,102
3353,1
3353,5
3353,6
3353,55
3353,80
3353,83
3353,102
1945,35
1945,37
1945,39
1945,55
1945,102
5015,18
5015,31
5015,35
5015,43
5015,48
2658,18
2658,22
2658,35
2658,49
2658,55
2658,102
10872,18
10872,22
10872,25
10872,26
10872,35
10872,43
10872,52
10872,55
10872,102
5988,1
5988,3
5988,6
5988,13
5988,14
5988,55
5988,63
5988,71
5988,102
1050,18
1050,34
1050,35
1050,48
1050,55
1050,62
9519,18
9519,20
9519,22
9519,23
9519,27
9519,34
9519,35
9519,38
9519,41
9519,63
9519,72
10909,18
10909,22
10909,26
10909,31
10909,34
10909,35
10909,42
10909,52
10909,55
10909,63
10909,72
10909,77
10909,97
10909,102
7545,1
7545,5
7545,89
7545,90
7545,96
4648,18
4648,20
4648,35
4648,47
4648,48
4648,52
4648,63
4648,72
1730,35
1730,43
1730,48
1730,52
1730,63
1730,72
11996,18
11996,25
11996,35
11996,52
11996,55
11996,62
11996,63
11996,72
11996,80
11996,81
3675,18
3675,27
3675,34
3675,35
3675,48
13370,35
13370,37
13370,41
13370,50
5109,18
5109,35
5109,37
5109,38
5109,63
5109,72
5109,100
2373,18
2373,21
2373,35
2373,47
8569,18
8569,19
8569,20
8569,21
8569,35
8569,41
8569,55
8569,63
8569,72
8569,102
3396,1
3396,6
3396,8
3396,10
3396,76
3396,97
3396,111
3795,35
3795,37
3795,43
3795,52
3795,55
3795,62
9906,18
9906,20
9906,29
9906,35
9906,48
9906,55
9906,63
9906,72
9906,102
9273,18
9273,19
9273,35
9273,41
9273,43
9273,55
9273,63
9273,72
9273,77
9273,97
9273,102
10421,18
10421,21
10421,25
10421,34
10421,35
10421,42
10421,63
10421,72
11807,18
11807,25
11807,29
11807,55
11807,62
11807,63
11807,72
8758,18
8758,19
8758,20
8758,35
8758,43
8758,55
8758,62
8758,63
8758,72
3193,35
3193,48
3193,55
3193,63
3193,72
3193,77
3193,97
3193,102
4649,18
4649,20
4649,35
4649,47
4649,48
4649,55
4649,63
4649,72
4649,102
14898,77
14898,78
14898,95
14898,96
14898,97
14898,132
11691,18
11691,24
11691,35
11691,41
11691,48
11691,54
11691,55
11691,102
2559,1
2559,5
2559,18
2559,19
2559,63
2559,72
11538,18
11538,23
11538,35
11538,52
11538,80
11538,83
6667,1
6667,4
6667,12
6667,80
6667,81
5251,35
5251,38
5251,74
5251,97
5251,122
2474,35
2474,49
2474,52
2474,55
2474,63
2474,70
2474,102
8289,1
8289,35
8289,48
8289,55
8289,63
8289,72
8289,98
8289,102
12096,18
12096,27
12096,34
12096,35
12096,43
12096,48
12096,52
12096,55
12096,102
6208,1
6208,3
6208,18
6208,29
6208,63
6208,72
2290,74
2290,75
2290,97
2290,112
2290,114
2290,122
2290,126
1836,35
1836,48
1836,80
1836,83
3374,1
3374,5
3374,8
3374,76
3374,97
3374,107
3688,18
3688,29
3688,31
12020,18
12020,26
12020,29
12020,55
12020,102
1510,18
1510,35
1510,40
1510,41
1510,55
1510,100
1510,102
6050,1
6050,3
6050,13
6050,14
8501,13
8501,15
8501,35
8501,41
8501,55
8501,102
966,18
966,35
966,41
966,42
966,55
966,100
966,102
1908,18
1908,21
1908,77
1908,97
10319,18
10319,21
10319,22
10319,29
10319,30
10319,55
10319,102
1409,63
1409,71
1409,74
1409,97
1409,120
3343,1
3343,4
3343,80
3343,83
5956,1
5956,3
5956,5
5956,35
5956,43
5956,52
5956,55
5956,63
5956,72
5956,102
1978,74
1978,77
1978,78
1978,97
1978,120
1978,122
1978,132
13493,35
13493,37
13493,52
13493,55
13493,62
13493,63
13493,71
13493,77
13493,80
13493,83
13493,97
5263,35
5263,39
5263,80
5263,83
13128,18
13128,35
13128,41
13128,48
13128,52
13128,55
13128,58
13128,100
8677,18
8677,19
8677,20
8677,29
8677,34
8677,35
8677,41
8677,55
8677,63
8677,72
8677,102
14440,55
14440,62
14440,78
14440,80
14440,83
14440,97
14440,132
7361,1
7361,5
7361,18
7361,23
7361,35
7361,37
7361,52
7361,55
7361,63
7361,72
7361,102
9747,18
9747,20
9747,24
9747,35
9747,37
9747,41
9747,55
9747,63
9747,72
9747,102
5095,18
5095,34
5095,35
5095,52
5095,55
5095,58
5095,63
5095,72
2068,18
2068,29
2068,35
2068,48
2068,52
2068,55
2068,102
4097,1
4097,3
4097,84
4097,105
5071,18
5071,34
5071,35
5071,42
5071,48
5071,52
5071,55
5071,62
5071,63
5071,72
4631,18
4631,20
4631,35
4631,39
4631,52
4631,63
4631,72
14587,74
14587,75
14587,76
14587,97
14587,107
14587,110
14587,119
14587,120
13058,18
13058,35
13058,38
13058,40
13058,41
13058,100
6947,1
6947,5
6947,6
6947,9
6947,35
6947,52
2653,18
2653,22
2653,34
2653,63
2653,72
8164,1
8164,9
8164,89
8164,96
10940,18
10940,22
10940,27
10940,35
10940,52
13684,35
13684,40
13684,41
13684,42
13684,43
13684,48
13684,55
13684,102
2886,1
2886,5
2886,18
2886,20
2886,35
2886,48
2886,55
2886,63
2886,72
2886,102
7677,1
7677,6
7677,18
7677,19
7677,35
7677,42
7677,48
7677,55
7677,62
3644,18
3644,24
3644,35
3644,37
3644,55
3644,102
8624,18
8624,19
8624,20
8624,23
8624,25
8624,35
8624,42
8624,49
8624,52
8624,63
8624,72
14139,35
14139,48
14139,76
14139,77
14139,97
6706,1
6706,4
6706,18
6706,20
6706,35
6706,37
6706,48
6706,52
6706,55
6706,62
6706,63
6706,72
8673,18
8673,19
8673,20
8673,28
8673,29
8673,34
8673,35
8673,42
8673,48
8673,55
8673,63
8673,72
8673,102
3442,1
3442,9
3442,77
3442,97
1370,55
1370,62
1370,74
1370,75
1370,97
1370,112
1370,113
1370,120
1370,122
7356,1
7356,5
7356,18
7356,22
7356,35
7356,48
7356,63
7356,72
11233,18
11233,22
11233,35
11233,48
11233,55
11233,62
11233,63
11233,72
3905,55
3905,62
3905,74
3905,75
3905,78
3905,97
3905,112
3905,113
3905,120
3905,132
5984,1
5984,3
5984,6
5984,10
5984,35
5984,43
5984,63
5984,72
13566,35
13566,37
13566,74
13566,75
13566,79
13566,80
13566,83
13566,97
13566,112
13566,113
13566,120
4952,18
4952,27
4952,35
4952,41
4952,63
4952,72
7396,1
7396,5
7396,18
7396,32
7396,35
7396,48
7396,55
7396,102
3390,1
3390,5
3390,55
3390,74
3390,97
3390,102
3390,120
9105,18
9105,19
9105,29
9105,35
9105,41
9105,55
9105,62
9105,63
9105,72
13481,35
13481,37
13481,48
13481,77
13481,97
9769,18
9769,20
9769,25
9769,28
9769,63
9769,72
3268,1
3268,2
3268,5
3268,8
3268,55
3268,102
5423,35
5423,63
5423,69
5423,72
5423,101
1342,1
1342,5
1342,35
1342,52
1342,55
1342,102
10829,18
10829,22
10829,23
10829,35
10829,43
10829,55
10829,102
8798,18
8798,19
8798,21
8798,27
8798,35
8798,48
8798,63
8798,72
1444,18
1444,20
1444,35
1444,48
1444,52
1444,55
1444,63
1444,72
1444,102
5053,18
5053,34
5053,35
5053,40
5053,42
5053,55
5053,102
5237,35
5237,38
5237,42
5237,49
5237,63
5237,72
13296,35
13296,37
13296,38
13296,42
13296,49
13296,63
13296,72
10942,18
10942,22
10942,27
10942,63
10942,72
1989,1
1989,3
1989,6
1989,55
1989,63
1989,72
1989,102
3835,35
3835,41
3835,63
3835,72
3835,77
3835,97
7881,1
7881,7
7881,8
7881,9
2385,18
2385,23
2385,34
2385,35
2385,42
12121,18
12121,27
12121,35
12121,41
12121,52
12121,55
12121,102
6979,1
6979,5
6979,6
6979,18
6979,22
6979,35
6979,52
5279,35
5279,41
5279,42
5279,48
5279,52
5279,55
5279,63
5279,72
5279,102
11599,18
11599,24
11599,29
11599,35
11599,52
13980,35
13980,43
13980,52
13980,55
13980,80
13980,81
13980,102
6521,1
6521,4
6521,6
6521,8
6521,35
6521,43
6521,55
6521,102
11452,18
11452,23
11452,35
11452,37
11452,41
11452,43
5577,74
5577,78
5577,79
5577,97
5577,120
5577,132
3299,1
3299,3
3299,18
3299,34
3299,35
3299,52
3299,63
3299,72
2354,13
2354,14
2354,54
7022,1
7022,5
7022,6
7022,35
7022,48
7022,52
7022,63
7022,72
6684,1
6684,4
6684,18
6684,19
6684,29
6684,35
6684,43
6684,55
6684,63
6684,72
6684,102
9780,18
9780,20
9780,25
9780,29
9780,35
9780,52
9780,55
9780,62
9780,63
9780,72
9780,75
9780,80
9780,83
9780,97
9780,118
9748,18
9748,20
9748,24
9748,35
9748,37
9748,48
9748,55
9748,63
9748,70
9748,72
9748,102
10418,18
10418,21
10418,25
10418,34
10418,35
10418,42
10418,48
10418,49
10418,55
10418,63
10418,72
10418,77
10418,97
10418,102
4169,1
4169,4
4169,55
4169,84
4169,85
4169,102
4257,1
4257,5
4257,35
4257,37
4257,55
4257,62
4257,80
4257,83
3846,35
3846,43
3846,49
3846,52
3846,55
3846,62
6195,1
6195,3
6195,18
6195,25
6195,55
6195,63
6195,72
6195,102
10183,18
10183,20
10183,35
10183,42
10183,49
10183,52
10183,63
10183,72
7819,1
7819,6
7819,35
7819,76
7819,97
7819,101
7819,111
10919,18
10919,22
10919,26
10919,35
10919,101
9090,18
9090,19
9090,29
9090,30
9090,35
9090,52
9090,55
9090,63
9090,72
9090,102
4383,1
4383,10
4383,11
2898,1
2898,6
2898,35
2898,41
2898,55
2898,102
2607,18
2607,19
2607,35
2607,49
2607,63
2607,72
7679,1
7679,6
7679,18
7679,19
7679,35
7679,48
7679,55
7679,63
7679,72
7679,102
11933,18
11933,25
11933,35
11933,41
11933,42
11933,48
11933,55
11933,63
11933,72
11933,102
12791,18
12791,34
12791,35
12791,41
12791,43
12791,48
14886,76
14886,78
14886,97
14886,127
11739,18
11739,24
11739,35
11739,49
11739,55
11739,63
11739,72
11739,102
9566,18
9566,20
9566,22
9566,25
9566,34
9566,35
9566,42
9566,43
9566,48
9566,52
9566,55
9566,63
9566,72
9566,102
10611,18
10611,21
10611,35
10611,38
10611,55
10611,63
10611,72
10611,102
4550,18
4550,20
4550,21
4550,35
4550,37
4550,63
4550,72
7612,1
7612,6
7612,8
7612,76
7612,97
12360,18
12360,29
12360,35
12360,41
12360,48
12360,52
12360,55
12360,102
2635,18
2635,21
2635,29
2635,34
1576,35
1576,37
1576,41
1576,55
1576,62
1576,63
1576,72
8072,1
8072,9
8072,18
8072,22
8072,55
8072,102
10826,18
10826,22
10826,23
10826,35
10826,43
10826,48
4949,18
4949,27
4949,35
4949,38
14810,75
14810,76
14810,78
14810,97
14810,119
14810,132
12023,18
12023,26
12023,31
12023,55
12023,102
3760,18
3760,34
3760,55
3760,63
3760,72
3760,95
3760,96
3760,102
7523,1
7523,5
7523,55
7523,90
7523,96
7523,102
6166,1
6166,3
6166,18
6166,23
6166,34
6166,35
6166,48
5943,1
5943,3
5943,5
5943,18
5943,29
5943,63
5943,72
2129,75
2129,80
2129,81
2129,83
2129,97
2129,118
3931,63
3931,70
3931,74
3931,79
3931,97
3931,120
3931,122
9975,18
9975,20
9975,34
9975,35
9975,41
9975,42
9975,48
9975,55
9975,63
9975,72
9975,80
9975,81
9975,102
4101,1
4101,4
4101,5
4101,6
4101,8
4101,80
4101,81
10201,18
10201,20
10201,35
10201,43
10201,55
10201,63
10201,72
10201,77
10201,97
10201,102
4253,1
4253,5
4253,18
4253,34
4253,63
4253,72
12899,18
12899,34
12899,35
12899,45
12899,63
12899,72
14035,35
14035,45
14035,52
14035,55
14035,77
14035,97
14035,102
4266,1
4266,5
4266,35
4266,48
4266,49
4266,55
4266,102
11716,18
11716,24
11716,35
11716,43
11716,48
11716,52
4938,18
4938,26
4938,55
4938,63
4938,72
4938,102
13806,35
13806,41
13806,48
13806,55
13806,63
13806,72
13806,77
13806,97
13806,102
3821,35
3821,40
3821,55
3821,63
3821,72
3821,102
10580,18
10580,21
10580,35
10580,37
10580,38
10580,55
10580,63
10580,72
10580,102
5304,35
5304,41
5304,74
5304,97
5304,120
10495,18
10495,21
10495,29
10495,35
10495,38
10495,42
10495,55
10495,63
10495,72
10495,77
10495,97
10495,102
7161,1
7161,5
7161,8
7161,35
7161,37
7161,43
7161,55
7161,63
7161,67
7161,102
14740,74
14740,76
14740,97
14740,111
14740,122
14740,124
5863,1
5863,3
5863,4
5863,63
5863,67
3378,1
3378,5
3378,9
3378,55
3378,63
3378,72
3378,102
3996,1
3996,2
3996,35
3996,48
7640,1
7640,6
7640,10
7640,35
7640,48
7640,63
7640,72
7908,1
7908,8
7908,13
7908,14
7908,63
7908,71
10519,18
10519,21
10519,34
10519,35
10519,36
6108,1
6108,3
6108,18
6108,20
6108,35
6108,48
6108,63
6108,72
6108,76
6108,77
6108,97
4013,1
4013,3
4013,4
4013,10
4013,55
4013,62
3086,18
3086,31
3086,35
3086,49
2467,35
2467,45
2467,48
2467,50
4491,18
4491,19
4491,34
4491,35
4491,37
4491,55
4491,63
4491,72
4491,102
3492,18
3492,19
3492,35
3492,37
3492,43
3492,63
3492,72
12760,18
12760,34
12760,35
12760,40
12760,48
12760,63
12760,72
5290,35
5290,41
5290,48
5290,52
5290,55
5290,63
5290,72
5290,77
5290,97
5290,102
10353,18
10353,21
10353,23
10353,25
10353,31
10353,55
10353,63
10353,72
10353,102
7171,1
7171,5
7171,8
7171,35
7171,41
7171,43
7171,76
7171,97
7171,111
13711,35
13711,40
13711,42
13711,49
13711,63
13711,72
13711,77
13711,97
2102,35
2102,42
2102,63
2102,72
2102,77
2102,97
675,18
675,35
675,38
675,63
675,72
675,100
10172,18
10172,20
10172,35
10172,42
10172,48
10172,49
10172,55
10172,62
10172,63
10172,72
7042,1
7042,5
7042,6
7042,63
7042,69
7042,70
3546,18
3546,20
3546,35
3546,38
3546,55
3546,62
3546,63
3546,72
10865,18
10865,22
10865,24
10865,35
10865,48
4129,1
4129,4
4129,6
4129,35
4129,43
4129,55
4129,102
13192,18
13192,35
13192,43
13192,55
13192,62
13192,100
10413,18
10413,21
10413,25
10413,31
10413,34
10413,35
10413,43
10413,48
10413,63
10413,72
8323,1
8323,63
8323,69
8323,71
8323,80
8323,81
8323,98
8782,18
8782,19
8782,21
8782,22
8782,29
8782,35
8782,42
8782,49
8782,55
8782,63
8782,72
8782,102
6035,1
6035,3
6035,9
6035,35
6035,37
6035,41
6035,55
6035,62
6035,63
6035,72
4879,18
4879,24
4879,35
4879,43
4879,48
4879,63
4879,72
11930,18
11930,25
11930,35
11930,39
11930,55
11930,102
7375,1
7375,5
7375,18
7375,25
7375,35
7375,52
7375,55
7375,62
5110,18
5110,35
5110,37
5110,39
5110,100
14004,35
14004,43
14004,63
14004,70
14004,77
14004,97
8742,18
8742,19
8742,20
8742,35
8742,42
8742,48
8742,52
8742,55
8742,63
8742,72
8742,102
4362,1
4362,9
4362,18
4362,23
4362,55
4362,102
10880,18
10880,22
10880,25
10880,29
10880,34
10880,35
10880,43
10880,55
10880,102
13966,35
13966,43
13966,49
13966,55
13966,63
13966,72
13966,102
10787,18
10787,22
10787,23
10787,34
10787,35
10787,42
10787,48
10787,52
10787,55
10787,102
7016,1
7016,5
7016,6
7016,35
7016,43
7016,55
7016,63
7016,69
7016,72
7016,102
11135,18
11135,22
11135,35
11135,37
11135,46
11135,48
11135,52
3636,18
3636,23
3636,35
3636,63
3636,72
3636,101
4105,1
4105,4
4105,5
4105,6
4105,55
4105,62
13881,35
13881,42
13881,48
13881,49
13881,52
13881,63
13881,72
7138,1
7138,5
7138,8
7138,18
7138,29
11316,18
11316,23
11316,25
11316,27
11316,63
11316,72
4937,18
4937,26
4937,35
4937,49
1449,18
1449,24
1449,35
1449,42
1449,55
1449,102
14393,55
14393,62
14393,74
14393,75
14393,80
14393,83
14393,97
14393,112
14393,113
14393,120
14393,122
5112,18
5112,35
5112,37
5112,41
5112,42
5112,48
5112,55
5112,63
5112,72
5112,100
5112,102
7236,1
7236,5
7236,8
7236,75
7236,97
7236,112
7236,113
10143,18
10143,20
10143,35
10143,41
10143,47
12739,18
12739,34
12739,35
12739,39
12739,48
12739,52
12739,55
12739,102
12321,18
12321,29
12321,35
12321,37
12321,42
12321,49
12321,63
12321,72
4682,18
4682,21
4682,34
4682,35
4682,42
2992,18
2992,20
2992,63
2992,70
10546,18
10546,21
10546,34
10546,35
10546,41
10546,42
10546,55
10546,63
10546,72
10546,102
13034,18
13034,35
13034,37
13034,41
13034,48
13034,100
5450,55
5450,58
5450,63
5450,69
5450,80
5450,81
3368,1
3368,5
3368,8
3368,35
3368,48
3368,63
3368,72
2736,35
2736,37
2736,63
2736,72
2736,80
2736,83
7855,1
7855,6
7855,63
7855,69
7855,71
7855,84
7855,85
8843,18
8843,19
8843,22
8843,23
8843,29
8843,34
8843,35
8843,41
8843,42
8843,52
8843,55
8843,63
8843,72
8843,102
10051,18
10051,20
10051,35
10051,37
10051,41
10051,49
10051,52
10051,55
10051,62
10051,63
10051,72
10745,18
10745,22
10745,23
10745,29
10745,34
10745,35
10745,37
10745,48
10745,55
10745,63
10745,72
10745,102
3408,1
3408,6
3408,35
3408,48
3408,55
3408,63
3408,72
3408,102
10834,18
10834,22
10834,23
10834,35
10834,48
10834,52
10834,55
10834,95
10834,96
10834,102
11305,18
11305,23
11305,24
11305,35
11305,101
13184,18
13184,35
13184,42
13184,74
13184,97
13184,100
13184,120
14460,55
14460,63
14460,70
14460,80
14460,81
14460,102
4150,1
4150,4
4150,35
4150,37
4150,55
4150,62
1947,35
1947,37
1947,55
1947,62
1947,75
1947,97
1947,118
11407,18
11407,23
11407,34
11407,35
11407,37
11407,41
11407,48
11407,49
11407,52
11407,55
11407,62
11407,63
11407,72
11975,18
11975,25
11975,35
11975,43
11975,52
11975,63
11975,72
4782,18
4782,22
4782,35
4782,42
4782,52
4782,55
4782,102
4624,18
4624,20
4624,35
4624,37
4624,42
4624,55
4624,62
4624,63
4624,72
8861,18
8861,19
8861,22
8861,23
8861,55
8861,63
8861,72
8861,102
14093,35
14093,48
14093,52
14093,55
14093,63
14093,70
14093,72
14093,102
12144,18
12144,27
12144,35
12144,49
12144,63
12144,72
14671,74
14671,75
14671,97
14671,112
14671,113
14671,118
14671,120
14671,126
6806,1
6806,4
6806,35
6806,43
6806,52
6806,76
6806,77
6806,97
5498,55
5498,89
5498,90
5498,95
5498,96
5498,102
2377,18
2377,22
2377,24
8726,18
8726,19
8726,20
8726,35
8726,37
8726,48
8726,55
8726,62
8726,63
8726,72
5339,35
5339,44
5339,48
5339,52
6403,1
6403,4
6403,5
6403,6
6403,8
6403,35
6403,43
6403,48
6403,80
6403,81
6403,91
6403,96
7733,1
7733,6
7733,18
7733,34
7733,35
7733,48
7733,52
2171,1
2171,8
2171,93
2171,96
14530,63
14530,70
14530,74
14530,78
14530,97
14530,120
14530,132
10691,18
10691,21
10691,79
10691,80
10691,83
4541,18
4541,19
4541,54
4541,55
4541,102
14790,75
14790,76
14790,77
14790,78
14790,97
14790,119
14790,132
13438,35
13438,37
13438,43
13438,52
13438,55
13438,58
1870,1
1870,3
1870,35
1870,43
1870,52
1870,55
1870,102
2260,35
2260,41
2260,55
2260,62
2260,80
2260,83
2876,1
2876,4
2876,84
2876,105
10193,18
10193,20
10193,35
10193,43
10193,48
10193,55
10193,63
10193,72
10193,95
10193,96
10193,102
2374,18
2374,21
2374,35
2374,49
2374,63
2374,72
2611,18
2611,20
2611,21
2611,35
2611,52
2480,35
2480,54
2480,63
2480,70
2480,101
11353,18
11353,23
11353,27
11353,35
11353,52
11353,55
11353,102
7922,1
7922,8
7922,18
7922,20
7922,35
7922,37
7922,55
7922,63
7922,70
7922,72
7922,102
3211,55
3211,62
3211,63
3211,71
3211,80
3211,81
3207,55
3207,56
3207,63
3207,64
7608,1
7608,6
7608,8
7608,63
7608,72
7608,76
7608,97
8538,18
8538,19
8538,20
8538,21
8538,22
8538,34
8538,35
8538,41
8538,54
8538,55
8538,63
8538,72
8538,102
13318,35
13318,37
13318,39
13318,55
13318,58
13318,63
13318,72
2345,1
2345,9
2345,55
2345,62
2345,79
4284,1
4284,6
4284,8
4284,10
4284,35
4284,37
13478,35
13478,37
13478,48
13478,63
13478,72
13478,80
13478,81
9821,18
9821,20
9821,25
9821,35
9821,38
9821,63
9821,72
9821,77
9821,97
13106,18
13106,35
13106,41
13106,42
13106,48
13106,55
13106,62
13106,63
13106,72
13106,100
6672,1
6672,4
6672,13
6672,14
6672,35
6672,37
5725,1
5725,3
5725,4
5725,5
5725,8
5725,35
5725,43
5725,48
5725,52
5725,55
5725,102
7809,1
7809,6
7809,35
7809,52
7809,55
7809,63
7809,72
7809,77
7809,97
7809,102
2901,1
2901,6
2901,35
2901,52
2901,55
2901,102
2877,1
2877,5
2877,6
2877,8
2877,35
2877,43
2877,55
2877,102
9236,18
9236,19
9236,35
9236,37
9236,42
9236,55
9236,63
9236,72
9236,102
3057,18
3057,25
3057,95
3057,96
10252,18
10252,20
10252,35
10252,52
10252,55
10252,62
10252,63
10252,72
10252,80
10252,83
850,18
850,34
850,35
850,40
850,63
850,72
6060,1
6060,3
6060,18
6060,19
6060,22
6060,35
6060,42
6060,52
6060,63
6060,72
13959,35
13959,43
13959,48
13959,80
13959,81
13866,35
13866,42
13866,43
13866,48
13866,55
13866,63
13866,72
13866,102
4422,13
4422,14
4422,18
4422,20
4422,35
4422,48
4422,63
4422,72
11195,18
11195,22
11195,35
11195,42
11195,49
2411,18
2411,34
2411,35
2411,37
2411,52
2411,55
2411,62
9274,18
9274,19
9274,35
9274,41
9274,43
9274,55
9274,102
4224,1
4224,5
4224,8
4224,35
4224,42
4224,63
4224,72
2697,18
2697,29
2697,35
2697,52
2697,63
2697,70
2490,55
2490,74
2490,97
2490,102
2490,120
2490,122
10374,18
10374,21
10374,23
10374,55
10374,63
10374,72
10374,102
11984,18
11984,25
11984,35
11984,48
11984,52
11984,55
11984,62
11984,63
11984,72
11984,77
11984,79
11984,97
12448,18
12448,30
12448,35
12448,42
12448,43
12448,48
12448,63
12448,72
4776,18
4776,22
4776,35
4776,39
4776,55
4776,102
1182,1
1182,5
1182,6
1182,35
1182,48
10729,18
10729,22
10729,23
10729,27
10729,35
10729,41
10729,48
10729,55
10729,102
13967,35
13967,43
13967,50
13967,52
13967,55
13967,102
10724,18
10724,22
10724,23
10724,27
10724,34
10724,35
10724,41
10724,42
10724,48
10724,55
10724,63
10724,72
10724,102
3573,18
3573,21
3573,29
3573,35
3573,52
8905,18
8905,19
8905,22
8905,34
8905,35
8905,42
8905,48
8905,63
8905,72
12285,18
12285,29
12285,34
12285,35
12285,45
12285,52
12285,55
12285,102
7507,1
7507,5
7507,55
7507,62
7507,79
7507,80
7507,83
6586,1
6586,4
6586,6
6586,54
6586,63
6586,70
4495,18
4495,19
4495,34
4495,35
4495,42
4495,48
4495,63
4495,72
2402,18
2402,28
2402,35
2402,41
12895,18
12895,34
12895,35
12895,44
12895,52
12895,55
12895,102
14308,54
14308,63
14308,68
14308,80
14308,81
5792,1
5792,3
5792,4
5792,13
5792,14
2990,18
2990,20
2990,35
2990,49
2990,55
2990,102
12066,18
12066,27
12066,29
12066,35
12066,37
12066,41
12066,48
12066,55
12066,102
1826,35
1826,37
1826,48
1826,55
1826,63
1826,72
1826,102
3661,18
3661,25
3661,35
3661,47
7671,1
7671,6
7671,18
7671,19
7671,34
7671,35
7671,37
7671,48
7671,55
7671,62
7671,63
7671,72
7671,95
7671,96
8388,13
8388,14
8388,18
8388,20
8388,35
8388,41
8388,55
8388,63
8388,72
8388,102
2141,1
2141,3
2141,8
2141,10
14126,35
14126,48
14126,55
14126,80
14126,83
14126,102
9169,18
9169,19
9169,34
9169,35
9169,41
9169,47
9169,48
9169,55
9169,63
9169,72
9169,102
4424,13
4424,14
4424,18
4424,25
4424,55
4424,63
4424,72
4424,102
6023,1
6023,3
6023,8
6023,18
6023,25
6023,35
6023,48
6023,55
6023,63
6023,72
6023,102
14594,74
14594,75
14594,76
14594,97
14594,107
14594,112
14594,113
14594,114
14594,118
14594,120
4656,18
4656,20
4656,35
4656,48
4656,55
4656,63
4656,72
4656,80
4656,81
4656,102
2738,35
2738,37
2738,74
2738,75
2738,97
2738,118
2738,122
7776,1
7776,6
7776,35
7776,43
7776,52
7776,63
7776,72
7776,76
7776,77
7776,97
7776,111
9057,18
9057,19
9057,25
9057,34
9057,35
9057,42
9057,48
9057,55
9057,62
9057,63
9057,72
13901,35
13901,42
13901,49
13901,52
13901,77
13901,97
2272,35
2272,48
2272,95
2272,96
2183,18
2183,19
2183,24
2183,35
2183,48
2183,63
2183,72
6627,1
6627,4
6627,8
6627,35
6627,52
6627,55
6627,102
7132,1
7132,5
7132,8
7132,18
7132,25
7132,55
7132,63
7132,72
7132,102
14338,55
14338,59
14338,63
14338,69
14338,80
14338,81
2303,1
2303,3
2303,4
2303,6
2303,63
2303,72
2340,1
2340,6
2340,35
2340,41
5302,35
5302,41
5302,55
5302,63
5302,70
5302,102
10479,18
10479,21
10479,29
10479,34
10479,35
10479,41
10479,49
10479,55
10479,63
10479,72
10479,102
3069,18
3069,29
3069,35
3069,37
3069,48
14424,55
14424,62
14424,75
14424,76
14424,97
14424,107
14424,112
14424,113
14424,118
12450,18
12450,30
12450,35
12450,42
12450,48
12450,52
12450,55
12450,102
7119,1
7119,5
7119,8
7119,18
7119,22
7119,35
7119,37
7119,41
7119,52
10797,18
10797,22
10797,23
10797,34
10797,35
10797,48
10797,55
10797,63
10797,69
10797,72
10797,102
9701,18
9701,20
9701,23
9701,35
9701,37
9701,52
9701,63
9701,72
12743,18
12743,34
12743,35
12743,39
12743,52
1982,76
1982,78
1982,97
1982,107
1982,127
1982,132
3794,35
3794,37
3794,43
3794,48
3794,55
3794,102
4950,18
4950,27
4950,35
4950,39
4950,55
4950,102
1997,1
1997,4
1997,5
1997,8
1997,55
1997,62
1721,18
1721,35
1721,41
1721,49
1721,100
6790,1
6790,4
6790,35
6790,41
6790,49
6790,55
6790,102
8987,18
8987,19
8987,24
8987,26
9581,18
9581,20
9581,22
9581,28
9581,30
9581,34
9581,35
9581,37
9581,41
9581,42
9581,43
9581,48
9581,52
9581,55
9581,58
9581,63
9581,72
11016,18
11016,22
11016,30
11016,35
11016,55
11016,63
11016,72
11016,101
11016,102
3920,55
3920,62
3920,75
3920,78
3920,97
3920,112
3920,113
3920,132
2806,74
2806,76
2806,97
2806,107
2806,122
2806,124
9475,18
9475,20
9475,21
9475,34
9475,35
9475,42
9475,49
9475,63
9475,72
11005,18
11005,22
11005,30
11005,34
11005,35
11005,43
11005,48
11005,52
11005,55
11005,63
11005,72
11005,102
8977,18
8977,19
8977,23
8977,35
8977,43
8977,52
8977,55
8977,63
8977,72
8977,102
10902,18
10902,22
10902,25
10902,35
10902,63
10902,72
10902,101
5433,54
5433,55
5433,62
5433,79
5433,80
5433,83
13907,35
13907,42
13907,49
13907,80
13907,81
13255,35
13255,36
13255,43
13255,48
13255,52
2245,18
2245,35
2245,42
2245,48
2245,55
2245,63
2245,72
2245,100
2245,102
9159,18
9159,19
9159,34
9159,35
9159,40
9159,42
9159,63
9159,72
6301,1
6301,3
6301,35
6301,41
6301,52
6301,55
6301,63
6301,72
6301,80
6301,83
6301,102
7341,1
7341,5
7341,18
7341,21
7341,34
7341,55
7341,102
3295,1
3295,3
3295,18
3295,22
3295,35
3295,48
7470,1
7470,5
7470,35
7470,43
7470,54
7470,63
7470,70
3900,55
3900,59
3900,61
3900,62
10397,18
10397,21
10397,24
10397,35
10397,49
10397,55
10397,63
10397,72
10397,102
13973,35
13973,43
13973,52
13973,54
13973,77
13973,97
5496,55
5496,76
5496,95
5496,96
5496,97
5496,102
5496,111
3715,18
3715,32
3715,35
3715,42
3715,63
3715,72
8884,18
8884,19
8884,22
8884,29
8884,35
8884,55
8884,63
8884,72
8884,101
8884,102
8137,1
8137,9
8137,55
8137,62
8137,75
8137,97
7105,1
7105,5
7105,8
7105,18
7105,20
7105,22
7105,35
7105,37
7105,55
7105,63
7105,72
7105,102
4119,1
4119,4
4119,5
4119,35
4119,48
4119,63
4119,72
6231,1
6231,3
6231,18
6231,34
6231,35
6231,48
6231,52
6231,55
6231,102
13601,35
13601,38
13601,41
13601,48
13601,77
13601,97
9886,18
9886,20
9886,29
9886,35
9886,37
9886,42
9886,43
9886,55
9886,62
9886,63
9886,72
9356,18
9356,19
9356,35
9356,48
9356,55
9356,63
9356,72
9356,77
9356,97
9356,102
12453,18
12453,30
12453,35
12453,42
12453,63
12453,72
3898,54
3898,63
3898,71
7499,1
7499,5
7499,55
7499,62
7499,63
7499,70
6315,1
6315,3
6315,35
6315,43
6315,48
6315,52
6315,55
6315,58
4116,1
4116,4
4116,5
4116,35
4116,43
4116,52
4116,55
4116,102
5340,35
5340,44
5340,48
5340,52
5340,77
5340,97
13331,35
13331,37
13331,40
13331,55
13331,62
13331,63
13331,72
8236,1
8236,10
8236,76
8236,80
8236,81
8236,83
8236,97
8236,111
8206,1
8206,10
8206,35
8206,37
8206,43
8206,48
11083,18
11083,22
11083,34
11083,35
11083,48
11083,52
11083,55
11083,62
12112,18
12112,27
12112,35
12112,37
12112,49
12112,55
12112,102
8334,1
8334,63
8334,72
8334,76
8334,97
8334,98
8334,107
8334,111
3635,18
3635,23
3635,35
3635,52
3635,55
3635,58
7993,1
7993,8
7993,35
7993,43
7993,63
7993,72
7993,77
7993,97
10659,18
10659,21
10659,35
10659,43
10659,48
10659,55
10659,62
10659,63
10659,72
11637,18
11637,24
11637,34
11637,35
11637,42
11637,49
11637,63
11637,72
5143,18
5143,35
5143,42
5143,48
5143,52
5143,55
5143,63
5143,72
5143,100
5143,102
9222,18
9222,19
9222,35
9222,37
9222,41
9222,43
9222,48
9222,55
9222,62
9222,63
9222,72
11822,18
11822,25
11822,31
11822,55
11822,63
11822,72
11822,102
12606,18
12606,34
12606,35
12606,36
12606,48
12606,63
12606,72
5170,35
5170,36
5170,43
5170,52
5170,55
5170,62
13817,35
13817,41
13817,49
13817,63
13817,71
13817,80
13817,81
8487,13
8487,14
8487,55
8487,95
8487,96
8487,102
4663,18
4663,20
4663,35
4663,55
4663,62
4663,101
13368,35
13368,37
13368,41
13368,49
13368,55
13368,62
13089,18
13089,35
13089,40
13089,41
13089,43
13089,53
13089,100
2248,35
2248,37
2248,48
2248,52
2248,55
2248,62
9285,18
9285,19
9285,35
9285,41
9285,55
9285,62
9285,63
9285,72
9285,80
9285,83
10975,18
10975,22
10975,29
10975,34
10975,35
10975,101
5025,18
5025,32
5025,35
5025,47
5025,48
10123,18
10123,20
10123,35
10123,39
10123,55
10123,62
10123,63
10123,69
10123,72
10123,75
10123,80
10123,81
10123,97
10123,119
12003,18
12003,25
12003,55
12003,62
12003,63
12003,72
12003,79
12003,80
12003,81
13918,35
13918,42
13918,54
13918,63
13918,72
13918,80
13918,81
2386,18
2386,23
2386,35
2386,43
2386,55
2386,102
9991,18
9991,20
9991,34
9991,35
9991,41
9991,55
9991,102
6471,1
6471,4
6471,5
6471,18
6471,20
6471,24
6471,35
6471,41
6471,43
6471,48
6471,52
6471,55
6471,63
6471,72
6471,80
6471,81
6471,102
2868,1
2868,4
2868,35
2868,43
2868,55
2868,58
2529,1
2529,3
2529,4
2529,5
2529,8
2529,35
2529,43
9099,18
9099,19
9099,29
9099,34
9099,35
9099,48
9099,52
9099,55
9099,63
9099,72
9099,102
4542,18
4542,19
4542,54
4542,63
4542,72
4542,77
4542,97
6747,1
6747,4
6747,18
6747,34
6747,35
6747,41
6747,52
6747,55
6747,63
6747,70
6747,72
6747,102
1667,74
1667,76
1667,97
1667,107
1667,124
3918,55
3918,62
3918,74
3918,97
3918,120
3918,122
3918,124
2745,35
2745,40
2745,42
2745,48
2745,63
2745,72
6160,1
6160,3
6160,18
6160,23
6160,25
6160,35
6160,48
6160,52
6160,54
6160,55
6160,63
6160,70
6160,72
6160,102
5847,1
5847,3
5847,4
5847,35
5847,48
5847,63
5847,72
12907,18
12907,34
12907,35
12907,48
12907,49
12907,52
12907,55
12907,102
8020,1
8020,8
8020,55
8020,76
8020,97
8020,102
8020,111
6359,1
6359,3
6359,35
6359,52
6359,55
6359,62
7832,1
7832,6
7832,55
7832,62
7832,78
7832,97
7832,127
5413,35
5413,52
5413,95
5413,96
5149,18
5149,35
5149,43
5149,52
5149,100
4272,1
4272,5
4272,35
4272,49
4272,52
13406,35
13406,37
13406,42
13406,43
13406,55
13406,63
13406,72
13406,77
13406,97
13406,102
1897,18
1897,19
1897,34
1897,35
1897,63
1897,72
1897,101
1874,1
1874,4
1874,5
1874,6
1874,55
1874,102
8582,18
8582,19
8582,20
8582,22
8582,23
8582,35
8582,37
8582,42
8582,48
8582,49
8582,52
8582,55
8582,58
8582,63
8582,72
8582,77
8582,80
8582,81
8582,97
10967,18
10967,22
10967,29
10967,34
10967,35
10967,42
10967,43
10967,48
3941,74
3941,75
3941,78
3941,97
3941,112
3941,114
3941,120
3941,122
3941,132
2764,35
2764,48
2764,54
2764,63
2764,72
2435,35
2435,37
2435,42
2435,55
2435,62
5163,35
5163,36
5163,40
11753,18
11753,24
11753,54
11753,55
11753,102
8490,13
8490,14
8490,63
8490,69
8490,78
8490,97
8490,132
11837,18
11837,25
11837,34
11837,35
11837,38
11837,55
11837,63
11837,72
11837,102
1602,1
1602,2
1602,6
10071,18
10071,20
10071,35
10071,37
10071,47
10071,48
10071,63
10071,72
10071,80
10071,81
13392,35
13392,37
13392,41
13392,55
13392,74
13392,97
13392,102
13392,122
3595,18
3595,22
3595,27
3595,34
3595,55
3595,102
5224,35
5224,37
5224,55
5224,95
5224,96
5224,102
13770,35
13770,41
13770,43
13770,48
13770,49
13770,55
13770,62
2443,35
2443,38
2443,79
1312,18
1312,25
1312,35
1312,48
1312,55
1312,102
9156,18
9156,19
9156,34
9156,35
9156,40
9156,42
9156,48
9156,52
9156,63
9156,72
6525,1
6525,4
6525,6
6525,8
6525,35
6525,48
6525,63
6525,72
6525,80
6525,81
7889,1
7889,8
7889,10
7889,18
7889,19
7889,63
7889,72
6514,1
6514,4
6514,6
6514,8
6514,18
6514,22
6514,35
6514,48
6514,55
6514,63
6514,72
6514,80
6514,81
6514,102
5297,35
5297,41
5297,52
5297,55
5297,62
5297,80
5297,83
1522,55
1522,62
1522,74
1522,78
1522,97
1522,120
1522,122
1522,132
6912,1
6912,5
6912,6
6912,8
6912,35
6912,43
6912,55
6912,63
6912,72
6912,102
12579,18
12579,33
12579,35
12579,41
12579,55
12579,102
8897,18
8897,19
8897,22
8897,34
8897,35
8897,41
8897,42
8897,48
8897,52
8897,55
8897,63
8897,72
8897,102
12607,18
12607,34
12607,35
12607,36
12607,49
5696,1
5696,2
5696,55
5696,80
5696,81
5696,102
7522,1
7522,5
7522,55
7522,89
7522,96
7522,102
6980,1
6980,5
6980,6
6980,18
6980,23
5873,1
5873,3
5873,5
5873,6
5873,8
5873,54
3426,1
3426,8
3426,35
3426,42
10253,18
10253,20
10253,35
10253,52
10253,55
10253,63
10253,69
10253,72
10253,102
3272,1
3272,2
3272,84
3272,105
12829,18
12829,34
12829,35
12829,41
12829,55
12829,62
12829,63
12829,72
12829,80
12829,81
5931,1
5931,3
5931,5
5931,18
5931,20
5931,22
5931,55
5931,80
5931,83
5931,102
4219,1
4219,5
4219,8
4219,18
4219,22
4219,55
4219,102
2144,1
2144,3
2144,55
2144,63
2144,70
2144,102
12959,18
12959,34
12959,35
12959,54
12959,77
12959,97
12959,101
9035,18
9035,19
9035,24
9035,35
9035,48
9035,52
9035,55
9035,79
9035,102
9801,18
9801,20
9801,25
9801,34
9801,35
9801,48
9801,55
9801,63
9801,72
9801,102
12674,18
12674,34
12674,35
12674,37
12674,43
12674,55
12674,62
12674,63
12674,72
12674,79
10317,18
10317,21
10317,22
10317,28
10317,34
10317,35
10317,41
10317,48
10317,52
10317,55
10317,102
1613,1
1613,5
1613,35
1613,41
1613,55
1613,102
6239,1
6239,3
6239,18
6239,34
6239,35
6239,55
6239,62
6239,63
6239,72
6239,101
14374,55
14374,62
14374,63
14374,72
14374,80
14374,83
11696,18
11696,24
11696,35
11696,41
11696,52
11696,55
11696,63
11696,72
11696,80
11696,81
11696,102
3991,1
3991,2
3991,8
3991,9
13281,35
13281,36
13281,55
13281,58
13281,62
9711,18
9711,20
9711,23
9711,35
9711,42
9711,52
9711,55
9711,63
9711,72
9711,102
9334,18
9334,19
9334,35
9334,45
9334,55
9334,102
9098,18
9098,19
9098,29
9098,34
9098,35
9098,43
9098,52
9098,55
9098,63
9098,72
9098,102
3995,1
3995,2
3995,35
3995,43
3995,55
3995,102
3692,18
3692,29
3692,34
3692,77
3692,97
3015,18
3015,22
3015,35
3015,41
3015,48
14289,54
14289,55
14289,58
14289,80
14289,81
13701,35
13701,40
13701,42
13701,43
13701,63
13701,70
5380,35
5380,48
5380,63
5380,69
5380,72
11717,18
11717,24
11717,35
11717,43
11717,48
11717,52
11717,63
11717,72
4259,1
4259,5
4259,35
4259,42
4259,48
4259,52
4784,18
4784,22
4784,35
4784,43
4784,48
4784,52
4784,55
4784,102
10791,18
10791,22
10791,23
10791,34
10791,35
10791,42
10791,55
10791,63
10791,72
10791,102
5693,1
5693,2
5693,55
5693,62
5693,63
5693,69
12994,18
12994,35
12994,36
12994,37
12994,41
12994,100
5051,18
5051,34
5051,35
5051,40
5051,41
5051,42
5051,55
5051,102
1448,18
1448,23
1448,55
1448,58
7257,1
7257,5
7257,9
7257,35
7257,41
14662,74
14662,75
14662,80
14662,83
14662,97
14662,123
3671,18
3671,26
3671,35
3671,48
3671,52
3029,18
3029,23
3029,34
3029,35
3029,52
3029,55
3029,102
4033,1
4033,3
4033,5
4033,9
4033,35
4033,43
4033,55
4033,102
2148,1
2148,4
2148,6
2148,63
2148,69
10104,18
10104,20
10104,35
10104,38
10104,41
10104,48
10104,63
10104,72
13177,18
13177,35
13177,42
13177,49
13177,63
13177,72
13177,100
10910,18
10910,22
10910,26
10910,32
10910,55
10910,102
6337,1
6337,3
6337,35
6337,43
6337,80
6337,83
13231,35
13231,36
13231,37
13231,55
13231,58
13231,62
12109,18
12109,27
12109,35
12109,37
12109,41
12109,55
12109,102
2994,18
2994,21
2994,23
12102,18
12102,27
12102,34
12102,35
12102,48
12102,52
12102,54
12102,55
12102,77
12102,80
12102,81
12102,97
12102,102
9439,18
9439,20
9439,21
9439,25
9439,35
9439,41
9439,48
9439,55
9439,63
9439,72
9439,102
12407,18
12407,29
12407,35
12407,53
10132,18
10132,20
10132,35
10132,41
10132,42
10132,48
10132,49
10132,55
10132,63
10132,72
10132,102
4242,1
4242,5
4242,10
4242,55
4242,63
4242,72
4242,102
13935,35
13935,43
13935,45
13935,52
14003,35
14003,43
14003,55
14003,95
14003,96
14003,102
4473,18
4473,19
4473,22
4473,35
4473,52
4473,63
4473,72
6596,1
6596,4
6596,6
6596,76
6596,77
6596,97
6596,111
4983,18
4983,29
4983,35
4983,37
4983,41
4983,55
4983,62
13986,35
13986,43
13986,54
13986,55
13986,63
13986,72
13986,102
6797,1
6797,4
6797,35
6797,42
1476,74
1476,76
1476,97
1476,107
1476,120
1476,124
10096,18
10096,20
10096,35
10096,37
10096,55
10096,63
10096,72
10096,77
10096,97
10096,102
2387,18
2387,23
2387,35
2387,52
2387,63
2387,72
12338,18
12338,29
12338,35
12338,37
12338,80
12338,81
14087,35
14087,48
14087,52
14087,55
14087,62
14087,63
14087,70
3125,18
3125,35
3125,41
3125,55
3125,63
3125,69
3125,100
3125,102
6842,1
6842,4
6842,54
6842,55
6842,58
6842,62
9166,18
9166,19
9166,34
9166,35
9166,41
9166,42
9166,63
9166,72
13675,35
13675,39
13675,52
13675,54
13675,55
13675,58
9281,18
9281,19
9281,35
9281,41
9281,48
9281,55
9281,63
9281,72
9281,77
9281,97
9281,102
3288,1
3288,3
3288,6
3288,10
3288,63
3288,72
1779,18
1779,19
1779,34
1779,35
1779,42
1779,52
1779,63
1779,72
14624,74
14624,75
14624,78
14624,80
14624,83
14624,97
14624,112
14624,113
14624,120
14624,122
14624,132
4676,18
4676,21
4676,25
4676,35
4676,48
4676,63
4676,72
2859,1
2859,4
2859,6
2859,9
6055,1
6055,3
6055,13
6055,14
6055,35
6055,43
4661,18
4661,20
4661,35
4661,52
4661,63
4661,69
4661,72
9779,18
9779,20
9779,25
9779,29
9779,35
9779,43
9779,55
9779,63
9779,72
9779,102
12331,18
12331,29
12331,35
12331,37
12331,52
12331,55
12331,80
12331,83
12331,102
5638,1
5638,2
5638,4
5638,5
5638,8
11409,18
11409,23
11409,34
11409,35
11409,37
11409,41
11409,55
11409,102
3151,35
3151,38
3151,49
3151,52
2689,18
2689,28
2689,55
2689,62
11230,18
11230,22
11230,35
11230,48
11230,55
11230,58
8741,18
8741,19
8741,20
8741,35
8741,41
8741,55
8741,102
7453,1
7453,5
7453,35
7453,42
7453,43
10082,18
10082,20
10082,35
10082,37
10082,48
10082,63
10082,72
10082,74
10082,77
10082,97
10082,120
10082,122
1649,35
1649,42
1649,43
1649,48
1649,52
13658,35
13658,39
13658,41
13658,50
11899,18
11899,25
11899,35
11899,37
11899,41
11899,55
11899,63
11899,72
11899,102
9877,18
9877,20
9877,29
9877,34
9877,35
9877,41
9877,48
9877,55
9877,63
9877,72
9877,102
13447,35
13447,37
13447,44
13447,48
13447,74
13447,97
13447,122
5214,35
5214,37
5214,52
5214,63
5214,70
2928,1
2928,10
2928,54
5122,18
5122,35
5122,38
5122,55
5122,62
5122,100
5475,55
5475,62
5475,75
5475,76
5475,97
5475,107
5475,112
5475,113
2498,74
2498,75
2498,80
2498,83
2498,97
2498,112
2498,113
2498,124
12566,18
12566,32
12566,35
12566,48
12566,52
12566,55
12566,102
10890,18
10890,22
10890,25
10890,34
10890,35
10890,48
10890,55
10890,62
1975,74
1975,75
1975,97
1975,112
1975,113
1975,118
1975,122
1975,124
4923,18
4923,25
4923,35
4923,49
4923,52
4923,55
4923,63
4923,72
4923,102
14323,55
14323,56
14323,63
14323,72
9507,18
9507,20
9507,21
9507,35
9507,47
9507,63
9507,72
12679,18
12679,34
12679,35
12679,37
12679,48
12679,52
12679,55
12679,63
12679,72
12679,102
10194,18
10194,20
10194,35
10194,43
10194,48
10194,55
10194,102
6319,1
6319,3
6319,35
6319,43
6319,48
6319,55
6319,63
6319,72
6319,102
13861,35
13861,42
13861,43
13861,44
13861,48
13861,55
13861,102
10347,18
10347,21
10347,22
10347,35
10347,55
10347,101
10347,102
10473,18
10473,21
10473,29
10473,34
10473,35
10473,38
10473,41
10473,42
10473,48
10473,52
10473,54
10473,55
10473,102
13775,35
13775,41
13775,43
13775,48
13775,52
13775,77
13775,80
13775,81
13775,97
13423,35
13423,37
13423,42
13423,55
13423,62
13423,80
13423,83
9523,18
9523,20
9523,22
9523,23
9523,29
9523,34
9523,35
9523,41
9523,55
9523,63
9523,72
9523,102
9210,18
9210,19
9210,34
9210,55
9210,63
9210,72
9210,80
9210,81
9210,102
8672,18
8672,19
8672,20
8672,27
8672,55
8672,62
8672,63
8672,72
12062,18
12062,27
12062,29
12062,34
12062,35
12062,42
12062,48
12062,55
12062,77
12062,97
12062,102
8389,13
8389,14
8389,18
8389,20
8389,35
8389,48
8389,55
8389,63
8389,71
8389,72
8389,77
8389,97
8389,102
1070,18
1070,22
1070,34
1070,35
1070,48
1070,55
1070,102
1526,74
1526,75
1526,80
1526,83
1526,97
1526,112
1526,113
1526,118
1526,120
11884,18
11884,25
11884,35
11884,36
11943,18
11943,25
11943,35
11943,41
11943,48
11943,52
9825,18
9825,20
9825,25
9825,35
9825,41
9825,48
9825,52
9825,63
9825,72
11946,18
11946,25
11946,35
11946,41
11946,52
3156,35
3156,40
3156,42
3156,77
3156,97
7358,1
7358,5
7358,18
7358,22
7358,55
7358,95
7358,96
7358,102
2617,18
2617,20
2617,34
2617,55
2617,62
2617,63
2617,72
14264,35
14264,55
14264,91
14264,96
14264,101
14264,102
14336,55
14336,59
14336,61
14336,63
14336,69
6140,1
6140,3
6140,18
6140,22
6140,29
6140,35
6140,43
6140,48
6140,52
7828,1
7828,6
7828,55
7828,62
7828,63
7828,72
7828,79
3798,35
3798,37
3798,48
3798,54
3798,55
3798,62
12124,18
12124,27
12124,35
12124,41
12124,55
12124,63
12124,70
12124,72
12124,102
8668,18
8668,19
8668,20
8668,27
8668,34
8668,35
8668,42
8668,48
8668,63
8668,72
6385,1
6385,3
6385,63
6385,72
6385,80
6385,83
7385,1
7385,5
7385,18
7385,28
7385,35
7385,49
7385,55
7385,102
3609,18
3609,22
3609,35
3609,41
3609,55
3609,62
3729,18
3729,34
3729,35
3729,38
3729,42
3729,55
3729,102
13078,18
13078,35
13078,39
13078,40
13078,41
13078,55
13078,100
13078,102
7593,1
7593,6
7593,8
7593,35
7593,101
3886,35
3886,54
3886,55
3886,63
3886,72
3886,101
3886,102
11782,18
11782,25
11782,28
11782,35
11782,52
11782,63
11782,72
9434,18
9434,20
9434,21
9434,25
9434,35
9434,37
9434,38
9434,41
9434,48
9434,55
9434,63
9434,72
9434,102
7759,1
7759,6
7759,35
7759,41
7759,43
7759,52
7759,63
7759,70
14696,74
14696,76
14696,77
14696,78
14696,97
14696,111
14696,122
14696,130
14696,132
12397,18
12397,29
12397,35
12397,48
12397,55
12397,77
12397,97
12397,102
11281,18
11281,23
11281,24
11281,34
11281,35
11281,48
11281,52
11281,55
11281,77
11281,97
11281,102
7972,1
7972,8
7972,35
7972,36
7972,55
7972,102
1355,18
1355,34
1355,35
1355,38
1355,52
12211,18
12211,28
12211,35
12211,49
12211,77
12211,97
2010,1
2010,6
2010,35
2010,55
2010,101
2010,102
4887,18
4887,24
4887,55
4887,63
4887,72
4887,80
4887,81
4887,102
12055,18
12055,26
12055,35
12055,52
12055,55
12055,62
3195,35
3195,49
3195,55
3195,95
3195,96
3195,102
5017,18
5017,31
5017,35
5017,48
5017,55
5017,63
5017,72
5017,102
2703,18
2703,34
2703,35
2703,37
2703,48
2703,63
2703,72
3490,18
3490,19
3490,35
3490,37
3490,41
3490,63
3490,72
4827,18
4827,23
4827,35
4827,37
4827,48
4827,52
4827,55
4827,63
4827,72
4827,102
9751,18
9751,20
9751,24
9751,35
9751,41
9751,52
9751,55
9751,63
9751,72
9751,102
11423,18
11423,23
11423,34
11423,35
11423,41
11423,49
11423,55
11423,62
11423,63
11423,72
11423,77
11423,97
12842,18
12842,34
12842,35
12842,42
12842,43
12842,55
12842,58
10120,18
10120,20
10120,35
10120,39
10120,48
10120,63
10120,72
2019,1
2019,10
2019,35
2019,43
2019,63
2019,72
7710,1
7710,6
7710,18
7710,23
7710,29
7710,35
7710,48
7710,49
7710,52
7710,55
7710,102
2077,18
2077,34
2077,35
2077,43
2077,48
12581,18
12581,33
12581,35
12581,42
12581,55
12581,102
10485,18
10485,21
10485,29
10485,35
10485,37
4989,18
4989,29
4989,35
4989,44
4989,55
4989,102
11554,18
11554,24
11554,25
11554,34
11554,35
11554,48
11554,52
11554,55
11554,63
11554,72
11554,102
5707,1
5707,3
5707,4
5707,5
5707,6
5707,8
5707,10
13311,35
13311,37
13311,39
13311,41
13311,55
13311,62
7201,1
7201,5
7201,8
7201,35
7201,48
7201,52
7201,55
7201,62
4368,1
4368,9
4368,35
4368,41
4368,55
4368,102
9601,18
9601,20
9601,22
9601,34
9601,35
9601,37
9601,42
9601,48
9601,52
9601,63
9601,72
9601,77
9601,97
1915,18
1915,22
1915,35
1915,63
1915,72
1915,101
3421,1
3421,8
3421,10
3421,35
3421,43
14858,75
14858,80
14858,81
14858,82
14858,97
14858,119
5757,1
5757,3
5757,4
5757,6
5757,8
5757,55
5757,62
8285,1
8285,35
8285,43
8285,79
8285,98
12913,18
12913,34
12913,35
12913,48
12913,50
12913,52
5644,1
5644,2
5644,4
5644,10
5644,63
5644,72
5176,35
5176,36
5176,55
5176,62
8119,1
8119,9
8119,35
8119,48
8119,55
8119,102
8658,18
8658,19
8658,20
8658,25
8658,35
8658,41
8658,48
8658,52
8658,55
8658,62
8658,63
8658,69
8658,72
8658,77
8658,97
12505,18
12505,31
12505,35
12505,39
3620,18
3620,22
3620,95
3620,96
8322,1
8322,63
8322,69
8322,70
8322,79
8322,98
13053,18
13053,35
13053,37
13053,52
13053,55
13053,80
13053,83
13053,100
13053,102
2016,1
2016,8
2016,63
2016,72
2016,76
2016,97
2016,111
3779,35
3779,36
3779,41
3779,77
3779,97
5215,35
5215,37
5215,52
5215,77
5215,97
4574,18
4574,20
4574,24
4574,35
4574,48
4574,63
4574,72
8194,1
8194,10
8194,18
8194,24
8194,35
8194,40
8194,48
8194,63
8194,72
9955,18
9955,20
9955,34
9955,35
9955,37
9955,42
9955,55
9955,63
9955,72
9955,102
9953,18
9953,20
9953,34
9953,35
9953,37
9953,42
9953,48
9953,55
9953,62
9953,63
9953,72
4425,13
4425,14
4425,18
4425,29
4425,35
4425,37
1523,55
1523,62
1523,75
1523,80
1523,83
1523,97
1523,112
1523,113
8693,18
8693,19
8693,20
8693,34
8693,35
8693,37
8693,48
8693,55
8693,63
8693,72
8693,102
3943,74
3943,75
3943,78
3943,97
3943,118
3943,122
3943,127
13109,18
13109,35
13109,41
13109,42
13109,50
13109,55
13109,62
13109,63
13109,72
13109,100
5835,1
5835,3
5835,4
5835,35
5835,43
5835,48
5835,76
5835,77
5835,97
5835,107
2729,35
2729,37
2729,42
2729,63
2729,72
9820,18
9820,20
9820,25
9820,35
9820,38
9820,63
9820,72
3332,1
3332,4
3332,35
3332,43
3332,52
3332,55
3332,102
3019,18
3019,22
3019,35
3019,48
3019,52
3019,55
3019,62
13212,18
13212,35
13212,55
13212,58
13212,100
13212,101
2656,18
2656,22
2656,35
2656,42
2656,48
2392,18
2392,24
2392,35
2392,48
2392,55
2392,58
2392,63
2392,72
6583,1
6583,4
6583,6
6583,35
6583,101
5172,35
5172,36
5172,48
5172,52
4993,18
4993,29
4993,35
4993,48
4993,55
4993,62
4993,63
4993,72
5347,35
5347,45
5347,63
5347,70
2278,54
2278,55
2278,63
2278,70
2278,77
2278,97
2278,102
3719,18
3719,34
3719,35
3719,37
3719,40
6581,1
6581,4
6581,6
6581,35
6581,52
6581,63
6581,72
2350,1
2350,35
2350,43
2350,55
2350,98
2350,102
9626,18
9626,20
9626,22
9626,35
9626,42
9626,48
9626,52
9626,55
9626,58
9626,63
9626,72
9500,18
9500,20
9500,21
9500,35
9500,41
9500,48
9500,52
9500,63
9500,72
3805,35
3805,37
3805,55
3805,62
3805,74
3805,79
3805,97
3805,120
7749,1
7749,6
7749,35
7749,37
7749,52
7749,55
7749,62
7690,1
7690,6
7690,18
7690,20
7690,35
7690,37
7690,52
7690,55
7690,62
7690,63
7690,72
2323,1
2323,5
2323,8
2323,35
2323,43
2323,52
2323,55
2323,102
10444,18
10444,21
10444,25
10444,35
10444,52
10444,55
10444,62
7585,1
7585,6
7585,8
7585,35
7585,48
7585,77
7585,97
2627,18
2627,20
2627,35
2627,55
2627,62
2627,63
2627,72
2627,101
9178,18
9178,19
9178,34
9178,35
9178,42
9178,48
9178,49
9178,63
9178,72
3174,35
3174,42
3174,43
3174,52
3174,55
3174,102
9753,18
9753,20
9753,24
9753,35
9753,42
9753,48
9753,63
9753,72
2714,18
2714,35
2714,37
2714,40
2714,100
6696,1
6696,4
6696,18
6696,19
6696,55
6696,63
6696,69
6696,72
6696,102
3721,18
3721,34
3721,35
3721,37
3721,41
3721,52
3721,55
3721,62
3812,35
3812,38
3812,48
3812,55
3812,63
3812,72
3812,102
5243,35
5243,38
5243,48
5243,55
5243,63
5243,72
5243,77
5243,97
5243,102
12884,18
12884,34
12884,35
12884,43
12884,49
4305,1
4305,6
4305,35
4305,37
4305,54
4305,55
4305,62
5261,35
5261,39
5261,55
5261,62
5261,63
5261,72
5087,18
5087,34
5087,35
5087,48
5087,63
5087,72
5087,77
5087,97
8914,18
8914,19
8914,22
8914,35
8914,37
8914,55
8914,58
8914,63
8914,72
14322,55
14322,56
14322,63
14322,66
6197,1
6197,3
6197,18
6197,25
6197,80
6197,83
14841,75
14841,77
14841,97
14841,112
14841,114
14841,119
13338,35
13338,37
13338,41
13338,42
13338,52
13338,55
13338,58
13338,63
13338,72
13338,77
13338,97
12370,18
12370,29
12370,35
12370,42
12370,48
12370,55
12370,62
12370,63
12370,72
3824,35
3824,41
3824,43
3824,48
3824,52
3824,55
3824,102
7926,1
7926,8
7926,18
7926,20
7926,35
7926,52
7926,63
7926,72
6245,1
6245,3
6245,18
6245,35
6245,41
6245,43
6245,55
6245,58
6245,100
4610,18
4610,20
4610,34
4610,35
4610,41
4610,48
4610,55
4610,102
4703,18
4703,21
4703,35
4703,39
4703,55
4703,62
14845,75
14845,78
14845,97
14845,112
14845,113
14845,114
14845,118
14845,132
8132,1
8132,9
8132,55
8132,62
8132,63
8132,71
8132,80
8132,83
5006,18
5006,30
5006,35
5006,37
2986,18
2986,20
2986,35
2986,43
2986,48
2986,63
2986,72
7917,1
7917,8
7917,18
7917,20
7147,1
7147,5
7147,8
7147,18
7147,34
7147,35
7147,43
7147,55
7147,102
1844,55
1844,62
1844,79
1844,80
1844,81
1844,83
13465,35
13465,37
13465,48
13465,55
13465,58
13465,62
2243,18
2243,35
2243,38
2243,42
2243,63
2243,72
2243,100
6558,1
6558,4
6558,6
6558,13
6558,14
6558,63
6558,72
8284,1
8284,35
8284,43
8284,74
8284,79
8284,80
8284,81
8284,97
8284,98
8284,120
6158,1
6158,3
6158,18
6158,22
6158,63
6158,72
6567,1
6567,4
6567,6
6567,18
6567,23
6567,55
6567,62
4198,1
4198,5
4198,6
4198,35
4198,43
4198,63
4198,70
4198,72
3811,35
3811,38
3811,42
3811,48
3811,63
3811,72
8264,1
8264,35
8264,37
8264,43
8264,98
4184,1
4184,5
4184,6
4184,8
4184,63
4184,72
4184,84
4184,86
8373,13
8373,14
8373,18
8373,20
8373,21
8373,34
8373,35
8373,52
14446,55
14446,62
14446,89
14446,90
14446,96
2912,1
2912,6
2912,89
2912,91
2912,96
2470,35
2470,48
2470,52
2470,80
2470,81
2939,13
2939,15
2939,80
2939,81
4074,1
4074,3
4074,35
4074,43
4074,48
4074,52
4074,55
4074,102
7466,1
7466,5
7466,35
7466,43
7466,52
7466,63
7466,72
6707,1
6707,4
6707,18
6707,20
6707,35
6707,37
6707,48
6707,63
6707,72
1477,1
1477,3
1477,5
1477,63
1477,72
11399,18
11399,23
11399,31
11399,35
11399,48
11399,52
2881,1
2881,5
2881,8
2881,18
2881,23
7074,1
7074,5
7074,8
7074,9
7074,18
7074,23
7074,55
7074,102
2788,55
2788,62
2788,75
2788,97
2788,119
5088,18
5088,34
5088,35
5088,48
5088,80
5088,81
9640,18
9640,20
9640,22
9640,35
9640,63
9640,72
9640,101
8406,13
8406,14
8406,18
8406,22
8406,35
8406,41
5389,35
5389,49
5389,54
5389,55
5389,58
5389,63
5389,70
12296,18
12296,29
12296,34
12296,35
12296,49
10795,18
10795,22
10795,23
10795,34
10795,35
10795,48
10795,49
10795,55
10795,102
2135,1
2135,3
2135,4
2135,35
2135,43
2135,55
2135,102
12087,18
12087,27
12087,34
12087,35
12087,41
12087,48
12087,52
12087,55
12087,62
5321,35
5321,43
5321,47
8352,13
8352,14
8352,15
8352,16
14409,55
14409,62
14409,74
14409,78
14409,80
14409,83
14409,97
14409,120
14409,122
14409,132
2700,18
2700,33
2700,34
2700,55
2700,102
9922,18
9922,20
9922,31
1725,35
1725,37
1725,74
1725,80
1725,83
1725,97
1725,122
2367,18
2367,20
2367,35
2367,41
2367,55
2367,62
2367,63
2367,72
12801,18
12801,34
12801,35
12801,41
12801,43
12801,55
12801,102
3841,35
3841,43
3841,45
3841,48
13153,18
13153,35
13153,41
13153,55
13153,63
13153,71
13153,77
13153,97
13153,100
13153,102
10699,18
10699,22
10699,23
10699,24
10699,29
10699,34
10699,35
10699,37
10699,41
10699,48
10699,55
10699,102
12061,18
12061,27
12061,29
12061,34
6881,1
6881,5
6881,6
6881,8
6881,9
6881,35
6881,48
11309,18
11309,23
11309,25
11309,27
11309,29
11309,35
11309,55
11309,63
11309,72
11309,101
11309,102
4797,18
4797,22
4797,35
4797,52
4797,55
4797,77
4797,97
4797,102
1938,18
1938,35
1938,38
1938,41
1938,55
1938,100
1938,102
12796,18
12796,34
12796,35
12796,41
12796,43
12796,48
12796,55
12796,80
12796,81
12796,102
4053,1
4053,3
4053,18
4053,19
4053,20
4053,55
4053,63
4053,72
4053,102
8196,1
8196,10
8196,18
8196,24
8196,55
8196,102
13025,18
13025,35
13025,37
13025,41
13025,42
13025,48
13025,55
13025,62
13025,100
14909,89
14909,91
14909,95
14909,96
4108,1
4108,4
4108,5
4108,6
4108,76
4108,97
4108,111
10404,18
10404,21
10404,25
10404,27
10404,35
10404,52
10404,55
10404,63
10404,72
10404,102
9599,18
9599,20
9599,22
9599,34
9599,35
9599,37
9599,41
9599,42
9599,55
9599,63
9599,72
9599,80
9599,81
9599,102
9459,18
9459,20
9459,21
9459,29
9459,63
9459,72
10803,18
10803,22
10803,23
10803,34
10803,55
10803,62
10803,77
10803,97
3042,18
3042,24
3042,35
3042,40
3042,63
3042,72
2202,18
2202,22
2202,34
2202,35
2202,52
2202,63
2202,72
5118,18
5118,35
5118,37
5118,49
5118,55
5118,62
5118,100
13679,35
13679,39
13679,54
13679,55
13679,58
13679,63
13679,72
3424,1
3424,8
3424,18
3424,34
3424,55
3424,102
5809,1
5809,3
5809,4
5809,18
5809,22
5809,34
5809,35
5809,48
5809,52
5809,55
5809,102
2542,1
2542,4
2542,5
2542,6
2542,8
2542,55
2542,102
10896,18
10896,22
10896,25
10896,35
10896,41
10896,48
10896,52
10896,55
10896,63
10896,72
10896,102
12998,18
12998,35
12998,36
12998,38
12998,40
12998,52
12998,100
5408,35
5408,52
5408,55
5408,76
5408,97
5408,102
5408,111
7991,1
7991,8
7991,35
7991,43
7991,52
7991,63
7991,70
1646,35
1646,37
1646,48
1646,55
1646,62
1646,63
1646,72
14238,35
14238,52
14238,63
14238,72
14238,76
14238,97
14238,111
11768,18
11768,25
11768,26
11768,35
11768,55
11768,101
11768,102
2054,18
2054,22
2054,35
2054,52
2054,55
2054,63
2054,72
2054,102
6539,1
6539,4
6539,6
6539,9
6539,55
6539,63
6539,72
6539,80
6539,81
6539,102
5123,18
5123,35
5123,39
5123,42
5123,100
14383,55
14383,62
14383,74
14383,75
14383,78
14383,97
14383,112
14383,113
14383,122
14383,132
11198,18
11198,22
11198,35
11198,42
11198,52
11198,54
5515,63
5515,70
5515,89
5515,91
5515,96
9130,18
9130,19
9130,34
9130,35
9130,36
9130,37
9130,41
9130,42
9130,52
9130,55
9130,58
9130,63
9130,72
9130,77
9130,97
11866,18
11866,25
11866,34
11866,35
11866,47
11866,63
11866,72
8558,18
8558,19
8558,20
8558,21
8558,25
8558,34
8558,35
8558,42
8558,52
8558,55
8558,63
8558,72
8558,102
4263,1
4263,5
4263,35
4263,43
4263,55
4263,62
3586,18
3586,21
3586,55
3586,77
3586,97
3586,102
5678,1
5678,2
5678,18
5678,23
11615,18
11615,24
11615,32
11615,35
11615,37
11615,48
11615,55
11615,62
6154,1
6154,3
6154,18
6154,22
6154,35
6154,52
6154,54
4130,1
4130,4
4130,6
4130,35
4130,55
4130,101
4130,102
2855,1
2855,4
2855,5
2855,8
2855,80
2855,81
2919,1
2919,9
2919,13
2919,14
9292,18
9292,19
9292,35
9292,42
9292,43
9292,52
9292,54
9292,55
9292,63
9292,70
9292,72
9292,102
3593,18
3593,22
3593,24
3593,35
3593,52
3593,55
3593,102
2092,35
2092,39
2092,54
2092,55
2092,102
9669,18
9669,20
9669,23
9669,27
9669,34
9669,35
9669,37
9669,41
9669,52
9669,55
9669,63
9669,69
9669,72
9669,102
13112,18
13112,35
13112,41
13112,42
13112,55
13112,62
13112,100
2832,1
2832,3
2832,4
2832,10
2832,55
2832,102
8141,1
8141,9
8141,55
8141,63
8141,69
8141,71
8141,80
8141,81
8141,102
12682,18
12682,34
12682,35
12682,37
12682,48
12682,55
12682,63
12682,72
12682,102
6957,1
6957,5
6957,6
6957,9
6957,89
6957,96
6549,1
6549,4
6549,6
6549,10
6549,63
6549,70
4142,1
4142,4
4142,18
4142,19
4142,55
4142,63
4142,72
4142,102
9481,18
9481,20
9481,21
9481,34
9481,35
9481,52
14036,35
14036,45
14036,52
14036,77
14036,97
4845,18
4845,23
4845,63
4845,69
4406,1
4406,55
4406,58
4406,98
9001,18
9001,19
9001,24
9001,34
9001,35
9001,36
9001,37
9001,38
9001,41
9001,48
9001,55
9001,58
9001,62
9001,63
9001,72
6325,1
6325,3
6325,35
6325,43
6325,52
6325,55
6325,58
6325,63
6325,72
6187,1
6187,3
6187,18
6187,25
6187,34
6187,35
6187,41
6187,48
6187,52
6187,55
6187,63
6187,72
6187,102
1792,18
1792,21
1792,34
1792,35
1792,52
1792,55
1792,102
12966,18
12966,34
12966,54
12966,55
12966,62
12966,63
12966,70
10032,18
10032,20
10032,35
10032,37
10032,38
10032,48
10032,63
10032,72
14478,55
14478,75
14478,80
14478,81
14478,97
14478,102
14478,119
11881,18
11881,25
11881,34
11881,55
11881,62
11881,63
11881,72
11881,80
11881,83
8984,18
8984,19
8984,24
8984,25
8984,27
8984,34
8984,35
8984,40
8984,42
8984,48
8984,52
8984,55
8984,63
8984,72
8984,102
3405,1
3405,6
3405,18
3405,34
2449,35
2449,41
2449,43
2449,55
2449,63
2449,72
2449,102
14839,75
14839,77
14839,97
14839,112
14839,113
14839,118
10073,18
10073,20
10073,35
10073,37
10073,47
10073,55
10073,63
10073,72
10073,102
9501,18
9501,20
9501,21
9501,35
9501,41
9501,55
9501,62
7324,1
7324,5
7324,18
7324,20
7324,21
7324,22
7324,29
7324,34
7324,35
7324,41
7324,55
7324,62
7324,63
7324,72
7324,95
7324,96
3528,18
3528,20
3528,29
3528,35
3528,52
3528,55
3528,63
3528,72
3528,102
1438,18
1438,19
1438,35
1438,48
1438,55
1438,62
1438,63
1438,72
11315,18
11315,23
11315,25
11315,27
11315,35
11315,41
11315,55
11315,63
11315,72
11315,80
11315,83
11315,102
7902,1
7902,8
7902,10
7902,63
7902,72
7902,76
7902,97
7902,111
10498,18
10498,21
10498,29
10498,35
10498,41
10498,55
10498,102
5137,18
5137,35
5137,41
5137,55
5137,80
5137,81
5137,100
5137,102
8690,18
8690,19
8690,20
8690,34
8690,35
8690,37
8690,41
8690,43
8690,55
8690,62
8690,63
8690,72
2615,18
2615,20
2615,34
2615,35
2615,42
2615,52
2615,63
2615,72
9400,18
9400,20
9400,21
9400,22
9400,25
9400,55
9400,63
9400,72
9400,102
4464,18
4464,19
4464,21
4464,35
4464,52
4464,63
4464,72
14545,63
14545,70
14545,80
14545,81
14545,83
4469,18
4469,19
4469,22
4469,34
4469,35
4469,48
4469,55
4469,63
4469,72
4469,102
3367,1
3367,5
3367,8
3367,35
3367,48
3367,55
3367,63
3367,72
3367,102
1656,35
1656,48
1656,54
1656,55
1656,58
9174,18
9174,19
9174,34
9174,35
9174,42
9174,43
9174,48
9174,63
9174,72
9174,77
9174,97
12996,18
12996,35
12996,36
12996,37
12996,63
12996,72
12996,100
3276,1
3276,3
3276,4
3276,6
3276,35
3276,48
9861,18
9861,20
9861,27
9861,63
9861,72
8451,13
8451,14
8451,18
8451,35
8451,37
8451,41
8451,100
6746,1
6746,4
6746,18
6746,34
6746,35
6746,41
6746,52
2820,76
2820,78
2820,97
2820,111
2820,130
2820,132
11071,18
11071,22
11071,34
11071,35
11071,41
11071,48
11071,55
11071,63
11071,72
11071,102
13687,35
13687,40
13687,41
13687,42
13687,48
13687,52
13687,55
13687,102
873,74
873,75
873,80
873,83
873,97
873,118
873,120
873,122
12773,18
12773,34
12773,35
12773,41
12773,42
12773,48
12773,55
12773,58
12773,63
12773,72
12773,77
12773,97
2482,54
2482,63
2482,69
10873,18
10873,22
10873,25
10873,27
10873,31
10873,35
10873,52
10873,55
10873,102
14006,35
14006,43
14006,77
14006,78
14006,97
14006,132
8445,13
8445,14
8445,18
8445,34
8445,35
8445,49
7342,1
7342,5
7342,18
7342,22
7342,23
7342,24
7342,34
7342,55
7342,102
4728,18
4728,21
4728,63
4728,69
3068,18
3068,29
3068,35
3068,37
3068,41
3068,55
3068,102
4520,18
4520,19
4520,35
4520,42
4520,63
4520,72
4520,80
4520,81
8797,18
8797,19
8797,21
8797,27
8797,28
8797,34
8797,35
8797,43
8797,48
8797,52
8797,63
8797,70
8797,77
8797,97
5190,35
5190,37
5190,40
5190,63
5190,72
11868,18
11868,25
11868,34
11868,35
11868,48
11868,49
11868,55
11868,63
11868,72
11868,102
1535,1
1535,5
1535,6
1535,8
1535,35
1535,43
8483,13
8483,14
8483,55
8483,63
8483,70
8483,102
5860,1
5860,3
5860,4
5860,55
5860,63
5860,72
5860,76
5860,97
5860,102
5860,111
7143,1
7143,5
7143,8
7143,18
7143,34
7143,35
7143,37
2803,74
2803,75
2803,97
2803,112
2803,113
2803,120
2803,122
2803,126
12149,18
12149,27
12149,35
12149,52
12149,77
12149,97
1719,18
1719,34
1719,35
1719,52
1719,55
1719,62
1719,63
1719,72
5382,35
5382,48
5382,63
5382,72
5382,76
5382,97
5382,111
8664,18
8664,19
8664,20
8664,25
8664,35
8664,63
8664,72
8664,101
3851,35
3851,43
3851,53
3851,77
3851,97
9200,18
9200,19
9200,34
9200,35
9200,49
9200,52
9200,55
9200,102
6119,1
6119,3
6119,18
6119,21
6119,35
6119,37
6119,55
6119,74
6119,97
6119,102
6119,120
3679,18
3679,27
3679,35
3679,40
10410,18
10410,21
10410,25
10410,29
10410,35
10410,41
10410,52
10410,55
10410,63
10410,72
10410,102
7584,1
7584,6
7584,8
7584,35
7584,48
7584,55
7584,63
7584,72
7584,102
6292,1
6292,3
6292,35
6292,41
6292,43
6292,49
6292,55
6292,102
7478,1
7478,5
7478,35
7478,45
14227,35
14227,52
14227,55
14227,63
14227,67
14227,102
4916,18
4916,25
4916,35
4916,42
4916,48
4916,52
4916,63
4916,72
11556,18
11556,24
11556,25
11556,34
11556,35
11556,52
11556,55
11556,62
11556,63
11556,72
3569,18
3569,21
3569,25
3569,55
3569,63
3569,72
3569,102
11390,18
11390,23
11390,29
11390,35
11390,101
12418,18
12418,29
12418,80
12418,81
12418,83
7364,1
7364,5
7364,18
7364,23
7364,35
7364,52
11923,18
11923,25
11923,35
11923,38
11923,48
11923,55
11923,62
11923,63
11923,72
4278,1
4278,5
4278,55
4278,93
4278,96
4278,102
2339,1
2339,6
2339,13
2339,14
2339,55
2339,102
12177,18
12177,28
12177,31
12177,35
12177,48
5779,1
5779,3
5779,4
5779,8
5779,55
5779,62
12934,18
12934,34
12934,35
12934,49
12934,52
12934,77
12934,97
6921,1
6921,5
6921,6
6921,8
6921,35
6921,52
6921,55
6921,62
6921,63
6921,72
13389,35
13389,37
13389,41
13389,55
13389,63
13389,69
13389,102
10296,18
10296,21
10296,22
10296,23
10296,24
10296,35
10296,41
10296,42
10296,49
10296,55
10296,77
10296,97
10296,102
7942,1
7942,8
7942,18
7942,23
7942,35
7942,43
11759,18
11759,24
11759,55
11759,95
11759,96
11759,102
7685,1
7685,6
7685,18
7685,20
12926,18
12926,34
12926,35
12926,48
12926,55
12926,62
12926,74
12926,76
12926,97
12926,107
12926,120
11381,18
11381,23
11381,29
11381,35
11381,37
11381,41
11381,48
11381,55
11381,62
12218,18
12218,28
12218,55
12218,62
12218,63
12218,70
2913,1
2913,8
2913,18
2913,34
8101,1
8101,9
8101,35
8101,37
8101,48
8101,55
8101,102
8697,18
8697,19
8697,20
8697,34
8697,35
8697,41
8697,42
8697,52
8697,55
8697,63
8697,72
8697,102
14857,75
14857,79
14857,97
6318,1
6318,3
6318,35
6318,43
6318,48
6318,52
6318,80
6318,81
11274,18
11274,23
11274,24
11274,34
4234,1
4234,5
4234,8
4234,95
4234,96
8737,18
8737,19
8737,20
8737,35
8737,41
8737,48
8737,52
8737,55
8737,63
8737,72
8737,102
11110,18
11110,22
11110,35
11110,36
11110,45
7098,1
7098,5
7098,8
7098,18
7098,19
7098,35
7098,48
7098,55
7098,63
7098,72
7098,102
4441,13
4441,16
4441,55
4441,102
3560,18
3560,20
3560,35
3560,48
3560,49
4315,1
4315,6
4315,35
4315,48
4315,63
4315,69
14541,63
14541,70
14541,77
14541,78
14541,97
14541,131
11537,18
11537,23
11537,35
11537,52
11537,80
11537,81
2170,1
2170,8
2170,84
2170,105
11548,18
11548,24
11548,25
11548,27
11548,55
11548,102
6663,1
6663,4
6663,10
6663,80
6663,82
4407,1
4407,55
4407,62
4407,63
4407,70
4407,98
5369,35
5369,48
5369,54
5369,63
5369,70
5369,72
13195,18
13195,35
13195,45
13195,52
13195,55
13195,62
13195,100
13838,35
13838,41
13838,55
13838,58
13838,62
13838,63
13838,69
1943,18
1943,35
1943,52
1943,55
1943,100
1943,102
4766,18
4766,22
4766,34
4766,35
4766,42
4766,52
4766,55
4766,102
3339,1
3339,4
3339,55
3339,57
13176,18
13176,35
13176,42
13176,48
13176,77
13176,97
13176,100
6216,1
6216,3
6216,18
6216,34
6216,35
6216,41
6216,42
6216,43
6216,48
6216,52
6216,55
6216,58
6216,80
6216,81
13523,35
13523,37
13523,55
13523,62
13523,63
13523,72
13523,77
13523,97
14355,55
14355,62
14355,63
14355,70
14355,74
14355,75
14355,97
14355,118
14355,120
14355,122
14414,55
14414,62
14414,74
14414,79
14414,97
14414,126
7939,1
7939,8
7939,18
7939,22
7939,35
7939,48
7939,52
7939,55
7939,102
1822,18
1822,35
1822,42
1822,77
1822,97
1822,100
2294,74
2294,80
2294,83
2294,97
2294,120
2294,124
9264,18
9264,19
9264,35
9264,41
9264,42
9264,48
9264,52
9264,55
9264,63
9264,72
9264,77
9264,97
9264,102
4238,1
4238,5
4238,9
4238,55
4238,80
4238,81
4238,102
11687,18
11687,24
11687,35
11687,41
11687,43
11687,48
11687,55
11687,63
11687,72
11687,102
4641,18
4641,20
4641,35
4641,42
4641,48
4641,52
4641,55
4641,63
4641,72
4641,102
13899,35
13899,42
13899,48
13899,80
13899,81
2694,18
2694,29
2694,35
2694,42
2694,48
8496,13
8496,15
8496,18
8496,21
8496,55
8496,62
8496,63
8496,69
8496,70
8496,72
12168,18
12168,28
12168,29
12168,35
12168,43
9725,18
9725,20
9725,24
9725,25
9725,34
9725,55
9725,102
9636,18
9636,20
9636,22
9636,35
9636,52
9622,18
9622,20
9622,22
9622,35
9622,41
9622,48
9622,55
9622,63
9622,72
9622,77
9622,97
9622,102
13273,35
13273,36
13273,49
13273,63
13273,70
10821,18
10821,22
10821,23
10821,35
10821,42
7394,1
7394,5
7394,18
7394,31
7394,35
7394,48
7394,55
7394,63
7394,72
7394,102
13015,18
13015,35
13015,37
13015,39
13015,40
13015,100
6580,1
6580,4
6580,6
6580,35
6580,48
6580,63
6580,72
4137,1
4137,4
4137,9
4137,63
4137,72
7395,1
7395,5
7395,18
7395,31
7395,55
7395,102
8903,18
8903,19
8903,22
8903,34
8903,35
8903,41
8903,55
8903,63
8903,72
8903,102
8411,13
8411,14
8411,18
8411,23
8411,28
8411,35
8411,48
8411,55
8411,102
6975,1
6975,5
6975,6
6975,18
6975,22
6975,23
6975,25
6975,29
6975,30
6975,34
6975,35
6975,55
6975,63
6975,72
6975,101
6975,102
13622,35
13622,38
13622,48
13622,55
13622,62
9619,18
9619,20
9619,22
9619,35
9619,38
9619,48
9619,55
9619,62
11222,18
11222,22
11222,35
11222,48
11222,52
11222,55
11222,58
11222,63
11222,72
4645,18
4645,20
4645,35
4645,43
4645,48
2316,1
2316,4
2316,8
2316,76
2316,97
2316,111
3496,18
3496,19
3496,35
3496,41
3496,48
3496,63
3496,72
3517,18
3517,20
3517,22
3517,35
3517,48
3517,63
3517,72
5189,35
5189,37
5189,40
5189,55
5189,102
2588,1
2588,63
2588,71
2588,98
4829,18
4829,23
4829,35
4829,40
4829,49
2696,18
2696,29
2696,35
2696,49
2696,55
2696,102
9881,18
9881,20
9881,29
9881,34
9881,35
9881,43
9881,48
9881,55
9881,62
13292,35
13292,37
13292,38
13292,41
13292,55
13292,62
13292,80
13292,83
11144,18
11144,22
11144,35
11144,37
11144,52
11144,55
11144,63
11144,72
11144,102
10166,18
10166,20
10166,35
10166,42
10166,43
10166,52
10166,63
10166,72
8736,18
8736,19
8736,20
8736,35
8736,41
8736,47
8736,55
8736,63
8736,72
8736,102
5421,35
5421,55
5421,63
5421,72
5421,77
5421,97
5421,101
5421,102
3771,18
3771,35
3771,41
3771,42
3771,48
3771,55
3771,63
3771,72
3771,100
3771,102
12415,18
12415,29
12415,55
12415,80
12415,81
12415,102
12696,18
12696,34
12696,35
12696,37
12696,55
12696,63
12696,70
12696,102
8757,18
8757,19
8757,20
8757,35
8757,43
8757,48
8757,63
8757,72
11349,18
11349,23
11349,27
11349,34
11349,35
11349,43
11349,55
11349,58
5365,35
5365,48
5365,54
5365,55
5365,63
5365,70
5365,102
3700,18
3700,29
3700,35
3700,48
3700,55
3700,58
4125,1
4125,4
4125,6
4125,10
4125,55
4125,63
4125,72
4125,102
8760,18
8760,19
8760,20
8760,35
8760,47
8760,63
8760,72
2726,35
2726,37
2726,41
2726,48
2726,55
2726,63
2726,72
2726,102
3196,35
3196,49
3196,63
3196,66
14716,74
14716,76
14716,78
14716,97
14716,111
14716,120
14716,124
14716,132
11287,18
11287,23
11287,24
11287,35
11287,41
11287,55
11287,102
7727,1
7727,6
7727,18
7727,29
7727,35
7727,37
2917,1
2917,8
2917,55
2917,62
2917,80
2917,83
11576,18
11576,24
11576,27
11576,34
2388,18
2388,23
2388,35
2388,55
2388,63
2388,72
2388,101
2388,102
10037,18
10037,20
10037,35
10037,37
10037,39
10037,63
10037,72
11472,18
11472,23
11472,35
11472,38
11472,41
11472,55
11472,102
3630,18
3630,23
3630,35
3630,41
3630,52
7928,1
7928,8
7928,18
7928,20
7928,55
7928,63
7928,72
7928,102
12414,18
12414,29
12414,55
12414,63
12414,69
12414,80
12414,81
12414,83
12414,102
4218,1
4218,5
4218,8
4218,18
4218,22
4218,35
4218,52
3515,18
3515,20
3515,22
3515,35
3515,48
3515,52
3515,55
3515,63
3515,72
3515,102
5129,18
5129,35
5129,41
5129,43
5129,55
5129,62
5129,100
12512,18
12512,31
12512,35
12512,41
12512,52
12512,55
12512,102
14070,35
14070,48
14070,49
14070,55
14070,62
14070,63
14070,72
1118,35
1118,38
1118,41
1118,55
1118,102
11542,18
11542,23
11542,55
11542,63
11542,70
11542,102
3945,74
3945,75
3945,80
3945,83
3945,97
3945,112
3945,113
3945,120
3945,124
5576,74
5576,78
5576,79
5576,80
5576,83
5576,97
5576,120
5576,132
4146,1
4146,4
4146,18
4146,29
3465,13
3465,14
3465,35
3465,48
3465,55
3465,102
8735,18
8735,19
8735,20
8735,35
8735,41
8735,42
8735,55
8735,58
8735,63
8735,72
8653,18
8653,19
8653,20
8653,25
8653,34
8653,35
8653,40
8653,41
8653,49
8653,52
8653,55
8653,58
8653,63
8653,72
13313,35
13313,37
13313,39
13313,42
13313,48
13313,77
13313,97
10492,18
10492,21
10492,29
10492,35
10492,37
10492,55
10492,62
10492,63
10492,72
3749,18
3749,34
3749,35
3749,48
3749,52
3749,55
3749,62
3749,63
3749,72
7128,1
7128,5
7128,8
7128,18
7128,24
7128,55
7128,95
7128,96
7128,102
9027,18
9027,19
9027,24
9027,35
9027,40
9027,42
9027,48
9027,52
9027,63
9027,72
9027,77
9027,97
8249,1
8249,18
8249,19
8249,35
8249,48
8249,63
8249,72
8249,98
6145,1
6145,3
6145,18
6145,22
6145,35
6145,37
6145,43
6145,48
6145,55
6145,102
5238,35
5238,38
5238,42
5238,52
7025,1
7025,5
7025,6
7025,35
7025,48
7025,63
7025,72
3551,18
3551,20
3551,35
3551,42
3551,43
3551,63
3551,72
10349,18
10349,21
10349,22
10349,55
10349,62
10349,63
10349,72
10349,80
10349,81
7897,1
7897,8
7897,10
7897,35
7897,48
7897,55
7897,76
7897,77
7897,97
7897,102
7897,111
6601,1
6601,4
6601,8
6601,10
6601,35
6601,48
6601,55
6601,76
6601,77
6601,97
6601,102
6601,111
12464,18
12464,30
12464,35
12464,48
12464,55
12464,58
8070,1
8070,9
8070,18
8070,22
8070,35
8070,48
5144,18
5144,35
5144,42
5144,48
5144,55
5144,62
5144,100
11027,18
11027,22
11027,31
11027,55
11027,63
11027,72
11027,102
3052,18
3052,25
3052,35
3052,37
3052,55
3052,102
6582,1
6582,4
6582,6
6582,35
6582,63
6582,72
6582,76
6582,97
6582,101
6582,111
1251,75
1251,78
1251,97
1251,112
1251,114
1251,118
1251,132
10526,18
10526,21
10526,34
10526,35
10526,37
10526,41
10526,48
10526,55
10526,62
9762,18
9762,20
9762,24
9762,35
9762,63
9762,72
9762,101
3304,1
3304,3
3304,35
3304,43
3304,49
9095,18
9095,19
9095,29
9095,34
9095,35
9095,42
9095,48
9095,55
9095,58
9095,63
9095,72
3501,18
3501,19
3501,35
3501,48
3501,54
3501,63
3501,72
4850,18
4850,24
4850,25
4850,35
4850,52
4850,63
4850,72
5316,35
5316,42
5316,49
5316,55
5316,62
5316,63
5316,72
2954,18
2954,19
2954,35
2954,41
2954,55
2954,58
2954,63
2954,72
8997,18
8997,19
8997,24
8997,30
8997,35
8997,43
8997,48
8997,52
8997,55
8997,58
8997,63
8997,72
11116,18
11116,22
11116,35
11116,37
11116,40
11116,41
11116,55
11116,102
2315,1
2315,4
2315,8
2315,55
2315,62
7090,1
7090,5
7090,8
7090,18
7090,19
7090,20
7090,23
7090,25
7090,29
7090,34
7090,35
7090,42
7090,43
7090,48
7090,55
7090,58
7090,63
7090,72
8823,18
8823,19
8823,21
8823,35
8823,42
8823,55
8823,63
8823,72
8823,77
8823,97
8823,102
4466,18
4466,19
4466,22
4466,23
4466,63
4466,72
5535,74
5535,75
5535,78
5535,97
5535,112
5535,114
5535,118
5535,122
5535,132
3838,35
3838,42
3838,48
3838,52
3838,55
3838,63
3838,72
3838,102
8113,1
8113,9
8113,35
8113,42
3416,1
3416,6
3416,63
3416,72
3416,77
3416,97
14105,35
14105,48
14105,52
14105,79
6039,1
6039,3
6039,9
6039,55
6039,58
2417,18
2417,34
2417,35
2417,52
2417,80
2417,81
4112,1
4112,4
4112,5
4112,8
4112,55
4112,62
4112,80
4112,81
4019,1
4019,3
4019,4
4019,35
4019,43
4019,48
13627,35
13627,38
13627,49
13627,55
13627,62
13627,80
13627,81
7093,1
7093,5
7093,8
7093,18
7093,19
7093,35
7093,37
7093,43
7093,48
7093,52
7093,55
7093,62
9518,18
9518,20
9518,22
9518,23
9518,27
9518,29
9518,34
9518,35
9518,36
9518,37
9518,40
9518,41
9518,49
9518,52
9518,55
9518,62
9518,63
9518,72
9518,74
9518,77
9518,97
9518,122
9518,124
1936,18
1936,34
1936,35
1936,63
1936,70
1936,101
1987,1
1987,3
1987,5
1987,6
1987,55
1987,102
3660,18
3660,25
3660,35
3660,43
3660,55
3660,102
2262,35
2262,42
2262,43
2262,63
2262,72
6161,1
6161,3
6161,18
6161,23
6161,26
6161,27
6161,29
6161,30
6161,34
6161,35
6161,48
6161,52
6161,54
6161,55
6161,58
7839,1
7839,6
7839,55
7839,63
7839,72
7839,95
7839,96
7839,102
10199,18
10199,20
10199,35
10199,43
10199,54
10199,55
10199,102
10176,18
10176,20
10176,35
10176,42
10176,48
10176,52
10176,55
10176,62
10176,63
10176,72
10176,80
10176,83
7885,1
7885,7
7885,55
7885,102
6902,1
6902,5
6902,6
6902,8
6902,18
6902,34
6902,35
6902,41
6902,43
6902,48
6902,52
6902,55
6902,77
6902,97
6902,102
12859,18
12859,34
12859,35
12859,42
12859,48
12859,63
12859,70
12859,72
12859,77
12859,97
14512,63
14512,68
14512,70
14512,80
14512,81
14512,82
7595,1
7595,6
7595,8
7595,54
7595,55
7595,102
4700,18
4700,21
4700,35
4700,38
4700,48
4700,63
4700,72
3809,35
3809,38
3809,41
3809,52
3809,55
3809,62
2762,35
2762,48
2762,52
2762,53
5306,35
5306,41
5306,79
5221,35
5221,37
5221,55
5221,62
5221,74
5221,80
5221,83
5221,97
5221,120
3072,18
3072,29
3072,35
3072,41
3072,48
3072,55
3072,102
5797,1
5797,3
5797,4
5797,18
5797,19
5797,35
5797,43
5797,48
5797,52
5797,55
5797,63
5797,72
5797,102
5318,35
5318,42
5318,55
5318,58
5318,62
8879,18
8879,19
8879,22
8879,29
8879,34
8879,35
8879,37
8879,38
8879,41
8879,42
8879,55
8879,62
8879,63
8879,72
8879,80
8879,83
9007,18
9007,19
9007,24
9007,34
9007,35
9007,42
9007,55
9007,63
9007,72
9007,77
9007,97
9007,102
8851,18
8851,19
8851,22
8851,23
8851,34
8851,35
8851,41
8851,48
8851,55
8851,58
8851,63
8851,72
8851,77
8851,97
1545,18
1545,19
1545,20
1545,35
1545,48
1545,55
1545,63
1545,72
1545,102
1574,18
1574,35
1574,37
1574,41
1574,55
1574,58
1574,100
10463,18
10463,21
10463,28
10463,29
10463,55
10463,102
5518,63
5518,71
5518,76
5518,97
5518,111
5732,1
5732,3
5732,4
5732,5
5732,8
5732,55
5732,102
3780,35
3780,36
3780,48
3780,55
3780,102
4139,1
4139,4
4139,10
4139,55
4139,102
6290,1
6290,3
6290,35
6290,41
6290,42
6290,55
6290,102
13250,35
13250,36
13250,42
13250,48
13250,52
13250,63
13250,72
13250,77
13250,97
8093,1
8093,9
8093,18
8093,34
8093,35
8093,37
8093,40
8093,48
8093,55
8093,62
3817,35
3817,40
3817,42
3817,48
3817,52
4070,1
4070,3
4070,35
4070,40
4070,63
4070,72
2001,1
2001,5
2001,8
2001,35
2001,48
2001,55
2001,102
6988,1
6988,5
6988,6
6988,18
6988,34
6988,35
6988,37
6988,49
12919,18
12919,34
12919,35
12919,48
12919,52
12919,55
12919,58
12919,63
12919,70
3954,74
3954,75
3954,97
3954,119
3954,126
10412,18
10412,21
10412,25
10412,29
10412,63
10412,72
5686,1
5686,2
5686,35
5686,37
5686,80
5686,83
3545,18
3545,20
3545,35
3545,38
3545,48
3545,52
3545,63
3545,72
14572,74
14572,75
14572,76
14572,77
14572,97
14572,107
14572,112
14572,114
14572,120
14572,122
5332,35
5332,43
5332,52
5332,80
5332,81
11580,18
11580,24
11580,27
11580,35
11580,48
11580,55
11580,63
11580,72
11580,102
7153,1
7153,5
7153,8
7153,18
7153,34
7153,35
7153,52
5140,18
5140,35
5140,41
5140,80
5140,81
5140,100
2440,35
2440,38
2440,39
2280,55
2280,62
2280,74
2280,76
2280,97
2280,107
2280,120
12676,18
12676,34
12676,35
12676,37
12676,43
12676,63
12676,72
5491,55
5491,74
5491,79
5491,97
5491,102
5491,120
4754,18
4754,22
4754,31
4754,35
4754,52
4754,55
4754,102
11518,18
11518,23
11518,35
11518,48
11518,49
11518,52
4100,1
4100,4
4100,5
4100,6
4100,8
4100,55
4100,63
4100,72
4100,102
2737,35
2737,37
2737,74
2737,75
2737,97
2737,118
2737,120
2737,122
4750,18
4750,22
4750,29
4750,34
4750,35
4750,48
4750,52
4750,55
4750,63
4750,72
4750,102
13561,35
13561,37
13561,74
13561,75
13561,76
13561,97
13561,107
13561,118
13561,122
8988,18
8988,19
8988,24
8988,26
8988,30
8988,34
8988,35
8988,52
8988,55
8988,63
8988,72
8988,102
12780,18
12780,34
12780,35
12780,41
12780,42
12780,52
12780,55
12780,58
6771,1
6771,4
6771,35
6771,37
6771,43
6771,52
6771,55
6771,62
6771,63
6771,70
6771,72
6771,79
3782,35
3782,37
3782,38
3782,41
4231,1
4231,5
4231,8
4231,55
4231,80
4231,81
4231,102
6343,1
6343,3
6343,35
6343,48
6343,55
6343,62
6343,63
6343,72
6343,79
9125,18
9125,19
9125,31
9125,34
9125,35
9125,52
9125,55
9125,62
9125,63
9125,72
4327,1
4327,6
4327,63
4327,70
4327,90
4327,91
4327,96
14669,74
14669,75
14669,97
14669,112
14669,113
14669,115
14669,116
14669,123
6070,1
6070,3
6070,18
6070,19
6070,35
6070,41
6070,49
5283,35
5283,41
5283,42
5283,52
5283,55
5283,63
5283,72
5283,102
9151,18
9151,19
9151,34
9151,35
9151,38
9151,49
14776,74
14776,80
14776,83
14776,97
14776,120
14776,123
3291,1
3291,3
3291,10
3291,55
3291,63
3291,72
3291,102
1816,18
1816,34
1816,35
1816,43
1816,52
13890,35
13890,42
13890,48
13890,55
13890,58
8662,18
8662,19
8662,20
8662,25
8662,35
8662,48
8662,55
8662,63
8662,72
8662,102
9418,18
9418,20
9418,21
9418,24
9418,55
9418,63
9418,72
9418,102
14396,55
14396,62
14396,74
14396,75
14396,97
14396,112
14396,113
14396,118
14396,124
6785,1
6785,4
6785,35
6785,41
6785,42
2621,18
2621,20
2621,35
2621,41
2621,52
2621,55
2621,63
2621,72
2621,102
13334,35
13334,37
13334,41
13334,42
13334,43
13334,48
13334,55
13334,102
7334,1
7334,5
7334,18
7334,20
7334,35
7334,42
7334,52
7334,55
7334,102
14773,74
14773,79
14773,80
14773,83
14773,97
14773,126
14148,35
14148,49
14148,52
14148,54
14148,55
14148,63
14148,72
14148,102
9395,18
9395,20
9395,21
9395,22
9395,23
9395,34
9395,35
9395,43
9395,48
9395,52
9395,55
9395,63
9395,72
9395,102
11051,18
11051,22
11051,34
11051,35
11051,38
3183,35
3183,43
3183,52
3183,55
3183,58
3183,63
3183,72
11744,18
11744,24
11744,35
11744,52
11744,55
11744,58
2165,1
2165,6
2165,35
2165,43
2165,55
2165,102
5076,18
5076,34
5076,35
5076,42
5076,80
5076,81
13704,35
13704,40
13704,42
13704,48
13704,49
13704,52
13704,63
13704,72
13706,35
13706,40
13706,42
13706,48
13706,52
13706,63
13706,72
4987,18
4987,29
4987,35
4987,41
4987,63
4987,72
7559,1
7559,6
7559,8
7559,10
7559,76
7559,80
7559,81
7559,97
7559,111
4246,1
4246,5
4246,18
4246,20
4246,22
4246,35
4246,48
4246,52
4246,55
4246,63
4246,72
4246,102
5583,74
5583,79
5583,97
5583,120
5583,122
5583,126
3326,1
3326,4
3326,10
3326,55
3326,63
3326,72
3326,102
9092,18
9092,19
9092,29
9092,34
9092,35
9092,37
9092,38
9092,41
9092,52
9092,55
9092,62
9092,63
9092,72
9092,80
9092,81
6375,1
6375,3
6375,55
6375,62
6375,80
6375,81
6375,83
4194,1
4194,5
4194,6
4194,18
4194,34
4194,55
4194,102
4497,18
4497,19
4497,34
4497,35
4497,43
13534,35
13534,37
13534,55
13534,62
13534,74
13534,77
13534,97
13534,120
1661,55
1661,76
1661,97
1661,102
1661,107
5089,18
5089,34
5089,35
5089,49
5089,52
5089,63
5089,70
6890,1
6890,5
6890,6
6890,8
6890,13
6890,14
6890,18
6890,19
6890,20
6890,21
6890,25
6890,34
6890,35
6890,48
6890,52
6890,63
6890,72
7841,1
7841,6
7841,55
7841,80
7841,81
7841,102
11585,18
11585,24
11585,28
11585,35
11585,48
11585,63
11585,72
12528,18
12528,31
12528,35
12528,43
12528,52
12528,55
12528,102
4421,13
4421,14
4421,18
4421,19
4421,63
4421,71
3155,35
3155,39
3155,63
3155,70
7071,1
7071,5
7071,8
7071,9
7071,18
7071,20
7071,63
7071,72
5510,63
5510,69
5510,76
5510,97
5510,111
8710,18
8710,19
8710,20
8710,34
8710,35
8710,48
8710,52
8710,55
8710,63
8710,72
8710,102
2045,18
2045,20
2045,35
2045,37
2045,52
2045,63
2045,72
5500,55
5500,93
5500,96
5500,102
8539,18
8539,19
8539,20
8539,21
8539,22
8539,35
8539,37
8539,42
8539,52
8539,55
8539,62
8539,63
8539,72
8539,80
8539,83
13952,35
13952,43
13952,48
13952,55
13952,62
13952,63
13952,72
6073,1
6073,3
6073,18
6073,19
6073,35
6073,42
6073,55
6073,102
11748,18
11748,24
11748,35
11748,54
11748,55
11748,63
11748,72
11748,77
11748,97
11748,101
11748,102
4922,18
4922,25
4922,35
4922,48
4922,63
4922,72
4922,77
4922,97
4403,1
4403,54
4403,55
4403,62
4403,98
2384,18
2384,22
2384,63
2384,70
2812,74
2812,97
2812,120
2812,122
2812,124
2812,126
7695,1
7695,6
7695,18
7695,20
7695,55
7695,62
7695,63
7695,72
7695,76
7695,97
7695,107
10449,18
10449,21
10449,26
10449,29
10449,35
10449,55
10449,101
10449,102
4387,1
4387,10
4387,18
4387,35
4387,41
4387,55
4387,100
4387,102
6786,1
6786,4
6786,35
6786,41
6786,43
6786,52
6786,55
6786,102
4696,18
4696,21
4696,35
4696,37
4696,52
4696,55
4696,62
6330,1
6330,3
6330,35
6330,43
6330,54
6330,63
6330,72
6622,1
6622,4
6622,8
6622,35
6622,48
6622,52
6622,63
6622,72
2442,35
2442,38
2442,43
9040,18
9040,19
9040,24
9040,35
9040,52
9040,55
9040,63
9040,72
9040,102
12661,18
12661,34
12661,35
12661,37
12661,41
12661,55
12661,62
12661,63
12661,72
12661,74
12661,97
12661,120
12661,122
14023,35
14023,44
14023,63
14023,70
13789,35
13789,41
13789,43
13789,55
13789,62
13789,80
13789,83
4337,1
4337,8
4337,13
4337,14
4337,63
4337,72
10259,18
10259,20
10259,35
10259,54
10259,63
10259,72
10259,101
3000,18
3000,21
3000,35
3000,43
6856,1
6856,4
6856,55
6856,62
6856,76
6856,97
6856,111
9703,18
9703,20
9703,23
9703,35
9703,40
9703,42
9703,48
9703,55
9703,63
9703,72
9703,102
7709,1
7709,6
7709,18
7709,23
4245,1
4245,5
4245,13
4245,15
7701,1
7701,6
7701,18
7701,21
7701,35
7701,41
7701,52
11952,18
11952,25
11952,35
11952,41
11952,55
11952,62
11952,80
11952,81
5565,74
5565,75
5565,97
5565,118
5565,120
5565,122
5565,126
3031,18
3031,23
3031,35
3031,38
5793,1
5793,3
5793,4
5793,13
5793,14
5793,55
5793,63
5793,72
5793,102
10279,18
10279,20
10279,55
10279,63
10279,72
10279,80
10279,83
10279,102
10131,18
10131,20
10131,35
10131,41
10131,42
10131,43
10131,48
10131,49
10131,52
10131,63
10131,70
10131,72
10131,77
10131,97
2955,18
2955,19
2955,35
2955,43
2955,48
2955,52
2955,55
2955,63
2955,72
2955,102
13245,35
13245,36
13245,41
13245,49
13245,55
13245,102
11325,18
11325,23
11325,25
11325,34
11325,35
11325,48
11325,55
11325,62
11325,63
11325,72
11325,75
11325,97
11325,118
11006,18
11006,22
11006,30
11006,34
11006,35
11006,52
11006,55
11006,102
7509,1
7509,5
7509,55
7509,62
7509,95
7509,96
5031,18
5031,34
5031,35
5031,37
5031,38
5031,41
5031,55
5031,102
10923,18
10923,22
10923,27
10923,29
10923,31
10923,35
10923,41
10923,42
10923,48
10923,55
10923,58
10923,63
10923,72
10923,77
10923,97
9983,18
9983,20
9983,34
9983,35
9983,41
9983,48
9983,49
9983,63
9983,72
6491,1
6491,4
6491,5
6491,35
6491,43
6491,52
13757,35
13757,41
13757,42
13757,48
13757,52
13757,80
13757,83
5919,1
5919,3
5919,5
5919,8
5919,55
5919,63
5919,72
5919,80
5919,81
5919,102
10147,18
10147,20
10147,35
10147,41
10147,48
10147,55
10147,62
10147,63
10147,72
14603,74
14603,75
14603,76
14603,97
14603,107
14603,119
14603,120
11377,18
11377,23
11377,29
11377,34
11377,35
11377,48
11377,55
11377,102
9086,18
9086,19
9086,27
9086,35
9086,52
9086,63
9086,72
3466,13
3466,14
3466,35
3466,52
3466,55
3466,102
2878,1
2878,5
2878,6
2878,9
2878,63
2878,72
13608,35
13608,38
13608,42
13608,49
8003,1
8003,8
8003,35
8003,49
8003,55
8003,74
8003,97
8003,102
8003,120
13979,35
13979,43
13979,52
13979,55
13979,77
13979,97
13979,102
3177,35
3177,42
3177,48
3177,52
3177,55
3177,102
7298,1
7298,5
7298,13
7298,16
7298,55
7298,102
4000,1
4000,2
4000,63
4000,69
4000,72
4276,1
4276,5
4276,55
4276,62
4276,80
4276,81
14651,74
14651,75
14651,79
14651,97
14651,112
14651,113
14651,114
14651,120
14651,122
5951,1
5951,3
5951,5
5951,35
5951,42
5951,43
12917,18
12917,34
12917,35
12917,48
12917,52
12917,54
12917,55
12917,62
14237,35
14237,52
14237,63
14237,70
14237,77
14237,97
9106,18
9106,19
9106,29
9106,35
9106,42
9106,43
9106,48
9106,49
9106,55
9106,63
9106,72
9106,77
9106,97
9106,102
4339,1
4339,8
4339,18
4339,19
4339,35
4339,52
4339,63
4339,72
6978,1
6978,5
6978,6
6978,18
6978,22
6978,35
6978,48
6978,52
6978,55
6978,102
11059,18
11059,22
11059,34
11059,35
11059,40
11059,42
11059,77
11059,97
3392,1
3392,5
3392,63
3392,72
3392,76
3392,97
3392,111
12155,18
12155,27
12155,55
12155,62
12155,63
12155,72
12155,80
12155,81
9068,18
9068,19
9068,25
9068,35
9068,43
9068,48
9068,55
9068,63
9068,72
9068,102
4501,18
4501,19
4501,34
4501,35
4501,55
4501,101
4501,102
10321,18
10321,21
10321,22
10321,29
10321,34
10321,35
10321,42
10321,52
10321,55
10321,63
10321,72
10321,102
10520,18
10520,21
10520,34
10520,35
10520,36
10520,47
10520,55
10520,63
10520,72
10520,102
3763,18
3763,35
3763,37
3763,41
3763,52
3763,55
3763,58
3763,100
2675,18
2675,25
2675,35
2675,48
2675,52
2675,55
2675,63
2675,72
2675,102
2786,55
2786,62
2786,74
2786,80
2786,83
2786,97
2786,120
2786,122
7624,1
7624,6
7624,9
7624,55
7624,63
7624,70
7624,95
7624,96
7624,102
5668,1
5668,2
5668,9
5668,63
5668,71
2662,18
2662,23
2662,35
2662,43
2662,48
2662,55
2662,102
2457,35
2457,42
2457,52
2457,55
2457,63
2457,72
2457,102
9331,18
9331,19
9331,35
9331,43
9331,63
9331,72
9331,76
9331,97
9331,111
3347,1
3347,5
3347,6
3347,8
3347,35
3347,48
3958,74
3958,76
3958,97
3958,107
3958,111
3958,120
3958,122
6650,1
6650,4
6650,10
6650,35
6650,43
6650,55
6650,76
6650,97
6650,102
6650,111
3005,18
3005,22
3005,23
3005,29
3005,55
3005,102
4644,18
4644,20
4644,35
4644,42
4644,63
4644,72
4644,80
4644,81
12018,18
12018,26
12018,29
12018,35
12018,36
12018,48
12018,55
12018,58
12018,63
12018,72
4756,18
4756,22
4756,34
4756,35
4756,41
13323,35
13323,37
13323,40
13323,42
13323,55
13323,102
6925,1
6925,5
6925,6
6925,8
6925,55
6925,62
6925,63
6925,72
11662,18
11662,24
11662,35
11662,37
11662,42
11662,63
11662,72
9917,18
9917,20
9917,30
9917,34
9917,35
9917,41
9917,48
9917,55
9917,63
9917,72
9917,102
11344,18
11344,23
11344,27
11344,31
11344,34
11344,35
11344,40
11344,41
11344,42
11344,55
11344,63
11344,72
11344,77
11344,97
11344,102
13107,18
13107,35
13107,41
13107,42
13107,48
13107,55
13107,77
13107,97
13107,100
13107,102
13197,18
13197,35
13197,45
13197,100
10396,18
10396,21
10396,24
10396,35
10396,42
10396,48
10396,55
10396,102
10130,18
10130,20
10130,35
10130,40
10130,52
12523,18
12523,31
12523,35
12523,42
12523,55
12523,102
9391,18
9391,19
9391,95
9391,96
10297,18
10297,21
10297,22
10297,23
10297,25
10297,27
10297,31
10297,34
10297,35
10297,41
10297,55
10297,63
10297,72
10297,102
1815,18
1815,34
1815,35
1815,39
1815,55
1815,102
3853,35
3853,43
3853,54
3853,63
3853,72
13896,35
13896,42
13896,48
13896,63
13896,70
13896,72
3206,54
3206,55
3206,80
3206,81
3206,102
7622,1
7622,6
7622,9
7622,55
7622,62
7622,74
7622,75
7622,79
7622,80
7622,83
7622,97
7622,112
7622,113
7622,123
5428,54
5428,55
5428,59
5428,63
5428,70
10762,18
10762,22
10762,23
10762,29
10762,35
10762,52
12881,18
12881,34
12881,35
12881,43
12881,48
12881,52
12881,55
12881,102
8679,18
8679,19
8679,20
8679,29
8679,34
8679,35
8679,52
8679,55
8679,63
8679,72
8679,102
10623,18
10623,21
10623,35
10623,40
10623,63
10623,65
3960,74
3960,76
3960,97
3960,111
3960,120
3960,124
11561,18
11561,24
11561,25
11561,35
11561,40
11561,41
11561,42
11561,48
11561,55
11561,58
11561,63
11561,72
11561,77
11561,97
6501,1
6501,4
6501,5
6501,35
6501,55
6501,101
6501,102
2796,74
2796,75
2796,76
2796,78
2796,97
2796,107
2796,118
2796,122
2796,132
4200,1
4200,5
4200,6
4200,35
4200,49
13688,35
13688,40
13688,41
13688,42
13688,49
13688,55
13688,77
13688,97
13688,102
2087,35
2087,36
2087,43
2087,55
2087,58
13357,35
13357,37
13357,41
13357,48
13357,49
13357,55
13357,58
13357,63
13357,72
4328,1
4328,6
4328,74
4328,97
4328,120
5929,1
5929,3
5929,5
5929,18
5929,19
5929,63
5929,72
5202,35
5202,37
5202,43
5202,55
5202,62
5202,63
5202,72
13238,35
13238,36
13238,39
13238,43
9979,18
9979,20
9979,34
9979,35
9979,41
9979,42
9979,52
9979,63
9979,72
9979,77
9979,97
13282,35
13282,36
13282,55
13282,58
13282,63
13282,72
11086,18
11086,22
11086,34
11086,35
11086,48
11086,54
8577,18
8577,19
8577,20
8577,22
8577,23
8577,27
8577,28
8577,34
8577,35
8577,37
8577,41
8577,48
8577,55
8577,58
8577,62
8577,63
8577,72
7529,1
7529,5
7529,63
7529,70
7529,76
7529,97
7529,111
10522,18
10522,21
10522,34
10522,35
10522,37
10522,38
10522,42
10522,55
10522,62
10522,63
10522,72
10522,77
10522,97
6356,1
6356,3
6356,35
6356,52
6356,54
2356,18
2356,19
2356,23
3592,18
3592,22
3592,23
3592,35
3592,48
3592,52
3592,55
3592,102
4290,1
4290,6
4290,9
4290,35
4290,48
8567,18
8567,19
8567,20
8567,21
8567,34
8567,35
8567,40
8567,42
8567,43
8567,48
8567,49
8567,52
8567,55
8567,58
8567,63
8567,72
2733,35
2733,37
2733,55
2733,62
2733,63
2733,70
12567,18
12567,32
12567,35
12567,48
12567,55
12567,58
10126,18
10126,20
10126,35
10126,40
10126,42
10126,55
10126,63
10126,72
10126,77
10126,97
10126,102
5483,55
5483,63
5483,70
5483,71
5483,102
4990,18
4990,29
4990,35
4990,45
4990,48
3365,1
3365,5
3365,8
3365,35
3365,43
3365,48
6832,1
6832,4
6832,35
6832,52
6832,55
6832,62
10434,18
10434,21
10434,25
10434,35
10434,40
10434,42
10434,48
10434,52
10434,63
10434,72
10434,77
10434,97
2620,18
2620,20
2620,35
2620,41
2620,43
2620,55
2620,63
2620,72
2620,102
9420,18
9420,20
9420,21
9420,25
9420,27
9420,34
9420,35
9420,48
9420,49
9420,63
9420,72
5374,35
5374,48
5374,55
5374,63
5374,69
5374,72
5374,102
12631,18
12631,34
12631,35
12631,37
12631,40
12631,42
12631,48
12631,52
12631,55
12631,62
12631,63
12631,72
12873,18
12873,34
12873,35
12873,42
12873,55
12873,62
12873,77
12873,97
7787,1
7787,6
7787,35
7787,48
7787,49
7787,63
7787,72
11630,18
11630,24
11630,34
11630,35
11630,41
11630,55
11630,58
11630,63
11630,72
6604,1
6604,4
6604,8
6604,10
6604,63
6604,70
2586,1
2586,55
2586,62
2586,76
2586,97
2586,98
2586,111
2742,35
2742,38
2742,52
2742,55
2742,62
3744,18
3744,34
3744,35
3744,43
3744,55
3744,58
3744,63
3744,72
14283,54
14283,55
14283,57
14283,63
14283,69
10785,18
10785,22
10785,23
10785,34
10785,35
10785,41
10785,48
10785,55
10785,102
12345,18
12345,29
12345,35
12345,38
12345,55
12345,62
12345,80
12345,83
5666,1
5666,2
5666,8
5666,79
5666,80
5666,81
9215,18
9215,19
9215,35
9215,36
9215,41
9215,63
9215,72
3280,1
3280,3
3280,5
3280,6
3280,8
3280,63
3280,72
3425,1
3425,8
3425,35
3425,41
3425,55
3425,62
4881,18
4881,24
4881,35
4881,43
4881,55
4881,58
5114,18
5114,35
5114,37
5114,41
5114,43
5114,55
5114,100
5114,102
10222,18
10222,20
10222,35
10222,48
10222,55
10222,58
10222,62
10222,63
10222,72
3813,35
3813,38
3813,48
3813,55
3813,102
4585,18
4585,20
4585,26
6112,1
6112,3
6112,18
6112,20
6112,55
6112,58
6112,63
6112,72
3062,18
3062,27
3062,35
3062,39
10675,18
10675,21
10675,35
10675,49
10675,55
10675,63
10675,72
10675,102
10151,18
10151,20
10151,35
10151,41
10151,49
5741,1
5741,3
5741,4
5741,5
5741,35
5741,38
5741,43
5331,35
5331,43
5331,50
5331,55
5331,58
13759,35
13759,41
13759,42
13759,49
13759,52
4237,1
4237,5
4237,9
4237,55
4237,62
4237,80
4237,81
10931,18
10931,22
10931,27
10931,34
10931,35
10931,48
9150,18
9150,19
9150,34
9150,35
9150,38
9150,48
9150,55
9150,63
9150,72
9150,77
9150,97
9150,102
3839,35
3839,42
3839,55
3839,62
3839,77
3839,97
3935,74
3935,75
3935,76
3935,97
3935,107
3935,112
3935,114
3935,120
3935,122
1817,18
1817,34
1817,35
1817,43
1817,55
1817,63
1817,72
1817,102
3645,18
3645,24
3645,35
3645,43
3645,52
3645,55
3645,63
3645,72
3645,102
9320,18
9320,19
9320,35
9320,43
9320,48
9320,63
9320,72
9320,77
9320,80
9320,81
9320,97
13963,35
13963,43
13963,49
13963,55
13963,58
13963,63
13963,72
7174,1
7174,5
7174,8
7174,35
7174,41
7174,52
3350,1
3350,5
3350,6
3350,8
3350,89
3350,96
10570,18
10570,21
10570,34
10570,55
10570,58
7391,1
7391,5
7391,18
7391,29
7391,55
7391,62
10306,18
10306,21
10306,22
10306,23
10306,34
10306,35
10306,41
10306,42
10306,43
10306,48
10306,50
10306,52
10306,55
10306,62
10306,63
10306,72
10306,77
10306,97
5035,18
5035,34
5035,35
5035,37
5035,41
5035,52
5035,55
5035,102
8037,1
8037,8
8037,74
8037,97
8037,120
8037,126
13822,35
13822,41
13822,52
13822,55
13822,58
13822,62
8800,18
8800,19
8800,21
8800,34
8800,35
8800,36
8800,42
8800,48
8800,55
8800,62
8800,63
8800,72
1742,55
1742,62
1742,76
1742,97
1742,107
1742,111
3188,35
3188,47
3188,48
3188,55
3188,63
3188,72
3188,102
14534,63
14534,70
14534,75
14534,79
14534,97
14534,112
14534,114
3619,18
3619,22
3619,55
3619,62
3619,63
3619,72
1571,18
1571,34
1571,35
1571,48
1571,52
1571,55
1571,63
1571,72
1571,102
2439,35
2439,37
2439,63
2439,72
2439,79
2439,80
2439,83
10534,18
10534,21
10534,34
10534,35
10534,38
10534,41
10534,52
10534,55
10534,102
4183,1
4183,5
4183,6
4183,8
4183,63
4183,69
13372,35
13372,37
13372,41
13372,52
13372,55
13372,58
13372,62
13372,79
4857,18
4857,24
4857,32
2873,1
2873,4
2873,35
2873,63
2873,72
2873,101
5718,1
5718,3
5718,4
5718,5
5718,6
5718,18
5718,35
5718,42
5718,55
5718,63
5718,72
5718,100
5718,102
8886,18
8886,19
8886,22
8886,30
8886,31
8886,34
8886,35
8886,42
8886,48
8886,55
8886,63
8886,72
8886,77
8886,97
8886,102
8250,1
8250,18
8250,19
8250,35
8250,52
8250,55
8250,62
8250,63
8250,72
8250,76
8250,80
8250,81
8250,97
8250,98
8250,111
9192,18
9192,19
9192,34
9192,35
9192,45
9192,48
9192,49
9192,52
11761,18
11761,24
11761,63
11761,72
11761,76
11761,97
11761,111
4188,1
4188,5
4188,6
4188,9
4188,55
4188,63
4188,72
4188,102
13121,18
13121,35
13121,41
13121,43
13121,54
13121,55
13121,100
13121,102
2805,74
2805,76
2805,80
2805,83
2805,97
2805,107
2805,122
9733,18
9733,20
9733,24
9733,29
9733,63
9733,72
7064,1
7064,5
7064,7
7064,8
7064,76
7064,97
7064,111
9732,18
9732,20
9732,24
9732,29
9732,55
9732,63
9732,72
9732,102
13136,18
13136,35
13136,41
13136,49
13136,63
13136,72
13136,100
10220,18
10220,20
10220,35
10220,48
10220,52
10220,77
10220,97
8985,18
8985,19
8985,24
8985,25
8985,35
8985,37
8985,41
8985,43
8985,48
8985,55
8985,58
8985,62
8985,63
8985,72
6871,1
6871,4
6871,63
6871,69
6871,84
6871,85
8290,1
8290,35
8290,48
8290,55
8290,98
8290,102
9163,18
9163,19
9163,34
9163,35
9163,41
9163,42
9163,48
9163,52
9163,55
9163,63
9163,72
9163,77
9163,97
9163,102
7227,1
7227,5
7227,8
7227,55
7227,91
7227,96
7227,102
10715,18
10715,22
10715,23
10715,26
10715,34
10715,35
10715,41
10715,43
10715,55
10715,58
9466,18
9466,20
9466,21
9466,34
9466,35
9466,38
9466,39
9466,42
9466,52
9466,55
9466,58
9466,63
9466,72
10049,18
10049,20
10049,35
10049,37
10049,41
10049,48
10049,55
10049,62
10049,63
10049,72
10049,79
4042,1
4042,3
4042,6
4042,35
4042,48
2769,35
2769,49
2769,80
2769,81
2921,1
2921,9
2921,35
2921,37
2921,55
2921,62
14262,35
14262,55
14262,62
14262,95
14262,96
14262,101
4954,18
4954,27
4954,35
4954,42
4954,55
4954,102
2539,1
2539,3
2539,35
2539,52
2539,55
2539,63
2539,72
2539,102
14225,35
14225,52
14225,55
14225,62
14225,76
14225,97
14225,111
9677,18
9677,20
9677,23
9677,29
9677,34
9677,35
9677,37
9677,52
9677,55
9677,63
9677,72
9677,102
4312,1
4312,6
4312,35
4312,43
4312,52
12941,18
12941,34
12941,35
12941,50
12941,52
12941,54
10966,18
10966,22
10966,29
10966,34
10966,35
10966,41
10966,55
10966,58
3197,35
3197,50
3197,55
3197,58
9018,18
9018,19
9018,24
9018,35
9018,36
9018,41
9018,42
9018,48
9018,54
9018,55
9018,58
4908,18
4908,25
4908,35
4908,40
4908,42
4908,63
4908,72
3045,18
3045,24
3045,35
3045,43
3045,52
3045,63
3045,72
11208,18
11208,22
11208,35
11208,43
11208,49
11208,55
11208,102
2230,18
2230,32
2230,35
2230,52
10083,18
10083,20
10083,35
10083,37
10083,49
10083,63
10083,72
8520,13
8520,16
8520,77
8520,97
3703,18
3703,29
3703,35
3703,52
3703,55
3703,63
3703,72
3703,102
3364,1
3364,5
3364,8
3364,35
3364,42
11728,18
11728,24
11728,35
11728,43
11728,55
11728,62
11728,63
11728,72
10957,18
10957,22
10957,29
10957,30
10957,34
10957,35
10957,55
10957,80
10957,83
10957,101
10957,102
4519,18
4519,19
4519,35
4519,42
4519,48
4519,55
4519,63
4519,72
4519,102
1309,18
1309,21
1309,55
1309,62
7826,1
7826,6
7826,55
7826,62
7826,63
7826,69
7826,84
7826,87
8219,1
8219,10
8219,35
8219,43
8219,49
8219,55
8219,62
8219,63
8219,72
7953,1
7953,8
7953,18
7953,27
7953,29
7953,35
7953,41
7953,55
7953,58
7953,62
7953,63
7953,72
7971,1
7971,8
7971,35
7971,36
7971,52
12953,18
12953,34
12953,35
12953,52
12953,55
12953,95
12953,96
12953,102
14057,35
14057,47
14057,55
14057,58
3814,35
3814,38
3814,52
3814,55
3814,102
11011,18
11011,22
11011,30
11011,35
11011,45
13699,35
13699,40
13699,42
13699,43
13699,52
13699,63
13699,72
10101,18
10101,20
10101,35
10101,38
10101,39
10101,55
10101,63
10101,72
10101,102
3164,35
3164,41
3164,43
3164,49
3164,55
3164,102
7104,1
7104,5
7104,8
7104,18
7104,19
7104,63
7104,72
7104,80
7104,81
2532,1
2532,3
2532,4
2532,35
2532,48
8513,13
8513,16
8513,18
8513,20
8513,63
8513,72
13709,35
13709,40
13709,42
13709,49
13709,52
8488,13
8488,14
8488,63
8488,66
8837,18
8837,19
8837,22
8837,23
8837,27
8837,29
8837,30
8837,34
8837,35
8837,43
8837,55
8837,58
8837,63
8837,72
1199,35
1199,48
1199,52
1199,55
1199,62
1199,77
1199,97
8712,18
8712,19
8712,20
8712,34
8712,35
8712,48
8712,55
8712,63
8712,72
8712,77
8712,97
8712,102
4637,18
4637,20
4637,35
4637,41
4637,52
4637,55
4637,102
9533,18
9533,20
9533,22
9533,23
9533,34
9533,35
9533,42
9533,48
9533,52
9533,63
9533,72
9533,77
9533,97
9277,18
9277,19
9277,35
9277,41
9277,47
9277,63
9277,72
3383,1
3383,5
3383,35
3383,43
3383,55
3383,63
3383,72
3383,102
8453,13
8453,14
8453,18
8453,35
8453,37
8453,100
12374,18
12374,29
12374,35
12374,43
12374,44
12374,48
12374,52
13941,35
13941,43
13941,48
13941,49
13941,55
13941,63
13941,72
13941,102
3463,13
3463,14
3463,35
3463,37
3463,63
3463,72
2686,18
2686,28
2686,33
2686,55
2686,102
8010,1
8010,8
8010,54
8010,63
8010,72
8010,77
8010,97
10310,18
10310,21
10310,22
10310,25
10310,27
10310,28
10310,34
10310,55
10310,63
10310,72
10310,102
4171,1
4171,4
4171,63
4171,69
4171,80
4171,81
10639,18
10639,21
10639,35
10639,41
10639,48
10639,52
10639,55
10639,80
10639,81
10639,102
13865,35
13865,42
13865,43
13865,48
13865,55
13865,62
13865,63
13865,72
13553,35
13553,37
13553,63
13553,67
13553,79
4077,1
4077,3
4077,35
4077,43
4077,52
4077,55
4077,62
10156,18
10156,20
10156,35
10156,41
10156,52
10156,55
10156,58
10156,63
10156,72
2600,18
2600,19
2600,34
2600,35
2600,48
2600,52
2600,55
2600,63
2600,72
2600,102
10093,18
10093,20
10093,35
10093,37
10093,55
10093,62
10093,79
7199,1
7199,5
7199,8
7199,35
7199,48
7199,49
13427,35
13427,37
13427,43
13427,48
13427,49
13427,52
13427,55
13427,102
11362,18
11362,23
11362,29
11362,31
3071,18
3071,29
3071,35
3071,41
3071,48
11228,18
11228,22
11228,35
11228,48
11228,54
11228,55
11228,62
6046,1
6046,3
6046,10
6046,35
6046,48
6046,63
6046,72
4943,18
4943,27
4943,31
4943,35
4943,52
3597,18
3597,22
3597,29
3597,34
3597,35
3597,52
3597,55
3597,102
5145,18
5145,35
5145,42
5145,49
5145,100
3863,35
3863,48
3863,52
3863,54
3863,55
3863,102
4764,18
4764,22
4764,34
4764,35
4764,42
4764,48
4764,63
4764,72
9288,18
9288,19
9288,35
9288,42
9288,43
6909,1
6909,5
6909,6
6909,8
6909,35
6909,41
6909,43
6909,54
6909,55
6909,62
6909,80
6909,83
2072,18
2072,34
2072,35
2072,41
2072,48
2072,63
2072,72
3625,18
3625,23
3625,34
3625,35
3625,42
3625,52
6181,1
6181,3
6181,18
6181,24
6181,35
6181,48
6181,55
6181,102
13645,35
13645,38
13645,74
13645,75
13645,97
13645,112
13645,113
13645,120
13645,122
10116,18
10116,20
10116,35
10116,38
10116,52
10116,55
10116,63
10116,72
10116,102
4176,1
4176,4
4176,95
4176,96
9374,18
9374,19
9374,35
9374,63
9374,69
9374,72
9374,101
12161,18
12161,28
12161,29
12161,33
12161,35
12161,48
2867,1
2867,4
2867,18
2867,22
5325,35
5325,43
5325,48
5325,52
5325,55
5325,58
5325,77
5325,97
5961,1
5961,3
5961,5
5961,35
5961,45
5961,55
5961,102
7082,1
7082,5
7082,8
7082,9
7082,63
7082,70
14307,54
14307,63
14307,68
10304,18
10304,21
10304,22
10304,23
10304,34
8271,1
8271,35
8271,37
8271,63
8271,72
8271,98
2301,90
2301,95
2301,96
3160,35
3160,40
3160,63
3160,70
6326,1
6326,3
6326,35
6326,43
6326,52
6326,55
6326,63
6326,72
6326,77
6326,97
6326,102
4724,18
4724,21
4724,35
4724,80
4724,83
4724,101
2000,1
2000,5
2000,8
2000,35
2000,37
6847,1
6847,4
6847,55
6847,58
6847,63
6847,70
9371,18
9371,19
9371,35
9371,54
9371,101
5472,55
5472,62
5472,74
5472,78
5472,79
5472,97
5472,120
5472,122
5472,132
8126,1
8126,9
8126,35
8126,55
8126,80
8126,81
8126,101
8126,102
3478,18
3478,19
3478,21
3478,34
3478,35
3478,42
3478,63
3478,72
2634,18
2634,21
2634,25
2634,35
2634,52
1720,18
1720,35
1720,37
1720,52
1720,100
11019,18
11019,22
11019,31
11019,34
11019,35
11019,39
11019,52
11019,55
11019,62
11019,63
11019,72
12304,18
12304,29
12304,34
12304,63
12304,69
6415,1
6415,4
6415,5
6415,6
6415,10
6415,55
6415,102
6416,1
6416,4
6416,5
6416,6
6416,10
6416,63
6416,72
3124,18
3124,35
3124,41
3124,55
3124,58
3124,62
3124,100
11273,18
11273,23
11273,24
11273,30
11273,35
11273,48
11273,52
11273,55
11273,63
11273,72
11273,102
7526,1
7526,5
7526,63
7526,69
7526,72
9182,18
9182,19
9182,34
9182,35
9182,42
9182,52
10730,18
10730,22
10730,23
10730,27
10730,35
10730,48
10730,55
10730,102
12903,18
12903,34
12903,35
12903,47
12903,52
12903,55
12903,63
12903,72
12903,102
7613,1
7613,6
7613,8
7613,76
7613,97
7613,107
7613,111
2952,18
2952,19
2952,35
2952,36
12673,18
12673,34
12673,35
12673,37
12673,42
12673,80
12673,81
4744,18
4744,22
4744,25
4744,35
4744,48
4744,52
4744,63
4744,72
8089,1
8089,9
8089,18
8089,29
8089,35
8089,48
8089,55
8089,62
11799,18
11799,25
11799,29
11799,35
11799,41
11799,42
11799,55
11799,63
11799,72
11799,102
4762,18
4762,22
4762,34
4762,35
4762,41
4762,55
4762,62
10627,18
10627,21
10627,35
10627,41
10627,42
10627,55
10627,62
10627,63
10627,72
10627,80
10627,83
8026,1
8026,8
8026,63
8026,69
8026,70
11941,18
11941,25
11941,35
11941,41
11941,48
11941,49
11941,55
11941,62
11941,63
11941,72
11941,80
11941,83
6783,1
6783,4
6783,35
6783,39
5422,35
5422,55
5422,80
5422,81
5422,101
5422,102
14659,74
14659,75
14659,80
14659,83
14659,97
14659,112
14659,113
14659,122
14659,124
5323,35
5323,43
5323,48
5323,52
5323,53
5323,55
5323,102
10052,18
10052,20
10052,35
10052,37
10052,41
10052,49
10052,55
10052,58
10052,62
10052,63
10052,72
7178,1
7178,5
7178,8
7178,35
7178,41
7178,55
7178,63
7178,71
7178,72
7178,102
5225,35
5225,37
5225,63
5225,70
5225,79
3711,18
3711,30
3711,35
3711,41
13347,35
13347,37
13347,41
13347,43
13347,48
13347,55
13347,58
13347,62
14457,55
14457,63
14457,70
14457,74
14457,97
14457,102
14457,120
1130,18
1130,20
1130,34
1130,35
1130,52
1130,63
1130,72
5826,1
5826,3
5826,4
5826,35
5826,37
5826,43
12576,18
12576,33
12576,34
12576,35
12576,52
13341,35
13341,37
13341,41
13341,42
13341,55
13341,62
6645,1
6645,4
6645,9
6645,80
6645,83
5278,35
5278,41
5278,42
5278,48
5278,49
5278,55
5278,102
5344,35
5344,45
5344,52
5344,54
5344,55
5344,58
6000,1
6000,3
6000,6
6000,35
6000,43
6000,55
6000,63
6000,72
6000,102
9305,18
9305,19
9305,35
9305,42
9305,49
9305,55
9305,63
9305,72
9305,102
9295,18
9295,19
9295,35
9295,42
9295,48
9295,49
9295,55
9295,63
9295,72
9295,102
11777,18
11777,25
11777,27
11777,55
11777,63
11777,72
11777,102
4513,18
4513,19
4513,35
4513,41
4513,55
4513,63
4513,72
4513,77
4513,97
4513,102
9093,18
9093,19
9093,29
9093,34
9093,35
9093,37
9093,48
9093,55
9093,62
9093,63
9093,72
5320,35
5320,43
5320,45
5320,48
5320,52
8953,18
8953,19
8953,23
8953,29
8953,35
8953,48
8953,55
8953,63
8953,72
8953,102
13017,18
13017,35
13017,37
13017,39
13017,41
13017,55
13017,100
13017,102
7458,1
7458,5
7458,35
7458,42
7458,52
10255,18
10255,20
10255,35
10255,52
10255,55
10255,63
10255,72
10255,80
10255,81
10255,102
9764,18
9764,20
9764,25
9764,27
9764,28
9764,34
9764,35
9764,48
9764,52
9764,55
9764,63
9764,72
9764,102
11101,18
11101,22
11101,34
11101,35
11101,52
11101,55
11101,62
3454,1
3454,54
3454,55
3454,98
3454,102
7268,1
7268,5
7268,9
7268,55
7268,62
7268,80
7268,83
10175,18
10175,20
10175,35
10175,42
10175,48
10175,52
10175,55
10175,62
10175,63
10175,72
13623,35
13623,38
13623,48
13623,55
13623,62
13623,63
13623,72
13623,80
13623,81
3520,18
3520,20
3520,25
3520,34
3520,35
3520,48
3520,52
3520,55
3520,63
3520,72
3520,102
10947,18
10947,22
10947,28
10947,31
10947,34
10947,35
10947,48
10947,55
10947,63
10947,72
10947,102
8824,18
8824,19
8824,21
8824,35
8824,43
8824,48
8824,63
8824,72
4025,1
4025,3
4025,4
4025,54
4025,63
4025,72
8000,1
8000,8
8000,35
8000,48
8000,55
8000,62
8000,63
8000,72
5854,1
5854,3
5854,4
5854,55
5854,58
5854,62
3940,74
3940,75
3940,78
3940,97
3940,112
3940,114
3940,118
3940,120
3940,132
3989,1
3989,2
3989,5
3989,9
12946,18
12946,34
12946,35
12946,50
12946,55
12946,77
12946,97
12946,102
13905,35
13905,42
13905,49
13905,55
13905,80
13905,81
13905,102
4193,1
4193,5
4193,6
4193,18
4193,29
4193,55
4193,102
5708,1
5708,3
5708,4
5708,5
5708,6
5708,8
5708,18
5708,23
1953,35
1953,41
1953,42
1953,55
1953,63
1953,72
1953,102
14856,75
14856,79
14856,80
14856,83
14856,97
14856,119
10721,18
10721,22
10721,23
10721,27
10721,30
10721,34
10721,55
10721,102
9268,18
9268,19
9268,35
9268,41
9268,43
9268,48
7827,1
7827,6
7827,55
7827,62
7827,63
7827,72
7827,76
7827,97
7827,107
7827,111
7582,1
7582,6
7582,8
7582,35
7582,48
7582,52
2486,55
2486,62
2486,74
2486,75
2486,78
2486,97
2486,118
2486,120
2486,132
10232,18
10232,20
10232,35
10232,48
10232,63
10232,72
10232,80
10232,81
3689,18
3689,29
3689,31
3689,55
3689,102
10751,18
10751,22
10751,23
10751,29
10751,34
10751,35
10751,48
10751,52
10751,55
10751,77
10751,97
10751,102
1819,18
1819,35
1819,37
1819,55
1819,58
1819,100
4940,18
4940,27
4940,28
2823,80
2823,81
2823,95
2823,96
10577,18
10577,21
10577,35
10577,36
10577,52
10577,63
10577,72
3456,1
3456,63
3456,70
3456,79
3456,80
3456,83
3456,98
7357,1
7357,5
7357,18
7357,22
7357,55
7357,62
4291,1
4291,6
4291,9
4291,55
4291,63
4291,72
4291,102
2076,18
2076,34
2076,35
2076,42
2076,55
2076,62
5351,35
5351,46
5351,48
5351,55
5351,102
12152,18
12152,27
12152,54
4147,1
4147,4
4147,18
4147,29
4147,35
4147,52
3867,35
3867,49
3867,52
3867,54
7784,1
7784,6
7784,35
7784,48
7784,49
12281,18
12281,29
12281,34
12281,35
12281,43
12281,55
12281,102
5329,35
5329,43
5329,49
5329,52
5329,55
5329,58
13110,18
13110,35
13110,41
13110,42
13110,54
13110,55
13110,58
13110,100
11205,18
11205,22
11205,35
11205,43
11205,48
11205,55
11205,77
11205,97
11205,102
2139,1
2139,3
2139,5
2139,8
2139,35
2139,43
4548,18
4548,20
4548,21
4548,25
4548,34
4548,35
4548,42
4548,48
4548,55
4548,63
4548,72
4548,102
11843,18
11843,25
11843,34
11843,35
11843,41
11843,42
11843,49
11843,52
11843,55
11843,63
11843,72
11843,77
11843,97
11843,102
7520,1
7520,5
7520,55
7520,80
7520,81
7520,95
7520,96
7520,102
3284,1
3284,3
3284,5
3284,35
3284,52
8890,18
8890,19
8890,22
8890,31
8890,35
8890,42
8890,55
8890,63
8890,72
8890,102
4740,18
4740,22
4740,23
4740,35
4740,48
4740,52
4740,55
4740,63
4740,72
4740,102
5463,55
5463,62
5463,63
5463,71
5463,80
5463,81
5463,83
2938,13
2938,14
2938,35
2938,101
7538,1
7538,5
7538,76
7538,77
7538,78
7538,97
7538,111
7538,132
8689,18
8689,19
8689,20
8689,34
8689,35
8689,37
8689,41
8689,42
8689,55
8689,58
8689,63
8689,72
6850,1
6850,4
6850,55
6850,62
6850,63
6850,67
4965,18
4965,28
4965,35
4965,45
4889,18
4889,25
4889,29
4889,35
4889,37
4889,41
4889,55
4889,63
4889,72
4889,77
4889,97
4889,102
9219,18
9219,19
9219,35
9219,37
9219,38
9219,41
9219,55
9219,62
3385,1
3385,5
3385,35
3385,48
3385,52
3385,55
3385,77
3385,97
3385,102
10281,18
10281,20
10281,63
10281,69
10281,72
10281,84
10281,85
13165,18
13165,35
13165,42
13165,47
13165,63
13165,72
13165,100
4157,1
4157,4
4157,35
4157,48
4157,55
4157,80
4157,81
4157,102
4044,1
4044,3
4044,6
4044,76
4044,97
4044,111
12765,18
12765,34
12765,35
12765,41
12765,42
12765,48
12765,49
12765,52
12765,55
12765,63
12765,72
12765,77
12765,97
12765,102
14002,35
14002,43
14002,55
14002,78
14002,97
14002,102
14002,132
14617,74
14617,75
14617,77
14617,97
14617,112
14617,113
14617,122
11402,18
11402,23
11402,31
11402,55
11402,63
11402,72
11402,102
10432,18
10432,21
10432,25
10432,35
10432,38
10432,55
10432,63
10432,72
10432,102
7810,1
7810,6
7810,35
7810,52
7810,63
7810,72
13003,18
13003,35
13003,36
13003,42
13003,63
13003,72
13003,100
7035,1
7035,5
7035,6
7035,55
7035,62
7035,76
7035,97
7035,107
12550,18
12550,31
12550,55
12550,77
12550,97
12550,102
2429,18
2429,35
2429,42
2429,55
2429,62
2429,100
14653,74
14653,75
14653,80
14653,81
14653,83
14653,97
14653,118
14653,120
14653,122
13729,35
13729,40
13729,48
13729,63
13729,72
13729,77
13729,97
12033,18
12033,26
12033,35
12033,37
12033,48
12033,52
12033,55
12033,102
3849,35
3849,43
3849,52
3849,54
5456,55
5456,61
5456,63
5456,68
13648,35
13648,38
13648,76
13648,97
13648,111
6920,1
6920,5
6920,6
6920,8
6920,35
6920,49
6920,52
3670,18
3670,26
3670,35
3670,43
13714,35
13714,40
13714,42
13714,55
13714,58
2960,18
2960,19
2960,80
2960,81
13538,35
13538,37
13538,55
13538,62
13538,75
13538,80
13538,83
13538,97
13538,118
12851,18
12851,34
12851,35
12851,42
12851,48
12851,49
12851,55
12851,102
13600,35
13600,38
13600,41
13600,48
13797,35
13797,41
13797,48
13797,49
13797,52
13797,55
13797,102
2936,13
2936,14
2936,18
2936,29
2936,55
2936,102
13932,35
13932,43
13932,44
13932,52
6263,1
6263,3
6263,35
6263,37
6263,43
6263,48
2324,1
2324,5
2324,8
2324,35
2324,48
2324,52
2324,55
2324,102
3012,18
3012,22
3012,35
3012,37
3012,52
3012,55
3012,62
12264,18
12264,29
12264,34
12264,35
12264,41
12264,55
12264,62
12264,63
12264,72
12200,18
12200,28
12200,35
12200,41
12200,48
8464,13
8464,14
8464,35
8464,38
8464,42
8464,52
8464,63
8464,72
1594,74
1594,75
1594,80
1594,83
1594,97
1594,118
1594,124
10714,18
10714,22
10714,23
10714,26
10714,32
10714,34
10714,35
10714,37
10714,38
10714,42
10714,48
10714,52
10714,63
10714,72
10649,18
10649,21
10649,35
10649,42
10649,43
10649,48
10649,63
10649,72
3277,1
3277,3
3277,4
3277,18
3277,20
3277,63
3277,72
13954,35
13954,43
13954,48
13954,55
13954,63
13954,72
13954,77
13954,97
13954,102
13187,18
13187,35
13187,43
13187,48
13187,55
13187,58
13187,63
13187,72
13187,100
12540,18
12540,31
12540,35
12540,48
12540,77
12540,97
7773,1
7773,6
7773,35
7773,43
7773,48
7773,55
7773,102
2159,1
2159,5
2159,8
2159,35
2159,49
5169,35
5169,36
5169,43
5169,48
5169,55
5169,102
1525,63
1525,71
1525,74
1525,79
1525,97
1525,120
7605,1
7605,6
7605,8
7605,63
7605,69
7605,72
13720,35
13720,40
13720,43
13720,48
13720,55
13720,58
2306,1
2306,3
2306,5
2306,35
2306,48
5270,35
5270,40
5270,43
5270,63
5270,72
3084,18
3084,31
3084,34
3084,35
3084,52
8802,18
8802,19
8802,21
8802,34
8802,35
8802,41
8802,42
8802,48
8802,55
8802,58
8802,63
8802,72
12522,18
12522,31
12522,35
12522,42
12522,55
12522,77
12522,97
12522,102
7886,1
7886,8
7886,9
7886,10
4355,1
4355,8
4355,55
4355,63
4355,72
4355,76
4355,97
4355,102
4355,111
12502,18
12502,31
12502,35
12502,37
12502,41
12502,52
12502,55
12502,63
12502,72
12502,102
6547,1
6547,4
6547,6
6547,10
6547,55
6547,62
6547,63
6547,72
4826,18
4826,23
4826,35
4826,37
4826,41
4826,55
4826,102
5334,35
5334,43
5334,54
5334,77
5334,97
2666,18
2666,24
2666,34
2666,35
2666,52
5092,18
5092,34
5092,35
5092,49
5092,80
5092,81
9889,18
9889,20
9889,29
9889,35
9889,37
9889,55
9889,63
9889,72
9889,102
1704,18
1704,20
1704,35
1704,48
1704,55
1704,58
1704,63
1704,72
10115,18
10115,20
10115,35
10115,38
10115,49
10115,55
10115,63
10115,72
10115,102
4287,1
4287,6
4287,8
4287,63
4287,69
7483,1
7483,5
7483,35
7483,48
7483,54
7483,55
7483,77
7483,97
7483,102
1724,35
1724,37
1724,74
1724,79
1724,80
1724,83
1724,97
1724,120
5473,55
5473,62
5473,74
5473,80
5473,81
5473,83
5473,97
5473,120
6341,1
6341,3
6341,35
6341,48
6341,52
6341,55
6341,62
8943,18
8943,19
8943,23
8943,24
8943,34
8943,35
8943,41
8943,42
8943,48
8943,55
8943,102
11573,18
11573,24
11573,26
11573,35
11573,52
11573,55
11573,102
2152,1
2152,4
2152,10
2152,80
2152,81
3990,1
3990,2
3990,6
3990,9
4016,1
4016,3
4016,4
4016,18
4016,34
2970,18
2970,20
2970,34
2970,35
2970,42
2970,48
2970,52
2970,55
2970,63
2970,72
2970,102
13295,35
13295,37
13295,38
13295,42
13295,48
13295,63
13295,72
13295,77
13295,97
2562,1
2562,5
2562,35
2562,48
2562,52
2562,55
2562,62
8319,1
8319,55
8319,79
8319,98
8319,102
13663,35
13663,39
13663,43
13663,47
13663,48
2612,18
2612,20
2612,22
2612,35
2612,52
2612,55
2612,63
2612,72
2612,102
5276,35
5276,40
5276,54
10782,18
10782,22
10782,23
10782,34
10782,35
10782,41
10782,42
10782,55
10782,63
10782,72
10782,102
8674,18
8674,19
8674,20
8674,28
8674,29
8674,35
8674,37
8674,48
8674,55
8674,63
8674,72
8674,102
14616,74
14616,75
14616,77
14616,97
14616,112
14616,113
14616,118
14616,122
3362,1
3362,5
3362,8
3362,35
3362,37
3362,80
3362,83
3146,35
3146,37
3146,74
3146,80
3146,83
3146,97
3146,120
6665,1
6665,4
6665,11
6665,63
6665,72
3576,18
3576,21
3576,34
3576,35
3576,52
3576,55
3576,63
3576,72
3576,102
5125,18
5125,35
5125,40
5125,42
5125,48
5125,100
6857,1
6857,4
6857,55
6857,62
6857,80
6857,81
6857,82
9822,18
9822,20
9822,25
9822,35
9822,41
9822,42
9822,55
9822,63
9822,72
9822,102
1502,18
1502,29
1502,35
1502,52
1502,55
1502,62
5284,35
5284,41
5284,42
5284,55
5284,58
9386,18
9386,19
9386,55
9386,95
9386,96
9386,102
7378,1
7378,5
7378,18
7378,25
7378,55
7378,63
7378,72
7378,102
7141,1
7141,5
7141,8
7141,18
7141,32
4861,18
4861,24
4861,34
4861,35
4861,48
4861,55
4861,63
4861,72
4861,102
12080,18
12080,27
12080,34
12080,35
12080,36
12080,43
12080,48
12080,55
12080,63
12080,72
12080,102
12363,18
12363,29
12363,35
12363,41
12363,49
5509,63
5509,68
5509,80
5509,81
5509,82
1934,18
1934,34
1934,35
1934,41
1934,55
1934,62
2484,55
2484,56
2484,78
2484,97
2484,132
5295,35
5295,41
5295,49
5295,55
5295,77
5295,97
5295,102
4551,18
4551,20
4551,21
4551,35
4551,42
4551,48
4551,55
4551,63
4551,72
4551,102
5869,1
5869,3
5869,5
5869,6
5869,8
5869,10
5869,55
5869,102
3662,18
3662,25
3662,35
3662,47
3662,48
3662,63
3662,72
11359,18
11359,23
11359,28
11359,35
11359,52
14206,35
14206,52
14206,54
14206,55
14206,57
14206,62
3319,1
3319,4
3319,6
3319,8
3319,35
3319,43
13141,18
13141,35
13141,41
13141,52
13141,55
13141,62
13141,77
13141,80
13141,83
13141,97
13141,100
2267,35
2267,45
2267,54
4635,18
4635,20
4635,35
4635,41
4635,48
4635,52
4635,55
4635,63
4635,72
4635,102
12132,18
12132,27
12132,35
12132,43
12132,54
12132,55
12132,58
12132,63
12132,70
12132,72
9284,18
9284,19
9284,35
9284,41
9284,55
9284,62
9284,63
9284,72
11612,18
11612,24
11612,31
11612,34
11612,55
11612,102
6765,1
6765,4
6765,18
6765,35
6765,41
6765,63
6765,72
6765,100
1991,1
1991,3
1991,18
1991,22
1991,55
1991,102
4639,18
4639,20
4639,35
4639,42
4639,43
4639,48
4639,52
4639,55
4639,63
4639,72
4639,102
5338,35
5338,43
5338,63
5338,72
5338,80
5338,81
14226,35
14226,52
14226,55
14226,62
14226,77
14226,80
14226,83
14226,97
13984,35
13984,43
13984,52
13984,80
13984,83
10853,18
10853,22
10853,24
10853,34
10853,35
10853,41
10853,42
10853,48
10853,52
10853,55
10853,63
10853,72
10853,102
4554,18
4554,20
4554,21
4554,35
4554,55
4554,63
4554,72
4554,101
4554,102
6248,1
6248,3
6248,18
6248,35
6248,41
6248,55
6248,58
6248,63
6248,72
6248,100
4451,18
4451,19
4451,20
4451,34
4451,35
4451,42
4451,55
4451,63
4451,72
4451,102
3746,18
3746,34
3746,35
3746,45
3746,48
3897,54
3897,55
3897,62
3897,77
3897,97
10316,18
10316,21
10316,22
10316,27
10316,29
10316,34
10316,35
10316,37
10316,38
10316,41
10316,48
10316,52
10316,55
10316,58
10316,62
10316,63
10316,72
10316,80
10316,81
13717,35
13717,40
13717,42
13717,63
13717,72
13717,77
13717,97
13147,18
13147,35
13147,41
13147,55
13147,62
13147,63
13147,70
13147,74
13147,78
13147,80
13147,83
13147,97
13147,100
13147,120
13147,132
7850,1
7850,6
7850,63
7850,67
7850,76
7850,97
7850,111
7055,1
7055,5
7055,6
7055,76
7055,77
7055,97
7055,107
8230,1
8230,10
8230,55
8230,63
8230,70
8230,102
8078,1
8078,9
8078,18
8078,24
8078,35
8078,37
8078,41
8078,55
8078,62
8078,63
8078,72
8078,80
8078,83
8512,13
8512,16
8512,18
8512,20
11427,18
11427,23
11427,34
11427,35
11427,42
11427,43
11427,55
11427,58
11427,63
11427,72
11427,77
11427,97
13044,18
13044,35
13044,37
13044,41
13044,80
13044,81
13044,100
1875,1
1875,4
1875,5
1875,8
1875,35
1875,48
3588,18
3588,22
3588,23
3588,27
3588,55
3588,102
5012,18
5012,30
5012,35
5012,63
5012,72
5012,101
4202,1
4202,5
4202,6
4202,55
4202,62
4202,63
4202,72
10602,18
10602,21
10602,35
10602,38
10602,41
10602,42
10602,55
10602,62
10602,63
10602,72
14727,74
14727,76
14727,97
14727,107
14727,120
14727,122
14727,126
9033,18
9033,19
9033,24
9033,35
9033,43
9033,55
9033,58
9033,63
9033,72
11642,18
11642,24
11642,34
11642,35
11642,43
11642,48
11642,55
11642,58
11642,63
11642,72
11642,77
11642,97
12333,18
12333,29
12333,35
12333,37
12333,55
12333,62
12333,63
12333,70
9075,18
9075,19
9075,26
9075,29
9075,35
9075,52
9075,63
9075,72
9075,80
9075,81
9075,83
10020,18
10020,20
10020,34
10020,35
10020,55
10020,58
10020,63
10020,72
10020,101
14652,74
14652,75
14652,80
14652,81
14652,83
14652,97
14652,112
14652,113
14652,118
14652,120
12461,18
12461,30
12461,35
12461,48
12461,49
12461,52
2787,55
2787,62
2787,75
2787,76
2787,97
2787,107
2787,118
8359,13
8359,14
8359,18
8359,19
8359,20
8359,22
8359,27
8359,29
8359,34
8359,35
8359,41
8359,43
8359,48
8359,49
8359,52
8359,55
8359,63
8359,72
8359,102
5052,18
5052,34
5052,35
5052,40
5052,41
5052,48
5052,52
7725,1
7725,6
7725,18
7725,29
7725,34
7725,35
7725,37
7725,41
7725,52
6614,1
6614,4
6614,8
6614,35
6614,37
6614,43
6614,52
6614,54
6614,55
6614,62
6614,80
6614,83
11674,18
11674,24
11674,35
11674,38
11674,41
11674,48
11674,55
11674,102
12747,18
12747,34
12747,35
12747,39
12747,55
12747,63
12747,72
12747,102
9218,18
9218,19
9218,35
9218,36
9218,52
9218,55
9218,62
9218,63
9218,72
11473,18
11473,23
11473,35
11473,39
11473,43
11473,47
11473,48
11473,55
11473,58
7666,1
7666,6
7666,18
7666,19
7666,20
7666,55
7666,63
7666,72
7666,102
9526,18
9526,20
9526,22
9526,23
9526,29
9526,35
9526,43
9526,48
9526,52
9526,55
9526,63
9526,72
9526,102
10970,18
10970,22
10970,29
10970,34
10970,35
10970,42
10970,55
10970,102
5350,35
5350,46
5350,48
5350,55
5350,63
5350,72
5350,102
6374,1
6374,3
6374,55
6374,62
6374,80
6374,81
6338,1
6338,3
6338,35
6338,45
6338,48
10806,18
10806,22
10806,23
10806,35
10806,37
10806,41
10806,43
10806,48
10806,55
10806,62
8110,1
8110,9
8110,35
8110,41
8110,49
8110,52
8110,55
8110,62
8110,63
8110,72
8110,77
8110,97
4862,18
4862,24
4862,34
4862,35
4862,52
4862,63
4862,72
8474,13
8474,14
8474,35
8474,52
8474,95
8474,96
13490,35
13490,37
13490,52
13490,54
13490,55
13490,62
3226,63
3226,70
3226,89
3226,90
3226,96
13900,35
13900,42
13900,49
13900,52
13900,55
13900,58
8889,18
8889,19
8889,22
8889,31
8889,34
8889,35
8889,42
8889,48
8889,52
8889,55
8889,102
8104,1
8104,9
8104,35
8104,37
8104,55
8104,62
8104,80
8104,83
13539,35
13539,37
13539,55
13539,62
13539,75
13539,97
13539,112
13539,113
13539,118
13581,35
13581,37
13581,74
13581,78
13581,97
13581,120
13581,122
13581,132
13364,35
13364,37
13364,41
13364,48
13364,55
13364,77
13364,79
13364,97
13364,102
14056,35
14056,47
14056,54
14056,55
14056,63
14056,71
14056,102
9429,18
9429,20
9429,21
9429,25
9429,34
9429,35
9429,48
9429,49
9429,55
9429,62
9429,63
9429,72
4409,1
4409,55
4409,76
4409,77
4409,97
4409,98
4409,102
4409,111
14046,35
14046,46
14046,55
14046,58
11991,18
11991,25
11991,35
11991,48
11991,55
11991,63
11991,72
11991,77
11991,97
11991,102
4974,18
4974,29
4974,34
4974,35
4974,41
4974,52
6779,1
6779,4
6779,35
6779,37
6779,55
6779,62
6779,63
6779,72
5595,75
5595,76
5595,80
5595,83
5595,97
5595,107
5595,112
5595,113
6661,1
6661,4
6661,10
6661,76
6661,97
6661,111
8805,18
8805,19
8805,21
8805,34
8805,35
8805,42
8805,43
8805,55
8805,102
4391,1
4391,10
4391,35
4391,48
4391,52
6440,1
6440,4
6440,5
6440,8
6440,10
6440,55
6440,102
6030,1
6030,3
6030,8
6030,35
6030,43
6030,52
6030,55
6030,58
2395,18
2395,25
2395,34
2395,35
2395,52
10241,18
10241,20
10241,35
10241,49
10241,63
10241,72
10241,77
10241,97
13411,35
13411,37
13411,42
13411,48
13411,55
13411,62
13411,80
13411,83
9260,18
9260,19
9260,35
9260,40
9260,42
7335,1
7335,5
7335,18
7335,20
7335,35
7335,43
7335,55
7335,63
7335,72
7335,102
11018,18
11018,22
11018,30
11018,77
11018,97
11719,18
11719,24
11719,35
11719,43
11719,48
11719,55
11719,58
11719,63
11719,72
11719,77
11719,97
11988,18
11988,25
11988,35
11988,48
11988,54
11988,55
11988,62
11988,63
11988,72
7080,1
7080,5
7080,8
7080,9
7080,35
7080,52
7080,55
7080,62
4023,1
4023,3
4023,4
4023,35
4023,52
4023,55
4023,63
4023,72
4023,102
3369,1
3369,5
3369,8
3369,35
3369,48
3369,77
3369,97
4189,1
4189,5
4189,6
4189,10
4189,55
4189,62
5296,35
5296,41
5296,49
5296,77
5296,97
4377,1
4377,9
4377,75
4377,80
4377,83
4377,97
4377,112
4377,113
5773,1
5773,3
5773,4
5773,6
5773,55
5773,63
5773,72
5773,80
5773,81
5773,102
3261,76
3261,78
3261,97
3261,107
3261,131
3261,132
14625,74
14625,75
14625,78
14625,97
14625,112
14625,113
14625,118
14625,119
14625,120
14625,132
5138,18
5138,35
5138,41
5138,55
5138,95
5138,96
5138,100
5138,102
12410,18
12410,29
12410,54
12410,63
12410,72
5924,1
5924,3
5924,5
5924,9
5924,63
5924,72
12294,18
12294,29
12294,34
12294,35
12294,48
12294,55
12294,77
12294,97
12294,102
8429,13
8429,14
8429,18
8429,27
8429,29
4340,1
4340,8
4340,18
4340,20
4340,35
4340,48
4340,63
4340,72
4430,13
4430,14
4430,35
4430,43
4430,55
4430,102
5402,35
5402,52
5402,54
5402,55
5402,77
5402,97
5402,102
3774,18
3774,35
3774,41
3774,54
3774,100
12408,18
12408,29
12408,35
12408,54
12408,55
12408,101
12408,102
10489,18
10489,21
10489,29
10489,35
10489,37
10489,41
10489,55
10489,102
9119,18
9119,19
9119,30
9119,32
9119,34
9119,35
9119,52
9119,63
9119,72
11648,18
11648,24
11648,34
11648,35
11648,55
11648,63
11648,72
11648,101
11648,102
5223,35
5223,37
5223,55
5223,62
5223,75
5223,97
5223,112
5223,113
9445,18
9445,20
9445,21
9445,25
9445,63
9445,72
14763,74
14763,78
14763,97
14763,122
14763,131
14763,132
3002,18
3002,21
3002,35
3002,48
3002,55
3002,62
13441,35
13441,37
13441,43
13441,55
13441,62
13441,77
13441,97
3952,74
3952,75
3952,97
3952,112
3952,114
3952,122
3952,124
5753,1
5753,3
5753,4
5753,5
5753,55
5753,76
5753,80
5753,81
5753,97
5753,102
5753,111
4288,1
4288,6
4288,8
4288,63
4288,70
12432,18
12432,30
12432,34
12432,35
12432,43
12432,48
12432,52
12432,55
12432,102
3707,18
3707,30
3707,31
4499,18
4499,19
4499,34
4499,35
4499,48
4499,55
4499,62
4499,63
4499,72
13045,18
13045,35
13045,37
13045,42
13045,52
13045,55
13045,62
13045,100
12357,18
12357,29
12357,35
12357,41
12357,45
12357,48
4170,1
4170,4
4170,63
4170,69
4170,72
4953,18
4953,27
4953,35
4953,42
4953,48
10543,18
10543,21
10543,34
10543,35
10543,41
10543,42
10543,52
10543,55
10543,62
7392,1
7392,5
7392,18
7392,30
7392,34
7392,35
7392,48
7392,55
7392,95
7392,96
7392,102
9866,18
9866,20
9866,28
9866,35
9866,41
9866,52
9866,55
9866,63
9866,72
9866,77
9866,97
9866,102
4600,18
4600,20
4600,34
4600,35
4600,37
4600,41
4600,43
4600,48
4600,55
4600,62
11290,18
11290,23
11290,24
11290,35
11290,42
11290,43
11290,48
11290,55
11290,102
7149,1
7149,5
7149,8
7149,18
7149,34
7149,35
7149,48
7443,1
7443,5
7443,35
7443,41
7443,42
7443,55
7443,102
14263,35
14263,55
14263,63
14263,69
14263,101
14263,102
2721,18
2721,55
2721,58
2721,63
2721,72
2721,100
10497,18
10497,21
10497,29
10497,35
10497,41
10497,48
10497,55
10497,102
9290,18
9290,19
9290,35
9290,42
9290,43
9290,48
9290,55
9290,58
9290,63
9290,72
9290,77
9290,97
11931,18
11931,25
11931,35
11931,40
11931,41
12526,18
12526,31
12526,35
12526,43
12526,48
12526,55
12526,58
12256,18
12256,29
12256,34
12256,35
12256,41
12256,43
12256,48
12256,55
12256,63
12256,72
12256,102
10845,18
10845,22
10845,23
10845,63
10845,72
8470,13
8470,14
8470,35
8470,43
12325,18
12325,29
12325,35
12325,37
12325,48
12325,55
12325,62
12325,80
12325,81
12325,83
7380,1
7380,5
7380,18
7380,26
7380,55
7380,102
2930,1
2930,35
2930,37
2930,79
2930,98
5719,1
5719,3
5719,4
5719,5
5719,6
5719,35
5719,43
5719,49
5241,35
5241,38
5241,48
5241,52
5241,63
5241,72
11012,18
11012,22
11012,30
11012,35
11012,48
13492,35
13492,37
13492,52
13492,55
13492,58
13492,62
13492,79
13492,80
13492,83
14171,35
14171,49
14171,63
14171,70
14171,72
11693,18
11693,24
11693,35
11693,41
11693,48
11693,55
11693,62
11693,63
11693,72
8893,18
8893,19
8893,22
8893,34
8893,35
8893,37
8893,41
8893,48
8893,55
8893,62
8893,63
8893,72
8893,74
8893,75
8893,80
8893,83
8893,97
8893,118
8893,122
8598,18
8598,19
8598,20
8598,22
8598,31
8598,35
8598,41
8598,48
8598,55
8598,62
8598,63
8598,72
3939,74
3939,75
3939,78
3939,97
3939,112
3939,113
3939,114
3939,118
3939,120
3939,122
3939,132
5356,35
5356,47
5356,48
5356,54
8456,13
8456,14
8456,35
8456,37
8456,41
8456,55
8456,62
1691,18
1691,19
1691,20
1691,35
1691,52
1691,63
1691,72
11628,18
11628,24
11628,34
11628,35
11628,41
11628,48
11628,55
11628,63
11628,72
11628,102
11855,18
11855,25
11855,34
11855,35
11855,42
11855,48
11855,55
11855,62
11855,63
11855,72
8639,18
8639,19
8639,20
8639,24
8639,32
8639,34
8639,35
8639,41
8639,48
8639,52
8639,55
8639,62
8639,63
8639,72
2785,55
2785,62
2785,74
2785,75
2785,80
2785,83
2785,97
2785,118
2785,122
9874,18
9874,20
9874,29
9874,34
9874,35
9874,37
9874,41
9874,52
9874,55
9874,63
9874,72
9874,102
11863,18
11863,25
11863,34
11863,35
11863,43
11863,54
11863,55
11863,62
11863,63
11863,72
8904,18
8904,19
8904,22
8904,34
8904,35
8904,42
8904,48
8904,55
8904,63
8904,72
8904,102
8640,18
8640,19
8640,20
8640,24
8640,32
8640,34
8640,35
8640,48
8640,52
8640,55
8640,62
8640,63
8640,72
12654,18
12654,34
12654,35
12654,37
12654,41
12654,49
12654,55
12654,62
10298,18
10298,21
10298,22
10298,23
10298,25
10298,34
10298,35
10298,48
10298,55
10298,63
10298,72
10298,102
5935,1
5935,3
5935,5
5935,18
5935,22
5935,23
5935,35
5935,52
5935,55
5935,102
3102,18
3102,34
3102,35
3102,41
3102,42
3102,48
3102,55
3102,63
3102,72
3102,102
5441,55
5441,56
5441,59
5441,61
13634,35
13634,38
13634,54
11365,18
11365,23
11365,29
11365,31
11365,34
11365,35
11365,52
11365,55
11365,102
5659,1
5659,2
5659,8
5659,10
5659,55
5659,102
11633,18
11633,24
11633,34
11633,35
11633,42
11633,48
11633,52
11633,55
11633,62
11633,63
11633,72
11633,77
11633,97
3801,35
3801,37
3801,52
3801,54
3801,55
3801,102
4087,1
4087,3
4087,55
4087,58
4087,62
5455,55
5455,59
5455,63
5455,71
13010,18
13010,35
13010,37
13010,38
13010,42
13010,100
2186,18
2186,19
2186,35
2186,37
2186,55
2186,62
2186,63
2186,72
11936,18
11936,25
11936,35
11936,41
11936,42
11936,63
11936,72
9072,18
9072,19
9072,25
9072,35
9072,55
9072,63
9072,72
9072,101
9072,102
13827,35
13827,41
13827,52
13827,55
13827,62
13827,80
13827,81
6994,1
6994,5
6994,6
6994,35
6994,36
6994,43
9642,18
9642,20
9642,23
12434,18
12434,30
12434,34
12434,35
12434,43
12434,52
12434,55
12434,102
5305,35
5305,41
5305,77
5305,80
5305,83
5305,97
5443,55
5443,56
5443,63
5443,71
9499,18
9499,20
9499,21
9499,35
9499,41
9499,48
9499,52
9499,55
9499,62
13810,35
13810,41
13810,49
13810,50
13810,55
13810,102
9534,18
9534,20
9534,22
9534,23
9534,34
9534,35
9534,42
9534,55
9534,63
9534,72
9534,102
13993,35
13993,43
13993,55
13993,58
13993,63
13993,70
8059,1
8059,9
8059,18
8059,20
8059,27
8059,35
8059,41
8059,55
8059,62
8059,63
8059,72
3566,18
3566,21
3566,22
3566,35
3566,48
5605,75
5605,79
5605,97
5605,112
5605,114
10475,18
10475,21
10475,29
10475,34
10475,35
10475,38
10475,55
10475,102
13158,18
13158,35
13158,42
13158,43
13158,47
13158,63
13158,72
13158,100
5032,18
5032,34
5032,35
5032,37
5032,38
5032,52
4969,18
4969,29
4969,32
4969,55
4969,102
3864,35
3864,48
3864,52
3864,55
3864,62
3864,80
3864,83
7018,1
7018,5
7018,6
7018,35
7018,43
7018,84
7018,86
6723,1
6723,4
6723,18
6723,22
6723,35
6723,43
3283,1
3283,3
3283,5
3283,8
3283,55
3283,62
13537,35
13537,37
13537,55
13537,62
13537,75
13537,79
13537,97
4907,18
4907,25
4907,35
4907,39
4907,55
4907,63
4907,72
4907,102
7599,1
7599,6
7599,8
7599,55
7599,63
7599,72
7599,76
7599,97
7599,102
7599,111
7176,1
7176,5
7176,8
7176,35
7176,41
7176,52
7176,63
7176,72
6346,1
6346,3
6346,35
6346,48
6346,80
6346,81
10708,18
10708,22
10708,23
10708,25
10708,28
10708,35
10708,52
10708,55
10708,63
10708,72
10708,102
10339,18
10339,21
10339,22
10339,34
10339,55
10339,102
3149,35
3149,38
3149,42
3149,48
10164,18
10164,20
10164,35
10164,42
10164,43
10164,48
8013,1
8013,8
8013,55
8013,62
8013,74
8013,97
8013,120
2934,13
2934,14
2934,15
2934,63
2934,71
5257,35
5257,39
5257,48
5257,63
5257,72
7940,1
7940,8
7940,18
7940,22
7940,35
7940,52
7940,55
7940,102
13257,35
13257,36
13257,43
13257,48
13257,52
13257,55
13257,102
5533,74
5533,75
5533,78
5533,97
5533,112
5533,113
5533,114
5533,120
5533,122
5533,132
11600,18
11600,24
11600,29
11600,55
11600,63
11600,72
11600,102
2965,18
2965,20
2965,25
2965,35
2965,48
2965,52
2965,63
2965,72
13847,35
13847,41
13847,55
13847,62
13847,74
13847,97
13847,122
5050,18
5050,34
5050,35
5050,39
5050,41
8455,13
8455,14
8455,18
8455,35
8455,41
8455,55
8455,100
8455,102
12344,18
12344,29
12344,35
12344,38
12344,55
12344,62
12344,80
12344,81
5507,63
5507,66
5507,78
5507,97
5507,132
13271,35
13271,36
13271,49
13271,52
13271,63
13271,70
13522,35
13522,37
13522,55
13522,62
13522,63
13522,71
13522,79
13522,80
13522,83
13049,18
13049,35
13049,37
13049,48
13049,55
13049,100
13049,102
13365,35
13365,37
13365,41
13365,48
13365,55
13365,77
13365,97
13365,102
11341,18
11341,23
11341,27
11341,28
11341,30
11341,55
11341,102
3346,1
3346,5
3346,6
3346,8
3346,10
3346,63
3346,72
3807,35
3807,37
3807,55
3807,77
3807,97
3807,102
13145,18
13145,35
13145,41
13145,55
13145,58
13145,62
13145,80
13145,81
13145,100
9433,18
9433,20
9433,21
9433,25
9433,35
9433,37
9433,38
9433,41
9433,42
9433,52
9433,55
9433,62
9433,63
9433,72
9706,18
9706,20
9706,23
9706,35
9706,41
9706,43
9706,48
9706,52
9706,55
9706,63
9706,72
9706,102
14462,55
14462,63
14462,71
14462,80
14462,83
14462,102
6502,1
6502,4
6502,5
6502,55
6502,63
6502,69
6502,102
4326,1
4326,6
4326,63
4326,69
4326,72
11890,18
11890,25
11890,35
11890,37
11890,38
11890,41
11890,55
11890,58
11890,62
11890,63
11890,72
10920,18
10920,22
10920,27
10920,28
10920,29
10920,30
10920,31
10920,34
10920,35
10920,48
10920,52
10920,55
10920,102
14633,74
14633,75
14633,78
14633,97
14633,118
14633,120
14633,122
14633,127
14633,132
12396,18
12396,29
12396,35
12396,48
12396,55
12396,63
12396,72
12396,102
3399,1
3399,6
3399,8
3399,35
3399,48
3399,63
3399,72
4045,1
4045,3
4045,8
4045,35
4045,48
5675,1
5675,2
5675,18
5675,20
5675,35
5675,48
5675,52
5675,63
5675,72
8210,1
8210,10
8210,35
8210,37
8210,54
3161,35
3161,41
3161,43
3161,48
3161,55
3161,63
3161,72
3161,102
7345,1
7345,5
7345,18
7345,22
7345,23
7345,35
7345,52
7345,55
7345,102
13873,35
13873,42
13873,43
13873,53
13873,55
13873,58
3612,18
3612,22
3612,35
3612,48
3612,52
3612,55
3612,58
7290,1
7290,5
7290,13
7290,14
7290,55
7290,63
7290,72
7290,102
13857,35
13857,41
13857,74
13857,75
13857,78
13857,97
13857,118
13857,122
13857,132
4975,18
4975,29
4975,34
4975,35
4975,41
4975,55
4975,62
5540,74
5540,75
5540,78
5540,97
5540,118
5540,126
5540,132
3338,1
3338,4
3338,54
3338,80
3338,81
3665,18
3665,25
3665,35
3665,52
3665,63
3665,72
3665,80
3665,83
6630,1
6630,4
6630,8
6630,55
6630,62
6630,63
6630,70
5298,35
5298,41
5298,53
7786,1
7786,6
7786,35
7786,48
7786,49
7786,52
7786,55
7786,62
7786,77
7786,97
4629,18
4629,20
4629,35
4629,38
4629,41
6548,1
6548,4
6548,6
6548,10
6548,63
6548,69
9967,18
9967,20
9967,34
9967,35
9967,39
9967,55
9967,63
9967,72
9967,80
9967,83
9967,102
14300,54
14300,55
14300,63
14300,69
14300,102
12437,18
12437,30
12437,34
12437,55
12437,63
12437,72
12437,77
12437,97
12437,102
12756,18
12756,34
12756,35
12756,40
12756,42
12756,48
12756,55
12756,63
12756,72
12756,102
3058,18
3058,26
3058,35
3058,41
5933,1
5933,3
5933,5
5933,18
5933,21
5933,55
5933,62
4360,1
4360,8
4360,91
4360,96
6916,1
6916,5
6916,6
6916,8
6916,35
6916,43
6916,89
6916,96
2531,1
2531,3
2531,4
2531,35
2531,43
2531,52
4544,18
4544,19
4544,63
4544,72
4544,80
4544,83
10720,18
10720,22
10720,23
10720,27
10720,29
10720,30
10720,35
10720,41
10720,42
10720,52
10720,55
10720,102
1772,1
1772,5
1772,76
1772,97
1772,107
1772,111
14005,35
14005,43
14005,75
14005,97
14005,119
4335,1
4335,8
4335,10
4335,55
4335,63
4335,72
4335,102
12583,18
12583,33
12583,35
12583,52
13558,35
13558,37
13558,63
13558,72
13558,74
13558,75
13558,97
13558,112
13558,113
13558,120
13558,122
11100,18
11100,22
11100,34
11100,35
11100,52
11100,55
11100,58
13382,35
13382,37
13382,41
13382,55
13382,62
13382,63
13382,71
13133,18
13133,35
13133,41
13133,48
13133,55
13133,58
13133,100
13468,35
13468,37
13468,48
13468,55
13468,62
13468,63
13468,72
13468,75
13468,97
13468,118
6268,1
6268,3
6268,35
6268,37
6268,47
6268,52
6268,55
6268,58
12963,18
12963,34
12963,35
12963,55
12963,77
12963,80
12963,83
12963,97
12963,101
12963,102
9203,18
9203,19
9203,34
9203,35
9203,52
9203,55
9203,63
9203,72
9203,80
9203,81
9203,95
9203,96
9203,102
11596,18
11596,24
11596,29
11596,35
11596,48
11596,52
11596,55
11596,63
11596,72
11596,102
9322,18
9322,19
9322,35
9322,43
9322,52
9322,54
9322,63
9322,72
6735,1
6735,4
6735,18
6735,24
6735,35
6735,43
6735,48
6735,55
6735,102
4034,1
4034,3
4034,5
4034,9
4034,55
4034,102
12774,18
12774,34
12774,35
12774,41
12774,42
12774,48
12774,55
12774,58
12774,77
12774,97
10356,18
10356,21
10356,23
10356,27
10356,29
10356,30
10356,35
10356,37
10356,55
10356,62
10356,80
10356,81
10356,83
7079,1
7079,5
7079,8
7079,9
7079,35
7079,48
7079,76
7079,97
7079,111
9965,18
9965,20
9965,34
9965,35
9965,38
9965,52
9965,55
9965,63
9965,72
9965,102
6130,1
6130,3
6130,18
6130,22
6130,23
6130,35
6130,41
6130,55
6130,102
10480,18
10480,21
10480,29
10480,34
10480,35
10480,41
10480,55
10480,102
6249,1
6249,3
6249,18
6249,35
6249,41
6249,55
6249,63
6249,72
6249,100
6249,102
12954,18
12954,34
12954,35
12954,52
12954,63
12954,72
12954,80
12954,81
14429,55
14429,62
14429,75
14429,80
14429,81
14429,83
14429,97
14429,118
11253,18
11253,22
11253,55
11253,62
11253,80
11253,81
7514,1
7514,5
7514,55
7514,76
7514,78
7514,97
7514,102
7514,111
7514,127
10324,18
10324,21
10324,22
10324,29
10324,34
10324,55
10324,102
4973,18
4973,29
4973,34
4973,35
4973,41
4973,48
4973,55
4973,102
8156,1
8156,9
8156,75
8156,80
8156,83
8156,97
8156,118
10800,18
10800,22
10800,23
10800,34
10800,35
10800,55
10800,77
10800,97
10800,101
10800,102
10517,18
10517,21
10517,33
10517,34
10517,35
10517,37
10517,44
10517,48
10517,49
10517,55
10517,102
12145,18
12145,27
12145,35
12145,50
14493,55
14493,84
14493,86
14493,102
1842,55
1842,62
1842,74
1842,79
1842,80
1842,83
1842,97
1842,120
1899,18
1899,19
1899,35
1899,42
1899,48
8309,1
8309,55
8309,62
8309,63
8309,68
8309,98
8012,1
8012,8
8012,55
8012,62
8012,63
8012,72
8012,80
8012,83
9671,18
9671,20
9671,23
9671,27
9671,55
9671,63
9671,72
9671,102
9339,18
9339,19
9339,35
9339,47
9339,52
9339,63
9339,72
8244,1
8244,13
8244,14
8244,63
8244,70
8244,98
10027,18
10027,20
10027,35
10027,37
10027,38
5715,1
5715,3
5715,4
5715,5
5715,6
5715,10
10645,18
10645,21
10645,35
10645,41
10645,55
10645,56
13571,35
13571,37
13571,74
13571,75
13571,79
13571,97
13571,112
13571,113
13571,122
2033,18
2033,19
2033,35
2033,40
5218,35
5218,37
5218,55
5218,62
5218,74
5218,75
5218,79
5218,97
5218,112
5218,113
5218,120
5218,122
3916,55
3916,62
3916,74
3916,75
3916,97
3916,112
3916,113
3916,124
4419,13
4419,14
4419,15
4419,79
11128,18
11128,22
11128,35
11128,37
11128,41
11128,55
11128,77
11128,97
11128,102
3028,18
3028,23
3028,29
3028,35
3028,52
3028,55
3028,102
1116,18
1116,35
1116,38
1116,55
1116,100
1116,102
8120,1
8120,9
8120,35
8120,48
8120,63
8120,72
9633,18
9633,20
9633,22
9633,35
9633,48
9633,52
5289,35
5289,41
5289,48
5289,49
5289,77
5289,97
5482,55
5482,63
5482,66
5482,70
5482,102
8034,1
8034,8
8034,74
8034,75
8034,97
8034,118
8034,120
8034,122
12846,18
12846,34
12846,35
12846,42
12846,45
4932,18
4932,26
4932,35
4932,41
4932,52
4932,55
4932,102
12130,18
12130,27
12130,35
12130,43
12130,48
12130,52
12130,55
12130,63
12130,72
12130,102
3123,18
3123,35
3123,41
3123,52
3123,55
3123,58
3123,100
2154,1
2154,4
2154,35
2154,41
14115,35
14115,48
14115,55
14115,58
14115,63
14115,72
14115,80
14115,81
2150,1
2150,4
2150,8
2150,55
2150,63
2150,72
2150,102
12444,18
12444,30
12444,35
12444,41
12444,55
12444,58
12444,62
12444,79
10284,18
10284,20
10284,63
10284,72
10284,79
11342,18
11342,23
11342,27
11342,29
11342,34
11342,35
11342,42
11342,43
11342,48
11342,52
11342,55
11342,63
11342,72
11342,102
13272,35
13272,36
13272,49
13272,52
13272,77
13272,97
14511,63
14511,67
14511,95
14511,96
14021,35
14021,44
14021,50
4765,18
4765,22
4765,34
4765,35
4765,42
4765,52
4765,55
4765,63
4765,72
4765,102
5307,35
5307,42
5307,43
5307,48
5307,52
5307,55
5307,102
4302,1
4302,6
4302,18
4302,29
4302,55
4302,102
4531,18
4531,19
4531,35
4531,48
4531,52
4531,55
4531,63
4531,72
4531,77
4531,97
4531,102
10852,18
10852,22
10852,24
10852,30
10852,34
10852,35
10852,48
10852,52
10852,55
10852,80
10852,81
10852,102
4835,18
4835,23
4835,35
4835,43
4835,52
3402,1
3402,6
3402,10
3402,55
3402,63
3402,72
3402,102
6864,1
6864,4
6864,55
6864,63
6864,71
6864,102
2884,1
2884,5
2884,9
2884,63
2884,70
4167,1
4167,4
4167,55
4167,62
4167,63
4167,72
13721,35
13721,40
13721,43
13721,49
14585,74
14585,75
14585,76
14585,80
14585,83
14585,97
14585,107
14585,112
14585,113
14585,120
14585,122
5524,63
5524,72
5524,79
2731,35
2731,37
2731,43
2731,55
2731,62
12582,18
12582,33
12582,35
12582,48
12582,52
13799,35
13799,41
13799,48
13799,49
13799,55
13799,63
13799,72
13799,102
5761,1
5761,3
5761,4
5761,6
5761,10
5761,35
5761,48
12226,18
12226,29
12226,30
12226,34
12226,55
12226,102
2181,18
2181,19
2181,22
2181,35
2181,52
2181,55
2181,63
2181,72
2181,102
9414,18
9414,20
9414,21
9414,24
9414,29
9414,34
9414,35
9414,37
9414,48
9414,52
9414,55
9414,62
9414,63
9414,72
6563,1
6563,4
6563,6
6563,18
6563,19
6563,55
6563,102
7486,1
7486,5
7486,35
7486,48
7486,55
7486,63
7486,72
7486,102
7484,1
7484,5
7484,35
7484,48
7484,54
7484,55
7484,80
7484,81
7484,102
7442,1
7442,5
7442,35
7442,41
7442,42
7442,55
7442,63
7442,72
7442,102
14402,55
14402,62
14402,74
14402,75
14402,97
14402,119
14402,122
13570,35
13570,37
13570,74
13570,75
13570,79
13570,97
13570,112
13570,113
13570,120
13570,122
7287,1
7287,5
7287,13
7287,14
7287,18
7287,29
7287,35
7287,48
7287,52
7287,77
7287,97
10352,18
10352,21
10352,23
10352,25
10352,29
10352,35
10352,41
10352,55
10352,63
10352,72
10352,102
8816,18
8816,19
8816,21
8816,35
8816,38
8816,42
8816,55
8816,62
8816,63
8816,72
10529,18
10529,21
10529,34
10529,35
10529,37
10529,55
10529,63
10529,72
10529,102
5474,55
5474,62
5474,74
5474,97
5474,120
5474,123
10377,18
10377,21
10377,24
10377,25
10377,34
10377,35
10377,42
10377,55
10377,63
10377,72
10377,102
3797,35
3797,37
3797,48
3797,52
3797,55
3797,102
12876,18
12876,34
12876,35
12876,42
12876,95
12876,96
5886,1
5886,3
5886,5
5886,6
5886,18
5886,35
5886,37
5886,41
5886,43
5886,52
5886,55
5886,100
5886,102
11415,18
11415,23
11415,34
11415,35
11415,40
11415,42
12224,18
12224,29
12224,30
12224,34
12224,35
12224,48
12224,52
12224,55
12224,58
12856,18
12856,34
12856,35
12856,42
12856,48
12856,54
12856,55
12856,102
11725,18
11725,24
11725,35
11725,43
11725,52
11725,55
11725,102
4031,1
4031,3
4031,5
4031,8
4031,63
4031,72
8423,13
8423,14
8423,18
8423,25
8423,35
8423,52
8423,63
8423,72
8423,80
8423,83
12327,18
12327,29
12327,35
12327,37
12327,49
12327,55
12327,62
12327,63
12327,70
9168,18
9168,19
9168,34
9168,35
9168,41
9168,43
9168,49
9168,52
9168,55
9168,63
9168,72
9168,102
11669,18
11669,24
11669,35
11669,37
11669,48
11669,55
11669,62
11669,63
11669,72
9424,18
9424,20
9424,21
9424,25
9424,29
9424,34
9424,35
9424,41
9424,42
9424,48
9424,49
9424,63
9424,72
6054,1
6054,3
6054,13
6054,14
6054,35
6054,38
6054,48
6054,55
6054,102
9271,18
9271,19
9271,35
9271,41
9271,43
9271,49
9271,52
9271,63
9271,72
5964,1
5964,3
5964,5
5964,35
5964,48
5964,52
5964,55
5964,102
10134,18
10134,20
10134,35
10134,41
10134,42
10134,48
10134,50
10134,52
4216,1
4216,5
4216,8
4216,18
4216,19
4216,63
4216,72
9282,18
9282,19
9282,35
9282,41
9282,52
9282,55
9282,58
9282,63
9282,72
6542,1
6542,4
6542,6
6542,9
6542,80
6542,83
1972,63
1972,70
1972,90
1972,96
8899,18
8899,19
8899,22
8899,34
8899,35
8899,41
8899,42
8899,55
8899,63
8899,72
8899,77
8899,97
8899,102
3866,35
3866,48
3866,76
3866,77
3866,97
3866,107
10600,18
10600,21
10600,35
10600,37
10600,52
10600,55
10600,102
5074,18
5074,34
5074,35
5074,42
5074,49
5074,52
10643,18
10643,21
10643,35
10643,41
10643,52
6657,1
6657,4
6657,10
6657,55
6657,62
6657,63
6657,72
12893,18
12893,34
12893,35
12893,44
12893,48
12893,55
12893,102
2778,54
2778,55
2778,62
2778,63
2778,72
8902,18
8902,19
8902,22
8902,34
8902,35
8902,41
8902,48
8902,55
8902,63
8902,72
8902,102
4079,1
4079,3
4079,35
4079,43
4079,54
13210,18
13210,35
13210,52
13210,63
13210,69
13210,100
11640,18
11640,24
11640,34
11640,35
11640,42
11640,55
11640,63
11640,72
11640,102
7805,1
7805,6
7805,35
7805,52
7805,55
7805,62
9265,18
9265,19
9265,35
9265,41
9265,42
9265,48
9265,55
9265,62
9265,63
9265,72
13978,35
13978,43
13978,52
13978,55
13978,63
13978,70
13978,102
5301,35
5301,41
5301,54
5301,55
5301,63
5301,72
5301,102
6288,1
6288,3
6288,35
6288,41
6288,42
6288,43
6288,54
6288,55
6288,102
3777,18
3777,35
3777,52
3777,55
3777,62
3777,100
3925,55
3925,62
3925,78
3925,97
3925,131
12108,18
12108,27
12108,35
12108,37
12108,41
12108,55
12108,58
10417,18
10417,21
10417,25
10417,34
10417,35
10417,41
10417,48
10417,55
10417,102
3698,18
3698,29
3698,35
3698,43
3698,55
3698,102
5345,35
5345,45
5345,55
5345,57
13992,35
13992,43
13992,55
13992,58
13992,63
13992,69
4521,18
4521,19
4521,35
4521,43
4521,48
3219,55
3219,63
3219,72
3219,76
3219,97
3219,102
3219,111
13514,35
13514,37
13514,55
13514,58
13514,80
13514,83
7981,1
7981,8
7981,35
7981,41
7981,55
7981,63
7981,72
7981,102
7135,1
7135,5
7135,8
7135,18
7135,27
7135,35
7135,43
7135,48
7135,55
7135,62
9851,18
9851,20
9851,27
9851,29
9851,35
9851,48
9851,55
9851,63
9851,72
9851,102
10642,18
10642,21
10642,35
10642,41
10642,49
10642,55
10642,63
10642,72
10642,102
9357,18
9357,19
9357,35
9357,48
9357,77
9357,97
10804,18
10804,22
10804,23
10804,34
10804,55
10804,77
10804,97
10804,102
14379,55
14379,62
14379,74
14379,75
14379,76
14379,97
14379,107
14379,112
14379,113
14379,118
14379,122
14357,55
14357,62
14357,63
14357,70
14357,74
14357,78
14357,80
14357,83
14357,97
14357,120
14357,132
9490,18
9490,20
9490,21
9490,35
9490,37
9490,42
9490,48
9490,55
9490,63
9490,72
9490,102
10041,18
10041,20
10041,35
10041,37
10041,41
10041,42
10041,48
10041,49
10041,52
10041,55
10041,63
10041,72
10041,102
10414,18
10414,21
10414,25
10414,34
9008,18
9008,19
9008,24
9008,34
9008,35
9008,43
9008,48
9008,52
9008,55
9008,63
9008,72
9008,102
8944,18
8944,19
8944,23
8944,24
8944,34
8944,35
8944,43
8944,48
8944,52
8944,55
8944,63
8944,72
8944,102
6588,1
6588,4
6588,6
6588,55
6588,62
6588,63
6588,69
6588,80
6588,83
10348,18
10348,21
10348,22
10348,35
10348,77
10348,97
10348,101
6963,1
6963,5
6963,6
6963,13
6963,14
8779,18
8779,19
8779,21
8779,22
8779,25
8779,34
8779,35
8779,37
8779,41
8779,42
8779,52
8779,55
8779,62
8779,63
8779,72
8354,13
8354,14
8354,15
8354,63
8354,69
8354,80
8354,81
8056,1
8056,9
8056,18
8056,19
8056,63
8056,72
10138,18
10138,20
10138,35
10138,41
10138,42
10138,55
10138,102
2866,1
2866,4
2866,18
2866,19
2866,35
2866,48
2866,63
2866,72
14426,55
14426,62
14426,75
14426,79
14426,80
14426,81
14426,97
14426,118
11189,18
11189,22
11189,35
11189,42
11189,43
11189,55
11189,62
3521,18
3521,20
3521,25
3521,34
3521,35
3521,52
3521,55
3521,63
3521,72
3521,102
12173,18
12173,28
12173,30
12214,18
12214,28
12214,35
12214,52
12214,55
12214,63
12214,72
12214,102
6802,1
6802,4
6802,35
6802,43
6802,48
6802,55
6802,63
6802,72
6802,80
6802,81
6802,102
9852,18
9852,20
9852,27
9852,29
9852,55
9852,102
6034,1
6034,3
6034,9
6034,18
6034,20
6034,34
6034,35
6034,38
6034,42
6034,48
6034,55
6034,62
6034,63
6034,72
8564,18
8564,19
8564,20
8564,21
8564,34
8564,35
8564,37
8564,38
8564,41
8564,42
8564,52
8564,55
8564,63
8564,72
8564,102
6616,1
6616,4
6616,8
6616,35
6616,41
5853,1
5853,3
5853,4
5853,54
5853,55
5853,62
5853,80
5853,81
4354,1
4354,8
4354,55
4354,63
4354,70
4354,102
4872,18
4872,24
4872,35
4872,41
4872,77
4872,97
9011,18
9011,19
9011,24
9011,34
9011,35
9011,48
9011,52
9011,54
9011,55
9011,63
9011,72
9011,77
9011,80
9011,81
9011,97
9011,102
4271,1
4271,5
4271,35
4271,48
4271,80
4271,81
4597,18
4597,20
4597,31
4597,55
4597,63
4597,72
4597,102
7554,1
7554,6
7554,8
7554,10
7554,18
7554,25
7554,35
7554,42
7554,63
7554,72
4296,1
4296,6
4296,10
4296,80
4296,83
9667,18
9667,20
9667,23
9667,27
9667,28
9667,34
9667,35
9667,48
9667,52
9667,55
9667,63
9667,72
9667,102
11913,18
11913,25
11913,35
11913,37
11913,55
11913,62
11913,63
11913,72
11913,80
11913,83
12115,18
12115,27
12115,35
12115,40
12115,55
12115,102
7968,1
7968,8
7968,35
7968,36
6670,1
6670,4
6670,13
6670,14
6670,18
6670,25
6670,35
6670,48
6670,55
6670,102
7467,1
7467,5
7467,35
7467,43
7467,52
7467,76
7467,97
7467,111
6482,1
6482,4
6482,5
6482,35
6482,37
6482,41
6482,43
6482,52
6482,55
6482,102
7896,1
7896,8
7896,10
7896,35
7896,43
7896,76
7896,97
7896,111
4209,1
4209,5
4209,6
4209,79
4209,80
4209,83
9457,18
9457,20
9457,21
9457,29
9457,35
9457,41
9457,55
9457,63
9457,72
9457,102
3341,1
3341,4
3341,78
3341,97
3341,132
5226,35
5226,37
5226,63
5226,70
5226,80
5226,83
9716,18
9716,20
9716,23
9716,35
9716,48
9716,52
9716,55
9716,102
5742,1
5742,3
5742,4
5742,5
5742,35
5742,43
5742,49
5742,55
5742,63
5742,72
5742,102
9437,18
9437,20
9437,21
9437,25
9437,35
9437,38
9437,41
9437,48
5265,35
5265,40
5265,41
5265,49
7441,1
7441,5
7441,35
7441,40
7441,43
7441,48
7441,52
5911,1
5911,3
5911,5
5911,8
5911,35
5911,43
5911,52
3040,18
3040,24
3040,34
3040,35
3040,52
3040,55
3040,63
3040,72
3040,102
10261,18
10261,20
10261,35
10261,55
10261,62
10261,63
10261,70
10261,101
10260,18
10260,20
10260,35
10260,55
10260,58
10260,101
9988,18
9988,20
9988,34
9988,35
9988,41
9988,49
9988,55
9988,62
4012,1
4012,3
4012,4
4012,9
6914,1
6914,5
6914,6
6914,8
6914,35
6914,43
6914,74
6914,80
6914,83
6914,97
6914,120
6914,122
10215,18
10215,20
10215,35
10215,48
10215,49
10215,63
10215,72
10215,77
10215,97
5439,54
5439,63
5439,72
5439,77
5439,97
6739,1
6739,4
6739,18
6739,27
6739,35
6739,52
12874,18
12874,34
12874,35
12874,42
12874,55
12874,63
12874,72
12874,95
12874,96
12874,102
3044,18
3044,24
3044,35
3044,43
3044,48
3044,55
3044,58
3044,63
3044,72
9813,18
9813,20
9813,25
9813,35
9813,37
9813,48
9813,55
9813,62
9813,63
9813,72
9813,80
9813,83
2833,1
2833,3
2833,4
2833,55
2833,80
2833,81
2833,102
14085,35
14085,48
14085,52
14085,55
14085,58
14085,63
14085,70
14612,74
14612,75
14612,77
14612,78
14612,97
14612,112
14612,113
14612,120
14612,122
14612,132
7306,1
7306,5
7306,18
7306,19
7306,28
7306,35
7306,43
7306,55
7306,58
7306,63
7306,72
14155,35
14155,49
14155,52
14155,76
14155,77
14155,97
14155,111
9804,18
9804,20
9804,25
9804,34
9804,55
9804,62
9804,63
9804,70
9804,72
14897,76
14897,95
14897,96
14897,97
14897,111
11707,18
11707,24
11707,35
11707,42
11707,50
11707,55
11707,58
11707,62
11707,63
11707,72
4673,18
4673,21
4673,23
4673,35
4673,48
4673,55
4673,102
6256,1
6256,3
6256,35
6256,36
6256,43
6256,55
6256,58
12997,18
12997,35
12997,36
12997,37
12997,100
12789,18
12789,34
12789,35
12789,41
12789,42
12789,55
12789,62
12789,63
12789,72
10815,18
10815,22
10815,23
10815,35
10815,41
10815,43
10815,48
10815,52
10021,18
10021,20
10021,34
10021,55
10021,62
10021,63
10021,70
10021,72
3360,1
3360,5
3360,8
3360,18
3360,20
3360,63
3360,72
5957,1
5957,3
5957,5
5957,35
5957,43
5957,53
12046,18
12046,26
12046,35
12046,42
12046,55
12046,102
3525,18
3525,20
3525,27
13686,35
13686,40
13686,41
13686,42
13686,48
13686,52
6834,1
6834,4
6834,35
6834,53
7551,1
7551,5
7551,91
7551,95
7551,96
1509,18
1509,35
1509,37
1509,41
1509,55
1509,62
1509,100
9289,18
9289,19
9289,35
9289,42
9289,43
9289,48
9289,52
9289,55
9289,63
9289,72
9289,102
10667,18
10667,21
10667,35
10667,48
10667,49
10667,63
10667,72
2547,1
2547,4
2547,6
2547,80
2547,81
12937,18
12937,34
12937,35
12937,49
12937,55
12937,62
12937,63
12937,72
7648,1
7648,6
7648,10
7648,63
7648,70
7648,72
7351,1
7351,5
7351,18
7351,22
7351,35
7351,47
7351,55
7351,102
8815,18
8815,19
8815,21
8815,35
8815,37
8815,52
8815,55
8815,62
8815,63
8815,72
5039,18
5039,34
5039,35
5039,37
5039,42
5039,55
5039,102
10571,18
10571,21
10571,34
10571,55
10571,62
10571,76
10571,97
10571,111
13289,35
13289,37
13289,38
13289,41
13289,48
13289,55
13289,58
13289,63
13289,72
9347,18
9347,19
9347,35
9347,48
9347,54
9347,55
9347,62
9347,63
9347,72
2829,1
2829,3
2829,4
2829,6
2829,10
9617,18
9617,20
9617,22
9617,35
9617,37
9617,42
9617,55
9617,63
9617,72
9617,102
4181,1
4181,5
4181,6
4181,8
4181,55
4181,80
4181,83
4181,102
11835,18
11835,25
11835,34
11835,35
11835,38
11835,41
11835,52
11835,55
11835,62
11835,63
11835,72
11835,77
11835,80
11835,81
11835,97
10011,18
10011,20
10011,34
10011,35
10011,48
10011,52
10011,55
10011,62
10011,63
10011,72
8493,13
8493,14
8493,63
8493,71
8493,77
8493,97
8259,1
8259,18
8259,22
8259,55
8259,98
8259,102
5437,54
5437,63
5437,67
9078,18
9078,19
9078,27
9078,29
9078,34
9078,55
9078,63
9078,72
9078,102
13135,18
13135,35
13135,41
13135,48
13135,55
13135,95
13135,96
13135,100
13135,102
11820,18
11820,25
11820,31
11820,35
11820,48
11820,55
11820,63
11820,72
11820,102
11703,18
11703,24
11703,35
11703,42
11703,48
11703,55
11703,63
11703,72
11703,102
10549,18
10549,21
10549,34
10549,35
10549,41
10549,48
10549,55
10549,102
14312,54
14312,74
14312,97
14312,126
6327,1
6327,3
6327,35
6327,43
6327,52
6327,63
6327,70
5368,35
5368,48
5368,54
5368,63
5368,70
9573,18
9573,20
9573,22
9573,26
9573,34
9573,35
9573,101
9730,18
9730,20
9730,24
9730,25
9730,35
9730,48
9730,55
9730,63
9730,72
9730,102
10371,18
10371,21
10371,23
10371,35
10371,42
10371,55
10371,102
4228,1
4228,5
4228,8
4228,55
4228,62
4228,80
4228,81
14008,35
14008,43
14008,79
6433,1
6433,4
6433,5
6433,6
6433,63
6433,72
6433,76
6433,77
6433,97
6433,111
4650,18
4650,20
4650,35
4650,47
4650,55
4650,58
4650,63
4650,72
4693,18
4693,21
4693,35
4693,37
4693,38
13432,35
13432,37
13432,43
13432,48
13432,55
13432,63
13432,72
13432,102
5850,1
5850,3
5850,4
5850,35
5850,52
5850,54
5850,55
5850,102
13007,18
13007,35
13007,37
13007,38
13007,41
13007,48
13007,55
13007,62
13007,75
13007,97
13007,100
13007,118
10228,18
10228,20
10228,35
10228,48
10228,55
10228,62
10228,63
10228,72
10228,77
10228,97
9791,18
9791,20
9791,25
9791,34
9791,35
9791,38
9791,48
9791,63
9791,72
6531,1
6531,4
6531,6
6531,8
6531,55
6531,77
6531,97
6531,102
13446,35
13446,37
13446,43
13446,74
13446,97
13446,122
4270,1
4270,5
4270,35
4270,48
4270,77
4270,97
7084,1
7084,5
7084,8
7084,9
7084,76
7084,97
7084,111
3274,1
3274,3
3274,4
3274,5
3274,6
3274,63
3274,72
13440,35
13440,37
13440,43
13440,55
13440,62
13440,74
13440,80
13440,83
13440,97
13440,122
12233,18
12233,29
12233,31
12233,34
12233,35
12233,37
12233,42
12233,48
12233,52
12233,55
12233,74
12233,97
12233,102
12233,120
8951,18
8951,19
8951,23
8951,29
8951,34
8951,35
8951,41
8951,43
8951,48
8951,55
8951,58
8951,63
8951,72
4462,18
4462,19
4462,21
4462,34
4462,35
4462,52
4462,55
4462,63
4462,72
4462,102
11740,18
11740,24
11740,35
11740,50
11740,63
11740,72
2973,18
2973,20
2973,35
2973,37
2973,42
2973,63
2973,72
5349,35
5349,45
5349,80
5349,81
14708,74
14708,76
14708,78
14708,97
14708,107
14708,120
14708,122
14708,124
14708,132
6884,1
6884,5
6884,6
6884,8
6884,9
6884,76
6884,97
6884,107
6884,111
4896,18
4896,25
4896,34
4896,35
4896,41
4896,52
4896,63
4896,72
9579,18
9579,20
9579,22
9579,28
9579,29
9579,34
9579,35
9579,44
9579,48
9579,55
9579,62
9579,63
9579,72
6104,1
6104,3
6104,18
6104,20
6104,35
6104,43
6104,55
6104,58
12293,18
12293,29
12293,34
12293,35
12293,48
12293,55
12293,63
12293,70
12293,72
12293,102
6587,1
6587,4
6587,6
6587,54
6587,80
6587,81
6855,1
6855,4
6855,55
6855,62
6855,75
6855,97
6855,118
6412,1
6412,4
6412,5
6412,6
6412,8
6412,63
6412,72
6412,80
6412,83
2406,18
2406,29
2406,35
2406,41
2406,52
5912,1
5912,3
5912,5
5912,8
5912,35
5912,43
5912,52
5912,54
5912,63
5912,70
8314,1
8314,55
8314,62
8314,80
8314,81
8314,98
5124,18
5124,35
5124,40
5124,41
5124,63
5124,72
5124,100
11022,18
11022,22
11022,31
11022,34
11022,35
11022,48
11022,55
11022,58
14544,63
14544,70
14544,78
14544,97
14544,131
6981,1
6981,5
6981,6
6981,18
6981,23
6981,26
6981,35
6981,48
6981,52
6981,55
6981,102
5275,35
5275,40
5275,53
12551,18
12551,31
12551,76
12551,97
12551,111
13891,35
13891,42
13891,48
13891,55
13891,58
13891,63
13891,72
13891,77
13891,97
2022,1
2022,55
2022,62
2022,63
2022,72
2022,98
6435,1
6435,4
6435,5
6435,6
6435,80
6435,83
13697,35
13697,40
13697,42
13697,43
13697,48
13697,49
13697,55
13697,77
13697,97
13697,102
2748,35
2748,41
2748,55
2748,62
2748,80
2748,81
11708,18
11708,24
11708,35
11708,42
11708,52
11708,55
11708,62
11708,63
11708,70
8818,18
8818,19
8818,21
8818,35
8818,41
8818,42
8818,63
8818,72
4493,18
4493,19
4493,34
4493,35
4493,42
4493,43
4493,55
4493,63
4493,72
4493,102
7233,1
7233,5
7233,8
7233,63
7233,72
7233,80
7233,81
4847,18
4847,23
4847,95
4847,96
10149,18
10149,20
10149,35
10149,41
10149,48
10149,63
10149,72
10149,77
10149,97
4608,18
4608,20
4608,34
4608,35
4608,41
4608,42
4608,55
4608,63
4608,72
4608,102
4027,1
4027,3
4027,4
4027,63
4027,70
7795,1
7795,6
7795,35
7795,48
7795,55
7795,63
7795,72
7795,95
7795,96
7795,102
13633,35
13633,38
13633,52
13633,77
13633,97
3745,18
3745,34
3745,35
3745,43
3745,55
3745,62
8952,18
8952,19
8952,23
8952,29
8952,35
8952,42
8952,48
8952,55
8952,63
8952,72
8952,102
3361,1
3361,5
3361,8
3361,35
3361,37
3361,55
3361,62
3785,35
3785,37
3785,40
3785,55
3785,62
11523,18
11523,23
11523,35
11523,48
11523,52
11523,55
11523,63
11523,69
11523,80
11523,81
11523,102
10223,18
10223,20
10223,35
10223,48
10223,55
10223,58
10223,62
10223,63
10223,72
10223,80
10223,81
14771,74
14771,79
14771,80
14771,81
14771,97
14771,120
3073,18
3073,29
3073,35
3073,41
3073,52
3073,55
3073,102
9614,18
9614,20
9614,22
9614,35
9614,37
9614,41
9614,42
9614,63
9614,72
12751,18
12751,34
12751,35
12751,40
12751,41
12751,52
10026,18
10026,20
10026,35
10026,36
10026,63
10026,69
10026,72
12299,18
12299,29
12299,34
12299,35
12299,52
12299,55
12299,63
12299,72
12299,102
3409,1
3409,6
3409,35
3409,49
3047,18
3047,24
3047,35
3047,48
3047,55
3047,62
3047,63
3047,72
10631,18
10631,21
10631,35
10631,41
10631,43
10631,48
10631,55
10631,102
8646,18
8646,19
8646,20
8646,25
8646,27
8646,34
8646,63
8646,72
3308,1
3308,3
3308,35
3308,48
3308,77
3308,97
6568,1
6568,4
6568,6
6568,18
6568,32
6568,63
6568,72
13928,35
13928,42
13928,63
13928,72
13928,79
13928,80
13928,83
4346,1
4346,8
4346,35
4346,48
4346,77
4346,97
13072,18
13072,35
13072,38
13072,48
13072,52
13072,63
13072,72
13072,100
9055,18
9055,19
9055,25
9055,34
9055,35
9055,38
9055,40
9055,42
9055,48
9055,55
9055,63
9055,72
9055,77
9055,97
9055,102
10402,18
10402,21
10402,25
10402,27
10402,34
10402,35
10402,48
10402,54
10402,63
10402,72
8753,18
8753,19
8753,20
8753,35
8753,43
8753,48
8753,49
8753,55
8753,63
8753,72
8753,102
3462,13
3462,14
3462,18
3462,27
3462,55
3462,102
10917,18
10917,22
10917,26
10917,35
10917,43
10917,55
10917,102
7078,1
7078,5
7078,8
7078,9
7078,35
7078,48
7078,55
7078,62
11062,18
11062,22
11062,34
11062,35
11062,41
11062,42
11062,52
11062,55
11062,63
11062,72
11062,102
14102,35
14102,48
14102,52
14102,75
14102,77
14102,97
14102,119
12049,18
12049,26
12049,35
12049,47
12049,48
12049,55
12049,102
10235,18
10235,20
10235,35
10235,48
10235,95
10235,96
13583,35
13583,37
13583,74
13583,97
13583,120
13583,123
9796,18
9796,20
9796,25
9796,34
9796,35
9796,41
9796,55
9796,63
9796,72
9796,102
12840,18
12840,34
12840,35
12840,42
12840,43
12840,48
12840,55
12840,102
5056,18
5056,34
5056,35
5056,41
5056,42
5056,48
10579,18
10579,21
10579,35
10579,36
10579,63
10579,72
13275,35
13275,36
13275,52
13275,55
13275,58
7543,1
7543,5
7543,80
7543,83
7543,84
7543,85
14191,35
14191,50
14191,54
14191,63
14191,72
4314,1
4314,6
4314,35
4314,43
4314,55
4314,76
4314,97
4314,102
4314,111
3704,18
3704,29
3704,63
3704,69
6317,1
6317,3
6317,35
6317,43
6317,48
6317,52
6317,55
6317,77
6317,97
6317,102
2414,18
2414,34
2414,35
2414,48
2414,49
3658,18
3658,25
3658,35
3658,42
3658,52
11266,18
11266,23
11266,24
11266,25
11266,63
11266,72
12557,18
12557,32
12557,34
12557,63
12557,72
5233,35
5233,38
5233,39
5233,63
5233,72
2624,18
2624,20
2624,35
2624,47
2624,48
2624,63
2624,72
13170,18
13170,35
13170,42
13170,48
13170,52
13170,54
13170,63
13170,70
13170,100
13249,35
13249,36
13249,42
13249,48
13249,52
13249,55
13249,62
4820,18
4820,23
4820,34
4820,35
4820,42
4820,48
4820,55
4820,102
11747,18
11747,24
11747,35
11747,52
11747,80
11747,81
12970,18
12970,34
12970,55
12970,62
12970,63
12970,67
6544,1
6544,4
6544,6
6544,10
6544,35
6544,37
5392,35
5392,49
5392,55
5392,62
5392,80
5392,81
2071,18
2071,34
2071,35
2071,40
2071,52
3947,74
3947,75
3947,97
3947,112
3947,113
3947,114
3947,118
3947,120
11215,18
11215,22
11215,35
11215,47
11215,48
11215,55
11215,102
2577,1
2577,8
2577,18
2577,20
2577,63
2577,72
3828,35
3828,41
3828,48
3828,55
3828,62
3828,77
3828,97
6734,1
6734,4
6734,18
6734,24
12024,18
12024,26
12024,34
12024,35
12024,37
12024,38
10332,18
10332,21
10332,22
10332,34
10332,35
10332,41
10332,55
10332,63
10332,70
10332,102
9727,18
9727,20
9727,24
9727,25
9727,35
9727,37
9727,47
9727,48
9727,52
9727,55
9727,63
9727,72
9727,102
2488,55
2488,63
2488,72
2488,80
2488,83
2488,102
7678,1
7678,6
7678,18
7678,19
7678,35
7678,42
7678,63
7678,72
5716,1
5716,3
5716,4
5716,5
5716,6
5716,10
5716,35
5716,48
5716,55
5716,102
9662,18
9662,20
9662,23
9662,25
9662,55
9662,63
9662,72
9662,102
6136,1
6136,3
6136,18
6136,22
6136,29
6136,30
6136,35
6136,41
6136,48
6136,55
6136,62
6136,63
6136,72
6136,74
6136,80
6136,81
6136,97
6136,120
6067,1
6067,3
6067,18
6067,19
6067,35
6067,37
6067,41
6067,42
6067,48
6067,52
6067,55
6067,63
6067,72
6067,102
4633,18
4633,20
4633,35
4633,40
4633,41
4633,63
4633,72
6025,1
6025,3
6025,8
6025,18
6025,34
6025,35
6025,40
6025,41
6025,42
6025,52
6025,63
6025,72
3315,1
3315,4
3315,5
3315,55
3315,80
3315,81
3315,102
9996,18
9996,20
9996,34
9996,35
9996,42
9996,48
9996,52
9996,63
9996,72
14640,74
14640,75
14640,78
14640,97
14640,119
14640,120
14640,122
14640,132
10394,18
10394,21
10394,24
10394,35
10394,37
3582,18
3582,21
3582,35
3582,42
3582,52
3582,63
3582,72
10689,18
10689,21
10689,63
10689,72
10689,95
10689,96
7660,1
7660,6
7660,13
7660,14
7660,55
7660,62
7660,63
7660,72
14579,74
14579,75
14579,76
14579,78
14579,97
14579,107
14579,119
14579,122
14579,132
13032,18
13032,35
13032,37
13032,41
13032,48
13032,55
13032,58
13032,63
13032,72
13032,77
13032,97
13032,100
4856,18
4856,24
4856,30
4856,63
4856,72
14120,35
14120,48
14120,55
14120,62
14120,74
14120,97
14120,122
11793,18
11793,25
11793,29
11793,34
11793,35
11793,48
11793,52
11793,63
11793,72
3351,1
3351,5
3351,6
3351,54
13703,35
13703,40
13703,42
13703,48
13703,49
13703,52
13703,55
13703,58
13703,63
13703,72
13703,77
13703,97
3765,18
3765,35
3765,37
3765,41
3765,52
3765,100
6742,1
6742,4
6742,18
6742,29
6742,63
6742,72
11143,18
11143,22
11143,35
11143,37
11143,52
11143,55
11143,62
11143,80
11143,83
10771,18
10771,22
10771,23
10771,31
10771,34
10771,35
10771,52
10771,55
10771,63
10771,72
10771,102
6733,1
6733,4
6733,18
6733,23
6733,54
6733,55
6733,58
6733,63
6733,70
2837,1
2837,3
2837,5
2837,35
2837,43
2837,55
2837,102
10811,18
10811,22
10811,23
10811,35
10811,37
10811,52
10811,55
10811,62
10811,80
10811,83
5217,35
5217,37
5217,54
5217,63
5217,70
9064,18
9064,19
9064,25
9064,34
9064,63
9064,72
7873,1
7873,6
7873,79
7873,80
7873,83
3830,35
3830,41
3830,49
3830,55
3830,63
3830,72
3830,102
10331,18
10331,21
10331,22
10331,34
10331,35
10331,38
10331,42
10331,49
10331,52
10331,55
10331,63
10331,72
10331,102
9572,18
9572,20
9572,22
9572,26
9572,28
9572,29
9572,31
9572,35
9572,52
9572,55
9572,63
9572,72
9572,102
3923,55
3923,62
3923,75
3923,79
3923,97
3923,118
13464,35
13464,37
13464,48
13464,55
13464,58
5247,35
5247,38
5247,55
5247,62
5247,79
4714,18
4714,21
4714,35
4714,42
4714,55
4714,62
4714,63
4714,72
3329,1
3329,4
3329,18
3329,19
3691,18
3691,29
3691,34
3691,55
3691,62
10833,18
10833,22
10833,23
10833,35
10833,48
10833,52
10833,55
10833,58
10833,63
10833,72
10833,77
10833,97
11223,18
11223,22
11223,35
11223,48
11223,52
11223,55
11223,58
11223,63
11223,72
11223,77
11223,97
9496,18
9496,20
9496,21
9496,35
9496,38
9496,55
9496,63
9496,72
9496,102
5269,35
5269,40
5269,43
5269,55
5269,58
5879,1
5879,3
5879,5
5879,6
5879,9
5879,89
5879,96
4426,13
4426,14
4426,35
4426,37
4426,41
12690,18
12690,34
12690,35
12690,37
12690,52
12690,55
12690,74
12690,97
12690,102
12690,120
2403,18
2403,29
2403,30
2403,55
2403,102
3375,1
3375,5
3375,8
3375,79
3375,80
3375,83
5313,35
5313,42
5313,48
5313,63
5313,72
5313,77
5313,97
9580,18
9580,20
9580,22
9580,28
9580,29
9580,35
9580,44
9580,48
9580,55
9580,102
7181,1
7181,5
7181,8
7181,35
7181,42
7181,48
7181,63
7181,72
3571,18
3571,21
3571,27
3571,55
3571,102
3629,18
3629,23
3629,35
3629,37
3629,52
3629,55
3629,62
9094,18
9094,19
9094,29
9094,34
9094,35
9094,41
9094,55
9094,63
9094,72
9094,80
9094,81
9094,102
13214,18
13214,54
13214,100
4295,1
4295,6
4295,10
4295,63
4295,69
4609,18
4609,20
4609,34
4609,35
4609,41
4609,48
4609,52
4609,55
4609,63
4609,72
4609,102
13965,35
13965,43
13965,49
13965,55
13965,63
13965,70
13965,102
8769,18
8769,19
8769,20
8769,35
8769,49
8769,63
8769,72
5091,18
5091,34
5091,35
5091,49
5091,55
5091,63
5091,72
5091,102
3584,18
3584,21
3584,35
3584,48
3584,55
3584,63
3584,72
3584,102
8484,13
8484,14
8484,55
8484,63
8484,71
8484,78
8484,97
8484,102
8484,132
3751,18
3751,34
3751,35
3751,48
3751,55
3751,77
3751,97
3751,102
8413,13
8413,14
8413,18
8413,24
5246,35
5246,38
5246,55
5246,58
4934,18
4934,26
4934,35
4934,43
4934,55
4934,102
4507,18
4507,19
4507,35
4507,37
4507,52
4507,63
4507,72
7531,1
7531,5
7531,63
7531,70
7531,80
7531,81
9462,18
9462,20
9462,21
9462,34
9462,35
9462,37
9462,38
9462,39
9462,41
9462,48
9462,55
9462,63
9462,72
9462,102
8960,18
8960,19
8960,23
8960,34
8960,35
8960,37
8960,42
8960,48
8960,52
8960,55
8960,63
8960,72
8960,102
14455,55
14455,63
14455,69
14455,70
14455,102
6192,1
6192,3
6192,18
6192,25
6192,35
6192,49
6192,55
6192,62
6192,63
6192,72
9684,18
9684,20
9684,23
9684,31
9684,35
9684,43
9684,52
9684,55
9684,63
9684,72
9684,102
14437,55
14437,62
14437,76
14437,80
14437,83
14437,97
14437,111
9590,18
9590,20
9590,22
9590,29
9590,35
9590,41
9590,55
9590,62
9590,63
9590,72
6804,1
6804,4
6804,35
6804,43
6804,52
6804,55
6804,58
6804,63
6804,72
4832,18
4832,23
4832,35
4832,42
4832,48
14416,55
14416,62
14416,74
14416,80
14416,81
14416,97
14416,122
9120,18
9120,19
9120,30
9120,34
9120,35
9120,42
9120,43
9120,52
9120,63
9120,72
9558,18
9558,20
9558,22
9558,24
9558,35
9558,38
9558,41
9558,42
9558,48
9558,55
9558,63
9558,72
9558,102
9759,18
9759,20
9759,24
9759,35
9759,48
9759,52
9759,63
9759,72
3144,35
3144,37
3144,63
3144,71
8500,13
8500,15
8500,18
8500,34
8500,63
8500,71
14912,92
14912,96
13535,35
13535,37
13535,55
13535,62
13535,74
13535,79
13535,80
13535,83
13535,97
13535,120
13535,122
4840,18
4840,23
4840,35
4840,49
4840,55
4840,102
9858,18
9858,20
9858,27
9858,35
9858,48
9858,55
9858,102
4178,1
4178,5
4178,6
4178,8
4178,35
4178,43
4178,48
8241,1
8241,11
8241,55
8241,102
2932,1
2932,54
2932,63
2932,70
2932,98
5438,54
5438,63
5438,70
5438,80
5438,83
8777,18
8777,19
8777,21
4423,13
4423,14
4423,18
4423,22
4423,55
4423,102
6121,1
6121,3
6121,18
6121,21
6121,35
6121,43
6121,48
6121,49
6121,52
6121,55
6121,62
4678,18
4678,21
4678,29
4678,55
4678,58
5791,1
5791,3
5791,4
5791,12
4418,13
4418,14
4418,15
4418,55
4418,102
11613,18
11613,24
11613,31
11613,35
11613,41
11613,48
11613,55
11613,63
11613,72
11613,102
4207,1
4207,5
4207,6
4207,78
4207,97
4207,127
3013,18
3013,22
3013,35
3013,38
4727,18
4727,21
4727,55
4727,63
4727,69
4727,102
3928,55
3928,89
3928,95
3928,96
3928,102
10392,18
10392,21
10392,24
10392,34
10392,55
10392,63
10392,72
10392,102
3168,35
3168,41
3168,48
3168,52
3168,55
3168,62
11075,18
11075,22
11075,34
11075,35
11075,42
11075,48
11075,49
11075,52
11075,63
11075,72
4891,18
4891,25
4891,29
4891,63
4891,72
3110,18
3110,34
3110,55
3110,62
3110,80
3110,83
4452,18
4452,19
4452,20
4452,34
4452,55
4452,62
4452,63
4452,72
4992,18
4992,29
4992,35
4992,48
4992,49
14415,55
14415,62
14415,74
14415,80
14415,81
14415,97
14415,120
14508,63
14508,67
14508,84
14508,87
5465,55
5465,62
5465,63
5465,72
5465,79
5465,80
5465,83
8355,13
8355,14
8355,15
8355,63
8355,71
8355,80
8355,81
5102,18
5102,34
5102,55
5102,63
5102,71
5102,102
9423,18
9423,20
9423,21
9423,25
9423,29
9423,34
9423,35
9423,38
9423,43
9423,49
9423,55
9423,63
9423,72
9423,102
7110,1
7110,5
7110,8
7110,18
7110,20
7110,77
7110,97
4734,18
4734,22
4734,23
4734,34
4734,35
4734,52
5868,1
5868,3
5868,4
5868,84
5868,85
4226,1
4226,5
4226,8
4226,35
4226,43
4226,63
4226,72
13269,35
13269,36
13269,48
13269,55
13269,63
13269,72
13269,102
2910,1
2910,6
2910,63
2910,72
2910,80
2910,83
14725,74
14725,76
14725,97
14725,107
14725,111
14725,126
14693,74
14693,75
14693,97
14693,120
14693,126
2849,1
2849,3
2849,35
2849,48
2849,52
2849,55
2849,102
13462,35
13462,37
13462,48
13462,54
13462,55
13462,62
13462,63
13462,70
13462,80
13462,83
4324,1
4324,6
4324,55
4324,63
4324,72
4324,77
4324,97
4324,102
7403,1
7403,5
7403,18
7403,34
7403,35
7403,42
7403,52
7403,63
7403,72
8114,1
8114,9
8114,35
8114,42
8114,63
8114,72
12413,18
12413,29
12413,55
12413,62
12413,63
12413,72
13098,18
13098,35
13098,40
13098,42
13098,55
13098,63
13098,72
13098,100
13098,102
6598,1
6598,4
6598,6
6598,80
6598,83
14067,35
14067,48
14067,49
14067,54
14067,55
14067,62
11227,18
11227,22
11227,35
11227,48
11227,52
11227,55
11227,77
11227,97
11227,102
2423,18
2423,35
2423,38
2423,48
2423,100
8840,18
8840,19
8840,22
8840,23
8840,27
8840,29
8840,35
8840,43
8840,52
8840,55
8840,62
8840,63
8840,72
8840,77
8840,97
1618,1
1618,9
1618,55
1618,62
1618,63
1618,71
2249,35
2249,37
2249,52
2249,63
2249,72
2418,18
2418,34
2418,35
2418,55
2418,62
2418,101
5728,1
5728,3
5728,4
5728,5
5728,8
5728,35
5728,48
5647,1
5647,2
5647,4
5647,63
5647,69
13116,18
13116,35
13116,41
13116,43
13116,48
13116,55
13116,100
13116,102
7970,1
7970,8
7970,35
7970,36
7970,41
7970,77
7970,97
14538,63
14538,70
14538,76
14538,77
14538,97
14538,107
5427,54
5427,55
5427,57
5427,63
5427,70
4213,1
4213,5
4213,8
4213,10
4213,63
4213,72
4885,18
4885,24
4885,35
4885,49
9845,18
9845,20
9845,25
9845,63
9845,69
9845,72
7717,1
7717,6
7717,18
7717,25
7717,55
7717,63
7717,72
7717,102
3113,18
3113,35
3113,36
3113,41
3113,55
3113,100
3113,102
11919,18
11919,25
11919,35
11919,38
11919,41
11919,42
11919,52
11919,63
11919,72
7719,1
7719,6
7719,18
7719,27
2637,18
2637,21
2637,34
2637,35
2637,41
12595,18
12595,34
12595,35
12595,36
12595,38
12595,41
12595,48
12595,49
12595,55
12595,102
14687,74
14687,75
14687,97
14687,112
14687,114
14687,120
14687,122
14687,126
8535,18
8535,19
8535,20
8535,21
8535,22
8535,29
8535,34
8535,35
8535,41
8535,48
8535,52
8535,55
8535,63
8535,72
8535,102
12353,18
12353,29
12353,35
12353,41
12353,43
12353,48
12353,52
12353,55
12353,77
12353,97
12353,102
12984,18
12984,34
12984,63
12984,69
12984,80
12984,83
3735,18
3735,34
3735,35
3735,41
3735,52
3735,55
3735,62
10798,18
10798,22
10798,23
10798,34
10798,35
10798,48
10798,55
10798,63
10798,72
10798,102
5182,35
5182,37
5182,38
5182,55
5182,63
5182,72
5182,102
14520,63
14520,69
14520,89
14520,90
14520,91
14520,96
12870,18
12870,34
12870,35
12870,42
12870,54
12870,63
12870,72
7665,1
7665,6
7665,18
7665,19
7665,20
7665,35
7665,48
7665,52
7665,63
7665,72
12640,18
12640,34
12640,35
12640,37
12640,41
12640,42
12640,48
12640,55
12640,63
12640,72
12640,102
14183,35
14183,49
14183,80
14183,81
14183,83
7720,1
7720,6
7720,18
7720,27
7720,35
7720,38
7720,43
7720,48
7720,49
7720,52
7720,55
7720,58
7720,63
7720,72
7720,76
7720,97
7720,111
11522,18
11522,23
11522,35
11522,48
11522,52
11522,55
11522,62
7275,1
7275,5
7275,9
7275,63
7275,72
7275,80
7275,81
6227,1
6227,3
6227,18
6227,34
6227,35
6227,43
6227,55
6227,62
10197,18
10197,20
10197,35
10197,43
10197,52
10197,55
10197,102
6287,1
6287,3
6287,35
6287,40
6287,42
8858,18
8858,19
8858,22
8858,23
8858,35
8858,48
8858,52
8858,55
8858,63
8858,72
8858,77
8858,97
8858,102
11888,18
11888,25
11888,35
11888,36
11888,63
11888,72
4584,18
4584,20
4584,25
4584,35
4584,42
4584,63
4584,72
5799,1
5799,3
5799,4
5799,18
5799,19
5799,54
5799,63
5799,72
10605,18
10605,21
10605,35
10605,38
10605,48
12153,18
12153,27
12153,54
12153,55
12153,63
12153,70
12153,102
11033,18
11033,22
11033,33
11033,35
11033,41
11033,52
11033,55
11033,58
11033,62
13143,18
13143,35
13143,41
13143,54
13143,63
13143,70
13143,100
7533,1
7533,5
7533,63
7533,72
7533,80
7533,83
3710,18
3710,30
3710,34
3710,35
3710,48
3710,52
3710,55
3710,102
11734,18
11734,24
11734,35
11734,48
11734,52
11734,77
11734,97
13148,18
13148,35
13148,41
13148,55
13148,62
13148,63
13148,70
13148,100
3752,18
3752,34
3752,35
3752,48
3752,63
3752,70
12612,18
12612,34
12612,35
12612,37
12612,38
12612,41
12612,48
12612,55
12612,62
10694,18
10694,21
10694,95
10694,96
8367,13
8367,14
8367,18
8367,19
8367,35
8367,43
8367,55
8367,63
8367,72
8367,102
7387,1
7387,5
7387,18
7387,29
7387,34
7387,35
7387,40
7387,41
7387,42
7387,43
7387,48
7387,52
7387,55
7387,63
7387,72
7387,77
7387,97
7387,102
13843,35
13843,41
13843,55
13843,62
13843,63
13843,70
13843,80
13843,83
6238,1
6238,3
6238,18
6238,34
6238,35
6238,52
6238,55
6238,62
4103,1
4103,4
4103,5
4103,6
4103,35
4103,43
8370,13
8370,14
8370,18
8370,19
8370,55
8370,63
8370,71
8370,72
8370,102
8809,18
8809,19
8809,21
8809,34
8809,35
8809,42
8809,52
8809,55
8809,63
8809,72
8809,102
3513,18
3513,20
3513,21
3513,35
3513,48
3513,63
3513,72
5007,18
5007,30
5007,35
5007,42
5007,52
7337,1
7337,5
7337,18
7337,20
7337,55
7337,63
7337,69
7337,72
7337,102
4988,18
4988,29
4988,35
4988,42
4988,52
4988,55
4988,102
7300,1
7300,5
7300,18
7300,19
7300,20
7300,35
7300,37
7300,42
7300,48
7300,55
7300,63
7300,69
7300,72
7300,102
14553,63
14553,71
14553,74
14553,97
14553,120
14553,122
14553,124
3909,55
3909,62
3909,74
3909,75
3909,79
3909,97
3909,118
3909,122
11120,18
11120,22
11120,35
11120,37
11120,41
11120,48
11120,52
11120,55
11120,62
12385,18
12385,29
12385,35
12385,45
12385,55
12385,102
11895,18
11895,25
11895,35
11895,37
11895,41
11895,42
11895,63
11895,72
10507,18
10507,21
10507,29
10507,63
10507,72
9153,18
9153,19
9153,34
9153,35
9153,39
9153,41
9153,42
9153,49
9153,55
9153,63
9153,72
9153,102
10945,18
10945,22
10945,28
10945,29
10945,34
10945,35
10945,55
10945,63
10945,72
10945,101
10945,102
4021,1
4021,3
4021,4
4021,35
4021,48
4021,52
10211,18
10211,20
10211,35
10211,48
10211,49
10211,52
13037,18
13037,35
13037,37
13037,41
13037,52
13037,55
13037,62
13037,74
13037,75
13037,77
13037,97
13037,100
13037,118
13037,120
13037,122
11140,18
11140,22
11140,35
11140,37
11140,48
11140,55
11140,62
11140,80
11140,83
7997,1
7997,8
7997,35
7997,46
7997,55
7997,102
10191,18
10191,20
10191,35
10191,43
10191,48
10191,52
10191,55
10191,58
10191,63
10191,72
2922,1
2922,9
2922,55
2922,62
2922,80
2922,81
12624,18
12624,34
12624,35
12624,37
12624,38
12624,55
12624,63
12624,72
12624,102
6078,1
6078,3
6078,18
6078,19
6078,35
6078,43
6078,52
6078,63
6078,72
8222,1
8222,10
8222,35
8222,52
8222,63
8222,72
3606,18
3606,22
3606,35
3606,37
3606,55
3606,62
11214,18
11214,22
11214,35
11214,47
11214,48
11214,52
11214,63
11214,72
13480,35
13480,37
13480,48
13480,74
13480,97
13480,122
14346,55
14346,62
14346,63
14346,67
14346,70
11298,18
11298,23
11298,24
11298,35
11298,48
11298,55
11298,76
11298,77
11298,97
11298,102
11298,111
5310,35
5310,42
5310,43
5310,53
6076,1
6076,3
6076,18
6076,19
6076,35
6076,43
6076,48
6076,63
6076,72
9557,18
9557,20
9557,22
9557,24
9557,34
9557,35
9557,41
9557,52
9557,55
9557,63
9557,72
9557,102
8847,18
8847,19
8847,22
8847,23
8847,34
8847,35
8847,37
8847,48
8847,55
8847,63
8847,72
8847,102
4258,1
4258,5
4258,35
4258,37
4258,55
4258,80
4258,83
4258,102
6061,1
6061,3
6061,18
6061,19
6061,22
6061,55
6061,63
6061,72
6061,102
14485,55
14485,77
14485,79
14485,97
14485,102
5682,1
5682,2
5682,35
5682,37
5682,54
11787,18
11787,25
11787,29
11787,34
11787,35
11787,41
11787,46
11787,49
11787,63
11787,72
11207,18
11207,22
11207,35
11207,43
11207,49
11207,52
11207,55
11207,58
6068,1
6068,3
6068,18
6068,19
6068,35
6068,41
6068,43
6068,48
6068,52
6068,55
6068,63
6068,72
6068,80
6068,81
6068,102
4255,1
4255,5
4255,35
4255,37
4255,41
4255,55
4255,62
4255,63
4255,72
6955,1
6955,5
6955,6
6955,9
6955,80
6955,81
4040,1
4040,3
4040,5
4040,63
4040,70
9101,18
9101,19
9101,29
9101,34
9101,55
9101,63
9101,72
9101,102
9147,18
9147,19
9147,34
9147,35
9147,38
9147,42
9147,43
9147,48
9147,52
9147,63
9147,72
6206,1
6206,3
6206,18
6206,29
6206,55
6206,63
6206,72
6206,102
10069,18
10069,20
10069,35
10069,37
10069,43
10069,55
10069,62
10069,63
10069,72
9833,18
9833,20
9833,25
9833,35
9833,47
9833,48
9833,63
9833,72
9261,18
9261,19
9261,35
9261,40
9261,48
9261,63
9261,72
4055,1
4055,3
4055,18
4055,19
4055,55
4055,63
4055,72
4055,102
11337,18
11337,23
11337,26
11337,35
11337,41
11337,43
11337,48
11337,49
11337,52
11337,63
11337,72
11532,18
11532,23
11532,35
11532,49
11532,77
11532,97
10889,18
10889,22
10889,25
10889,34
10889,35
10889,42
10889,55
10889,63
10889,72
10889,102
2089,35
2089,37
2089,74
2089,75
2089,97
2089,112
2089,113
2089,122
6816,1
6816,4
6816,35
6816,45
6816,48
6816,55
6816,102
12411,18
12411,29
12411,55
12411,58
12411,62
2885,1
2885,5
2885,9
2885,76
2885,97
2885,107
4658,18
4658,20
4658,35
4658,48
4658,80
4658,83
11470,18
11470,23
11470,35
11470,37
11470,80
11470,81
11470,83
4084,1
4084,3
4084,35
4084,55
4084,63
4084,72
4084,101
4084,102
5165,35
5165,36
5165,42
5165,55
5165,102
5203,35
5203,37
5203,43
5203,63
5203,72
3201,54
3201,55
3201,56
3201,59
14447,55
14447,62
14447,89
14447,96
11646,18
11646,24
11646,34
11646,35
11646,48
11646,55
11646,63
11646,72
11646,77
11646,97
11646,102
11129,18
11129,22
11129,35
11129,37
11129,41
11129,55
11129,79
11129,80
11129,83
11129,102
7481,1
7481,5
7481,35
7481,48
7481,52
7481,55
7481,62
7481,77
7481,97
5928,1
5928,3
5928,5
5928,18
5928,19
5928,35
5928,37
5928,63
5928,72
4903,18
4903,25
4903,35
4903,37
4903,41
4903,63
4903,72
11653,18
11653,24
11653,35
11653,36
11653,37
11653,41
11653,52
11653,55
11653,63
11653,72
11653,102
11531,18
11531,23
11531,35
11531,49
11531,52
11531,63
11531,72
3139,35
3139,37
3139,48
3139,55
3139,62
3139,80
3139,83
7019,1
7019,5
7019,6
7019,35
7019,48
7019,52
7019,55
7019,62
11105,18
11105,22
11105,34
11105,35
11105,55
11105,58
11105,101
6995,1
6995,5
6995,6
6995,35
6995,37
6995,41
6995,63
6995,70
6995,80
6995,81
6638,1
6638,4
6638,9
6638,35
6638,43
6638,52
5972,1
5972,3
5972,5
5972,63
5972,72
5972,76
5972,97
5972,111
7250,1
7250,5
7250,9
7250,18
7250,29
7250,55
7250,102
14484,55
14484,77
14484,78
14484,97
14484,102
14484,132
3500,18
3500,19
3500,35
3500,47
13351,35
13351,37
13351,41
13351,43
13351,52
13351,55
13351,62
10200,18
10200,20
10200,35
10200,43
10200,55
10200,62
10200,63
10200,72
11226,18
11226,22
11226,35
11226,48
11226,52
11226,55
11226,63
11226,70
11226,102
8638,18
8638,19
8638,20
8638,24
8638,30
8638,34
8638,35
8638,42
8638,52
8638,55
8638,63
8638,72
8638,102
12405,18
12405,29
12405,35
12405,52
12405,55
12405,80
12405,83
12405,102
4527,18
4527,19
4527,35
4527,47
4527,48
4527,63
4527,72
3129,35
3129,36
3129,48
3129,52
3129,77
3129,97
11286,18
11286,23
11286,24
11286,35
11286,41
11286,43
11286,48
11286,49
11286,52
11286,55
11286,63
11286,72
11286,102
11934,18
11934,25
11934,35
11934,41
11934,42
11934,52
11934,55
11934,63
11934,72
11934,102
12100,18
12100,27
12100,34
12100,35
12100,48
12100,49
3535,18
3535,20
3535,34
3535,35
3535,42
3535,52
3535,55
3535,63
3535,72
3535,102
7654,1
7654,6
7654,11
7654,76
7654,97
7654,111
12174,18
12174,28
12174,30
12174,35
12174,48
12174,52
12174,55
12174,58
13846,35
13846,41
13846,55
13846,62
13846,74
13846,77
13846,97
13846,122
11976,18
11976,25
11976,35
11976,43
11976,55
11976,58
2937,13
2937,14
2937,35
2937,37
2937,55
2937,62
9002,18
9002,19
9002,24
9002,34
9002,35
9002,38
9002,41
9002,55
9002,63
9002,72
9002,102
2097,35
2097,41
2097,55
2097,63
2097,69
2097,102
4127,1
4127,4
4127,6
4127,35
4127,37
6409,1
6409,4
6409,5
6409,6
6409,8
6409,55
6409,63
6409,71
6409,102
4777,18
4777,22
4777,35
4777,41
4777,43
4777,48
3728,18
3728,34
3728,35
3728,38
3728,42
3728,52
3728,55
3728,102
11020,18
11020,22
11020,31
11020,34
11020,35
11020,41
11020,48
11020,52
11020,55
11020,63
11020,72
11020,80
11020,81
11020,102
13673,35
13673,39
13673,49
13673,55
13673,102
7299,1
7299,5
7299,18
7299,19
8684,18
8684,19
8684,20
8684,31
8684,34
8684,55
8684,58
8684,63
8684,72
12204,18
12204,28
12204,35
12204,42
12204,95
12204,96
13543,35
13543,37
13543,55
13543,63
13543,69
13543,102
13425,35
13425,37
13425,42
13425,55
13425,74
13425,77
13425,97
13425,102
13425,120
2551,1
2551,5
2551,6
2551,35
2551,43
2551,52
7160,1
7160,5
7160,8
7160,35
7160,37
7160,41
7160,55
7160,102
5457,55
5457,61
5457,78
5457,97
5457,132
3076,18
3076,29
3076,35
3076,43
3076,48
6777,1
6777,4
6777,35
6777,37
6777,52
6777,55
6777,62
3150,35
3150,38
3150,42
3150,55
3150,62
3761,18
3761,34
3761,55
3761,80
3761,83
3761,102
14239,35
14239,52
14239,63
14239,72
14239,95
14239,96
14210,35
14210,52
14210,54
14210,55
14210,62
14210,77
14210,80
14210,81
14210,97
11464,18
11464,23
11464,35
11464,37
11464,52
11464,55
11464,80
11464,81
11464,102
11031,18
11031,22
11031,33
11031,34
14497,63
14497,64
14497,71
14497,80
14497,81
11159,18
11159,22
11159,35
11159,40
11159,42
11159,55
11159,62
11159,77
11159,80
11159,81
11159,97
9401,18
9401,20
9401,21
9401,22
9401,27
9401,29
9401,34
9401,35
9401,39
9401,41
9401,49
9401,52
9401,55
9401,62
9495,18
9495,20
9495,21
9495,35
9495,38
9495,41
9495,63
9495,72
5324,35
5324,43
5324,48
5324,52
5324,54
5324,55
5324,77
5324,97
5324,102
10246,18
10246,20
10246,35
10246,52
10246,54
10246,63
10246,72
4834,18
4834,23
4834,35
4834,43
4834,48
4834,55
4834,63
4834,72
4834,102
14531,63
14531,70
14531,74
14531,79
14531,97
14531,122
3224,63
3224,70
3224,74
3224,97
3224,124
13167,18
13167,35
13167,42
13167,48
13167,49
13167,77
13167,97
13167,100
5198,35
5198,37
5198,42
5198,48
5198,63
5198,72
13329,35
13329,37
13329,40
13329,49
13329,55
13329,62
4964,18
4964,28
4964,35
4964,43
4964,48
4964,55
4964,102
4306,1
4306,6
4306,35
4306,37
4306,55
4306,62
4306,63
4306,72
12189,18
12189,28
12189,34
12189,35
12189,43
12189,48
12189,55
12189,102
4330,1
4330,6
4330,76
4330,97
4330,107
11749,18
11749,24
11749,35
11749,54
11749,63
11749,70
11749,101
5106,18
5106,35
5106,36
5106,42
5106,100
7099,1
7099,5
7099,8
7099,18
7099,19
7099,35
7099,48
7099,63
7099,72
5566,74
5566,75
5566,97
5566,120
5566,123
13862,35
13862,42
13862,43
13862,48
13862,49
13862,55
13862,58
4679,18
4679,21
4679,29
4679,55
4679,62
12358,18
12358,29
12358,35
12358,41
12358,48
12358,49
12358,55
12358,62
13208,18
13208,35
13208,52
13208,55
13208,58
13208,100
14477,55
14477,74
14477,97
14477,102
14477,122
14477,126
4957,18
4957,27
4957,63
4957,70
4450,18
4450,19
4450,20
4450,34
4450,35
4450,42
4450,48
4450,63
4450,72
13754,35
13754,41
13754,42
13754,48
13754,52
13754,55
13754,77
13754,97
13754,102
7697,1
7697,6
7697,18
7697,20
7697,63
7697,72
7697,76
7697,97
7697,111
6939,1
6939,5
6939,6
6939,9
6939,10
6939,63
6939,72
3162,35
3162,41
3162,43
3162,48
3162,63
3162,72
5152,18
5152,35
5152,48
5152,52
5152,63
5152,72
5152,100
7836,1
7836,6
7836,55
7836,63
7836,72
7836,76
7836,77
7836,97
7836,102
7836,111
9298,18
9298,19
9298,35
9298,42
9298,48
9298,52
9298,63
9298,72
9298,77
9298,97
13324,35
13324,37
13324,40
13324,43
13324,49
13324,55
13324,62
8045,1
8045,8
8045,95
8045,96
10192,18
10192,20
10192,35
10192,43
10192,48
10192,52
10192,63
10192,72
4924,18
4924,25
4924,35
4924,49
4924,55
4924,102
10137,18
10137,20
10137,35
10137,41
10137,42
10137,55
10137,62
10137,63
10137,72
10687,18
10687,21
10687,55
10687,63
10687,72
10687,95
10687,96
10687,102
9685,18
9685,20
9685,23
9685,34
9685,35
9685,37
9685,41
9685,42
9685,52
9685,63
9685,72
13131,18
13131,35
13131,41
13131,48
13131,52
13131,55
13131,63
13131,72
13131,100
13131,102
2203,18
2203,22
2203,35
2203,47
14523,63
14523,70
14523,71
14523,74
14523,97
14523,120
6508,1
6508,4
6508,5
6508,63
6508,70
3231,74
3231,75
3231,76
3231,78
3231,97
3231,107
3231,112
3231,113
3231,122
3231,132
3823,35
3823,41
3823,43
3823,48
3823,52
3823,55
3823,58
3823,62
8239,1
8239,10
8239,80
8239,81
8239,83
3165,35
3165,41
3165,43
3165,55
3165,62
5516,63
5516,71
5516,74
5516,97
5516,120
5516,122
5435,54
5435,55
5435,76
5435,97
5435,102
5435,111
3724,18
3724,34
3724,35
3724,37
3724,52
12952,18
12952,34
12952,35
12952,52
12952,55
12952,63
12952,72
12952,80
12952,83
12952,102
10566,18
10566,21
10566,34
10566,35
10566,48
10566,55
10566,102
12193,18
12193,28
12193,34
12193,35
12193,101
7765,1
7765,6
7765,35
7765,41
7765,55
7765,58
7765,63
7765,72
7087,1
7087,5
7087,8
7087,11
9835,18
9835,20
9835,25
9835,35
9835,47
9835,63
9835,72
7230,1
7230,5
7230,8
7230,63
7230,70
7230,71
6079,1
6079,3
6079,18
6079,19
6079,35
6079,43
6079,55
6079,63
6079,72
6079,102
10338,18
10338,21
10338,22
10338,34
10338,55
10338,63
10338,72
10338,102
13647,35
13647,38
13647,74
13647,97
13647,120
3786,35
3786,37
3786,41
3786,42
11528,18
11528,23
11528,35
11528,48
11528,55
11528,63
11528,69
11528,72
11528,102
13584,35
13584,37
13584,75
13584,79
13584,97
13584,118
13190,18
13190,35
13190,43
13190,49
13190,55
13190,63
13190,72
13190,100
13190,102
12782,18
12782,34
12782,35
12782,41
12782,42
12782,52
12782,55
12782,62
12782,63
12782,72
14586,74
14586,75
14586,76
14586,80
14586,83
14586,97
14586,107
14586,112
14586,114
14586,122
5280,35
5280,41
5280,42
5280,48
5280,55
5280,102
13419,35
13419,37
13419,42
13419,54
13419,55
13419,62
9522,18
9522,20
9522,22
9522,23
9522,29
9522,34
9522,35
9522,38
9522,42
9522,48
9522,55
9522,63
9522,72
9522,102
9142,18
9142,19
9142,34
9142,35
9142,37
9142,42
9142,43
9142,47
9142,55
9142,63
9142,72
9142,102
9643,18
9643,20
9643,23
9643,24
9643,25
9643,34
9643,35
9643,52
9643,55
9643,63
9643,72
9643,102
6751,1
6751,4
6751,18
6751,34
6751,35
6751,43
7712,1
7712,6
7712,18
7712,23
7712,35
7712,48
7712,52
6226,1
6226,3
6226,18
6226,34
6226,35
6226,43
6226,54
6226,55
6226,102
13948,35
13948,43
13948,48
13948,54
13948,55
13948,62
10606,18
10606,21
10606,35
10606,38
10606,48
10606,49
10606,55
10606,62
10606,63
10606,72
4456,18
4456,19
4456,20
4456,35
4456,42
4456,63
4456,72
5097,18
5097,34
5097,35
5097,52
5097,55
5097,62
5097,80
5097,83
13844,35
13844,41
13844,55
13844,62
13844,63
13844,71
13844,79
13844,80
13844,83
2854,1
2854,4
2854,5
2854,6
2854,55
2854,63
2854,72
2854,102
7770,1
7770,6
7770,35
7770,43
7770,48
7770,49
12171,18
12171,28
12171,29
12171,35
12171,101
3017,18
3017,22
3017,35
3017,42
3017,63
3017,72
10521,18
10521,21
10521,34
10521,35
10521,37
10521,38
10521,42
10521,52
10521,55
10521,63
10521,72
10521,102
9127,18
9127,19
9127,31
9127,35
9127,43
9127,48
9127,52
9127,55
9127,58
9127,63
9127,72
9127,77
9127,97
6190,1
6190,3
6190,18
6190,25
6190,34
6190,35
6190,48
6190,55
6190,63
6190,72
6190,102
6221,1
6221,3
6221,18
6221,34
6221,35
6221,42
11188,18
11188,22
11188,35
11188,42
11188,43
11188,48
11188,55
11188,62
13178,18
13178,35
13178,42
13178,49
13178,77
13178,97
13178,100
5619,76
5619,91
5619,96
5619,97
5619,107
2563,1
2563,5
2563,63
2563,71
4293,1
4293,6
4293,9
4293,76
4293,97
4293,111
12802,18
12802,34
12802,35
12802,41
12802,48
12802,49
13781,35
13781,41
13781,43
13781,49
13781,63
13781,72
4848,18
4848,24
4848,25
4848,35
4848,42
4848,63
4848,72
3917,55
3917,62
3917,74
3917,80
3917,83
3917,97
3917,124
7067,1
7067,5
7067,7
7067,55
7067,76
7067,93
7067,96
7067,97
7067,102
7067,111
14130,35
14130,48
14130,63
14130,70
14130,72
14130,77
14130,97
4308,1
4308,6
4308,35
4308,37
4308,63
4308,69
4793,18
4793,22
4793,35
4793,48
4793,52
4793,55
4793,80
4793,81
4793,102
8713,18
8713,19
8713,20
8713,34
8713,35
8713,48
8713,55
8713,63
8713,72
8713,102
4772,18
4772,22
4772,35
4772,37
4772,48
13716,35
13716,40
13716,42
13716,55
13716,95
13716,96
13716,102
9641,18
9641,20
9641,22
9641,55
9641,63
9641,72
9641,77
9641,97
9641,102
10760,18
10760,22
10760,23
10760,29
10760,35
10760,48
10760,52
10760,55
10760,63
10760,72
10760,102
10735,18
10735,22
10735,23
10735,28
10735,29
10735,34
10735,55
10735,102
12713,18
12713,34
12713,35
12713,38
12713,42
12713,48
5342,35
5342,45
5342,48
5342,55
5342,62
2412,18
2412,34
2412,35
2412,37
2412,52
2412,55
2412,102
3748,18
3748,34
3748,35
3748,48
3748,49
3748,52
3748,63
3748,72
2850,1
2850,3
2850,35
2850,52
2850,55
2850,58
9584,18
9584,20
9584,22
9584,29
9584,30
9584,34
9584,35
9584,37
9584,42
9584,48
9584,55
9584,63
9584,72
9584,102
6576,1
6576,4
6576,6
6576,35
6576,43
6576,55
6576,63
6576,70
6576,80
6576,83
6576,102
13745,35
13745,41
13745,42
13745,43
13745,48
13745,55
13745,62
11182,18
11182,22
11182,35
11182,41
11182,55
11182,80
11182,81
11182,102
5568,74
5568,76
5568,77
5568,97
5568,107
5568,111
5568,122
10234,18
10234,20
10234,35
10234,48
10234,77
10234,97
8936,18
8936,19
8936,22
8936,55
8936,62
8936,63
8936,72
3157,35
3157,40
3157,48
3157,52
11501,18
11501,23
11501,35
11501,43
11501,49
11131,18
11131,22
11131,35
11131,37
11131,42
11131,55
11131,102
14802,75
14802,76
14802,78
14802,97
14802,107
14802,118
14802,132
14648,74
14648,75
14648,79
14648,80
14648,83
14648,97
14648,112
14648,114
14648,120
14648,122
13526,35
13526,37
13526,55
13526,62
13526,74
13526,75
13526,76
13526,78
13526,97
13526,107
13526,118
13526,122
13526,132
13544,35
13544,37
13544,55
13544,63
13544,72
13544,75
13544,80
13544,81
13544,97
13544,102
13544,119
13912,35
13912,42
13912,52
13912,55
13912,77
13912,97
13912,102
5166,35
5166,36
5166,42
5166,63
5166,72
11945,18
11945,25
11945,35
11945,41
11945,48
11945,55
11945,63
11945,72
11945,102
14282,54
14282,55
14282,57
14282,62
14282,63
14282,70
7621,1
7621,6
7621,9
7621,55
7621,62
7621,63
7621,72
3176,35
3176,42
3176,48
3176,52
3176,55
3176,62
6237,1
6237,3
6237,18
6237,34
6237,35
6237,52
2538,1
2538,3
2538,35
2538,48
2538,55
2538,63
2538,72
2538,102
14904,78
14904,90
14904,96
14904,97
14904,132
10107,18
10107,20
10107,35
10107,38
10107,41
10107,63
10107,72
12446,18
12446,30
12446,35
12446,42
12446,43
12446,47
12446,48
12446,52
12446,55
12446,63
12446,70
12446,102
4925,18
4925,25
4925,35
4925,52
4925,55
4925,63
4925,69
4925,72
4925,102
8226,1
8226,10
8226,35
8226,63
8226,71
8226,101
12439,18
12439,30
12439,35
12439,37
12439,49
12439,55
12439,62
2123,74
2123,76
2123,80
2123,83
2123,97
2123,107
2123,120
8615,18
8615,19
8615,20
8615,23
8615,24
8615,26
8615,27
8615,28
8615,29
8615,30
8615,34
8615,35
8615,37
8615,41
8615,42
8615,48
8615,52
8615,55
8615,62
8615,63
8615,72
8615,77
8615,80
8615,83
8615,97
8918,18
8918,19
8918,22
8918,35
8918,41
8918,48
8918,49
8918,55
8918,63
8918,72
8918,102
12838,18
12838,34
12838,35
12838,42
12838,43
12838,48
12838,52
12838,55
12838,63
12838,72
12838,102
11245,18
11245,22
11245,35
11245,52
11245,55
11245,63
11245,69
11245,102
5153,18
5153,35
5153,48
5153,55
5153,62
5153,63
5153,72
5153,100
5676,1
5676,2
5676,18
5676,20
5676,63
5676,70
5676,72
7880,1
7880,6
7880,91
7880,95
7880,96
11008,18
11008,22
11008,30
11008,35
11008,41
11008,55
11008,102
6545,1
6545,4
6545,6
6545,10
6545,35
6545,43
6545,52
10036,18
10036,20
10036,35
10036,37
10036,38
10036,55
10036,102
7957,1
7957,8
7957,18
7957,34
7957,35
7957,37
7957,43
7957,48
7957,49
7957,52
7957,55
7957,63
7957,72
7957,102
7696,1
7696,6
7696,18
7696,20
7696,55
7696,63
7696,69
7696,72
7696,80
7696,83
7696,102
12361,18
12361,29
12361,35
12361,41
12361,48
12361,55
12361,58
10732,18
10732,22
10732,23
10732,28
2698,18
2698,30
2698,34
2698,35
2698,52
4204,1
4204,5
4204,6
4204,55
4204,77
4204,97
4204,102
5311,35
5311,42
5311,48
5311,49
5311,77
5311,97
12545,18
12545,31
12545,35
12545,52
12545,80
12545,81
7435,1
7435,5
7435,35
7435,37
7435,74
7435,97
7435,120
4239,1
4239,5
4239,9
4239,77
4239,97
13913,35
13913,42
13913,52
13913,63
13913,72
13913,77
13913,97
3632,18
3632,23
3632,35
3632,42
3632,55
3632,63
3632,72
3632,102
6788,1
6788,4
6788,35
6788,41
6788,48
6788,55
6788,58
3461,13
3461,14
3461,18
3461,24
3461,55
3461,102
4667,18
4667,20
4667,55
4667,77
4667,97
4667,102
9529,18
9529,20
9529,22
9529,23
9529,30
9529,34
9529,35
9529,48
9529,52
9529,55
9529,63
9529,72
9529,102
4180,1
4180,5
4180,6
4180,8
4180,54
4877,18
4877,24
4877,35
4877,43
4877,48
10977,18
10977,22
10977,29
10977,34
10977,55
10977,63
10977,72
10977,102
10925,18
10925,22
10925,27
10925,29
10925,34
10925,35
10925,52
10925,55
10925,63
10925,72
10925,102
8621,18
8621,19
8621,20
8621,23
8621,25
8621,27
8621,30
8621,34
8621,35
8621,48
8621,55
8621,58
8621,63
8621,72
8621,77
8621,97
14209,35
14209,52
14209,54
14209,55
14209,59
5054,18
5054,34
5054,35
5054,40
5054,52
5054,55
5054,102
13976,35
13976,43
13976,52
13976,55
13976,62
13976,63
13976,70
12380,18
12380,29
12380,35
12380,43
12380,53
12380,55
12380,102
12266,18
12266,29
12266,34
12266,35
12266,41
12266,63
12266,72
6423,1
6423,4
6423,5
6423,6
6423,35
6423,48
6423,52
6423,55
6423,102
12562,18
12562,32
12562,35
12562,41
12562,48
12562,55
12562,102
13808,35
13808,41
13808,48
13808,79
13808,80
13808,83
14855,75
14855,79
14855,80
14855,83
14855,97
14855,112
14855,114
5547,74
5547,75
5547,79
5547,97
5547,112
5547,113
5547,122
13868,35
13868,42
13868,43
13868,49
13868,52
3120,18
3120,35
3120,41
3120,48
3120,63
3120,72
3120,100
12371,18
12371,29
12371,35
12371,42
12371,52
12371,55
12371,63
12371,72
12371,102
8740,18
8740,19
8740,20
8740,35
8740,41
8740,52
8740,55
8740,63
8740,72
8740,102
10711,18
10711,22
10711,23
10711,25
10711,35
10711,48
10711,55
10711,63
10711,72
10711,102
9474,18
9474,20
9474,21
9474,34
9474,35
9474,42
9474,48
9474,63
9474,72
3484,18
3484,19
3484,34
3484,35
3484,37
3484,41
3484,55
3484,63
3484,72
3484,102
10273,18
10273,20
10273,55
10273,62
10273,63
10273,69
10273,72
10273,80
10273,83
9545,18
9545,20
9545,22
9545,23
9545,35
9545,52
9545,55
9545,63
9545,72
9545,102
3307,1
3307,3
3307,35
3307,43
3307,53
3307,55
3307,102
9149,18
9149,19
9149,34
9149,35
9149,38
9149,42
9149,52
9149,63
9149,72
9149,80
9149,81
11929,18
11929,25
11929,35
11929,39
11929,41
11929,47
11929,48
11929,49
11929,52
11929,55
11929,63
11929,72
11929,102
7882,1
7882,7
7882,8
7882,55
7882,102
7956,1
7956,8
7956,18
7956,30
7405,1
7405,5
7405,18
7405,34
7405,35
7405,43
7405,48
7405,55
7405,102
4232,1
4232,5
4232,8
4232,63
4232,72
4232,77
4232,97
4154,1
4154,4
4154,35
4154,43
4154,55
4154,63
4154,72
4154,102
8452,13
8452,14
8452,18
8452,35
8452,37
8452,52
8452,100
4763,18
4763,22
4763,34
4763,35
4763,42
4763,48
4763,52
4763,55
4763,102
13787,35
13787,41
13787,43
13787,55
13787,61
5062,18
5062,34
5062,35
5062,41
5062,48
5062,52
5062,77
5062,97
5909,1
5909,3
5909,5
5909,8
5909,35
5909,41
5909,63
5909,72
8421,13
8421,14
8421,18
8421,25
8421,35
8421,48
8421,55
8421,102
13836,35
13836,41
13836,53
13836,55
13836,102
5073,18
5073,34
5073,35
5073,42
5073,48
5073,63
5073,72
5073,77
5073,97
13398,35
13398,37
13398,41
13398,74
13398,97
13398,122
6312,1
6312,3
6312,35
6312,42
6312,55
6312,63
6312,72
6312,102
2982,18
2982,20
2982,35
2982,42
2982,48
2982,52
2982,63
2982,72
3994,1
3994,2
3994,35
3994,37
3994,55
3994,102
6574,1
6574,4
6574,6
6574,35
6574,43
6574,52
13353,35
13353,37
13353,41
13353,43
13353,55
13353,58
8428,13
8428,14
8428,18
8428,27
4352,1
4352,8
4352,55
4352,58
4352,63
4352,72
4215,1
4215,5
4215,8
4215,13
4215,14
4215,55
4215,102
4210,1
4210,5
4210,8
4210,9
4210,10
7996,1
7996,8
7996,35
7996,45
7996,48
7996,52
11443,18
11443,23
11443,34
11443,35
11443,48
11443,63
11443,72
10725,18
10725,22
10725,23
10725,27
10725,34
10725,35
10725,41
10725,42
10725,55
10725,63
10725,72
10725,102
7076,1
7076,5
7076,8
7076,9
7076,35
7076,43
7076,52
2285,63
2285,70
2285,76
2285,78
2285,97
2285,111
2285,132
5390,35
5390,49
5390,55
5390,58
5390,63
5390,70
13578,35
13578,37
13578,74
13578,75
13578,97
13578,118
13578,120
9789,18
9789,20
9789,25
9789,34
9789,35
9789,37
9789,42
9789,48
9789,55
9789,63
9789,72
9789,102
11978,18
11978,25
11978,35
11978,45
11978,48
11978,49
11978,63
11978,72
2962,18
2962,20
2962,21
2962,55
2962,102
9749,18
9749,20
9749,24
9749,35
9749,37
9749,55
9749,62
9749,63
9749,72
14558,63
14558,72
14558,74
14558,75
14558,97
14558,118
14558,120
14558,122
7935,1
7935,8
7935,18
7935,22
7935,34
7935,35
7935,37
7935,55
7935,63
7935,72
7935,102
13752,35
13752,41
13752,42
13752,48
13752,49
13752,63
13752,72
8898,18
8898,19
8898,22
8898,34
8898,35
8898,41
8898,42
8898,52
3132,35
3132,36
3132,63
3132,70
14754,74
14754,78
14754,79
14754,97
14754,120
14754,122
14754,132
5550,74
5550,75
5550,80
5550,83
5550,97
5550,118
5550,120
5550,124
12186,18
12186,28
12186,34
12186,35
12186,42
14380,55
14380,62
14380,74
14380,75
14380,78
14380,79
14380,97
14380,112
14380,113
14380,120
14380,122
14380,132
8591,18
8591,19
8591,20
8591,22
8591,25
8591,35
8591,37
8591,40
8591,41
8591,42
8591,55
8591,58
8591,63
8591,72
11093,18
11093,22
11093,34
11093,35
11093,49
11093,52
11093,55
11093,102
4759,18
4759,22
4759,34
4759,35
4759,41
4759,52
14142,35
14142,48
14142,79
7444,1
7444,5
7444,35
7444,41
7444,43
6402,1
6402,4
6402,5
6402,6
6402,8
6402,35
6402,37
6402,48
6402,55
6402,80
6402,83
6402,102
6793,1
6793,4
6793,35
6793,41
6793,52
6793,55
6793,102
3373,1
3373,5
3373,8
3373,76
3373,78
3373,97
3373,111
3373,132
4405,1
4405,54
4405,63
4405,72
4405,98
7965,1
7965,8
7965,18
7965,35
7965,37
7965,48
7965,55
7965,100
7965,102
11864,18
11864,25
11864,34
11864,35
11864,43
11864,63
11864,72
11954,18
11954,25
11954,35
11954,42
11954,43
11954,48
2363,18
2363,20
2363,21
2363,55
2363,63
2363,72
2363,102
3142,35
3142,37
3142,55
3142,62
3142,63
3142,72
3142,80
3142,83
12330,18
12330,29
12330,35
12330,37
12330,52
12330,55
12330,77
12330,97
12330,102
14405,55
14405,62
14405,74
14405,77
14405,97
14405,120
14405,122
6796,1
6796,4
6796,35
6796,41
6796,80
6796,81
6429,1
6429,4
6429,5
6429,6
6429,55
6429,89
6429,96
6429,102
10523,18
10523,21
10523,34
10523,35
10523,37
10523,40
10523,41
10523,42
10523,55
10523,63
10523,72
10523,102
3420,1
3420,8
3420,9
3420,55
3420,102
13955,35
13955,43
13955,48
13955,55
13955,80
13955,81
13955,102
11064,18
11064,22
11064,34
11064,35
11064,41
11064,43
11064,55
11064,63
11064,72
11064,102
11263,18
11263,23
11263,24
11263,25
11263,29
11263,35
11263,63
11263,72
11263,80
11263,81
11263,101
12683,18
12683,34
12683,35
12683,37
12683,49
7876,1
7876,6
7876,80
7876,81
7876,91
7876,96
8663,18
8663,19
8663,20
8663,25
8663,35
8663,52
8663,63
8663,72
13182,18
13182,35
13182,42
13182,54
13182,100
13484,35
13484,37
13484,48
13484,80
13484,81
12111,18
12111,27
12111,35
12111,37
12111,49
12111,55
12111,62
12111,63
12111,72
14258,35
14258,55
14258,62
14258,75
14258,97
14258,101
14258,118
13256,35
13256,36
13256,43
13256,48
13256,52
13256,55
13256,62
13256,77
13256,97
9327,18
9327,19
9327,35
9327,43
9327,55
9327,58
9327,62
9327,63
9327,72
4214,1
4214,5
4214,8
4214,10
4214,80
4214,83
3136,35
3136,37
3136,41
3136,48
3136,55
3136,62
3136,63
3136,72
11990,18
11990,25
11990,35
11990,48
11990,55
11990,63
11990,70
11990,72
11990,102
11010,18
11010,22
11010,30
11010,35
11010,43
11010,48
11010,52
11010,55
11010,102
7013,1
7013,5
7013,6
7013,35
7013,43
7013,53
9267,18
9267,19
9267,35
9267,41
9267,42
9267,63
9267,72
9267,80
9267,81
7684,1
7684,6
7684,18
7684,19
7684,55
7684,102
2847,1
2847,3
2847,35
2847,37
2847,55
2847,62
14150,35
14150,49
14150,52
14150,55
14150,62
14150,63
14150,72
14150,80
14150,81
14150,83
13798,35
13798,41
13798,48
13798,49
13798,52
13798,77
13798,97
8200,1
8200,10
8200,18
8200,34
8200,35
8200,52
8200,55
8200,102
9672,18
9672,20
9672,23
9672,28
9672,29
9672,30
9672,34
9672,35
9672,41
9672,43
9672,48
9672,52
9672,55
9672,102
10573,18
10573,21
10573,34
10573,55
10573,63
10573,72
10573,95
10573,96
10573,102
8644,18
8644,19
8644,20
8644,24
8644,35
8644,37
8644,38
8644,43
8644,55
8644,63
8644,72
8644,102
2075,18
2075,34
2075,35
2075,42
2075,52
2075,55
2075,102
4595,18
4595,20
4595,30
4595,55
4595,102
10713,18
10713,22
10713,23
10713,26
10713,29
10713,30
10713,31
10713,34
10713,35
10713,41
10713,42
10713,48
10713,55
10713,58
10713,62
8594,18
8594,19
8594,20
8594,22
8594,29
8594,34
8594,35
8594,40
8594,41
8594,42
8594,48
8594,49
8594,55
8594,62
8594,63
8594,72
8594,80
8594,83
8103,1
8103,9
8103,35
8103,37
8103,52
8103,55
8103,62
8103,79
7242,1
7242,5
7242,8
7242,90
7242,96
8109,1
8109,9
8109,35
8109,41
10448,18
10448,21
10448,25
10448,55
10448,63
10448,72
10448,80
10448,81
10448,102
7338,1
7338,5
7338,18
7338,20
7338,63
7338,69
7338,72
10187,18
10187,20
10187,35
10187,42
10187,52
10187,55
10187,62
10187,63
10187,72
8225,1
8225,10
8225,35
8225,55
8225,58
8225,101
5059,18
5059,34
5059,35
5059,41
5059,42
5059,52
5059,55
5059,102
10236,18
10236,20
10236,35
10236,49
10236,52
5775,1
5775,3
5775,4
5775,6
5775,55
5775,102
13805,35
13805,41
13805,48
13805,55
13805,62
13805,80
13805,81
7918,1
7918,8
7918,18
7918,20
7918,21
7918,25
7918,55
7918,63
7918,72
7918,80
7918,81
7918,102
5747,1
5747,3
5747,4
5747,5
5747,35
5747,52
12311,18
12311,29
12311,35
12311,36
12311,55
12311,102
12098,18
12098,27
12098,34
12098,35
12098,43
12098,48
12098,55
12098,102
9594,18
9594,20
9594,22
9594,30
9594,34
9594,35
9594,48
9594,52
9594,55
9594,63
9594,72
9594,102
13041,18
13041,35
13041,37
13041,41
13041,55
13041,62
13041,80
13041,81
13041,100
8528,18
8528,19
8528,20
8528,21
8528,22
8528,23
8528,24
8528,29
8528,30
8528,35
8528,41
8528,48
8528,49
8528,52
8528,55
8528,58
8528,63
8528,72
3626,18
3626,23
3626,34
3626,35
3626,48
3626,55
3626,102
3803,35
3803,37
3803,54
3803,55
3803,63
3803,70
3803,102
8833,18
8833,19
8833,21
8833,35
8833,101
4692,18
4692,21
4692,34
4692,63
4692,72
4692,80
4692,81
3103,18
3103,34
3103,35
3103,41
3103,48
3103,52
3103,55
3103,63
3103,72
3103,102
14411,55
14411,62
14411,74
14411,78
14411,97
14411,120
14411,124
14411,132
12928,18
12928,34
12928,35
12928,48
12928,55
12928,80
12928,81
12928,102
7286,1
7286,5
7286,11
11845,18
11845,25
11845,34
11845,35
11845,41
11845,43
11845,55
11845,77
11845,97
11845,102
6823,1
6823,4
6823,35
6823,48
6823,54
6823,55
6823,58
4156,1
4156,4
4156,35
4156,48
4156,55
4156,63
4156,72
4156,102
6083,1
6083,3
6083,18
6083,19
6083,35
6083,52
3204,54
3204,55
3204,61
3204,63
3204,70
4699,18
4699,21
4699,35
4699,38
4699,42
2528,1
2528,2
2528,63
2528,71
10025,18
10025,20
10025,35
10025,36
10025,55
10025,63
10025,72
10025,102
12154,18
12154,27
12154,55
12154,62
12154,63
12154,72
14644,74
14644,75
14644,79
14644,80
14644,81
14644,97
14644,118
14644,120
14644,122
3236,74
3236,75
3236,79
3236,97
3236,118
3236,120
3236,122
4395,1
4395,11
4395,55
4395,62
4395,63
4395,70
3601,18
3601,22
3601,31
13524,35
13524,37
13524,55
13524,62
13524,63
13524,72
13524,79
5549,74
5549,75
5549,80
5549,83
5549,97
5549,112
5549,114
5549,120
10447,18
10447,21
10447,25
10447,35
10447,63
10447,72
10447,101
3997,1
3997,2
3997,35
3997,48
3997,55
3997,102
8729,18
8729,19
8729,20
8729,35
8729,37
8729,55
8729,62
8729,63
8729,67
8729,72
12927,18
12927,34
12927,35
12927,48
12927,55
12927,63
12927,69
12927,102
13294,35
13294,37
13294,38
13294,41
13294,55
13294,102
14565,63
14565,72
14565,79
14565,80
14565,83
6162,1
6162,3
6162,18
6162,23
6162,27
6162,34
6162,35
6162,52
6162,55
6162,77
6162,97
6162,102
1883,1
1883,6
1883,54
1883,55
1883,102
3238,74
3238,75
3238,97
3238,112
3238,113
3238,114
3238,122
4428,13
4428,14
4428,35
4428,38
4428,55
4428,102
3324,1
3324,4
3324,8
3324,55
3324,62
3324,63
3324,72
5462,55
5462,62
5462,63
5462,71
5462,74
5462,97
5462,120
14580,74
14580,75
14580,76
14580,78
14580,97
14580,111
14580,118
14580,120
14580,122
14580,132
12002,18
12002,25
12002,55
12002,62
12002,63
12002,71
12002,72
6194,1
6194,3
6194,18
6194,25
6194,35
6194,52
6194,63
6194,72
3714,18
3714,31
3714,35
3714,41
3714,55
3714,102
10527,18
10527,21
10527,34
10527,35
10527,37
10527,41
10527,55
10527,102
9115,18
9115,19
9115,29
9115,35
9115,52
4643,18
4643,20
4643,35
4643,42
4643,48
4643,63
4643,72
4643,80
4643,81
6376,1
6376,3
6376,55
6376,63
6376,67
6376,70
6376,102
13933,35
13933,43
13933,44
13933,55
13933,58
14729,74
14729,76
14729,97
14729,107
14729,120
14729,126
5026,18
5026,32
5026,35
5026,55
5026,101
5026,102
10774,18
10774,22
10774,23
10774,31
10774,35
10774,48
10774,55
10774,62
10774,63
10774,72
14335,55
14335,59
14335,61
14335,63
14335,68
11497,18
11497,23
11497,35
11497,42
11497,52
11497,55
11497,102
7448,1
7448,5
7448,35
7448,41
7448,48
7448,55
7448,102
3286,1
3286,3
3286,6
3286,8
3286,63
3286,72
13071,18
13071,35
13071,38
13071,48
13071,52
13071,55
13071,100
13071,102
8218,1
8218,10
8218,35
8218,43
8218,48
8218,63
8218,72
3730,18
3730,34
3730,35
3730,38
3730,48
3730,63
3730,72
11057,18
11057,22
11057,34
11057,35
11057,40
11057,41
11057,49
11057,50
11057,52
10995,18
10995,22
10995,29
10995,35
10995,48
10995,52
10995,55
10995,102
11048,18
11048,22
11048,34
11048,35
11048,37
11048,48
11048,52
11048,55
11048,63
11048,70
11048,102
7625,1
7625,6
7625,9
7625,55
7625,63
7625,72
7625,80
7625,81
7625,102
3112,18
3112,34
3112,63
3112,71
10971,18
10971,22
10971,29
10971,34
10971,35
10971,48
13760,35
13760,41
13760,42
13760,52
13760,55
13760,58
10405,18
10405,21
10405,25
10405,29
10405,34
10405,35
10405,42
10405,52
8417,13
8417,14
8417,18
8417,25
8417,35
8417,37
8417,41
8417,48
8417,55
8417,62
8417,63
8417,72
8176,1
8176,10
8176,18
8176,20
8176,23
8176,34
8176,35
8176,40
8176,42
8176,48
8176,55
8176,63
8176,72
8176,95
8176,96
8176,102
13412,35
13412,37
13412,42
13412,48
13412,55
13412,80
13412,83
13412,102
10237,18
10237,20
10237,35
10237,49
10237,52
10237,55
10237,63
10237,72
10237,77
10237,97
10237,102
9415,18
9415,20
9415,21
9415,24
9415,29
9415,63
9415,72
9575,18
9575,20
9575,22
9575,27
9575,29
9575,34
9575,35
9575,41
9575,52
9575,55
9575,63
9575,72
9575,102
3006,18
3006,22
3006,23
3006,34
3006,35
3006,48
3006,55
3006,102
7126,1
7126,5
7126,8
7126,18
7126,24
7126,35
7126,48
14295,54
14295,55
14295,62
14295,78
14295,80
14295,81
14295,97
14295,132
9076,18
9076,19
9076,26
9076,35
9076,52
9076,63
9076,72
11014,18
11014,22
11014,30
11014,35
11014,48
11014,52
11014,55
11014,77
11014,97
11014,102
13358,35
13358,37
13358,41
13358,48
13358,52
2725,35
2725,37
2725,38
2725,52
9635,18
9635,20
9635,22
9635,35
9635,48
9635,77
9635,97
12757,18
12757,34
12757,35
12757,40
12757,42
12757,48
12757,63
12757,72
11617,18
11617,24
11617,34
11617,35
11617,37
11617,41
11617,48
11617,52
11617,55
11617,63
11617,72
11617,102
11248,18
11248,22
11248,35
11248,52
11248,77
11248,80
11248,81
11248,97
12770,18
12770,34
12770,35
12770,41
12770,42
12770,48
12770,52
12770,55
12770,63
12770,72
12770,77
12770,97
12770,102
11517,18
11517,23
11517,35
11517,48
11517,49
11731,18
11731,24
11731,35
11731,48
11731,49
11731,55
11731,63
11731,72
11731,102
10628,18
10628,21
10628,35
10628,41
10628,42
10628,55
10628,63
10628,72
10628,102
12017,18
12017,26
12017,29
12017,34
12017,35
12017,42
12017,47
12017,55
12017,102
7851,1
7851,6
7851,63
7851,67
7851,78
7851,97
7851,132
5061,18
5061,34
5061,35
5061,41
5061,48
5061,52
5061,63
5061,72
9899,18
9899,20
9899,29
9899,35
9899,41
9899,48
9899,55
9899,63
9899,72
9899,102
10379,18
10379,21
10379,24
10379,29
10379,34
10379,35
10379,37
10379,41
10379,48
10379,52
10379,55
10379,63
10379,72
10379,102
13449,35
13449,37
13449,45
13449,50
3678,18
3678,27
3678,34
3678,63
3678,72
13077,18
13077,35
13077,38
13077,63
13077,72
13077,80
13077,83
13077,100
4401,1
4401,35
4401,48
4401,76
4401,97
4401,98
4401,111
13851,35
13851,41
13851,55
13851,63
13851,72
13851,77
13851,97
13851,102
6691,1
6691,4
6691,18
6691,19
6691,35
6691,52
12249,18
12249,29
12249,34
12249,35
12249,37
12249,55
12249,62
2784,55
2784,62
2784,74
2784,75
2784,79
2784,97
2784,112
2784,113
2784,120
2784,122
3572,18
3572,21
3572,29
3572,35
3572,48
4697,18
4697,21
4697,35
4697,37
4697,55
4697,62
12971,18
12971,34
12971,55
12971,62
12971,63
12971,72
12971,80
12971,81
6935,1
6935,5
6935,6
6935,8
6935,77
6935,97
5667,1
5667,2
5667,9
5667,63
5667,69
5667,80
5667,83
9186,18
9186,19
9186,34
9186,35
9186,42
9186,55
9186,62
9186,63
9186,72
13852,35
13852,41
13852,55
13852,74
13852,80
13852,83
13852,97
13852,102
13852,120
13852,122
8362,13
8362,14
8362,18
8362,19
8362,22
8362,35
8362,37
8362,55
8362,63
8362,72
8362,102
7386,1
7386,5
7386,18
7386,28
7386,55
7386,80
7386,83
7386,102
10233,18
10233,20
10233,35
10233,48
10233,63
10233,72
10233,80
10233,83
8919,18
8919,19
8919,22
8919,35
8919,41
8919,55
8919,63
8919,72
8919,102
4113,1
4113,4
4113,5
4113,8
4113,55
4113,63
4113,72
4113,102
5808,1
5808,3
5808,4
5808,18
5808,22
5808,34
5808,35
5808,43
5808,55
5808,102
13780,35
13780,41
13780,43
13780,49
13780,52
13780,55
13780,102
8743,18
8743,19
8743,20
8743,35
8743,42
8743,48
8743,52
8743,63
8743,72
5387,35
5387,49
5387,52
5387,80
5387,81
10129,18
10129,20
10129,35
10129,40
10129,48
10129,55
10129,63
10129,72
10129,102
10389,18
10389,21
10389,24
10389,34
10389,35
10389,42
10389,55
10389,102
2639,18
2639,21
2639,35
2639,48
2639,49
13692,35
13692,40
13692,41
13692,48
13692,55
13692,62
2951,18
2951,19
2951,34
2951,35
2951,42
2951,52
2951,55
2951,63
2951,72
2951,102
13603,35
13603,38
13603,41
13603,55
13603,62
13603,80
13603,83
13234,35
13234,36
13234,38
13234,41
10680,18
10680,21
10680,35
10680,52
10680,80
10680,81
3690,18
3690,29
3690,34
3690,35
3690,37
10198,18
10198,20
10198,35
10198,43
10198,54
10198,55
10198,58
10198,63
10198,72
7563,1
7563,6
7563,8
7563,18
7563,19
7563,35
7563,48
7563,55
7563,63
7563,72
7563,102
3400,1
3400,6
3400,9
3400,55
3400,62
14868,76
14868,77
14868,78
14868,97
14868,107
14868,131
14868,132
6414,1
6414,4
6414,5
6414,6
6414,10
6414,35
6414,43
1156,13
1156,14
1156,79
8356,13
8356,14
8356,15
8356,63
8356,72
3561,18
3561,20
3561,35
3561,48
3561,52
3561,55
3561,62
12543,18
12543,31
12543,35
12543,49
12543,55
12543,102
2767,35
2767,49
2767,54
2767,55
2767,102
4347,1
4347,8
4347,35
4347,49
4347,55
4347,62
2433,35
2433,36
2433,54
2433,55
2433,102
5160,35
5160,36
5160,37
5160,77
5160,97
6792,1
6792,4
6792,35
6792,41
6792,52
6792,55
6792,62
4442,13
4442,16
4442,63
4442,70
4442,79
4558,18
4558,20
4558,22
4558,24
4558,25
4558,55
4558,58
4558,63
4558,72
14388,55
14388,62
14388,74
14388,75
14388,79
14388,80
14388,83
14388,97
14388,118
14388,122
12452,18
12452,30
12452,35
12452,42
12452,55
12452,63
12452,72
12452,102
3580,18
3580,21
3580,35
3580,39
3580,63
3580,72
4341,1
4341,8
4341,35
4341,37
4341,55
4341,62
4570,18
4570,20
4570,23
4570,35
4570,48
4570,63
4570,72
8252,1
8252,18
8252,19
8252,55
8252,98
8252,102
4803,18
4803,22
4803,76
4803,77
4803,97
4803,111
7767,1
7767,6
7767,35
7767,42
7767,43
7767,63
7767,72
8510,13
8510,15
8510,63
8510,71
8510,79
4494,18
4494,19
4494,34
4494,35
4494,42
4494,48
4494,52
4494,63
4494,72
13936,35
13936,43
13936,45
13936,55
13936,102
14180,35
14180,49
14180,77
14180,78
14180,97
14180,132
4778,18
4778,22
4778,35
4778,41
4778,48
4778,52
4778,55
4778,102
4498,18
4498,19
4498,34
4498,35
4498,43
4498,48
4498,52
4498,55
4498,63
4498,72
4498,102
13450,35
13450,37
13450,45
13450,50
13450,52
9353,18
9353,19
9353,35
9353,48
9353,55
9353,62
9353,80
9353,83
9921,18
9921,20
9921,30
9921,35
9921,48
9921,52
9921,55
9921,63
9921,72
9921,102
9543,18
9543,20
9543,22
9543,23
9543,35
9543,48
9543,55
9543,102
4713,18
4713,21
4713,35
4713,42
4713,52
4713,55
4713,63
4713,72
4713,102
2756,35
2756,43
2756,80
2756,83
8111,1
8111,9
8111,35
8111,41
8111,52
10651,18
10651,21
10651,35
10651,42
10651,48
10651,49
10651,52
9929,18
9929,20
9929,31
9929,55
9929,62
9929,63
9929,72
6303,1
6303,3
6303,35
6303,41
6303,55
6303,62
6303,63
6303,72
11049,18
11049,22
11049,34
11049,35
11049,37
11049,52
11049,55
11049,62
5191,35
5191,37
5191,41
5191,48
5191,52
5191,55
5191,102
5162,35
5162,36
5162,38
5162,63
5162,72
3875,35
3875,52
3875,54
3875,55
3875,58
3875,63
3875,72
13886,35
13886,42
13886,48
13886,52
13886,55
13886,58
13886,77
13886,97
4876,18
4876,24
4876,35
4876,42
4876,77
4876,97
10788,18
10788,22
10788,23
10788,34
10788,35
10788,42
10788,49
10788,55
10788,62
10788,63
10788,72
10788,80
10788,83
11123,18
11123,22
11123,35
11123,37
11123,41
11123,49
11123,55
11123,102
8881,18
8881,19
8881,22
8881,29
8881,34
8881,35
8881,48
8881,63
8881,72
11857,18
11857,25
11857,34
11857,35
11857,42
11857,52
8561,18
8561,19
8561,20
8561,21
8561,29
8561,34
8561,35
8561,42
8561,48
8561,52
8561,63
8561,72
8561,77
8561,97
10943,18
10943,22
10943,27
10943,80
10943,81
3930,63
3930,67
3930,80
3930,81
9297,18
9297,19
9297,35
9297,42
9297,48
9297,52
9297,55
9297,102
4970,18
4970,29
4970,34
4970,35
4970,37
4970,41
4970,48
4970,52
4970,55
4970,62
10979,18
10979,22
10979,29
10979,35
10979,37
10979,38
10979,48
10979,55
10979,62
10979,77
10979,97
9770,18
9770,20
9770,25
9770,29
9770,34
9770,35
9770,37
9770,39
9770,42
9770,49
9770,55
9770,62
11737,18
11737,24
11737,35
11737,48
11737,55
11737,63
11737,72
11737,80
11737,81
11737,102
13475,35
13475,37
13475,48
13475,55
13475,79
13475,80
13475,83
13475,102
4381,1
4381,9
4381,90
4381,96
10598,18
10598,21
10598,35
10598,37
10598,48
10598,63
10598,72
13638,35
13638,38
13638,55
13638,62
13638,74
13638,80
13638,83
13638,97
13638,120
7615,1
7615,6
7615,8
7615,84
7615,105
8676,18
8676,19
8676,20
8676,29
8676,34
8676,35
8676,41
8676,48
8676,52
8676,55
8676,63
8676,72
8676,102
5476,55
5476,62
5476,75
5476,80
5476,81
5476,97
5476,119
9384,18
9384,19
9384,55
9384,63
9384,72
9384,80
9384,81
9384,102
4281,1
4281,5
4281,78
4281,97
4281,132
10506,18
10506,21
10506,29
10506,55
10506,63
10506,70
10506,102
7280,1
7280,5
7280,9
7280,78
7280,97
7280,132
12945,18
12945,34
12945,35
12945,50
12945,55
12945,63
12945,70
12945,102
3919,55
3919,62
3919,74
3919,97
3919,126
10614,18
10614,21
10614,35
10614,39
10614,42
10614,63
10614,72
10614,77
10614,97
3684,18
3684,28
3684,35
3684,40
7815,1
7815,6
7815,35
7815,55
7815,58
7815,101
12382,18
12382,29
12382,35
12382,43
12382,63
12382,72
13123,18
13123,35
13123,41
13123,43
13123,55
13123,58
13123,100
11587,18
11587,24
11587,28
11587,55
11587,102
13853,35
13853,41
13853,55
13853,78
13853,97
13853,102
13853,132
3377,1
3377,5
3377,9
3377,35
3377,43
10128,18
10128,20
10128,35
10128,40
10128,48
10128,52
10128,55
10128,62
3430,1
3430,8
3430,55
3430,74
3430,97
3430,102
3430,120
10582,18
10582,21
10582,35
10582,37
10582,39
10582,40
10582,63
10582,72
10202,18
10202,20
10202,35
10202,43
10202,63
10202,72
10202,77
10202,97
5652,1
5652,2
5652,5
5652,63
5652,69
5652,80
5652,81
5652,83
7369,1
7369,5
7369,18
7369,24
7369,35
7369,43
7369,55
7369,102
5834,1
5834,3
5834,4
5834,35
5834,43
5834,48
5834,54
5400,35
5400,52
5400,54
5400,55
5400,58
5400,63
5400,70
5400,77
5400,97
8369,13
8369,14
8369,18
8369,19
8369,55
8369,62
5119,18
5119,35
5119,37
5119,49
5119,100
5319,35
5319,42
5319,80
5319,83
9717,18
9717,20
9717,23
9717,35
9717,48
9717,52
9717,63
9717,72
5459,55
5459,62
5459,63
5459,69
5459,80
5459,81
5459,83
12948,18
12948,34
12948,35
12948,52
12948,54
12948,55
12948,58
12948,63
12948,72
9591,18
9591,20
9591,22
9591,29
9591,35
9591,41
9591,55
9591,63
9591,72
9591,102
5756,1
5756,3
5756,4
5756,6
5756,8
5756,10
5756,18
5756,20
5756,34
5756,55
5756,62
5756,63
5756,72
6946,1
6946,5
6946,6
6946,9
6946,35
6946,48
4746,18
4746,22
4746,27
4746,35
4746,48
9623,18
9623,20
9623,22
9623,35
9623,41
9623,48
9623,55
9623,63
9623,72
9623,79
9623,80
9623,83
9623,102
7072,1
7072,5
7072,8
7072,9
7072,18
7072,22
7072,23
7072,35
7072,43
7072,48
7072,55
7072,102
7249,1
7249,5
7249,9
7249,18
7249,22
13598,35
13598,38
13598,41
13598,43
13598,55
13598,62
5008,18
5008,30
5008,35
5008,42
5008,55
5008,102
13164,18
13164,35
13164,42
13164,43
13164,63
13164,72
13164,100
8831,18
8831,19
8831,21
8831,35
8831,55
8831,63
8831,72
8831,101
8831,102
12086,18
12086,27
12086,34
12086,35
12086,41
7602,1
7602,6
7602,8
7602,55
7602,74
7602,97
7602,102
7602,122
2727,35
2727,37
2727,41
2727,49
14397,55
14397,62
14397,74
14397,75
14397,97
14397,112
14397,113
14397,120
14397,122
14397,124
4186,1
4186,5
4186,6
4186,9
4186,35
4186,48
4186,52
13837,35
13837,41
13837,54
13837,77
13837,97
2550,1
2550,5
2550,6
2550,8
2550,35
2550,52
6322,1
6322,3
6322,35
6322,43
6322,49
6322,55
6322,80
6322,81
6322,102
14408,55
14408,62
14408,74
14408,78
14408,79
14408,97
14408,122
14408,132
11484,18
11484,23
11484,35
11484,41
11484,43
11484,48
11484,55
11484,102
4546,18
4546,20
4546,21
4546,22
4546,34
4546,35
4546,37
4546,38
4546,41
4546,55
4546,63
4546,72
4546,102
3696,18
3696,29
3696,35
3696,41
3696,48
3696,55
3696,63
3696,72
3696,102
12292,18
12292,29
12292,34
12292,35
12292,48
12292,55
12292,62
12292,75
12292,97
12292,118
3793,35
3793,37
3793,41
3793,80
3793,83
6371,1
6371,3
6371,55
6371,62
6371,63
6371,72
6371,80
6371,83
10613,18
10613,21
10613,35
10613,39
10613,41
10613,52
10613,55
10613,62
10613,80
10613,81
9659,18
9659,20
9659,23
9659,25
9659,34
9659,35
9659,42
9659,48
9659,49
9659,63
9659,72
8926,18
8926,19
8926,22
8926,35
8926,48
14352,55
14352,62
14352,63
14352,70
14352,72
14352,79
14352,80
14352,81
14352,83
10816,18
10816,22
10816,23
10816,35
10816,41
10816,43
10816,48
10816,55
10816,58
10816,63
10816,72
11191,18
11191,22
11191,35
11191,42
11191,48
11191,52
11191,54
11191,55
11191,77
11191,97
11191,102
14697,74
14697,76
14697,77
14697,97
14697,107
14697,111
14697,120
14697,122
13950,35
13950,43
13950,48
13950,54
13950,63
13950,72
11607,18
11607,24
11607,30
11607,35
11607,48
11115,18
11115,22
11115,35
11115,37
11115,39
11115,40
11115,41
11115,52
11115,55
11115,62
5300,35
5300,41
5300,54
5300,55
5300,63
5300,70
5300,102
12427,18
12427,30
12427,34
12427,35
12427,37
12427,48
12427,55
12427,62
6008,1
6008,3
6008,6
6008,55
6008,63
6008,72
6008,80
6008,81
6008,102
5950,1
5950,3
5950,5
5950,35
5950,41
9867,18
9867,20
9867,28
9867,35
9867,52
9867,55
9867,63
9867,72
9867,102
13443,35
13443,37
13443,43
13443,55
13443,63
13443,72
13443,102
7752,1
7752,6
7752,35
7752,37
7752,55
7752,62
7752,80
7752,81
12530,18
12530,31
12530,35
12530,43
12530,63
12530,72
12097,18
12097,27
12097,34
12097,35
12097,43
12097,48
12097,55
12097,58
12097,63
12097,72
9280,18
9280,19
9280,35
9280,41
9280,48
9280,55
9280,62
9280,63
9280,72
3676,18
3676,27
3676,34
3676,35
3676,48
3676,55
3676,102
4716,18
4716,21
4716,35
4716,43
4716,55
4716,102
3737,18
3737,34
3737,35
3737,41
3737,63
3737,72
3737,77
3737,97
9241,18
9241,19
9241,35
9241,37
9241,48
11773,18
11773,25
11773,27
11773,35
11773,38
11773,41
9586,18
9586,20
9586,22
9586,29
9586,30
9586,34
9586,35
9586,49
9586,55
9586,63
9586,72
9586,102
2794,63
2794,70
2794,74
2794,79
2794,80
2794,83
2794,97
2794,120
7867,1
7867,6
7867,75
7867,97
7867,119
8433,13
8433,14
8433,18
8433,29
8433,35
8433,37
8433,48
2798,74
2798,75
2798,76
2798,97
2798,111
2798,118
2798,122
5252,35
5252,39
5252,40
5252,41
14770,74
14770,79
14770,80
14770,81
14770,83
14770,97
14770,120
5034,18
5034,34
5034,35
5034,37
5034,41
5034,48
3568,18
3568,21
3568,25
3568,35
3568,52
3568,63
3568,72
4015,1
4015,3
4015,4
4015,18
4015,19
4015,63
4015,72
11069,18
11069,22
11069,34
11069,35
11069,41
11069,48
11069,52
11069,55
11069,102
2192,18
2192,20
2192,35
2192,38
2192,52
2192,63
2192,72
4504,18
4504,19
4504,35
4504,37
4504,43
4504,48
4504,55
4504,62
4504,63
4504,72
10686,18
10686,21
10686,55
10686,62
10686,80
10686,81
2368,18
2368,20
2368,35
2368,42
2368,48
2368,55
2368,63
2368,72
2368,102
5819,1
5819,3
5819,4
5819,18
5819,29
13730,35
13730,40
13730,48
13730,80
13730,81
1144,55
1144,62
1144,74
1144,80
1144,83
1144,97
1144,120
2088,35
2088,37
2088,55
2088,62
2088,80
2088,81
10618,18
10618,21
10618,35
10618,39
10618,55
10618,102
13436,35
13436,37
13436,43
13436,49
13436,55
13436,102
12850,18
12850,34
12850,35
12850,42
12850,48
12850,49
12850,52
12850,55
12850,102
7383,1
7383,5
7383,18
7383,28
7383,35
7383,48
7383,52
2650,18
2650,22
2650,29
2650,35
2650,48
2650,55
2650,102
13998,35
13998,43
13998,55
13998,62
13998,77
13998,97
7568,1
7568,6
7568,8
7568,18
7568,21
7568,80
7568,81
4533,18
4533,19
4533,35
4533,48
4533,63
4533,69
4533,72
13842,35
13842,41
13842,55
13842,62
13842,63
13842,70
4439,13
4439,15
4439,79
13819,35
13819,41
13819,50
13819,52
13819,55
13819,62
12183,18
12183,28
12183,34
12183,35
12183,37
12183,55
12183,102
9138,18
9138,19
9138,34
9138,35
9138,37
9138,41
9138,42
9138,48
9138,63
9138,72
3762,18
3762,34
3762,63
3762,72
3762,80
3762,83
8397,13
8397,14
8397,18
8397,21
8397,35
8397,38
8397,55
8397,102
4723,18
4723,21
4723,35
4723,55
4723,62
4723,63
4723,72
4723,101
9253,18
9253,19
9253,35
9253,38
9253,52
9253,63
9253,72
9253,80
9253,81
2860,1
2860,4
2860,6
2860,10
2860,55
2860,102
5794,1
5794,3
5794,4
5794,18
5794,19
3950,74
3950,75
3950,97
3950,112
3950,113
3950,118
3950,119
3950,122
4681,18
4681,21
4681,34
4681,35
4681,41
4681,52
4681,55
4681,102
6647,1
6647,4
6647,10
6647,35
6647,37
6647,55
6647,62
6647,63
6647,72
4505,18
4505,19
4505,35
4505,37
4505,48
4505,55
4505,63
4505,72
4505,102
5709,1
5709,3
5709,4
5709,5
5709,6
5709,8
5709,35
5709,37
5709,48
5709,55
5709,62
11001,18
11001,22
11001,30
11001,31
11001,34
11001,35
11001,41
11001,42
11001,43
11001,48
11001,52
11001,55
11001,63
11001,72
11001,80
11001,81
11001,102
7452,1
7452,5
7452,35
7452,41
7452,55
7452,63
7452,72
7452,102
9056,18
9056,19
9056,25
9056,34
9056,35
9056,41
9056,48
9056,52
9056,63
9056,72
3550,18
3550,20
3550,35
3550,41
3550,52
3550,55
3550,62
3550,63
3550,72
10854,18
10854,22
10854,24
10854,34
10854,35
10854,41
10854,42
10854,50
10854,55
10854,63
10854,72
10854,102
8502,13
8502,15
8502,35
8502,43
5960,1
5960,3
5960,5
5960,35
5960,43
5960,55
5960,63
5960,70
5960,102
14218,35
14218,52
14218,55
14218,62
14218,63
14218,69
14218,80
14218,83
13970,35
13970,43
13970,52
13970,54
13970,55
13970,58
13970,63
13970,70
10058,18
10058,20
10058,35
10058,37
10058,41
10058,55
10058,62
10058,63
10058,70
10058,72
6767,1
6767,4
6767,35
6767,37
6767,41
6767,48
9102,18
9102,19
9102,29
9102,35
9102,37
9102,41
9102,48
9102,55
9102,62
9102,63
9102,72
9441,18
9441,20
9441,21
9441,25
9441,35
9441,48
9441,52
9441,55
9441,63
9441,72
9441,102
12445,18
12445,30
12445,35
12445,41
12445,55
12445,77
12445,97
12445,102
3615,18
3615,22
3615,35
3615,52
3615,55
3615,80
3615,81
3615,102
2979,18
2979,20
2979,35
2979,41
2979,52
2979,63
2979,72
9946,18
9946,20
9946,34
9946,35
9946,37
9946,41
9946,52
9946,55
9946,62
9946,63
9946,72
9946,80
9946,83
4592,18
4592,20
4592,29
4592,35
4592,48
4592,55
4592,62
4592,63
4592,72
13889,35
13889,42
13889,48
13889,52
13889,63
13889,72
13889,77
13889,97
6250,1
6250,3
6250,18
6250,35
6250,41
6250,100
10718,18
10718,22
10718,23
10718,27
10718,29
10718,30
10718,31
10718,34
10718,35
10718,48
10718,52
10718,55
10718,102
10097,18
10097,20
10097,35
10097,37
10097,63
10097,70
10097,72
10097,80
10097,83
2163,1
2163,5
2163,78
2163,97
2163,127
9286,18
9286,19
9286,35
9286,41
9286,55
9286,74
9286,77
9286,80
9286,83
9286,97
9286,102
9286,120
9286,122
4951,18
4951,27
4951,35
4951,41
4951,49
4951,55
4951,102
9167,18
9167,19
9167,34
9167,35
9167,41
9167,43
9167,48
9167,52
9167,55
9167,62
9167,63
9167,72
3252,75
3252,76
3252,97
3252,107
3252,111
3252,112
3252,114
11670,18
11670,24
11670,35
11670,37
11670,48
11670,55
11670,62
11670,79
14381,55
14381,62
14381,74
14381,75
14381,78
14381,79
14381,97
14381,118
14381,122
14381,132
6229,1
6229,3
6229,18
6229,34
6229,35
6229,48
10855,18
10855,22
10855,24
10855,34
10855,35
10855,41
10855,55
10855,102
11180,18
11180,22
11180,35
11180,41
11180,55
11180,58
11180,63
11180,72
8751,18
8751,19
8751,20
8751,35
8751,42
8751,55
8751,80
8751,81
8751,102
12347,18
12347,29
12347,35
12347,39
12347,55
12347,102
3407,1
3407,6
3407,35
3407,48
3407,55
3407,62
7785,1
7785,6
7785,35
7785,48
7785,49
7785,52
13428,35
13428,37
13428,43
13428,48
13428,52
13428,54
13428,55
13428,77
13428,97
13428,102
3722,18
3722,34
3722,35
3722,37
3722,41
3722,55
3722,62
3722,63
3722,72
4580,18
4580,20
4580,25
4580,35
4580,37
4580,55
4580,63
4580,72
4580,102
4500,18
4500,19
4500,34
4500,35
4500,52
4500,55
4500,102
12553,18
12553,32
12553,34
12553,35
12553,41
13652,35
13652,39
13652,40
13652,41
13652,63
13652,72
14635,74
14635,75
14635,78
14635,97
14635,118
14635,120
14635,124
14635,132
8390,13
8390,14
8390,18
8390,20
8390,35
8390,52
1741,55
1741,62
1741,74
1741,79
1741,97
1741,120
1741,122
3876,35
3876,52
3876,54
3876,55
3876,58
3876,77
3876,97
10358,18
10358,21
10358,23
10358,29
10358,35
10358,41
10358,48
10358,55
10358,102
9807,18
9807,20
9807,25
9807,35
9807,37
9807,41
9807,42
9807,48
9807,55
9807,63
9807,72
9807,102
10264,18
10264,20
10264,35
10264,63
10264,69
10264,72
10264,101
11904,18
11904,25
11904,35
11904,37
11904,42
11904,55
11904,63
11904,72
11904,102
10648,18
10648,21
10648,35
10648,41
10648,55
10648,77
10648,97
10648,102
14755,74
14755,78
14755,80
14755,83
14755,97
14755,120
14755,124
14755,132
7857,1
7857,6
7857,63
7857,69
7857,84
7857,85
9992,18
9992,20
9992,34
9992,35
9992,42
9992,43
9992,48
9992,52
9992,63
9992,72
13794,35
13794,41
13794,45
13794,48
13794,54
6944,1
6944,5
6944,6
6944,9
6944,35
6944,37
6944,55
6944,62
6944,80
6944,83
7508,1
7508,5
7508,55
7508,62
7508,91
7508,96
14400,55
14400,62
14400,74
14400,75
14400,97
14400,118
14400,119
14400,120
9578,18
9578,20
9578,22
9578,27
9578,55
9578,63
9578,72
9578,102
2705,18
2705,34
2705,35
2705,41
2705,55
2705,62
2705,63
2705,72
14713,74
14713,76
14713,78
14713,97
14713,107
14713,124
14713,132
7888,1
7888,8
7888,9
7888,80
7888,81
5480,55
5480,62
5480,76
5480,80
5480,83
5480,97
5480,107
5656,1
5656,2
5656,6
5656,55
5656,102
3537,18
3537,20
3537,34
3537,35
3537,55
3537,101
3537,102
12625,18
12625,34
12625,35
12625,37
12625,38
12625,63
12625,72
13655,35
13655,39
13655,41
13655,48
5738,1
5738,3
5738,4
5738,5
5738,35
5738,37
8717,18
8717,19
8717,20
8717,34
8717,35
8717,55
8717,101
8717,102
4104,1
4104,4
4104,5
4104,6
4104,35
4104,48
13860,35
13860,41
13860,77
13860,80
13860,81
13860,97
3340,1
3340,4
3340,63
3340,71
4955,18
4955,27
4955,35
4955,44
5976,1
5976,3
5976,6
5976,8
5976,55
5976,62
5976,63
5976,72
6713,1
6713,4
6713,18
6713,20
6713,35
6713,52
6713,55
6713,62
3856,35
3856,45
3856,54
3856,55
3856,102
4243,1
4243,5
4243,10
4243,63
4243,72
9752,18
9752,20
9752,24
9752,35
9752,41
9752,63
9752,72
8443,13
8443,14
8443,18
8443,34
8443,35
8443,48
8841,18
8841,19
8841,22
8841,23
8841,28
8841,34
8841,35
8841,43
8841,48
8841,52
8841,55
8841,63
8841,72
8841,102
12555,18
12555,32
12555,34
12555,35
12555,48
12555,55
12555,102
8135,1
8135,9
8135,55
8135,62
8135,74
8135,75
8135,80
8135,83
8135,97
8135,112
8135,113
8135,123
14621,74
14621,75
14621,78
14621,79
14621,97
14621,112
14621,113
14621,120
14621,132
14410,55
14410,62
14410,74
14410,78
14410,80
14410,83
14410,97
14410,120
14410,132
11015,18
11015,22
11015,30
11015,35
11015,52
9114,18
9114,19
9114,29
9114,35
9114,48
9114,63
9114,72
3666,18
3666,25
3666,55
3666,62
3666,63
3666,72
3666,80
3666,83
8027,1
8027,8
8027,63
8027,70
8027,72
3020,18
3020,22
3020,35
3020,49
3020,52
4063,1
4063,3
4063,18
4063,24
4063,63
4063,72
13741,35
13741,40
13741,80
13741,81
8825,18
8825,19
8825,21
8825,35
8825,48
8825,52
8825,63
8825,72
4686,18
4686,21
4686,34
4686,35
4686,48
4686,52
8933,18
8933,19
8933,22
8933,35
8933,52
8933,55
8933,102
13771,35
13771,41
13771,43
13771,48
13771,52
13771,55
13771,58
11785,18
11785,25
11785,29
11785,34
11785,35
11785,37
11785,38
11785,41
11785,52
11785,55
11785,63
11785,72
11785,102
3880,35
3880,52
3880,55
3880,62
3880,79
5783,1
5783,3
5783,4
5783,9
5783,55
5783,63
5783,69
5783,102
11087,18
11087,22
11087,34
11087,35
11087,48
11087,54
11087,55
11087,62
7875,1
7875,6
7875,80
7875,81
7875,84
7875,86
6562,1
6562,4
6562,6
6562,18
6562,19
6562,55
6562,62
6562,63
6562,72
6562,76
6562,97
6562,111
9653,18
9653,20
9653,23
9653,25
9653,27
9653,28
9653,34
9653,35
9653,48
9653,52
9653,55
9653,63
9653,72
9653,102
4825,18
4825,23
4825,35
4825,37
4825,41
4825,55
4825,63
4825,72
4825,102
13467,35
13467,37
13467,48
13467,55
13467,62
13467,63
13467,70
12064,18
12064,27
12064,29
12064,34
12064,35
12064,48
12064,55
12064,102
8626,18
8626,19
8626,20
8626,23
8626,27
8626,34
8626,35
8626,36
8626,37
8626,38
8626,40
8626,41
8626,48
8626,52
8626,55
8626,62
8626,63
8626,72
11201,18
11201,22
11201,35
11201,42
11201,95
11201,96
11124,18
11124,22
11124,35
11124,37
11124,41
11124,52
11124,55
11124,63
11124,72
11124,80
11124,83
11124,102
7305,1
7305,5
7305,18
7305,19
7305,26
7305,29
7305,35
7305,40
7305,41
7305,42
7305,43
7305,55
7305,63
7305,72
7305,102
10109,18
10109,20
10109,35
10109,38
10109,42
10109,48
10109,63
10109,72
10359,18
10359,21
10359,23
10359,30
10359,55
10359,102
7603,1
7603,6
7603,8
7603,55
7603,77
7603,97
7603,102
12711,18
12711,34
12711,35
12711,38
12711,42
12711,43
12711,52
12711,55
12711,102
12019,18
12019,26
12019,29
12019,35
12019,41
12019,42
12019,43
12019,48
12019,52
12019,55
12019,58
12019,63
12019,72
12019,77
12019,97
12667,18
12667,34
12667,35
12667,37
12667,42
12667,48
12667,49
12667,63
12667,72
12709,18
12709,34
12709,35
12709,38
12709,41
12709,55
12709,63
12709,72
12709,102
13277,35
13277,36
13277,52
13277,55
13277,80
13277,83
13277,102
12238,18
12238,29
12238,34
12238,35
12238,37
12238,38
12238,41
12238,52
12238,55
12238,62
10341,18
10341,21
10341,22
10341,35
10341,41
10341,48
10341,55
10341,62
9723,18
9723,20
9723,24
9723,25
9723,34
9723,35
9723,48
9723,52
9723,55
9723,63
9723,72
9723,102
13362,35
13362,37
13362,41
13362,48
13362,52
13362,55
13362,80
13362,83
13362,102
5763,1
5763,3
5763,4
5763,6
5763,18
5763,19
5763,20
5763,34
5763,35
5763,41
5763,52
5763,55
5763,102
6295,1
6295,3
6295,35
6295,41
6295,43
6295,55
6295,63
6295,72
6295,102
9148,18
9148,19
9148,34
9148,35
9148,38
9148,42
9148,49
9148,52
9148,55
9148,63
9148,72
9148,102
11792,18
11792,25
11792,29
11792,34
11792,35
11792,48
11792,52
11792,55
11792,63
11792,72
11792,102
5183,35
5183,37
5183,39
5183,40
5183,41
10152,18
10152,20
10152,35
10152,41
10152,49
10152,63
10152,72
12015,18
12015,26
12015,27
12015,35
12015,52
12015,55
12015,62
4338,1
4338,8
4338,18
4338,19
4338,35
4338,48
4338,63
4338,72
5167,35
5167,36
5167,43
5167,48
10275,18
10275,20
10275,55
10275,62
10275,63
10275,72
10275,80
10275,83
9607,18
9607,20
9607,22
9607,34
9607,35
9607,43
9607,55
9607,58
9607,63
9607,72
8268,1
8268,35
8268,37
8268,55
8268,62
8268,79
8268,80
8268,83
8268,98
7859,1
7859,6
7859,63
7859,71
7859,72
4132,1
4132,4
4132,6
4132,63
4132,72
4132,80
4132,81
7716,1
7716,6
7716,18
7716,25
7716,35
7716,48
7716,63
7716,72
12589,18
12589,34
12589,35
12589,36
12589,37
12589,40
12589,41
14717,74
14717,76
14717,78
14717,97
14717,111
14717,122
14717,127
3312,1
3312,3
3312,55
3312,80
3312,83
3312,102
7049,1
7049,5
7049,6
7049,63
7049,72
7049,79
8077,1
8077,9
8077,18
8077,23
8077,63
8077,72
4706,18
4706,21
4706,35
4706,41
4706,48
4706,55
4706,102
5680,1
5680,2
5680,35
5680,37
5680,43
5680,48
5680,55
5680,102
11937,18
11937,25
11937,35
11937,41
11937,43
11937,48
11937,52
11937,55
11937,63
11937,72
11937,102
12246,18
12246,29
12246,34
12246,35
12246,37
12246,48
12246,52
12246,55
12246,102
9847,18
9847,20
9847,25
9847,63
9847,72
9847,80
9847,81
6725,1
6725,4
6725,18
6725,22
6725,55
6725,102
10700,18
10700,22
10700,23
10700,24
10700,29
10700,35
10700,52
13870,35
13870,42
13870,43
13870,52
13870,54
5127,18
5127,35
5127,41
5127,42
5127,48
5127,55
5127,100
5127,102
5155,18
5155,35
5155,52
5155,55
5155,63
5155,72
5155,100
5155,102
9190,18
9190,19
9190,34
9190,35
9190,43
9190,52
9190,55
9190,63
9190,72
9190,102
12318,18
12318,29
12318,35
12318,37
12318,41
12318,48
12318,52
14254,35
14254,54
14254,55
14254,62
14254,63
14254,70
14254,101
7279,1
7279,5
7279,9
7279,76
7279,97
7279,107
7279,111
3709,18
3709,30
3709,34
3709,35
3709,48
2067,18
2067,29
2067,35
2067,42
2067,63
2067,72
6595,1
6595,4
6595,6
6595,63
6595,71
6595,72
12011,18
12011,25
12011,63
12011,72
12011,80
12011,83
4849,18
4849,24
4849,25
4849,35
4849,48
4849,52
4849,55
4849,63
4849,72
4849,77
4849,97
4849,102
12777,18
12777,34
12777,35
12777,41
12777,42
12777,48
12777,55
12777,102
11193,18
11193,22
11193,35
11193,42
11193,48
11193,55
11193,63
11193,72
11193,102
4960,18
4960,28
4960,34
4960,35
4960,48
4960,55
4960,102
9470,18
9470,20
9470,21
9470,34
9470,35
9470,41
9470,52
9470,63
9470,72
5069,18
5069,34
5069,35
5069,42
5069,43
5069,55
5069,102
14406,55
14406,62
14406,74
14406,78
14406,79
14406,80
14406,83
14406,97
14406,120
14406,132
3672,18
3672,26
3672,35
3672,52
3672,55
3672,102
13555,35
13555,37
13555,63
13555,70
13555,78
13555,79
13555,80
13555,83
13555,97
13555,132
10231,18
10231,20
10231,35
10231,48
10231,63
10231,72
10231,77
10231,97
9630,18
9630,20
9630,22
9630,35
9630,42
9630,63
9630,72
9630,77
9630,97
8630,18
8630,19
8630,20
8630,23
8630,34
8630,35
8630,36
8630,37
8630,38
8630,40
8630,41
8630,52
8630,55
8630,63
8630,72
8630,102
11463,18
11463,23
11463,35
11463,37
11463,52
11463,55
11463,63
11463,72
11463,102
7630,1
7630,6
7630,9
7630,80
7630,83
8504,13
8504,15
8504,35
8504,52
8716,18
8716,19
8716,20
8716,34
8716,35
8716,52
8716,63
8716,72
10683,18
10683,21
10683,35
10683,77
10683,97
10683,101
5277,35
5277,41
5277,42
5277,43
5277,55
5277,63
5277,72
5277,102
7269,1
7269,5
7269,9
7269,55
7269,63
7269,67
7269,72
7269,102
14787,75
14787,76
14787,77
14787,78
14787,97
14787,107
14787,118
14787,132
9658,18
9658,20
9658,23
9658,25
9658,31
9658,35
9658,52
9658,55
9658,102
7450,1
7450,5
7450,35
7450,41
7450,48
7450,77
7450,97
13092,18
13092,35
13092,40
13092,41
13092,50
13092,100
8418,13
8418,14
8418,18
8418,25
8418,35
8418,43
8418,55
8418,63
8418,72
8418,102
12936,18
12936,34
12936,35
12936,49
12936,55
12936,58
1901,18
1901,20
1901,34
1901,35
1901,52
1901,55
1901,102
3701,18
3701,29
3701,35
3701,50
14906,80
14906,83
14906,84
14906,86
13063,18
13063,35
13063,38
13063,41
13063,55
13063,62
13063,63
13063,72
13063,100
2907,1
2907,6
2907,55
2907,80
2907,83
2907,102
7109,1
7109,5
7109,8
7109,18
7109,20
7109,35
7109,48
7109,55
7109,62
7109,63
7109,72
10634,18
10634,21
10634,35
10634,41
10634,43
10634,55
10634,63
10634,70
10634,102
9380,18
9380,19
9380,55
9380,58
9380,62
9380,63
9380,72
10641,18
10641,21
10641,35
10641,41
10641,48
10641,55
10641,62
9777,18
9777,20
9777,25
9777,29
9777,35
9777,42
9777,52
9777,55
9777,63
9777,72
9777,102
7017,1
7017,5
7017,6
7017,35
7017,43
7017,80
7017,81
9350,18
9350,19
9350,35
9350,48
9350,55
9350,58
9350,63
9350,72
9350,80
9350,83
9243,18
9243,19
9243,35
9243,37
9243,48
9243,50
9243,52
9243,55
9243,62
9243,63
9243,72
11894,18
11894,25
11894,35
11894,37
11894,41
11894,42
11894,52
11894,55
11894,62
11894,63
11894,72
11894,80
11894,81
4725,18
4725,21
4725,54
11877,18
11877,25
11877,34
11877,35
11877,49
11877,55
11877,102
11313,18
11313,23
11313,25
11313,27
11313,35
11313,41
11313,42
11313,48
11313,55
11313,63
11313,72
11313,102
11935,18
11935,25
11935,35
11935,41
11935,42
11935,55
11935,63
11935,72
11935,102
9905,18
9905,20
9905,29
9905,35
9905,48
9905,55
9905,58
9905,63
9905,72
11511,18
11511,23
11511,35
11511,44
11511,55
11511,62
11511,80
11511,81
7532,1
7532,5
7532,63
7532,72
7532,76
7532,77
7532,97
7532,111
6141,1
6141,3
6141,18
6141,22
6141,30
6141,35
6141,48
6141,55
6141,102
9898,18
9898,20
9898,29
9898,35
9898,41
9898,48
9898,55
9898,62
7756,1
7756,6
7756,35
7756,38
7756,63
7756,69
7756,80
7756,81
11310,18
11310,23
11310,25
11310,27
11310,34
11310,35
11310,37
11310,41
11310,42
11310,48
11310,52
11310,55
11310,63
11310,72
11310,102
5268,35
5268,40
5268,43
5268,52
12348,18
12348,29
12348,35
12348,40
12348,41
13489,35
13489,37
13489,51
11715,18
11715,24
11715,35
11715,43
11715,48
11715,49
11715,55
11715,102
13046,18
13046,35
13046,37
13046,42
13046,55
13046,63
13046,72
13046,100
13046,102
8949,18
8949,19
8949,23
8949,28
8949,35
8949,43
8949,52
8949,55
8949,102
4893,18
4893,25
4893,34
4893,35
4893,39
4893,48
4893,63
4893,72
4893,80
4893,81
11626,18
11626,24
11626,34
11626,35
11626,41
11626,48
11626,49
11626,52
11626,55
11626,63
11626,72
11626,102
9263,18
9263,19
9263,35
9263,41
9263,42
9263,48
9263,52
9263,55
9263,58
9263,62
9263,63
9263,72
6474,1
6474,4
6474,5
6474,18
6474,22
14059,35
14059,47
14059,63
14059,70
8383,13
8383,14
8383,18
8383,20
8383,35
8383,37
8383,55
8383,63
8383,72
8383,102
9968,18
9968,20
9968,34
9968,35
9968,40
9968,41
9968,48
9968,52
9968,63
9968,72
9587,18
9587,20
9587,22
9587,29
9587,34
9587,35
9587,42
9587,48
9587,52
9587,55
9587,63
9587,72
9587,102
9977,18
9977,20
9977,34
9977,35
9977,41
9977,42
9977,49
9977,63
9977,72
11469,18
11469,23
11469,35
11469,37
11469,77
11469,97
8233,1
8233,10
8233,63
8233,70
8233,72
8331,1
8331,63
8331,71
8331,79
8331,98
3764,18
3764,35
3764,37
3764,41
3764,52
3764,55
3764,62
3764,100
8140,1
8140,9
8140,55
8140,63
8140,67
8140,102
6355,1
6355,3
6355,35
6355,50
6353,1
6353,3
6353,35
6353,49
6353,55
6353,58
14601,74
14601,75
14601,76
14601,97
14601,107
14601,118
14601,120
14601,124
10568,18
10568,21
10568,34
10568,35
10568,49
10568,52
10568,63
10568,70
8082,1
8082,9
8082,18
8082,25
8082,35
8082,49
8082,63
8082,67
8082,72
6395,1
6395,4
6395,5
6395,6
6395,8
6395,10
6395,35
6395,43
6971,1
6971,5
6971,6
6971,18
6971,20
6971,63
6971,72
13643,35
13643,38
13643,63
13643,71
13643,80
13643,83
10590,18
10590,21
10590,35
10590,37
10590,41
10590,63
10590,69
2920,1
2920,9
2920,18
2920,20
2920,63
2920,72
12571,18
12571,32
12571,35
12571,52
12571,55
12571,102
6686,1
6686,4
6686,18
6686,19
6686,34
6686,35
6686,42
6686,52
6686,63
6686,72
12250,18
12250,29
12250,34
12250,35
12250,37
12250,55
12250,102
9324,18
9324,19
9324,35
9324,43
9324,52
9324,55
9324,102
12291,18
12291,29
12291,34
12291,35
12291,48
12291,55
12291,62
11114,18
11114,22
11114,35
11114,37
11114,38
5731,1
5731,3
5731,4
5731,5
5731,8
5731,55
5731,62
12384,18
12384,29
12384,35
12384,45
12384,48
12384,52
7675,1
7675,6
7675,18
7675,19
7675,35
7675,41
7675,43
7675,48
7675,55
7675,63
7675,72
7675,102
9477,18
9477,20
9477,21
9477,34
9477,35
9477,48
5532,74
5532,75
5532,78
5532,80
5532,83
5532,97
5532,118
5532,120
5532,122
5532,132
8052,1
8052,9
8052,18
8052,19
8052,20
8052,35
8052,52
8052,55
8052,63
8052,72
8052,102
11959,18
11959,25
11959,35
11959,42
11959,48
11959,49
11959,63
11959,72
3309,1
3309,3
3309,35
3309,49
3309,55
3309,102
14570,74
14570,75
14570,76
14570,77
14570,78
14570,97
14570,107
14570,118
14570,119
14570,120
14570,132
8073,1
8073,9
8073,18
8073,23
8073,35
8073,37
8073,55
8073,63
8073,72
8073,102
12976,18
12976,34
12976,55
12976,63
12976,72
12976,80
12976,81
12976,102
8431,13
8431,14
8431,18
8431,29
8431,34
8431,35
8431,37
8431,38
8431,41
8431,42
8431,52
8431,55
8431,62
8431,63
8431,69
8431,72
12858,18
12858,34
12858,35
12858,42
12858,48
12858,55
12858,63
12858,72
12858,95
12858,96
12858,102
8151,1
8151,9
8151,63
8151,70
8151,90
8151,96
5820,1
5820,3
5820,4
5820,18
5820,29
5820,34
5820,55
5820,62
5820,63
5820,69
12208,18
12208,28
12208,35
12208,48
12208,52
12208,55
12208,62
12208,63
12208,72
11917,18
11917,25
11917,35
11917,38
11917,39
8060,1
8060,9
8060,18
8060,20
8060,35
8060,37
8060,38
8060,41
8060,55
8060,63
8060,72
8060,102
14055,35
14055,47
14055,54
14055,55
14055,58
13293,35
13293,37
13293,38
13293,41
13293,55
13293,63
13293,72
13293,102
1872,1
1872,3
1872,63
1872,72
1872,80
1872,81
8214,1
8214,10
8214,35
8214,41
8214,43
14709,74
14709,76
14709,78
14709,97
14709,107
14709,120
14709,124
14709,132
5033,18
5033,34
5033,35
5033,37
5033,39
6001,1
6001,3
6001,6
6001,35
6001,43
6001,63
6001,70
11151,18
11151,22
11151,35
11151,38
11151,48
5910,1
5910,3
5910,5
5910,8
5910,35
5910,42
5910,55
5910,102
4141,1
4141,4
4141,13
4141,14
4141,55
4141,102
6086,1
6086,3
6086,18
6086,20
6086,21
6086,34
6086,35
6086,43
6086,44
6086,48
6086,63
6086,72
14071,35
14071,48
14071,49
14071,55
14071,62
14071,74
14071,77
14071,97
14071,120
8324,1
8324,63
8324,69
8324,79
8324,98
13067,18
13067,35
13067,38
13067,42
13067,48
13067,49
13067,55
13067,62
13067,63
13067,72
13067,100
11987,18
11987,25
11987,35
11987,48
11987,52
11987,63
11987,72
11987,77
11987,97
13812,35
13812,41
13812,49
13812,52
13812,55
13812,62
13812,80
13812,81
12742,18
12742,34
12742,35
12742,39
12742,49
12742,52
5192,35
5192,37
5192,41
5192,48
5192,63
5192,72
4470,18
4470,19
4470,22
4470,34
4470,35
4470,48
4470,63
4470,72
10345,18
10345,21
10345,22
10345,35
10345,48
10345,55
10345,102
3915,55
3915,62
3915,74
3915,75
3915,97
3915,112
3915,113
3915,118
3915,122
5126,18
5126,35
5126,41
5126,42
5126,43
5126,100
4192,1
4192,5
4192,6
4192,18
4192,19
4192,63
4192,72
12823,18
12823,34
12823,35
12823,41
12823,52
12823,55
12823,80
12823,81
12823,102
13330,35
13330,37
13330,40
13330,55
13330,57
11240,18
11240,22
11240,35
11240,49
11240,52
11240,55
11240,102
4833,18
4833,23
4833,35
4833,43
4833,48
4833,52
4833,55
4833,102
10382,18
10382,21
10382,24
10382,29
10382,35
10382,37
10382,38
10382,41
10382,42
10382,55
10382,62
10382,63
10382,70
10382,72
10382,77
10382,97
14033,35
14033,45
14033,50
14033,52
14033,55
14033,63
14033,70
14033,102
6654,1
6654,4
6654,10
6654,54
6654,55
6654,57
5130,18
5130,35
5130,41
5130,48
5130,52
5130,55
5130,77
5130,97
5130,100
5130,102
5108,18
5108,35
5108,37
5108,38
5108,41
5108,55
5108,62
5108,100
9351,18
9351,19
9351,35
9351,48
9351,55
9351,62
9351,63
9351,72
9351,79
9351,80
9351,83
9647,18
9647,20
9647,23
9647,24
9647,29
9647,34
9647,35
9647,42
9647,43
9647,52
9647,55
9647,63
9647,72
9647,102
2640,18
2640,21
2640,35
2640,52
2640,55
2640,62
14507,63
14507,67
14507,76
14507,97
14507,111
5918,1
5918,3
5918,5
5918,8
5918,55
5918,63
5918,70
5918,102
6685,1
6685,4
6685,18
6685,19
6685,34
6685,35
6685,41
6685,42
6685,48
6685,52
6685,55
6685,63
6685,72
6685,84
6685,85
6685,102
8049,1
8049,9
8049,13
8049,14
8049,55
8049,76
8049,77
8049,97
8049,102
8049,111
10972,18
10972,22
10972,29
10972,34
10972,35
10972,48
10972,52
7307,1
7307,5
7307,18
7307,19
7307,29
7307,35
7307,41
7307,55
7307,63
7307,72
7307,102
5817,1
5817,3
5817,4
5817,18
5817,26
5817,35
5817,43
5817,55
5817,62
11157,18
11157,22
11157,35
11157,40
11157,41
11157,42
11157,48
11157,55
11157,102
10587,18
10587,21
10587,35
10587,37
10587,41
10587,52
10587,55
10587,102
14552,63
14552,71
14552,74
14552,75
14552,80
14552,83
14552,97
14552,118
14552,120
14552,122
11796,18
11796,25
11796,29
11796,35
11796,37
11796,42
11796,43
11796,48
11796,52
11796,55
11796,62
11796,63
11796,72
11796,75
11796,97
11796,118
6235,1
6235,3
6235,18
6235,34
6235,35
6235,48
6235,80
6235,81
9681,18
9681,20
9681,23
9681,29
9681,55
9681,63
9681,72
9681,102
10403,18
10403,21
10403,25
10403,27
10403,35
10403,37
10403,38
10403,41
10403,48
10403,52
10403,55
10403,62
10403,63
10403,72
9196,18
9196,19
9196,34
9196,35
9196,48
9196,52
9196,63
9196,72
9196,77
9196,97
7388,1
7388,5
7388,18
7388,29
7388,35
7388,42
7388,43
7388,48
7388,52
7388,55
7388,62
7388,77
7388,97
2684,18
2684,27
2684,35
2684,52
2684,63
2684,72
6285,1
6285,3
6285,35
6285,40
5739,1
5739,3
5739,4
5739,5
5739,35
5739,37
5739,43
5739,55
5739,63
5739,72
5739,102
3596,18
3596,22
3596,27
3596,55
3596,102
12462,18
12462,30
12462,35
12462,48
12462,49
12462,55
12462,102
14266,35
14266,63
14266,72
14266,76
14266,97
14266,101
14266,111
9038,18
9038,19
9038,24
9038,35
9038,48
9038,55
9038,102
10074,18
10074,20
10074,35
10074,37
10074,48
14464,55
14464,63
14464,71
14464,95
14464,96
14464,102
8274,1
8274,35
8274,37
8274,98
13575,35
13575,37
13575,74
13575,75
13575,97
13575,112
13575,113
13575,118
13575,120
13575,122
7722,1
7722,6
7722,18
7722,28
5727,1
5727,3
5727,4
5727,5
5727,8
5727,35
5727,43
5727,63
5727,72
3022,18
3022,22
3022,55
3022,80
3022,81
3022,102
13625,35
13625,38
13625,49
13625,52
13625,55
13625,102
8015,1
8015,8
8015,55
8015,62
8015,80
8015,81
11565,18
11565,24
11565,25
11565,35
11565,42
11565,55
11565,63
11565,72
11565,102
7849,1
7849,6
7849,63
7849,67
7849,76
7849,89
7849,96
7849,97
7849,111
7588,1
7588,6
7588,8
7588,35
7588,52
7588,55
7588,58
6820,1
6820,4
6820,35
6820,48
6820,52
6820,55
6820,62
12157,18
12157,27
12157,76
12157,97
12157,111
7122,1
7122,5
7122,8
7122,18
7122,23
7122,25
7122,35
7122,41
7122,42
7122,49
7122,55
7122,63
7122,72
7122,102
4220,1
4220,5
4220,8
4220,18
4220,25
4220,63
4220,72
7455,1
7455,5
7455,35
7455,42
7455,48
6017,1
6017,3
6017,8
6017,10
6017,55
6017,62
3959,74
3959,76
3959,97
3959,107
3959,120
3959,122
3959,124
6174,1
6174,3
6174,18
6174,23
6174,55
6174,62
8018,1
8018,8
8018,55
8018,76
8018,78
8018,97
8018,102
8018,111
8018,132
3810,35
3810,38
3810,41
3810,55
3810,62
10934,18
10934,22
10934,27
10934,35
10934,41
10934,55
10934,102
13804,35
13804,41
13804,48
13804,55
13804,62
13804,74
13804,77
13804,80
13804,83
13804,97
13804,120
4144,1
4144,4
4144,18
4144,21
3641,18
3641,24
3641,34
3641,35
3641,48
3641,63
3641,72
3922,55
3922,62
3922,75
3922,79
3922,97
3922,112
3922,113
7428,1
7428,5
7428,35
7428,37
7428,41
7428,55
7428,62
7428,74
7428,75
7428,79
7428,95
7428,96
7428,97
7428,112
7428,113
7428,120
9108,18
9108,19
9108,29
9108,35
9108,42
9108,55
9108,63
9108,72
9108,102
3468,13
3468,14
3468,63
3468,71
3468,79
8670,18
8670,19
8670,20
8670,27
8670,35
8670,37
8670,48
8670,52
8670,55
8670,63
8670,72
8670,102
11780,18
11780,25
11780,28
11780,35
11780,42
11780,63
11780,72
3178,35
3178,42
3178,49
3178,55
3178,62
3536,18
3536,20
3536,34
3536,35
3536,48
3536,52
3536,55
3536,63
3536,72
3536,102
6646,1
6646,4
6646,10
6646,35
6646,37
13874,35
13874,42
13874,43
13874,55
13874,62
13874,63
13874,72
5913,1
5913,3
5913,5
5913,8
5913,35
5913,48
5913,63
5913,72
5913,77
5913,97
11213,18
11213,22
11213,35
11213,45
11213,52
5973,1
5973,3
5973,5
5973,89
5973,96
7833,1
7833,6
7833,55
7833,62
7833,84
7833,86
6387,1
6387,3
6387,75
6387,79
6387,97
6387,119
8022,1
8022,8
8022,55
8022,80
8022,83
8022,102
12196,18
12196,28
12196,35
12196,37
12196,55
12196,62
12196,63
12196,72
7556,1
7556,6
7556,8
7556,10
7556,35
7556,49
7556,63
7556,72
13589,35
13589,38
13589,39
13589,40
13589,41
5231,35
5231,37
5231,74
5231,79
5231,80
5231,83
5231,97
5231,122
7946,1
7946,8
7946,18
7946,25
8432,13
8432,14
8432,18
8432,29
8432,35
8432,37
8432,38
8432,41
8432,55
8432,102
7043,1
7043,5
7043,6
7043,63
7043,69
7043,80
7043,81
3046,18
3046,24
3046,35
3046,43
3046,55
3046,58
3046,63
3046,72
5548,74
5548,75
5548,79
5548,97
5548,118
5548,122
7278,1
7278,5
7278,9
7278,76
7278,77
7278,97
7278,107
7278,111
12544,18
12544,31
12544,35
12544,52
12544,55
12544,62
12544,74
12544,75
12544,97
12544,118
12544,122
6859,1
6859,4
6859,55
6859,62
6859,84
6859,85
7155,1
7155,5
7155,8
7155,18
7155,34
7155,35
7155,55
7155,101
7155,102
4698,18
4698,21
4698,35
4698,38
4698,41
4698,55
4698,102
11354,18
11354,23
11354,27
11354,35
11354,55
11354,101
11354,102
5186,35
5186,37
5186,39
5186,55
5186,62
14515,63
14515,69
14515,75
14515,79
14515,80
14515,81
14515,97
14515,118
6905,1
6905,5
6905,6
6905,8
6905,35
6905,36
13383,35
13383,37
13383,41
13383,55
13383,62
13383,74
13383,79
13383,97
13383,120
13383,122
14315,54
14315,78
14315,80
14315,81
14315,97
14315,132
9465,18
9465,20
9465,21
9465,34
9465,35
9465,37
9465,41
9465,48
9465,52
9465,55
9465,62
9465,63
9465,72
4794,18
4794,22
4794,35
4794,48
4794,80
4794,81
4948,18
4948,27
4948,35
4948,37
4948,55
4948,62
4121,1
4121,4
4121,6
4121,8
4121,10
4121,55
4121,102
9223,18
9223,19
9223,35
9223,37
9223,41
9223,48
7961,1
7961,8
7961,18
7961,34
7961,35
7961,48
7961,52
2263,35
2263,42
2263,48
2263,52
2263,77
2263,97
8942,18
8942,19
8942,23
8942,24
8942,30
8942,33
8942,34
8942,35
8942,40
8942,42
8942,48
8942,49
8942,55
8942,102
7912,1
7912,8
7912,18
7912,19
7912,23
7912,34
7912,35
7912,41
7912,43
7912,55
7912,63
7912,72
7912,102
4009,1
4009,3
4009,4
4009,6
4009,35
4009,52
10722,18
10722,22
10722,23
10722,27
10722,34
10722,35
10722,36
10722,48
10722,52
10722,63
10722,72
11431,18
11431,23
11431,34
11431,35
11431,42
11431,52
11431,55
11431,62
11431,63
11431,72
11431,80
11431,83
8974,18
8974,19
8974,23
8974,35
8974,42
8974,48
8974,54
8974,63
8974,72
13216,18
13216,55
13216,62
13216,63
13216,72
13216,79
13216,100
6515,1
6515,4
6515,6
6515,8
6515,35
6515,37
6515,43
6515,52
6515,55
6515,58
6515,62
9269,18
9269,19
9269,35
9269,41
9269,43
9269,48
9269,55
9269,63
9269,72
9269,102
13093,18
13093,35
13093,40
13093,41
13093,52
13093,55
13093,100
13093,102
11564,18
11564,24
11564,25
11564,35
11564,42
11564,49
11564,55
11564,62
11564,63
11564,72
2888,1
2888,5
2888,35
2888,48
2888,49
4599,18
4599,20
4599,34
4599,35
4599,37
4599,38
4599,41
4599,42
4599,55
4599,63
4599,72
4599,102
10315,18
10315,21
10315,22
10315,27
10315,28
10315,29
10315,31
10315,55
10315,62
10315,74
10315,75
10315,97
10315,118
10315,122
12243,18
12243,29
12243,34
12243,35
12243,37
12243,41
12243,55
12243,62
5063,18
5063,34
5063,35
5063,41
5063,49
5063,52
7758,1
7758,6
7758,35
7758,40
4617,18
4617,20
4617,34
4617,35
4617,48
4617,52
4617,63
4617,72
8601,18
8601,19
8601,20
8601,22
8601,34
8601,35
8601,37
8601,48
8601,55
8601,63
8601,72
8601,102
14114,35
14114,48
14114,54
14114,55
14114,62
14114,63
14114,70
3613,18
3613,22
3613,35
3613,48
3613,52
3613,55
3613,63
3613,72
3613,102
8001,1
8001,8
8001,35
8001,48
8001,80
8001,81
14613,74
14613,75
14613,77
14613,78
14613,97
14613,118
14613,120
14613,132
7139,1
7139,5
7139,8
7139,18
7139,29
7139,35
7139,42
7139,63
7139,72
13213,18
13213,54
13213,55
13213,58
13213,100
3741,18
3741,34
3741,35
3741,42
3741,49
3741,63
3741,72
4477,18
4477,19
4477,24
4477,35
4477,48
14200,35
14200,51
14200,55
14200,78
14200,97
14200,102
14200,130
5488,55
5488,63
5488,72
5488,80
5488,81
5488,102
9758,18
9758,20
9758,24
9758,35
9758,48
9758,52
9758,55
9758,63
9758,72
9758,102
12597,18
12597,34
12597,35
12597,36
12597,41
12597,42
11763,18
11763,24
11763,95
11763,96
14412,55
14412,62
14412,74
14412,78
14412,97
14412,122
14412,124
14412,132
8064,1
8064,9
8064,18
8064,20
8064,35
8064,52
8064,55
8064,62
8064,63
8064,72
6401,1
6401,4
6401,5
6401,6
6401,8
6401,35
6401,37
6401,48
6401,52
6401,55
6401,76
6401,77
6401,79
6401,80
6401,83
6401,97
6401,102
6401,111
5580,74
5580,78
5580,97
5580,120
5580,130
5580,132
11654,18
11654,24
11654,35
11654,36
11654,48
11654,63
11654,72
4329,1
4329,6
4329,76
4329,78
4329,97
4329,111
4329,127
14229,35
14229,52
14229,55
14229,63
14229,71
14229,72
14229,102
7789,1
7789,6
7789,35
7789,48
7789,52
7789,55
7789,63
7789,72
7789,77
7789,97
7789,102
6889,1
6889,5
6889,6
6889,8
6889,10
6889,63
6889,72
6889,80
6889,83
10381,18
10381,21
10381,24
10381,29
10381,34
10381,35
10381,48
10381,55
10381,102
8880,18
8880,19
8880,22
8880,29
8880,34
8880,35
8880,42
8880,55
8880,63
8880,72
8880,102
9656,18
9656,20
9656,23
9656,25
9656,27
9656,35
9656,37
9656,41
9656,42
9656,55
9656,63
9656,72
9656,77
9656,80
9656,83
9656,97
9656,102
14182,35
14182,49
14182,79
14182,80
14182,83
8517,13
8517,16
8517,35
8517,42
8517,55
8517,102
11405,18
11405,23
11405,34
11405,35
11405,36
11405,52
8465,13
8465,14
8465,35
8465,38
8465,63
8465,72
10604,18
10604,21
10604,35
10604,38
10604,41
10604,63
10604,72
13168,18
13168,35
13168,42
13168,48
13168,49
13168,100
14872,76
14872,77
14872,95
14872,96
14872,97
14872,111
7182,1
7182,5
7182,8
7182,35
7182,42
7182,55
7182,80
7182,81
7182,102
14348,55
14348,62
14348,63
14348,69
14348,72
5822,1
5822,3
5822,4
5822,18
5822,34
5822,35
5822,48
5822,63
5822,72
11380,18
11380,23
11380,29
11380,35
11380,37
11380,41
11380,48
11380,52
11380,54
11380,55
11380,63
11380,69
11380,70
11380,80
11380,83
11380,102
4106,1
4106,4
4106,5
4106,6
4106,55
4106,62
4106,80
4106,83
8098,1
8098,9
8098,18
8098,34
8098,55
8098,63
8098,72
8098,102
9348,18
9348,19
9348,35
9348,48
9348,54
9348,55
9348,63
9348,72
9348,102
6664,1
6664,4
6664,11
11713,18
11713,24
11713,35
11713,42
11713,55
11713,77
11713,97
11713,102
9648,18
9648,20
9648,23
9648,24
9648,29
9648,35
9648,52
9648,55
9648,63
9648,72
9648,102
5841,1
5841,3
5841,4
5841,35
5841,43
5841,80
5841,81
3913,55
3913,62
3913,74
3913,75
3913,80
3913,83
3913,97
3913,118
3913,120
4947,18
4947,27
4947,35
4947,36
12095,18
12095,27
12095,34
12095,35
12095,42
12095,63
12095,72
6018,1
6018,3
6018,8
6018,10
6018,55
6018,102
8346,1
8346,76
8346,97
8346,98
8346,107
8346,111
10470,18
10470,21
10470,28
10470,55
10470,102
10572,18
10572,21
10572,34
10572,55
10572,63
10572,72
10572,77
10572,97
10572,102
12979,18
12979,34
12979,55
12979,77
12979,95
12979,96
12979,97
12979,102
2831,1
2831,3
2831,4
2831,8
2831,10
8305,1
8305,55
8305,57
8305,98
6969,1
6969,5
6969,6
6969,18
6969,19
6969,55
6969,63
6969,72
6969,102
13894,35
13894,42
13894,48
13894,55
13894,63
13894,72
13894,77
13894,97
13894,102
4618,18
4618,20
4618,34
4618,35
4618,52
4618,55
4618,62
4618,63
4618,72
4196,1
4196,5
4196,6
4196,35
4196,38
4196,63
4196,72
7978,1
7978,8
7978,35
7978,41
7978,42
7978,43
7978,52
7978,55
7978,63
7978,72
7978,102
6442,1
6442,4
6442,5
6442,8
6442,10
6442,80
6442,83
10004,18
10004,20
10004,34
10004,35
10004,43
10004,48
10004,49
10004,63
10004,72
8543,18
8543,19
8543,20
8543,21
8543,23
8543,24
8543,35
8543,41
8543,43
8543,48
8543,52
8543,55
8543,58
8543,62
8543,63
8543,72
6088,1
6088,3
6088,18
6088,20
6088,22
6088,27
6088,35
6088,42
6088,48
6088,52
6088,55
6088,102
11164,18
11164,22
11164,35
11164,41
11164,42
11164,48
11164,55
11164,77
11164,97
11164,102
1993,1
1993,3
1993,18
1993,34
1993,55
1993,102
13749,35
13749,41
13749,42
13749,43
13749,52
13749,63
13749,72
5637,1
5637,2
5637,4
5637,5
5637,6
5637,63
5637,71
10748,18
10748,22
10748,23
10748,29
10748,34
10748,35
10748,41
10748,42
10748,48
10748,54
10748,55
10748,102
6970,1
6970,5
6970,6
6970,18
6970,20
6970,29
6970,35
6970,48
6970,55
6970,63
6970,72
6970,102
14166,35
14166,49
14166,55
14166,76
14166,77
14166,78
14166,97
14166,102
14166,111
14166,132
7246,1
7246,5
7246,9
7246,18
7246,19
7246,35
7246,52
7246,63
7246,69
7246,72
9998,18
9998,20
9998,34
9998,35
9998,42
9998,49
9998,63
9998,72
3494,18
3494,19
3494,35
3494,41
3494,42
3494,55
3494,63
3494,72
3494,102
11738,18
11738,24
11738,35
11738,48
11738,55
11738,77
11738,97
11738,102
3486,18
3486,19
3486,34
3486,35
3486,42
3486,48
3486,63
3486,72
3486,77
3486,97
10067,18
10067,20
10067,35
10067,37
10067,42
10067,63
10067,72
10067,80
10067,83
13125,18
13125,35
13125,41
13125,45
13125,55
13125,62
13125,100
9735,18
9735,20
9735,24
9735,34
9735,35
9735,37
9735,39
9735,41
9735,48
9735,49
9735,52
9735,54
9735,55
9735,62
9735,74
9735,97
9735,122
10965,18
10965,22
10965,29
10965,34
10965,35
10965,41
10965,52
10965,54
10965,55
10965,62
10965,63
10965,70
11755,18
11755,24
11755,55
11755,62
11755,80
11755,81
11755,83
9771,18
9771,20
9771,25
9771,29
9771,34
9771,35
9771,38
9771,40
9771,42
9771,55
9771,62
9771,63
9771,72
9771,77
9771,97
4623,18
4623,20
4623,35
4623,37
4623,39
3657,18
3657,25
3657,35
3657,38
3657,42
3657,63
3657,72
11552,18
11552,24
11552,25
11552,34
11552,35
11552,37
11552,41
11552,42
11552,43
11552,48
11552,49
11552,55
11552,58
11552,63
11552,70
11552,72
11552,77
11552,97
13320,35
13320,37
13320,40
13320,41
13320,52
13320,55
13320,62
13320,63
13320,72
11000,18
11000,22
11000,29
11000,80
11000,83
5642,1
5642,2
5642,4
5642,8
5642,63
5642,72
7152,1
7152,5
7152,8
7152,18
7152,34
7152,35
7152,48
7152,63
7152,72
9839,18
9839,20
9839,25
9839,35
9839,49
9839,52
9839,55
9839,63
9839,72
9839,102
14746,74
14746,77
14746,80
14746,83
14746,97
14746,120
14746,122
12993,18
12993,35
12993,36
12993,37
12993,41
12993,48
12993,55
12993,100
12993,102
6679,1
6679,4
6679,18
6679,19
6679,22
6679,35
6679,41
6679,77
6679,97
7021,1
7021,5
7021,6
7021,35
7021,48
7021,52
7021,63
7021,70
7021,77
7021,97
3246,74
3246,78
3246,97
3246,122
3246,131
10180,18
10180,20
10180,35
10180,42
10180,48
10180,55
10180,77
10180,97
10180,102
11800,18
11800,25
11800,29
11800,35
11800,41
11800,48
11800,55
11800,63
11800,72
11800,102
13610,35
13610,38
13610,42
13610,55
13610,102
4076,1
4076,3
4076,35
4076,43
4076,49
4076,55
4076,62
8380,13
8380,14
8380,18
8380,20
8380,34
8380,35
8380,37
8380,41
8380,63
8380,72
14097,35
14097,48
14097,52
14097,55
14097,95
14097,96
14097,102
4683,18
4683,21
4683,34
4683,35
4683,42
4683,48
4683,63
4683,72
8780,18
8780,19
8780,21
8780,22
8780,29
8780,34
8780,35
8780,41
8780,42
8780,52
8780,63
8780,72
8780,77
8780,97
7212,1
7212,5
7212,8
7212,35
7212,55
7212,62
7212,101
5146,18
5146,35
5146,42
5146,52
5146,55
5146,100
5146,102
14362,55
14362,62
14362,63
14362,70
14362,75
14362,80
14362,83
14362,97
14362,118
10072,18
10072,20
10072,35
10072,37
10072,47
10072,55
10072,62
12746,18
12746,34
12746,35
12746,39
12746,52
12746,63
12746,70
9812,18
9812,20
9812,25
9812,35
9812,37
9812,41
9812,63
9812,72
6517,1
6517,4
6517,6
6517,8
6517,35
6517,41
6517,55
6517,58
14517,63
14517,69
14517,79
12798,18
12798,34
12798,35
12798,41
12798,43
12798,52
12798,55
12798,63
12798,72
12798,102
12539,18
12539,31
12539,35
12539,48
12539,63
12539,70
14607,74
14607,75
14607,76
14607,97
14607,111
14607,112
14607,113
14607,118
14607,120
14607,122
11368,18
11368,23
11368,29
11368,34
11368,35
11368,37
11368,42
11368,55
11368,58
11368,62
7724,1
7724,6
7724,18
7724,29
7724,34
7724,35
7724,37
7724,40
7724,41
7724,55
7724,102
14024,35
14024,45
14024,48
14024,49
7168,1
7168,5
7168,8
7168,35
7168,38
7168,42
7168,48
7168,49
7168,55
7168,102
5771,1
5771,3
5771,4
5771,6
5771,54
5771,55
5771,102
11513,18
11513,23
11513,35
11513,45
11513,52
8251,1
8251,18
8251,19
8251,55
8251,58
8251,63
8251,72
8251,98
14718,74
14718,76
14718,78
14718,97
14718,111
14718,122
14718,130
5120,18
5120,35
5120,38
5120,40
5120,63
5120,72
5120,100
11949,18
11949,25
11949,35
11949,41
11949,52
11949,55
11949,102
8159,1
8159,9
8159,80
8159,81
8159,83
12593,18
12593,34
12593,35
12593,36
12593,37
12593,42
12593,52
12593,55
12593,62
12593,63
12593,72
8749,18
8749,19
8749,20
8749,35
8749,42
8749,55
8749,62
8749,63
8749,72
4003,1
4003,3
4003,4
4003,5
4003,6
4003,55
4003,102
10486,18
10486,21
10486,29
10486,35
10486,37
10486,41
2250,35
2250,37
2250,55
2250,62
2250,74
2250,97
2250,120
2250,122
12704,18
12704,34
12704,35
12704,38
12704,41
12704,42
12704,48
11610,18
11610,24
11610,30
11610,35
11610,63
11610,72
11610,101
3317,1
3317,4
3317,5
3317,80
3317,83
7309,1
7309,5
7309,18
7309,19
7309,34
7309,35
7309,42
7309,52
7309,63
7309,72
9254,18
9254,19
9254,35
9254,38
9254,55
9254,63
9254,72
9254,102
7777,1
7777,6
7777,35
7777,43
7777,55
7777,58
8162,1
8162,9
8162,84
8162,85
8162,86
7753,1
7753,6
7753,35
7753,37
7753,55
7753,63
7753,67
7753,102
9901,18
9901,20
9901,29
9901,35
9901,42
9901,63
9901,72
1605,1
1605,3
1605,4
1605,55
1605,62
9509,18
9509,20
9509,21
9509,35
9509,49
9509,54
9509,55
9509,63
9509,72
9509,102
5354,35
5354,46
5354,54
5354,55
5354,102
4708,18
4708,21
4708,35
4708,41
4708,52
4708,55
4708,102
8920,18
8920,19
8920,22
8920,35
8920,42
8920,52
8920,63
8920,72
4247,1
4247,5
4247,18
4247,20
4247,35
4247,48
4247,63
4247,72
1717,18
1717,34
1717,35
1717,42
1717,63
1717,72
1717,77
1717,97
8917,18
8917,19
8917,22
8917,35
8917,41
8917,42
8917,52
8917,63
8917,72
11781,18
11781,25
11781,28
11781,35
11781,48
11781,55
11781,63
11781,70
11781,72
11781,102
5187,35
5187,37
5187,39
5187,63
5187,72
6444,1
6444,4
6444,5
6444,8
6444,18
6444,19
6444,35
6444,38
6444,55
6444,63
6444,72
6444,102
6345,1
6345,3
6345,35
6345,48
6345,63
6345,72
6345,80
6345,81
5844,1
5844,3
5844,4
5844,35
5844,48
5844,52
5844,77
5844,97
9615,18
9615,20
9615,22
9615,35
9615,37
9615,41
9615,55
9615,58
9615,63
9615,72
11680,18
11680,24
11680,35
11680,41
11680,42
11680,48
11680,49
11680,55
11680,63
11680,72
11680,102
9306,18
9306,19
9306,35
9306,42
9306,52
9306,63
9306,72
9306,80
9306,81
7802,1
7802,6
7802,35
7802,52
7802,54
11035,18
11035,22
11035,34
11035,35
11035,37
11035,38
11035,41
11035,42
11035,52
11035,55
11035,63
11035,72
11035,102
10300,18
10300,21
10300,22
10300,23
10300,27
10300,34
10300,35
10300,41
10300,55
10300,78
10300,97
10300,102
10300,132
9705,18
9705,20
9705,23
9705,35
9705,41
9705,42
9705,48
9705,54
9705,55
9705,63
9705,72
9705,80
9705,83
9705,102
1663,63
1663,70
1663,91
1663,96
8941,18
8941,19
8941,23
8941,24
8941,26
8941,34
8941,35
8941,36
8941,43
8941,55
8941,63
8941,72
8941,102
8731,18
8731,19
8731,20
8731,35
8731,37
8731,55
8731,63
8731,72
8731,102
5927,1
5927,3
5927,5
5927,18
5927,19
5927,34
5927,35
5927,42
5927,52
5927,63
5927,72
3883,35
3883,52
3883,63
3883,69
3883,80
3883,81
10719,18
10719,22
10719,23
10719,27
10719,29
10719,30
10719,34
10719,35
10719,41
10719,42
10719,48
10719,52
10719,55
10719,63
10719,72
10719,102
11441,18
11441,23
11441,34
11441,35
11441,48
11441,52
11441,55
11441,63
11441,67
11441,72
11441,77
11441,97
11441,102
5824,1
5824,3
5824,4
5824,18
5824,35
5824,37
5824,41
5824,55
5824,77
5824,80
5824,81
5824,97
5824,100
5824,102
8540,18
8540,19
8540,20
8540,21
8540,22
8540,35
8540,48
8540,55
8540,58
8540,63
8540,72
8540,80
8540,81
12305,18
12305,29
12305,34
12305,63
12305,69
12305,70
10963,18
10963,22
10963,29
10963,34
10963,35
10963,41
10963,42
10963,48
10963,52
10963,55
10963,102
11910,18
11910,25
11910,35
11910,37
11910,55
11910,62
11910,63
11910,72
14040,35
14040,46
14040,47
14040,48
14040,52
6629,1
6629,4
6629,8
6629,55
6629,62
6629,63
6629,69
6959,1
6959,5
6959,6
6959,10
6959,35
6959,43
13414,35
13414,37
13414,42
13414,48
13414,77
13414,97
13263,35
13263,36
13263,43
13263,63
13263,72
10457,18
10457,21
10457,27
10457,35
10457,40
10457,42
14193,35
14193,50
14193,55
14193,63
14193,72
14193,102
11938,18
11938,25
11938,35
11938,41
11938,43
11938,63
11938,72
3075,18
3075,29
3075,35
3075,42
3075,52
7272,1
7272,5
7272,9
7272,55
7272,91
7272,96
7272,102
6715,1
6715,4
6715,18
6715,20
6715,35
6715,52
6715,63
6715,72
5470,55
5470,62
5470,74
5470,75
5470,79
5470,97
5470,118
5470,120
12202,18
12202,28
12202,35
12202,42
12202,55
12202,63
12202,72
12202,102
13916,35
13916,42
13916,54
13916,55
13916,102
5308,35
5308,42
5308,43
5308,49
5308,55
5308,102
14811,75
14811,76
14811,80
14811,81
14811,97
14811,111
14811,119
5683,1
5683,2
5683,35
5683,37
5683,55
5683,62
4468,18
4468,19
4468,22
4468,34
4468,35
4468,48
4468,52
4468,55
4468,63
4468,72
4468,102
14294,54
14294,55
14294,62
14294,63
14294,65
13366,35
13366,37
13366,41
13366,49
13366,52
13366,55
13366,62
3014,18
3014,22
3014,35
3014,40
6934,1
6934,5
6934,6
6934,8
6934,76
6934,97
6934,107
6934,111
6431,1
6431,4
6431,5
6431,6
6431,63
6431,70
8211,1
8211,10
8211,35
8211,37
8211,55
8211,63
8211,72
8211,102
5812,1
5812,3
5812,4
5812,18
5812,22
5812,35
5812,48
5712,1
5712,3
5712,4
5712,5
5712,6
5712,8
5712,63
5712,72
14547,63
14547,70
14547,89
14547,96
11686,18
11686,24
11686,35
11686,41
11686,43
11686,48
11686,55
11686,58
11686,63
11686,72
8722,18
8722,19
8722,20
8722,35
8722,37
8722,38
8722,41
8722,55
8722,63
8722,72
8722,77
8722,97
8722,102
13100,18
13100,35
13100,40
13100,48
13100,63
13100,72
13100,100
5254,35
5254,39
5254,42
5254,55
5254,62
4963,18
4963,28
4963,35
4963,41
4963,55
4963,102
11489,18
11489,23
11489,35
11489,42
11489,43
11489,48
11489,55
11489,63
11489,72
11489,102
4414,1
4414,74
4414,97
4414,98
4414,122
9745,18
9745,20
9745,24
9745,35
9745,37
9745,41
9745,43
9745,48
9745,52
9745,55
9745,58
9745,62
9745,63
9745,72
1664,74
1664,75
1664,80
1664,83
1664,97
1664,112
1664,113
1664,118
1664,120
1664,122
14588,74
14588,75
14588,76
14588,97
14588,107
14588,111
14588,112
14588,113
14588,118
14588,120
14588,122
4085,1
4085,3
4085,54
4085,55
4085,63
4085,70
4085,102
10029,18
10029,20
10029,35
10029,37
10029,38
10029,41
10029,42
10029,48
10029,55
10029,62
10029,63
10029,72
8681,18
8681,19
8681,20
8681,29
8681,35
8681,37
8681,55
8681,63
8681,72
8681,102
2800,74
2800,75
2800,78
2800,97
2800,112
2800,113
2800,120
2800,131
3540,18
3540,20
3540,35
3540,37
3540,42
3540,55
3540,63
3540,72
3540,102
14163,35
14163,49
14163,55
14163,62
14163,79
5370,35
5370,48
5370,55
5370,57
7495,1
7495,5
7495,35
7495,77
7495,97
7495,101
7781,1
7781,6
7781,35
7781,43
7781,63
7781,70
7781,72
7546,1
7546,5
7546,89
7546,93
7546,96
7782,1
7782,6
7782,35
7782,43
7782,76
7782,97
7782,111
6342,1
6342,3
6342,35
6342,48
6342,52
6342,63
6342,72
7475,1
7475,5
7475,35
7475,43
7475,76
7475,97
7475,111
12120,18
12120,27
12120,35
12120,41
12120,52
12669,18
12669,34
12669,35
12669,37
12669,42
12669,48
12669,77
12669,97
6463,1
6463,4
6463,5
6463,9
6463,55
6463,62
6463,75
6463,76
6463,97
6463,111
6463,119
9883,18
9883,20
9883,29
9883,34
9883,35
9883,52
9883,55
9883,63
9883,72
9883,102
5328,35
5328,43
5328,48
5328,63
5328,69
11490,18
11490,23
11490,35
11490,42
11490,43
11490,52
11490,77
11490,97
9954,18
9954,20
9954,34
9954,35
9954,37
9954,42
9954,48
9954,63
9954,72
9954,77
9954,97
3296,1
3296,3
3296,18
3296,22
3296,55
3296,62
12191,18
12191,28
12191,34
12191,35
12191,52
12191,55
12191,102
13219,18
13219,63
13219,69
13219,72
13219,100
3202,54
3202,55
3202,56
3202,63
3202,70
11767,18
11767,25
11767,26
11767,35
11767,42
11767,48
11767,55
11767,63
11767,72
11767,77
11767,97
11767,102
9710,18
9710,20
9710,23
9710,35
9710,41
9710,55
9710,102
14345,55
14345,62
14345,63
14345,64
4212,1
4212,5
4212,8
4212,10
4212,35
4212,43
14384,55
14384,62
14384,74
14384,75
14384,78
14384,97
14384,118
14384,122
14384,126
14384,132
3114,18
3114,35
3114,37
3114,41
3114,42
3114,100
12608,18
12608,34
12608,35
12608,36
12608,52
12608,55
12608,63
12608,70
12608,102
10282,18
10282,20
10282,63
10282,69
10282,77
10282,97
11622,18
11622,24
11622,34
11622,35
11622,39
11622,63
11622,72
12190,18
12190,28
12190,34
12190,35
12190,48
12190,52
12190,55
12190,102
3135,35
3135,37
3135,41
3135,48
3135,55
3135,62
7092,1
7092,5
7092,8
7092,18
7092,19
7092,34
7092,35
7092,52
7092,55
7092,62
7092,63
7092,72
7092,80
7092,81
4786,18
4786,22
4786,35
4786,43
4786,48
4786,63
4786,72
12282,18
12282,29
12282,34
12282,35
12282,44
4791,18
4791,22
4791,35
4791,48
4791,49
4075,1
4075,3
4075,35
4075,43
4075,48
4075,55
4075,62
8975,18
8975,19
8975,23
8975,35
8975,42
8975,63
8975,72
5156,18
5156,54
5156,55
5156,100
5156,102
2708,18
2708,34
2708,35
2708,42
2708,48
2708,52
2708,63
2708,72
4732,18
4732,22
4732,23
4732,29
4732,34
4732,35
4732,52
4732,55
4732,102
5677,1
5677,2
5677,18
5677,22
5677,35
5677,48
10962,18
10962,22
10962,29
10962,34
10962,35
10962,41
13929,35
13929,42
13929,63
13929,72
13929,80
13929,81
12184,18
12184,28
12184,34
12184,35
12184,41
12184,48
12184,52
12184,55
12184,102
2602,18
2602,19
2602,35
2602,37
2602,48
2602,55
2602,62
2602,63
2602,72
7890,1
7890,8
7890,10
7890,18
7890,34
7890,35
7890,37
7890,41
7890,55
7890,63
7890,72
7890,80
7890,81
7890,102
11376,18
11376,23
11376,29
11376,34
11376,35
11376,48
11376,52
11376,55
11376,80
11376,81
11376,102
13008,18
13008,35
13008,37
13008,38
13008,41
13008,52
13008,55
13008,62
13008,77
13008,80
13008,83
13008,97
13008,100
3736,18
3736,34
3736,35
3736,41
3736,55
3736,77
3736,97
3736,102
12352,18
12352,29
12352,35
12352,41
12352,43
12352,48
12352,49
12352,55
12352,102
8807,18
8807,19
8807,21
8807,34
8807,35
8807,42
8807,48
8807,52
8807,63
8807,72
5115,18
5115,35
5115,37
5115,41
5115,52
5115,55
5115,62
5115,63
5115,72
5115,100
9229,18
9229,19
9229,35
9229,37
9229,41
9229,55
9229,62
9229,63
9229,72
9229,80
9229,81
8542,18
8542,19
8542,20
8542,21
8542,23
8542,24
8542,29
8542,34
8542,35
8542,41
8542,48
8542,52
8542,55
8542,63
8542,72
8542,102
9060,18
9060,19
9060,25
9060,34
9060,35
9060,48
9060,63
9060,72
9060,77
9060,97
3693,18
3693,29
3693,35
3693,37
3693,48
3693,55
3693,62
6762,1
6762,4
6762,18
6762,35
6762,37
6762,41
6762,55
6762,62
6762,100
2869,1
2869,4
2869,35
2869,48
2869,52
2869,77
2869,97
10913,18
10913,22
10913,26
10913,35
10913,37
10913,52
10913,55
10913,63
10913,72
10913,102
7763,1
7763,6
7763,35
7763,41
7763,48
7763,80
7763,81
10922,18
10922,22
10922,27
10922,29
10922,31
10922,34
10922,35
10922,37
10922,41
10922,55
10922,58
10922,62
10922,77
10922,97
6724,1
6724,4
6724,18
6724,22
6724,35
6724,55
6724,101
6724,102
12513,18
12513,31
12513,35
12513,41
12513,55
12513,58
10465,18
10465,21
10465,28
10465,34
10465,35
10465,38
10465,40
10465,55
10465,102
2594,18
2594,19
2594,24
2594,35
2594,42
2594,63
2594,72
3303,1
3303,3
3303,35
3303,43
3303,48
3303,52
3303,77
3303,97
13542,35
13542,37
13542,55
13542,62
13542,95
13542,96
14888,76
14888,79
14888,97
14888,111
2977,18
2977,20
2977,35
2977,41
2977,42
2977,48
2977,63
2977,72
10738,18
10738,22
10738,23
10738,28
10738,35
10738,42
10738,55
10738,58
10738,63
10738,72
10738,77
10738,97
12841,18
12841,34
12841,35
12841,42
12841,43
12841,49
12841,55
12841,102
4429,13
4429,14
4429,35
4429,42
7167,1
7167,5
7167,8
7167,35
7167,38
6205,1
6205,3
6205,18
6205,29
6205,35
6205,52
4674,18
4674,21
4674,24
4674,63
4674,72
7154,1
7154,5
7154,8
7154,18
7154,34
7154,35
7154,52
7154,55
7154,102
11758,18
11758,24
11758,55
11758,77
11758,97
11758,102
9827,18
9827,20
9827,25
9827,35
9827,41
9827,63
9827,72
7915,1
7915,8
7915,18
7915,19
7915,35
7915,41
7915,43
7915,63
7915,72
10429,18
10429,21
10429,25
10429,34
10429,55
10429,63
10429,72
10429,102
11706,18
11706,24
11706,35
11706,42
11706,49
11823,18
11823,25
11823,31
11823,63
11823,72
11277,18
11277,23
11277,24
11277,34
11277,35
11277,38
11277,55
11277,63
11277,72
11277,102
4535,18
4535,19
4535,35
4535,49
3914,55
3914,62
3914,74
3914,75
3914,97
3914,112
3914,113
3914,118
3914,120
3914,122
10692,18
10692,21
10692,80
10692,81
8435,13
8435,14
8435,18
8435,29
8435,35
8435,41
8435,55
8435,63
8435,72
8435,102
14822,75
14822,76
14822,97
14822,107
14822,118
14822,119
8973,18
8973,19
8973,23
8973,35
8973,42
14255,35
14255,55
14255,58
14255,63
14255,70
14255,101
6752,1
6752,4
6752,18
6752,34
6752,35
6752,43
6752,48
6752,49
6752,63
6752,72
6460,1
6460,4
6460,5
6460,8
6460,80
6460,83
6450,1
6450,4
6450,5
6450,8
6450,35
6450,43
6450,48
6450,80
6450,81
6927,1
6927,5
6927,6
6927,8
6927,55
6927,63
6927,72
6927,80
6927,81
6927,102
13742,35
13742,41
13742,42
13742,43
6447,1
6447,4
6447,5
6447,8
6447,35
6447,41
6447,55
6447,102
12170,18
12170,28
12170,29
12170,35
12170,48
12170,55
12170,58
12170,62
3349,1
3349,5
3349,6
3349,8
3349,80
3349,83
12308,18
12308,29
12308,34
12308,63
12308,72
12308,80
12308,81
12400,18
12400,29
12400,35
12400,49
12400,52
12400,55
12400,102
7223,1
7223,5
7223,8
7223,55
7223,63
7223,72
7223,76
7223,97
7223,102
7223,111
7653,1
7653,6
7653,10
7653,84
7653,86
4041,1
4041,3
4041,5
4041,80
4041,83
8366,13
8366,14
8366,18
8366,19
8366,35
8366,42
8366,48
8366,63
8366,72
13483,35
13483,37
13483,48
13483,79
9890,18
9890,20
9890,29
9890,35
9890,37
9890,55
9890,102
14866,76
14866,77
14866,78
14866,97
14866,107
14866,130
14866,132
5503,63
5503,65
5503,66
11592,18
11592,24
11592,29
11592,34
11592,63
11592,72
6398,1
6398,4
6398,5
6398,6
6398,8
6398,18
6398,19
6398,35
6398,48
3300,1
3300,3
3300,35
3300,41
13378,35
13378,37
13378,41
13378,52
13378,55
13378,95
13378,96
13378,102
7276,1
7276,5
7276,9
7276,74
7276,76
7276,97
7276,111
7276,120
13629,35
13629,38
13629,49
13629,63
13629,72
13669,35
13669,39
13669,48
13669,55
13669,62
11583,18
11583,24
11583,28
11583,35
11583,47
11583,48
11583,55
11583,102
9846,18
9846,20
9846,25
9846,63
9846,72
9846,77
9846,97
13906,35
13906,42
13906,49
13906,63
13906,72
13906,80
13906,81
11174,18
11174,22
11174,35
11174,41
11174,48
11174,52
11174,55
11174,63
11174,72
11174,102
8999,18
8999,19
8999,24
8999,31
8999,35
8999,55
8999,58
8999,63
8999,72
8999,101
9740,18
9740,20
9740,24
9740,34
9740,35
9740,41
9740,55
9740,102
12217,18
12217,28
12217,54
9454,18
9454,20
9454,21
9454,29
9454,35
9454,37
9454,41
9454,42
9454,48
9454,52
9454,55
9454,63
9454,72
9454,80
9454,81
9454,102
9799,18
9799,20
9799,25
9799,34
9799,35
9799,48
9799,49
9799,52
9799,55
9799,63
9799,72
9799,77
9799,97
9799,102
8547,18
8547,19
8547,20
8547,21
8547,23
8547,29
8547,34
8547,35
8547,41
8547,48
8547,55
8547,63
8547,72
8547,102
8155,1
8155,9
8155,74
8155,80
8155,83
8155,97
8155,122
10810,18
10810,22
10810,23
10810,35
10810,37
10810,52
10810,55
10810,62
10810,74
10810,97
10810,120
6690,1
6690,4
6690,18
6690,19
6690,35
6690,48
6690,55
6690,63
6690,72
6690,102
3655,18
3655,25
3655,35
3655,37
3655,52
3655,63
3655,72
6306,1
6306,3
6306,35
6306,42
6306,43
6306,49
6306,55
6306,62
11876,18
11876,25
11876,34
11876,35
11876,49
11876,55
11876,63
11876,72
11876,102
12611,18
12611,34
12611,35
12611,37
12611,38
12611,41
12611,42
12611,52
12611,63
12611,72
13381,35
13381,37
13381,41
13381,55
13381,58
13381,77
13381,97
12949,18
12949,34
12949,35
12949,52
12949,55
12949,62
12949,63
12949,72
12949,80
12949,81
11690,18
11690,24
11690,35
11690,41
11690,48
12375,18
12375,29
12375,35
12375,43
12375,48
12375,55
12375,62
12375,63
12375,72
12375,80
12375,81
12804,18
12804,34
12804,35
12804,41
12804,48
12804,49
12804,52
12804,55
12804,102
9452,18
9452,20
9452,21
9452,29
9452,34
9452,35
9452,37
9452,41
9452,48
9452,55
9452,63
9452,72
9452,102
4397,1
4397,13
4397,14
4397,63
4397,72
4397,98
5740,1
5740,3
5740,4
5740,5
5740,35
5740,37
5740,80
5740,83
10813,18
10813,22
10813,23
10813,35
10813,41
10813,42
10813,55
10813,63
10813,72
10813,102
8460,13
8460,14
8460,35
8460,37
8460,55
8460,58
3725,18
3725,34
3725,35
3725,37
3725,52
3725,63
3725,72
3119,18
3119,35
3119,40
3119,42
3119,55
3119,100
3119,102
4735,18
4735,22
4735,23
4735,34
4735,35
4735,52
4735,55
4735,62
11113,18
11113,22
11113,35
11113,36
11113,55
11113,102
10091,18
10091,20
10091,35
10091,37
10091,55
10091,62
10091,63
10091,70
10091,72
13727,35
13727,40
13727,48
13727,54
11454,18
11454,23
11454,35
11454,37
11454,41
11454,48
11454,55
11454,58
11454,62
11454,63
11454,72
14190,35
14190,50
14190,54
14190,63
14190,70
7312,1
7312,5
7312,18
7312,19
7312,35
7312,37
7312,41
7312,48
7312,55
7312,62
7312,63
7312,72
2838,1
2838,3
2838,5
2838,80
2838,81
9709,18
9709,20
9709,23
9709,35
9709,41
9709,55
9709,63
9709,72
9709,102
14695,74
14695,76
14695,77
14695,78
14695,97
14695,111
14695,120
14695,132
10584,18
10584,21
10584,35
10584,37
10584,40
10584,47
10584,49
10584,63
10584,70
7284,1
7284,5
7284,10
7284,76
7284,97
7284,111
3185,35
3185,45
3185,48
3185,52
3185,55
3185,102
8838,18
8838,19
8838,22
8838,23
8838,27
8838,29
8838,31
8838,34
8838,35
8838,42
8838,55
8838,63
8838,72
8838,102
8232,1
8232,10
8232,63
8232,69
14514,63
14514,69
14514,72
14514,80
14514,81
11300,18
11300,23
11300,24
11300,35
11300,48
11300,63
11300,72
5592,75
5592,76
5592,78
5592,97
5592,107
5592,112
5592,114
5592,132
13525,35
13525,37
13525,55
13525,62
13525,63
13525,72
13525,79
13525,80
13525,83
3802,35
3802,37
3802,52
3802,55
3802,63
3802,72
3802,102
8590,18
8590,19
8590,20
8590,22
8590,25
8590,34
8590,35
8590,42
8590,55
8590,63
8590,72
8590,77
8590,97
8590,102
9244,18
9244,19
9244,35
9244,37
9244,48
9244,52
8125,1
8125,9
8125,35
8125,52
8125,55
8125,76
8125,77
8125,97
8125,102
8125,107
4162,1
4162,4
4162,35
4162,54
4162,55
4162,58
4162,101
11238,18
11238,22
11238,35
11238,48
11238,63
11238,72
11238,80
11238,81
7609,1
7609,6
7609,8
7609,63
7609,72
7609,80
7609,81
12768,18
12768,34
12768,35
12768,41
12768,42
12768,48
12768,50
12768,55
12768,102
5434,54
5434,55
5434,62
5434,80
5434,83
6533,1
6533,4
6533,6
6533,8
6533,63
6533,72
6533,77
6533,97
13681,35
13681,39
13681,55
13681,62
13681,77
13681,80
13681,83
13681,97
14559,63
14559,72
14559,74
14559,97
14559,122
5801,1
5801,3
5801,4
5801,18
5801,20
5801,35
5801,37
5801,55
5801,62
4530,18
4530,19
4530,35
4530,48
4530,52
4530,55
4530,62
4530,63
4530,72
11216,18
11216,22
11216,35
11216,47
11216,48
11216,77
11216,97
12235,18
12235,29
12235,32
12235,34
14806,75
14806,76
14806,78
14806,97
14806,111
14806,112
14806,113
14806,132
13235,35
13235,36
13235,39
13235,40
13235,48
4603,18
4603,20
4603,34
4603,35
4603,38
3493,18
3493,19
3493,35
3493,37
3493,52
3493,55
3493,62
3493,63
3493,72
7226,1
7226,5
7226,8
7226,55
7226,80
7226,83
7226,102
9632,18
9632,20
9632,22
9632,35
9632,48
9632,50
9632,52
9632,55
9632,63
9632,72
9632,102
2953,18
2953,19
2953,35
2953,37
2953,41
2953,55
2953,63
2953,72
2953,102
4611,18
4611,20
4611,34
4611,35
4611,42
4611,43
4611,48
4611,55
4611,63
4611,72
4611,102
10993,18
10993,22
10993,29
10993,35
10993,48
10993,50
10993,55
10993,102
3234,74
3234,75
3234,79
3234,97
3234,112
3234,113
3234,118
3234,120
3234,122
10510,18
10510,21
10510,30
10510,55
10510,63
10510,72
10510,102
7348,1
7348,5
7348,18
7348,22
7348,34
7348,77
7348,97
4956,18
4956,27
4956,55
4956,63
4956,70
4956,102
7367,1
7367,5
7367,18
7367,24
6399,1
6399,4
6399,5
6399,6
6399,8
6399,18
6399,20
6399,63
6399,72
6399,80
6399,81
14391,55
14391,62
14391,74
14391,75
14391,80
14391,83
14391,97
14391,112
14391,113
14391,118
14391,120
3621,18
3621,23
3621,25
14365,55
14365,62
14365,63
14365,71
14365,72
14365,74
14365,79
14365,80
14365,81
14365,97
14365,122
9412,18
9412,20
9412,21
9412,24
9412,25
9412,35
9412,47
9412,63
9412,72
6234,1
6234,3
6234,18
6234,34
6234,35
6234,48
6234,77
6234,97
7700,1
7700,6
7700,18
7700,21
7700,35
7700,37
7700,55
7700,62
8839,18
8839,19
8839,22
8839,23
8839,27
8839,29
8839,34
8839,35
8839,42
8839,48
8839,55
8839,63
8839,72
8839,102
10454,18
10454,21
10454,27
10454,34
10454,35
10454,37
10454,55
10454,62
10454,75
10454,97
10454,112
10454,113
3001,18
3001,21
3001,35
3001,48
3001,52
3001,55
3001,102
7555,1
7555,6
7555,8
7555,10
7555,35
7555,48
2856,1
2856,4
2856,5
2856,55
2856,63
2856,72
2856,102
2329,1
2329,5
2329,9
2329,76
2329,97
2329,111
8146,1
8146,9
8146,55
8146,78
8146,97
8146,102
8146,132
4002,1
4002,2
4002,77
4002,97
4404,1
4404,54
4404,55
4404,63
4404,70
4404,98
4404,102
6849,1
6849,4
6849,55
6849,61
6849,63
6849,70
9603,18
9603,20
9603,22
9603,34
9603,35
9603,41
9603,42
9603,52
9603,55
9603,63
9603,72
9603,102
6789,1
6789,4
6789,35
6789,41
6789,49
6789,55
6789,62
6789,80
6789,81
12456,18
12456,30
12456,35
12456,43
12456,48
12456,52
12456,55
12456,77
12456,97
12456,102
9853,18
9853,20
9853,27
9853,34
9853,35
9853,37
9853,38
9853,41
9853,42
9853,55
9853,63
9853,72
9853,102
7641,1
7641,6
7641,10
7641,35
7641,52
10274,18
10274,20
10274,55
10274,62
10274,63
10274,72
10274,80
10274,81
7562,1
7562,6
7562,8
7562,13
7562,14
7562,55
7562,62
6258,1
6258,3
6258,35
6258,37
6258,41
6258,55
6258,62
4007,1
4007,3
4007,4
4007,6
4007,8
4007,63
4007,72
11829,18
11829,25
11829,34
11829,35
11829,37
11829,38
11829,48
11829,49
11829,55
11829,62
11829,63
11829,72
12219,18
12219,28
12219,55
12219,62
12219,63
12219,72
6180,1
6180,3
6180,18
6180,24
6180,35
6180,48
9301,18
9301,19
9301,35
9301,42
9301,48
9301,55
9301,63
9301,72
9301,77
9301,97
9301,102
12176,18
12176,28
12176,31
12176,35
12176,37
12176,41
12176,55
12176,102
14100,35
14100,48
14100,52
14100,63
14100,72
14100,80
14100,81
8844,18
8844,19
8844,22
8844,23
8844,29
8844,34
8844,55
8844,63
8844,72
8844,102
9248,18
9248,19
9248,35
9248,37
9248,55
9248,62
9742,18
9742,20
9742,24
9742,34
9742,35
9742,42
9742,48
9742,49
9742,63
9742,72
7121,1
7121,5
7121,8
7121,18
7121,22
7121,35
7121,48
7121,52
9492,18
9492,20
9492,21
9492,35
9492,37
9492,52
9492,55
9492,62
9492,63
9492,72
11957,18
11957,25
11957,35
11957,42
11957,48
11957,49
11957,52
9463,18
9463,20
9463,21
9463,34
9463,35
9463,37
9463,38
9463,41
9463,42
9463,55
9463,62
9463,63
9463,72
5874,1
5874,3
5874,5
5874,6
5874,8
5874,55
5874,62
4996,18
4996,29
4996,35
4996,52
4996,80
4996,81
14614,74
14614,75
14614,77
14614,97
14614,112
14614,113
14614,118
14614,120
12122,18
12122,27
12122,35
12122,41
12122,55
12122,58
12122,63
12122,72
12122,77
12122,97
14247,35
14247,53
14247,54
14247,55
14247,102
13014,18
13014,35
13014,37
13014,39
13014,40
13014,41
13014,52
13014,55
13014,100
13014,102
7869,1
7869,6
7869,76
7869,80
7869,81
7869,97
7869,111
7270,1
7270,5
7270,9
7270,55
7270,63
7270,70
7270,102
14377,55
14377,62
14377,74
14377,75
14377,76
14377,80
14377,83
14377,97
14377,107
14377,118
14377,122
12393,18
12393,29
12393,35
12393,48
12393,54
12393,55
12393,62
12393,63
12393,72
11184,18
11184,22
11184,35
11184,41
11184,80
11184,83
4117,1
4117,4
4117,5
4117,35
4117,43
4117,55
4117,62
6259,1
6259,3
6259,35
6259,37
6259,41
6259,55
6259,74
6259,97
6259,102
6259,122
13690,35
13690,40
13690,41
13690,42
13690,63
13690,72
8183,1
8183,10
8183,18
8183,20
8183,35
8183,48
8183,55
8183,58
8183,63
8183,72
4999,18
4999,29
4999,35
4999,77
4999,97
4999,101
5070,18
5070,34
5070,35
5070,42
5070,43
5070,63
5070,72
10415,18
10415,21
10415,25
10415,34
10415,35
10415,37
10415,41
10415,63
10415,72
11560,18
11560,24
11560,25
11560,35
11560,37
11560,48
14891,76
14891,84
14891,86
14891,97
14891,111
12060,18
12060,27
12060,28
12060,35
12060,48
13166,18
13166,35
13166,42
13166,47
13166,100
13336,35
13336,37
13336,41
13336,42
13336,48
13336,63
13336,72
5029,18
5029,34
5029,35
5029,37
5029,38
5029,41
10676,18
10676,21
10676,35
10676,52
10676,55
10676,58
4890,18
4890,25
4890,29
4890,55
4890,63
4890,72
4890,102
3966,74
3966,79
3966,97
3966,120
3966,124
9639,18
9639,20
9639,22
9639,35
9639,52
9639,63
9639,72
9639,77
9639,97
6383,1
6383,3
6383,63
6383,70
6383,72
6383,79
10171,18
10171,20
10171,35
10171,42
10171,48
10171,49
10171,52
10171,55
10171,62
10171,63
10171,72
10171,80
10171,81
5362,35
5362,48
5362,52
5362,54
5362,55
5362,62
5362,77
5362,97
4138,1
4138,4
4138,10
4138,35
4138,48
12929,18
12929,34
12929,35
12929,48
12929,63
12929,72
12929,80
12929,83
12932,18
12932,34
12932,35
12932,49
12932,51
6815,1
6815,4
6815,35
6815,43
6815,80
6815,83
12478,18
12478,30
12478,80
12478,81
10213,18
10213,20
10213,35
10213,48
10213,49
10213,55
10213,63
10213,72
10213,102
3611,18
3611,22
3611,35
3611,42
3611,55
3611,77
3611,97
3611,102
10988,18
10988,22
10988,29
10988,35
10988,41
10988,52
10988,55
10988,62
10988,63
10988,72
6352,1
6352,3
6352,35
6352,49
6352,52
6352,63
6352,72
7617,1
7617,6
7617,9
7617,18
7617,23
7617,34
7617,35
7617,42
7617,43
7617,48
7617,52
7617,63
7617,72
7476,1
7476,5
7476,35
7476,43
7476,77
7476,97
7738,1
7738,6
7738,18
7738,35
7738,41
7738,55
7738,63
7738,72
7738,100
7738,102
8744,18
8744,19
8744,20
8744,35
8744,42
8744,48
8744,52
8744,63
8744,72
8744,77
8744,97
7623,1
7623,6
7623,9
7623,55
7623,62
7623,89
7623,96
2421,18
2421,35
2421,37
2421,52
2421,55
2421,62
2421,100
4120,1
4120,4
4120,5
4120,63
4120,69
3766,18
3766,35
3766,37
3766,41
3766,55
3766,62
3766,63
3766,72
3766,100
10209,18
10209,20
10209,35
10209,47
10209,55
10209,62
10209,63
10209,69
10209,72
10209,80
10209,83
9870,18
9870,20
9870,29
9870,31
9870,35
9870,37
9870,48
9870,55
9870,63
9870,72
9870,102
3143,35
3143,37
3143,55
3143,62
3143,77
3143,97
4356,1
4356,8
4356,55
4356,76
4356,77
4356,97
4356,102
4356,111
2991,18
2991,20
2991,35
2991,52
2991,55
2991,62
5148,18
5148,35
5148,42
5148,63
5148,72
5148,80
5148,81
5148,100
11175,18
11175,22
11175,35
11175,41
11175,48
11175,55
11175,62
8407,13
8407,14
8407,18
8407,22
8407,35
8407,48
2579,1
2579,8
2579,35
2579,48
2579,55
2579,102
5220,35
5220,37
5220,55
5220,62
5220,74
5220,79
5220,97
5220,120
5220,122
12815,18
12815,34
12815,35
12815,41
12815,49
12815,52
12815,54
11699,18
11699,24
11699,35
11699,42
11699,43
11699,55
11699,102
12575,18
12575,33
12575,34
12575,35
12575,41
12575,55
12575,102
11392,18
11392,23
11392,30
11392,35
11392,43
11392,52
11392,55
11392,77
11392,97
11392,102
6476,1
6476,4
6476,5
6476,18
6476,22
6476,35
6476,52
6476,55
6476,102
13415,35
13415,37
13415,42
13415,49
13415,55
13415,63
13415,72
13415,77
13415,97
13415,102
8395,13
8395,14
8395,18
8395,21
8395,22
8395,35
8395,37
8395,48
8395,55
8395,102
11190,18
11190,22
11190,35
11190,42
11190,48
11190,52
11111,18
11111,22
11111,35
11111,36
11111,48
10747,18
10747,22
10747,23
10747,29
10747,34
10747,35
10747,38
10747,55
10747,62
10047,18
10047,20
10047,35
10047,37
10047,41
10047,48
10047,52
10047,63
10047,72
12759,18
12759,34
12759,35
12759,40
12759,48
12759,55
12759,63
12759,72
12759,102
13892,35
13892,42
13892,48
13892,55
13892,62
13892,63
13892,72
6807,1
6807,4
6807,35
6807,43
6807,54
6807,55
6807,58
12275,18
12275,29
12275,34
12275,35
12275,42
12275,55
12275,63
12275,72
12275,77
12275,97
12275,102
12362,18
12362,29
12362,35
12362,41
12362,48
12362,77
12362,97
6729,1
6729,4
6729,18
6729,23
6729,35
6729,48
6729,55
6729,62
9502,18
9502,20
9502,21
9502,35
9502,41
9502,55
9502,62
9502,63
9502,72
10110,18
10110,20
10110,35
10110,38
10110,42
10110,49
10110,63
10110,72
14273,54
14273,55
14273,56
14273,59
14273,62
8422,13
8422,14
8422,18
8422,25
8422,35
8422,48
8422,63
8422,72
9012,18
9012,19
9012,24
9012,34
9012,35
9012,48
9012,52
9012,55
9012,63
9012,72
9012,102
12389,18
12389,29
12389,35
12389,48
12389,52
12389,55
12389,62
5020,18
5020,31
5020,35
5020,52
5020,63
5020,72
3577,18
3577,21
3577,34
3577,35
3577,52
3577,63
3577,72
6296,1
6296,3
6296,35
6296,41
6296,43
6296,80
6296,81
4366,1
4366,9
4366,35
4366,37
4366,79
12457,18
12457,30
12457,35
12457,43
12457,52
6379,1
6379,3
6379,55
6379,63
6379,72
6379,80
6379,81
6379,102
12967,18
12967,34
12967,55
12967,57
5697,1
5697,2
5697,55
5697,80
5697,83
5697,102
13788,35
13788,41
13788,43
13788,55
13788,62
13788,63
13788,72
14609,74
14609,75
14609,76
14609,97
14609,111
14609,112
14609,114
14609,120
14118,35
14118,48
14118,55
14118,62
14118,63
14118,72
14118,80
14118,83
4534,18
4534,19
4534,35
4534,48
4534,63
4534,72
4534,80
4534,81
8990,18
8990,19
8990,24
8990,27
8990,29
8990,34
8990,35
8990,41
8990,42
8990,43
8990,48
8990,52
8990,53
8990,55
8990,63
8990,72
8990,102
8154,1
8154,9
8154,74
8154,79
8154,97
8154,120
3016,18
3016,22
3016,35
3016,41
3016,48
3016,55
3016,102
4602,18
4602,20
4602,34
4602,35
4602,37
4602,55
4602,63
4602,72
4602,102
9503,18
9503,20
9503,21
9503,35
9503,42
9503,48
13413,35
13413,37
13413,42
13413,48
13413,63
13413,72
13413,80
13413,83
10469,18
10469,21
10469,28
10469,35
10469,52
10469,55
10469,102
5288,35
5288,41
5288,48
5288,49
5288,55
5288,102
10462,18
10462,21
10462,28
12392,18
12392,29
12392,35
12392,48
12392,54
11880,18
11880,25
11880,34
11880,55
11880,62
7229,1
7229,5
7229,8
7229,63
7229,69
7229,76
7229,97
7229,111
6833,1
6833,4
6833,35
6833,52
6833,55
6833,63
6833,72
6833,102
13565,35
13565,37
13565,74
13565,75
13565,79
13565,80
13565,83
13565,97
13565,112
13565,113
13565,118
13565,120
13565,122
13476,35
13476,37
13476,48
13476,55
13476,80
13476,81
13476,102
8932,18
8932,19
8932,22
8932,35
8932,48
8932,63
8932,72
4689,18
4689,21
4689,34
4689,35
4689,63
4689,72
4689,101
4878,18
4878,24
4878,35
4878,43
4878,48
4878,55
4878,62
13199,18
13199,35
13199,47
13199,48
13199,100
10034,18
10034,20
10034,35
10034,37
10034,38
10034,55
10034,62
10034,74
10034,97
10034,122
8315,1
8315,55
8315,63
8315,70
8315,72
8315,98
8315,102
9107,18
9107,19
9107,29
9107,35
9107,42
9107,48
9107,63
9107,72
14745,74
14745,77
14745,78
14745,97
14745,126
14745,132
2095,35
2095,41
2095,43
2095,52
2095,55
2095,102
8446,13
8446,14
8446,18
8446,34
8446,35
8446,52
12260,18
12260,29
12260,34
12260,35
12260,41
12260,48
12260,52
12260,63
12260,70
14096,35
14096,48
14096,52
14096,55
14096,80
14096,81
14096,102
14074,35
14074,48
14074,49
14074,63
14074,72
14074,80
14074,83
2451,35
2451,41
2451,48
2451,52
2451,77
2451,97
3772,18
3772,35
3772,41
3772,52
3772,55
3772,77
3772,97
3772,100
3772,102
12627,18
12627,34
12627,35
12627,37
12627,39
12627,40
12627,41
12627,48
3217,55
3217,63
3217,69
3217,80
3217,81
3217,102
4440,13
4440,16
4440,35
4440,48
14122,35
14122,48
14122,55
14122,62
14122,76
14122,97
14122,107
3768,18
3768,35
3768,37
3768,48
3768,63
3768,72
3768,100
11109,18
11109,22
11109,34
11109,55
11109,77
11109,97
11109,102
7813,1
7813,6
7813,35
7813,54
7813,55
7813,62
7813,63
7813,72
7813,101
9070,18
9070,19
9070,25
9070,35
9070,52
9070,55
9070,63
9070,72
9070,79
9070,102
6714,1
6714,4
6714,18
6714,20
6714,35
6714,52
6714,55
6714,63
6714,72
6714,102
9343,18
9343,19
9343,35
9343,48
9343,52
9343,55
9343,102
6983,1
6983,5
6983,6
6983,18
6983,23
6983,55
6983,102
9761,18
9761,20
9761,24
9761,35
9761,55
9761,63
9761,72
9761,77
9761,97
9761,101
9761,102
5367,35
5367,48
5367,54
5367,55
5367,77
5367,97
5367,102
2861,1
2861,4
2861,6
2861,63
2861,67
10481,18
10481,21
10481,29
10481,34
10481,35
10481,41
10481,77
10481,80
10481,81
10481,97
9897,18
9897,20
9897,29
9897,35
9897,41
9897,48
6082,1
6082,3
6082,18
6082,19
6082,35
6082,48
6082,63
6082,72
6082,80
6082,81
11024,18
11024,22
11024,31
11024,35
11024,48
11024,55
11024,102
11063,18
11063,22
11063,34
11063,35
11063,41
11063,42
11063,55
11063,102
2988,18
2988,20
2988,35
2988,48
2988,55
2988,62
3804,35
3804,37
3804,55
3804,57
12376,18
12376,29
12376,35
12376,43
12376,48
12376,55
12376,63
12376,72
12376,77
12376,97
12376,102
12715,18
12715,34
12715,35
12715,38
12715,42
12715,48
12715,52
12715,55
12715,62
12715,63
12715,72
11818,18
11818,25
11818,31
11818,34
11818,55
11818,102
6316,1
6316,3
6316,35
6316,43
6316,48
6316,52
6316,55
6316,62
7726,1
7726,6
7726,18
7726,29
7726,34
7726,35
7726,41
7726,43
7726,48
7726,55
7726,63
7726,72
7726,102
9443,18
9443,20
9443,21
9443,25
9443,35
9443,48
9443,63
9443,72
6749,1
6749,4
6749,18
6749,34
6749,35
6749,42
6749,48
6749,49
6749,63
6749,72
11832,18
11832,25
11832,34
11832,35
11832,37
11832,41
11832,48
11832,55
11832,63
11832,72
11832,77
11832,97
11832,102
8076,1
8076,9
8076,18
8076,23
8076,55
8076,62
8076,63
8076,71
9140,18
9140,19
9140,34
9140,35
9140,37
9140,41
9140,55
9140,62
9140,63
9140,72
9973,18
9973,20
9973,34
9973,35
9973,41
9973,42
9973,48
9973,49
9973,55
9973,58
6873,1
6873,4
6873,63
6873,70
6873,72
6873,80
6873,81
10170,18
10170,20
10170,35
10170,42
10170,48
10170,49
11393,18
11393,23
11393,30
11393,35
11393,48
11393,52
6109,1
6109,3
6109,18
6109,20
6109,35
6109,48
6109,63
6109,72
6109,80
6109,81
7898,1
7898,8
7898,10
7898,35
7898,48
7898,55
7898,102
10013,18
10013,20
10013,34
10013,35
10013,48
10013,55
10013,62
14161,35
14161,49
14161,55
14161,62
14161,63
14161,70
13394,35
13394,37
13394,41
13394,63
13394,70
5471,55
5471,62
5471,74
5471,76
5471,97
5471,107
5471,120
5471,122
6279,1
6279,3
6279,35
6279,37
6279,74
6279,97
6279,120
6279,122
10095,18
10095,20
10095,35
10095,37
10095,55
10095,63
10095,69
10095,72
10095,102
8017,1
8017,8
8017,55
8017,74
8017,97
8017,102
8017,120
8017,126
13448,35
13448,37
13448,45
13448,48
9442,18
9442,20
9442,21
9442,25
9442,35
9442,48
9442,55
9442,62
9442,63
9442,72
4994,18
4994,29
4994,35
4994,48
4994,77
4994,97
13117,18
13117,35
13117,41
13117,43
13117,48
13117,100
11178,18
11178,22
11178,35
11178,41
11178,52
11178,55
11178,62
11178,63
11178,72
14047,35
14047,46
14047,55
14047,62
2801,74
2801,75
2801,79
2801,80
2801,83
2801,97
2801,112
2801,113
2801,118
2801,120
3694,18
3694,29
3694,35
3694,37
3694,48
3694,55
3694,102
6002,1
6002,3
6002,6
6002,35
6002,43
6002,63
6002,72
6175,1
6175,3
6175,18
6175,23
6175,55
6175,77
6175,97
6175,102
10430,18
10430,21
10430,25
10430,35
10430,37
10430,40
10430,63
10430,72
5720,1
5720,3
5720,4
5720,5
5720,6
5720,80
5720,81
13395,35
13395,37
13395,41
13395,63
13395,70
13395,80
13395,83
2496,74
2496,75
2496,79
2496,80
2496,83
2496,97
2496,112
2496,113
2496,118
2496,120
2496,122
12326,18
12326,29
12326,35
12326,37
12326,48
12326,55
12326,80
12326,81
12326,102
4449,18
4449,19
4449,20
4449,34
4449,35
4449,42
4449,48
4449,55
4449,63
4449,72
4449,102
4005,1
4005,3
4005,4
4005,5
4005,8
4005,35
4005,43
4005,76
4005,97
4005,111
14027,35
14027,45
14027,48
14027,52
14027,63
14027,72
14027,77
14027,97
14468,55
14468,74
14468,75
14468,80
14468,83
14468,97
14468,102
14468,112
14468,113
14468,122
8806,18
8806,19
8806,21
8806,34
8806,35
8806,42
8806,48
8806,52
8806,55
8806,63
8806,72
8806,102
12854,18
12854,34
12854,35
12854,42
12854,48
12854,52
12854,55
12854,102
5838,1
5838,3
5838,4
5838,35
5838,43
5838,55
5838,58
8983,18
8983,19
8983,23
8983,55
8983,63
8983,72
8983,77
8983,97
8983,102
3215,55
3215,62
3215,74
3215,79
3215,80
3215,83
3215,97
3215,120
3215,122
7436,1
7436,5
7436,35
7436,37
7436,79
5513,63
5513,70
5513,74
5513,97
5513,120
5513,126
7489,1
7489,5
7489,35
7489,50
12078,18
12078,27
12078,31
12078,35
12078,48
12078,55
12078,63
12078,72
12078,77
12078,97
12078,102
9242,18
9242,19
9242,35
9242,37
9242,48
9242,49
9242,63
9242,72
4788,18
4788,22
4788,35
4788,44
4788,55
4788,102
7015,1
7015,5
7015,6
7015,35
7015,43
7015,55
7015,62
7015,63
7015,70
4863,18
4863,24
4863,35
4863,39
4863,63
4863,72
12744,18
12744,34
12744,35
12744,39
12744,52
12744,55
12744,62
6443,1
6443,4
6443,5
6443,8
6443,13
6443,14
6443,35
6443,37
12316,18
12316,29
12316,35
12316,37
12316,39
9228,18
9228,19
9228,35
9228,37
9228,41
9228,55
9228,62
9844,18
9844,20
9844,25
9844,63
9844,69
8923,18
8923,19
8923,22
8923,35
8923,43
8923,52
8923,55
8923,62
8923,63
8923,72
11234,18
11234,22
11234,35
11234,48
11234,55
11234,63
11234,70
11234,102
14141,35
14141,48
14141,76
14141,97
14141,107
12535,18
12535,31
12535,35
12535,48
12535,52
12535,55
12535,63
12535,72
12535,77
12535,97
12535,102
10742,18
10742,22
10742,23
10742,29
10742,31
10742,35
10742,52
10742,55
10742,102
13618,35
13618,38
13618,48
13618,49
13618,55
13618,62
6417,1
6417,4
6417,5
6417,6
6417,18
6417,20
6417,35
6417,38
6417,42
6417,55
6417,63
6417,72
6417,102
12377,18
12377,29
12377,35
12377,43
12377,48
12377,77
12377,97
8602,18
8602,19
8602,20
8602,22
8602,34
8602,35
8602,38
8602,41
8602,52
8602,63
8602,72
4444,18
4444,19
4444,20
4444,21
4444,34
4444,35
4444,42
4444,48
4444,55
4444,63
4444,72
4444,102
9689,18
9689,20
9689,23
9689,34
9689,35
9689,41
9689,42
9689,48
9689,52
9689,55
9689,63
9689,72
9689,102
12536,18
12536,31
12536,35
12536,48
12536,52
12536,63
12536,72
12536,77
12536,97
7937,1
7937,8
7937,18
7937,22
7937,35
7937,43
7937,55
7937,62
10505,18
10505,21
10505,29
10505,55
10505,62
10505,80
10505,81
10505,83
8532,18
8532,19
8532,20
8532,21
8532,22
8532,24
8532,34
8532,35
8532,41
8532,42
8532,48
8532,52
8532,55
8532,63
8532,72
8532,77
8532,97
8532,102
10148,18
10148,20
10148,35
10148,41
10148,48
10148,55
10148,62
10148,63
10148,72
10148,80
10148,83
1544,1
1544,63
1544,72
1544,76
1544,97
1544,98
1544,111
3654,18
3654,25
3654,35
3654,37
3654,48
3654,63
3654,72
6120,1
6120,3
6120,18
6120,21
6120,35
6120,42
6120,43
6120,48
6120,52
6120,63
6120,72
10831,18
10831,22
10831,23
10831,35
10831,44
10831,48
10831,52
10831,63
10831,72
3733,18
3733,34
3733,35
3733,41
3733,48
3733,55
3733,62
6116,1
6116,3
6116,18
6116,21
6116,24
6116,35
6116,48
6116,52
6116,63
6116,72
5814,1
5814,3
5814,4
5814,18
5814,22
5814,55
5814,63
5814,72
5814,102
8333,1
8333,63
8333,72
8333,76
8333,77
8333,97
8333,98
8333,111
7213,1
7213,5
7213,8
7213,54
7213,55
7213,62
8958,18
8958,19
8958,23
8958,32
8958,34
8958,35
8958,38
8958,42
8958,52
8958,55
8958,63
8958,72
8958,102
7496,1
7496,5
7496,54
7496,55
7496,102
8930,18
8930,19
8930,22
8930,35
8930,48
8930,55
8930,62
8930,63
8930,72
8186,1
8186,10
8186,18
8186,20
8186,35
8186,52
8186,55
8186,58
8186,63
8186,72
9616,18
9616,20
9616,22
9616,35
9616,37
9616,41
9616,55
9616,62
9616,63
9616,72
8442,13
8442,14
8442,18
8442,34
8442,35
8442,41
8442,52
9096,18
9096,19
9096,29
9096,34
9096,35
9096,42
9096,48
9096,55
9096,62
9096,63
9096,72
4549,18
4549,20
4549,21
4549,34
4549,35
4549,41
9805,18
9805,20
9805,25
9805,34
9805,55
9805,62
9805,63
9805,72
9805,80
9805,81
7772,1
7772,6
7772,35
7772,43
7772,48
7772,55
7772,62
5892,1
5892,3
5892,5
5892,6
5892,55
5892,76
5892,97
5892,102
5892,111
7248,1
7248,5
7248,9
7248,18
7248,20
7248,35
7248,48
7248,55
7248,58
7248,63
7248,72
9792,18
9792,20
9792,25
9792,34
9792,35
9792,40
9792,42
9792,55
9792,63
9792,72
9792,77
9792,97
9792,102
14524,63
14524,70
14524,71
14524,79
3327,1
3327,4
3327,12
14201,35
14201,51
14201,63
14201,65
14201,69
12808,18
12808,34
12808,35
12808,41
12808,48
12808,52
14632,74
14632,75
14632,78
14632,97
14632,118
14632,119
14632,120
14632,126
14632,132
8608,18
8608,19
8608,20
8608,22
8608,34
8608,35
8608,47
8608,55
8608,58
8608,63
8608,72
4628,18
4628,20
4628,35
4628,37
4628,55
4628,62
10427,18
10427,21
10427,25
10427,34
10427,35
10427,52
4304,1
4304,6
4304,35
4304,37
4304,43
4304,63
4304,72
2779,54
2779,74
2779,97
2779,120
8620,18
8620,19
8620,20
8620,23
8620,24
8620,55
8620,63
8620,72
8620,77
8620,97
8620,102
4712,18
4712,21
4712,35
4712,42
4712,48
4712,52
4712,63
4712,72
7180,1
7180,5
7180,8
7180,35
7180,42
7180,43
7180,52
7180,63
7180,72
10053,18
10053,20
10053,35
10053,37
10053,41
10053,52
10053,55
10053,62
10053,63
10053,72
3287,1
3287,3
3287,6
3287,9
12242,18
12242,29
12242,34
12242,35
12242,37
12242,41
12242,52
12242,55
12242,62
4221,1
4221,5
4221,8
4221,18
4221,34
4221,35
4221,52
4221,55
4221,63
4221,72
4221,102
7433,1
7433,5
7433,35
7433,37
7433,55
7433,63
7433,72
7433,102
12480,18
12480,31
12480,32
13105,18
13105,35
13105,41
13105,42
13105,48
13105,54
13105,63
13105,72
13105,100
8495,13
8495,15
8495,18
8495,21
8495,33
11774,18
11774,25
11774,27
11774,35
11774,41
11774,63
11774,72
3527,18
3527,20
3527,29
3527,35
3527,41
3527,55
3527,63
3527,72
3527,102
4751,18
4751,22
4751,29
4751,34
4751,35
4751,52
8808,18
8808,19
8808,21
8808,34
8808,35
8808,42
8808,48
8808,55
8808,62
8808,63
8808,72
8386,13
8386,14
8386,18
8386,20
8386,35
8386,38
8386,41
8386,42
8386,48
8386,55
8386,63
8386,72
8386,102
6623,1
6623,4
6623,8
6623,35
6623,48
6623,55
6623,102
12441,18
12441,30
12441,35
12441,40
14037,35
14037,45
14037,54
14037,63
14037,70
5132,18
5132,35
5132,41
5132,48
5132,52
5132,100
8181,1
8181,10
8181,18
8181,20
8181,35
8181,37
8181,63
8181,72
9888,18
9888,20
9888,29
9888,35
9888,37
9888,52
9888,63
9888,72
7631,1
7631,6
7631,9
7631,90
7631,96
6466,1
6466,4
6466,5
6466,9
6466,80
6466,81
7692,1
7692,6
7692,18
7692,20
7692,35
7692,38
7692,63
7692,72
3334,1
3334,4
3334,35
3334,43
3334,63
3334,70
6942,1
6942,5
6942,6
6942,9
6942,18
6942,20
6942,55
6942,63
6942,72
6942,102
8913,18
8913,19
8913,22
8913,35
8913,37
8913,52
8913,55
8913,63
8913,72
8913,102
4261,1
4261,5
4261,35
4261,43
4261,48
4261,49
8172,1
8172,10
8172,18
8172,19
8172,35
8172,43
8172,48
8172,63
8172,72
14563,63
14563,72
14563,77
14563,78
14563,97
14563,132
9226,18
9226,19
9226,35
9226,37
9226,41
9226,52
9226,55
9226,58
9226,63
9226,72
11153,18
11153,22
11153,35
11153,38
11153,48
11153,55
11153,63
11153,72
11153,102
7402,1
7402,5
7402,18
7402,34
7402,35
7402,41
7402,55
7402,63
7402,72
7402,102
4297,1
4297,6
4297,13
4297,14
4297,63
4297,72
4523,18
4523,19
4523,35
4523,43
4523,48
4523,52
4523,55
4523,63
4523,72
4523,77
4523,97
4523,102
4921,18
4921,25
4921,35
4921,48
4921,52
4921,55
4921,62
4921,63
4921,72
12708,18
12708,34
12708,35
12708,38
12708,41
12708,55
12708,63
12708,69
12708,102
6911,1
6911,5
6911,6
6911,8
6911,35
6911,42
6911,55
6911,62
5722,1
5722,3
5722,4
5722,5
5722,8
5722,18
5722,20
5722,34
5722,35
5722,43
5722,52
5722,55
5722,63
5722,72
5722,102
8469,13
8469,14
8469,35
8469,41
8469,54
8469,63
8469,69
11480,18
11480,23
11480,35
11480,41
11480,42
11480,48
11480,55
11480,80
11480,81
11480,102
6643,1
6643,4
6643,9
6643,63
6643,70
3759,18
3759,34
3759,55
3759,63
3759,70
3759,72
3759,102
12257,18
12257,29
12257,34
12257,35
12257,41
12257,48
12257,49
12257,52
12257,55
12257,102
11047,18
11047,22
11047,34
11047,35
11047,37
11047,48
11047,50
11047,52
11047,55
11047,62
6922,1
6922,5
6922,6
6922,8
6922,35
6922,52
6922,63
6922,72
8345,1
8345,76
8345,78
8345,97
8345,98
8345,111
8345,132
7751,1
7751,6
7751,35
7751,37
7751,55
7751,62
7751,76
7751,97
7751,111
5921,1
5921,3
5921,5
5921,8
5921,80
5921,81
2893,1
2893,6
2893,8
2893,9
2893,63
2893,72
6425,1
6425,4
6425,5
6425,6
6425,35
6425,52
6425,74
6425,79
6425,97
6425,120
13343,35
13343,37
13343,41
13343,42
13343,55
13343,63
13343,72
13343,102
8696,18
8696,19
8696,20
8696,34
8696,35
8696,41
8696,42
8696,48
8696,55
8696,63
8696,72
8696,102
14528,63
14528,70
14528,74
14528,76
14528,97
14528,111
14528,120
7999,1
7999,8
7999,35
7999,48
7999,52
7999,77
7999,97
6281,1
6281,3
6281,35
6281,38
6281,41
6281,55
6281,62
6281,63
6281,72
10323,18
10323,21
10323,22
10323,29
10323,34
10323,35
10323,48
10323,52
6188,1
6188,3
6188,18
6188,25
6188,34
6188,35
6188,41
6188,52
6188,55
6188,62
6188,63
6188,72
11659,18
11659,24
11659,35
11659,37
11659,41
11659,48
11659,52
11659,55
11659,63
11659,72
11659,102
3482,18
3482,19
3482,24
3482,34
3482,55
3482,102
11333,18
11333,23
11333,25
11333,35
11333,63
11333,72
11333,101
10504,18
10504,21
10504,29
10504,35
10504,101
3904,55
3904,62
3904,63
3904,72
3904,76
3904,97
3904,107
7793,1
7793,6
7793,35
7793,48
7793,54
7645,1
7645,6
7645,10
7645,55
7645,63
7645,69
7645,80
7645,81
7645,102
7032,1
7032,5
7032,6
7032,35
7032,55
7032,101
7032,102
10433,18
10433,21
10433,25
10433,35
10433,38
10433,63
10433,72
13531,35
13531,37
13531,55
13531,62
13531,74
13531,75
13531,97
13531,118
13531,120
10984,18
10984,22
10984,29
10984,35
10984,41
6843,1
6843,4
6843,54
6843,55
6843,63
6843,70
6843,77
6843,97
6843,102
10008,18
10008,20
10008,34
10008,35
10008,48
10008,49
10008,52
10008,63
10008,72
10008,77
10008,97
14623,74
14623,75
14623,78
14623,80
14623,83
14623,97
14623,112
14623,113
14623,118
14623,120
14623,132
11147,18
11147,22
11147,35
11147,37
11147,77
11147,97
10509,18
10509,21
10509,30
10509,34
10509,35
10509,48
10509,52
10509,55
10509,102
14028,35
14028,45
14028,48
14028,54
14028,55
14028,62
6675,1
6675,4
6675,13
6675,14
6675,80
6675,83
3663,18
3663,25
3663,35
3663,49
3663,52
7129,1
7129,5
7129,8
7129,18
7129,25
10636,18
10636,21
10636,35
10636,41
10636,47
7004,1
7004,5
7004,6
7004,35
7004,41
7004,43
7004,63
7004,72
5460,55
5460,62
5460,63
5460,70
5460,74
5460,97
5460,120
9487,18
9487,20
9487,21
9487,35
9487,37
9487,38
9487,41
9487,48
9487,55
9487,63
9487,72
9487,102
2534,1
2534,3
2534,18
2534,20
2534,35
2534,48
2534,55
2534,63
2534,72
2534,102
8209,1
8209,10
8209,35
8209,37
8209,52
8209,55
8209,62
8209,63
8209,72
8209,80
8209,83
12075,18
12075,27
12075,30
12075,35
12075,52
12075,55
12075,102
4867,18
4867,24
4867,35
4867,41
4867,48
4867,55
4867,102
8706,18
8706,19
8706,20
8706,34
8706,35
8706,42
8706,48
8706,63
8706,72
8706,77
8706,97
13268,35
13268,36
13268,48
13268,55
13268,62
8813,18
8813,19
8813,21
8813,34
8813,35
8813,52
8813,63
8813,72
7723,1
7723,6
7723,18
7723,28
7723,35
7723,41
7723,55
7723,102
11192,18
11192,22
11192,35
11192,42
11192,48
11192,52
11192,63
11192,72
10603,18
10603,21
10603,35
10603,38
10603,41
10603,48
10603,55
10603,77
10603,97
10603,102
11090,18
11090,22
11090,34
11090,35
11090,48
11090,63
11090,72
5899,1
5899,3
5899,5
5899,8
5899,10
8434,13
8434,14
8434,18
8434,29
8434,35
8434,37
8434,52
8434,55
8434,62
8434,63
8434,72
7404,1
7404,5
7404,18
7404,34
7404,35
7404,43
7056,1
7056,5
7056,6
7056,76
7056,77
7056,97
7056,107
7056,111
13884,35
13884,42
13884,48
13884,50
13884,52
13884,63
13884,72
13884,77
13884,97
12622,18
12622,34
12622,35
12622,37
12622,38
12622,48
12622,63
12622,72
7254,1
7254,5
7254,9
7254,35
7254,37
7254,52
7254,54
7254,55
7254,62
3650,18
3650,25
3650,34
3650,35
3650,42
2896,1
2896,6
2896,8
2896,63
2896,72
2896,76
2896,97
2896,111
4566,18
4566,20
4566,23
4566,34
4566,35
4566,42
4566,48
4566,52
4566,55
4566,63
4566,72
4566,102
13251,35
13251,36
13251,42
13251,48
13251,55
13251,102
9649,18
9649,20
9649,23
9649,24
9649,34
9649,35
9649,42
9649,63
9649,72
9649,77
9649,97
9678,18
9678,20
9678,23
9678,29
9678,35
9678,37
9678,48
9678,63
9678,72
6207,1
6207,3
6207,18
6207,29
6207,55
6207,102
9592,18
9592,20
9592,22
9592,29
9592,35
9592,48
9592,63
9592,72
13137,18
13137,35
13137,41
13137,52
13137,54
13137,55
13137,63
13137,72
13137,100
13137,102
13956,35
13956,43
13956,48
13956,63
13956,72
13956,77
13956,97
3322,1
3322,4
3322,6
3322,77
3322,97
8910,18
8910,19
8910,22
8910,35
8910,37
8910,41
8910,42
8910,48
8910,55
8910,63
8910,72
8910,102
9444,18
9444,20
9444,21
9444,25
9444,35
9444,52
9444,63
9444,72
10704,18
10704,22
10704,23
10704,24
10704,35
10704,41
10704,55
10704,102
10077,18
10077,20
10077,35
10077,37
10077,48
10077,52
10077,55
10077,63
10077,72
10077,75
10077,97
10077,102
10077,118
10653,18
10653,21
10653,35
10653,42
10653,48
10653,55
10653,58
10653,63
10653,72
6895,1
6895,5
6895,6
6895,8
6895,18
6895,20
6895,29
6895,34
6895,35
6895,40
6895,41
6895,52
6895,55
6895,63
6895,72
6895,102
8062,1
8062,9
8062,18
8062,20
8062,35
8062,41
7410,1
7410,5
7410,18
7410,34
7410,35
7410,48
7410,55
7410,102
13947,35
13947,43
13947,48
13947,52
13947,63
13947,72
13947,77
13947,97
11553,18
11553,24
11553,25
11553,34
11553,35
11553,42
11553,48
11553,49
11553,63
11553,72
5721,1
5721,3
5721,4
5721,5
5721,8
5721,10
5721,55
5721,102
5378,35
5378,48
5378,55
5378,80
5378,81
5378,102
4164,1
4164,4
4164,54
4164,55
4164,62
4755,18
4755,22
4755,34
4755,35
4755,37
4755,55
4755,102
5248,35
5248,38
5248,55
5248,62
5248,80
5248,81
12435,18
12435,30
12435,34
12435,35
12435,49
12435,52
12435,55
12435,58
13477,35
13477,37
13477,48
13477,63
13477,72
13477,77
13477,97
11705,18
11705,24
11705,35
11705,42
11705,48
11705,77
11705,97
14407,55
14407,62
14407,74
14407,78
14407,79
14407,97
14407,120
14407,132
7217,1
7217,5
7217,8
7217,55
7217,62
7217,63
7217,69
7217,80
7217,81
14786,75
14786,76
14786,77
14786,78
14786,97
14786,107
14786,111
14786,119
14786,132
9155,18
9155,19
9155,34
9155,35
9155,40
9155,41
9155,42
9155,48
9155,52
9155,63
9155,72
2570,1
2570,6
2570,35
2570,43
2570,55
2570,62
6743,1
6743,4
6743,18
6743,30
6743,35
6743,52
6743,55
6743,102
7552,1
7552,6
7552,8
7552,9
7552,10
7552,63
7552,72
14110,35
14110,48
14110,54
14110,55
14110,58
14110,62
14627,74
14627,75
14627,78
14627,97
14627,112
14627,113
14627,120
14627,124
14627,132
11527,18
11527,23
11527,35
11527,48
11527,55
11527,62
11527,80
11527,81
6427,1
6427,4
6427,5
6427,6
6427,55
6427,62
6427,80
6427,81
9707,18
9707,20
9707,23
9707,35
9707,41
9707,48
9707,52
9707,63
9707,72
8074,1
8074,9
8074,18
8074,23
8074,35
8074,42
8074,48
8074,52
8074,55
8074,62
8074,63
8074,72
8074,74
8074,79
8074,80
8074,83
8074,97
8074,120
4133,1
4133,4
4133,8
4133,10
4133,63
4133,72
6333,1
6333,3
6333,35
6333,43
6333,63
6333,70
8915,18
8915,19
8915,22
8915,35
8915,41
8915,42
8915,48
8915,55
8915,63
8915,72
8915,102
10860,18
10860,22
10860,24
10860,34
10860,55
10860,62
10860,63
10860,72
5622,77
5622,80
5622,83
5622,97
8131,1
8131,9
8131,55
8131,62
8131,63
8131,71
8131,79
13264,35
13264,36
13264,45
10084,18
10084,20
10084,35
10084,37
10084,52
10084,63
10084,72
10084,74
10084,75
10084,97
10084,120
13829,35
13829,41
13829,52
13829,55
13829,63
13829,70
13829,102
5945,1
5945,3
5945,5
5945,18
5945,34
5945,35
5945,41
5945,43
5945,48
5945,49
5945,52
5945,55
5945,77
5945,97
5945,102
9065,18
9065,19
9065,25
9065,35
9065,41
9065,48
9065,63
9065,72
5158,18
5158,63
5158,69
5158,100
14562,63
14562,72
14562,76
14562,77
14562,97
14562,107
3882,35
3882,52
3882,63
3882,69
3882,72
10150,18
10150,20
10150,35
10150,41
10150,48
10150,63
10150,72
10150,80
10150,81
13994,35
13994,43
13994,55
13994,62
13994,63
13994,70
13994,77
13994,97
14185,35
14185,50
14185,52
14185,54
14185,55
14185,58
9175,18
9175,19
9175,34
9175,35
9175,42
9175,43
9175,52
9175,55
9175,63
9175,72
9175,102
9823,18
9823,20
9823,25
9823,35
9823,41
9823,43
9823,48
9823,55
9823,63
9823,72
9823,102
11856,18
11856,25
11856,34
11856,35
11856,42
11856,48
11856,55
11856,62
11856,63
11856,72
11856,80
11856,81
9132,18
9132,19
9132,34
9132,35
9132,36
9132,47
9132,52
9132,63
9132,72
4783,18
4783,22
4783,35
4783,42
4783,77
4783,97
3955,74
3955,76
3955,78
3955,97
3955,111
3955,120
3955,122
3955,132
12911,18
12911,34
12911,35
12911,48
12911,49
12911,63
12911,72
8401,13
8401,14
8401,18
8401,21
8401,63
8401,72
4122,1
4122,4
4122,6
4122,8
4122,10
4122,63
4122,72
7502,1
7502,5
7502,55
7502,62
7502,76
7502,77
7502,97
7502,107
13951,35
13951,43
13951,48
13951,55
13951,62
13951,63
13951,70
7488,1
7488,5
7488,35
7488,48
7488,78
7488,97
7488,132
6705,1
6705,4
6705,18
6705,20
6705,34
6705,35
6705,41
6705,48
6705,63
6705,72
14474,55
14474,74
14474,80
14474,83
14474,97
14474,102
14474,120
14474,122
13785,35
13785,41
13785,43
13785,54
12167,18
12167,28
12167,29
12167,35
12167,37
12167,39
12167,52
8826,18
8826,19
8826,21
8826,35
8826,48
8826,55
8826,62
3158,35
3158,40
3158,48
3158,77
3158,97
11297,18
11297,23
11297,24
11297,35
11297,48
11297,55
11297,63
11297,72
11297,102
7668,1
7668,6
7668,18
7668,19
7668,22
7668,35
7668,42
7668,43
7668,48
7668,52
7668,77
7668,97
2839,1
2839,3
2839,6
2839,8
2839,10
8700,18
8700,19
8700,20
8700,34
8700,35
8700,41
8700,55
8700,63
8700,72
8700,102
12922,18
12922,34
12922,35
12922,48
12922,52
12922,63
12922,72
12922,77
12922,97
10422,18
10422,21
10422,25
10422,34
10422,35
10422,43
10422,48
10422,63
10422,72
3024,18
3024,23
3024,24
3024,35
3024,48
9597,18
9597,20
9597,22
9597,34
9597,35
9597,37
9597,38
9597,39
9597,52
9597,55
9597,63
9597,72
9597,102
6904,1
6904,5
6904,6
6904,8
6904,18
6904,35
6904,41
6904,100
9266,18
9266,19
9266,35
9266,41
9266,42
9266,63
9266,72
9781,18
9781,20
9781,25
9781,31
9781,34
9781,35
9781,48
9781,52
9781,63
9781,72
9781,77
9781,97
7803,1
7803,6
7803,35
7803,52
7803,54
7803,55
7803,102
11132,18
11132,22
11132,35
11132,37
11132,43
11132,48
11132,52
11132,54
11132,77
11132,97
7014,1
7014,5
7014,6
7014,35
7014,43
7014,55
7014,62
10887,18
10887,22
10887,25
10887,34
10887,35
10887,41
10887,48
10887,52
10887,55
10887,63
10887,72
10887,102
13104,18
13104,35
13104,41
13104,42
13104,48
13104,52
13104,55
13104,63
13104,72
13104,100
13104,102
6826,1
6826,4
6826,35
6826,48
6826,55
6826,58
6826,63
6826,70
10823,18
10823,22
10823,23
10823,35
10823,42
10823,48
10823,63
10823,72
10440,18
10440,21
10440,25
10440,35
10440,48
10440,52
4626,18
4626,20
4626,35
4626,37
4626,48
4626,55
4626,62
14551,63
14551,71
14551,74
14551,75
14551,79
14551,80
14551,83
14551,97
14551,112
14551,113
14551,120
14551,122
9729,18
9729,20
9729,24
9729,25
9729,35
9729,47
9729,63
9729,72
4303,1
4303,6
4303,35
4303,37
4303,38
4303,55
4303,102
14325,55
14325,57
14325,61
14325,63
14325,70
9478,18
9478,20
9478,21
9478,34
9478,35
9478,48
9478,49
9478,55
9478,63
9478,72
9478,102
10620,18
10620,21
10620,35
10620,40
10620,42
10620,49
10620,52
10620,55
10620,62
10620,63
10620,72
10620,77
10620,80
10620,81
10620,83
10620,97
12369,18
12369,29
12369,35
12369,41
12369,55
12369,77
12369,97
12369,102
13850,35
13850,41
13850,55
13850,63
13850,69
13850,80
13850,81
13850,102
13454,35
13454,37
13454,46
13454,55
13454,102
3021,18
3021,22
3021,35
3021,52
3021,55
3021,62
3021,63
3021,72
8770,18
8770,19
8770,20
8770,35
8770,52
8770,54
8770,55
8770,63
8770,72
8770,102
4711,18
4711,21
4711,35
4711,42
4711,48
10419,18
10419,21
10419,25
10419,34
10419,35
10419,42
10419,48
10419,52
10419,55
10419,63
10419,72
10419,102
7847,1
7847,6
7847,55
7847,91
7847,95
7847,96
7847,102
8759,18
8759,19
8759,20
8759,35
8759,43
8759,63
8759,72
6794,1
6794,4
6794,35
6794,41
6794,54
8357,13
8357,14
8357,16
8357,79
8916,18
8916,19
8916,22
8916,35
8916,41
8916,42
8916,48
8916,55
8916,102
7840,1
7840,6
7840,55
7840,76
7840,97
7840,102
7840,107
9310,18
9310,19
9310,35
9310,42
9310,63
9310,72
9310,77
9310,97
14275,54
14275,55
14275,56
14275,61
14275,63
14275,70
7783,1
7783,6
7783,35
7783,43
7783,84
7783,86
4320,1
4320,6
4320,55
4320,62
4320,63
4320,72
4320,76
4320,97
4320,107
4438,13
4438,15
4438,63
4438,72
13869,35
13869,42
13869,43
13869,49
13869,55
13869,77
13869,97
13869,102
13908,35
13908,42
13908,50
8138,1
8138,9
8138,55
8138,62
8138,84
8138,105
5314,35
5314,42
5314,49
5314,52
5314,55
5314,102
10024,18
10024,20
10024,35
10024,36
10024,52
10024,63
10024,72
13397,35
13397,37
13397,41
13397,74
13397,97
13397,120
14469,55
14469,74
14469,75
14469,80
14469,83
14469,97
14469,102
14469,118
14469,120
8789,18
8789,19
8789,21
8789,24
8789,34
8789,35
8789,40
8789,42
8789,48
8789,55
8789,63
8789,72
8789,102
5458,55
5458,62
5458,63
5458,65
7057,1
7057,5
7057,6
7057,76
7057,97
7057,107
9037,18
9037,19
9037,24
9037,35
9037,48
9037,55
9037,63
9037,72
9037,102
6185,1
6185,3
6185,18
6185,25
6185,27
6185,63
6185,72
10524,18
10524,21
10524,34
10524,35
10524,37
10524,41
10824,18
10824,22
10824,23
10824,35
10824,42
10824,48
10824,77
10824,97
12165,18
12165,28
12165,29
12165,34
12165,35
12165,48
10295,18
10295,21
10295,22
10295,23
10295,24
10295,29
10295,31
10295,34
10295,35
10295,43
10295,48
10295,55
10295,62
10295,63
10295,72
10295,80
10295,83
6836,1
6836,4
6836,35
6836,54
6836,55
6836,101
6836,102
5606,75
5606,80
5606,81
5606,83
5606,97
5606,119
13879,35
13879,42
13879,47
13879,48
13879,77
13879,97
14577,74
14577,75
14577,76
14577,78
14577,97
14577,107
14577,112
14577,113
14577,118
14577,122
14577,132
5083,18
5083,34
5083,35
5083,45
5083,55
5083,102
6579,1
6579,4
6579,6
6579,35
6579,48
6579,55
6579,62
6579,63
6579,72
13482,35
13482,37
13482,48
13482,78
13482,97
13482,132
12436,18
12436,30
12436,34
12436,35
12436,52
12436,55
12436,80
12436,81
12436,102
6952,1
6952,5
6952,6
6952,9
6952,63
6952,67
6952,91
6952,96
9358,18
9358,19
9358,35
9358,49
9358,55
9358,63
9358,72
9358,102
3097,18
3097,34
3097,35
3097,38
3097,40
7652,1
7652,6
7652,10
7652,80
7652,81
10441,18
10441,21
10441,25
10441,35
10441,48
10441,52
10441,63
10441,72
7969,1
7969,8
7969,35
7969,36
7969,41
7969,48
7969,55
7969,102
9679,18
9679,20
9679,23
9679,29
9679,35
9679,52
9679,63
9679,72
10155,18
10155,20
10155,35
10155,41
10155,52
10155,54
10155,55
10155,63
10155,72
10155,77
10155,97
10155,102
4873,18
4873,24
4873,35
4873,42
4873,48
4873,63
4873,72
10406,18
10406,21
10406,25
10406,29
10406,34
10406,35
10406,48
10406,55
10406,102
7521,1
7521,5
7521,55
7521,80
7521,81
7521,102
9809,18
9809,20
9809,25
9809,35
9809,37
9809,41
9809,55
9809,62
9809,63
9809,72
7736,1
7736,6
7736,18
7736,34
7736,35
7736,52
7736,63
7736,72
6769,1
6769,4
6769,35
6769,37
6769,41
6769,55
6769,62
10219,18
10219,20
10219,35
10219,48
10219,52
10219,63
10219,69
10219,72
8265,1
8265,35
8265,37
8265,55
8265,62
8265,63
8265,70
8265,79
8265,98
13156,18
13156,35
13156,41
13156,74
13156,97
13156,100
13156,122
3836,35
3836,42
3836,43
3836,55
3836,62
7505,1
7505,5
7505,55
7505,62
7505,77
7505,97
13849,35
13849,41
13849,55
13849,62
13849,77
13849,80
13849,83
13849,97
13856,35
13856,41
13856,63
13856,70
13856,76
13856,97
13856,111
10482,18
10482,21
10482,29
10482,34
10482,35
10482,48
10482,52
10482,55
10482,63
10482,72
10482,102
8680,18
8680,19
8680,20
8680,29
8680,35
8680,37
8680,42
8680,52
8680,55
8680,63
8680,72
8680,102
4197,1
4197,5
4197,6
4197,35
4197,43
4197,48
4197,52
9879,18
9879,20
9879,29
9879,34
9879,35
9879,41
9879,63
9879,69
9879,72
9051,18
9051,19
9051,25
9051,31
9051,35
9051,48
9051,55
9051,58
9051,63
9051,72
7438,1
7438,5
7438,35
7438,38
7438,43
3278,1
3278,3
3278,4
3278,35
3278,41
3278,63
3278,72
7006,1
7006,5
7006,6
7006,35
7006,41
7006,80
7006,81
12684,18
12684,34
12684,35
12684,37
12684,49
12684,52
12684,55
12684,62
5098,18
5098,34
5098,35
5098,52
5098,80
5098,83
12166,18
12166,28
12166,29
12166,34
12166,35
12166,48
12166,55
12166,102
5830,1
5830,3
5830,4
5830,35
5830,41
5830,43
5830,55
5830,62
5830,80
5830,81
10114,18
10114,20
10114,35
10114,38
10114,48
10114,55
10114,63
10114,72
10114,102
7370,1
7370,5
7370,18
7370,24
7370,35
7370,48
7370,55
7370,63
7370,72
7370,102
12882,18
12882,34
12882,35
12882,43
12882,48
12882,52
12882,63
12882,72
9231,18
9231,19
9231,35
9231,37
9231,41
9231,80
9231,81
6852,1
6852,4
6852,55
6852,62
6852,63
6852,70
6852,80
6852,81
8466,13
8466,14
8466,35
8466,40
8466,48
5782,1
5782,3
5782,4
5782,9
5782,55
5782,62
7374,1
7374,5
7374,18
7374,25
7374,35
7374,48
7374,52
7374,55
7374,63
7374,72
7374,102
13157,18
13157,35
13157,41
13157,76
13157,97
13157,100
13157,111
12267,18
12267,29
12267,34
12267,35
12267,42
12267,48
13200,18
13200,35
13200,48
13200,49
13200,52
13200,55
13200,63
13200,70
13200,100
13200,102
12273,18
12273,29
12273,34
12273,35
12273,42
12273,48
12273,63
12273,72
3227,63
3227,71
3227,78
3227,97
3227,132
11819,18
11819,25
11819,31
11819,35
11819,41
11819,63
11819,72
5706,1
5706,3
5706,4
5706,5
5706,6
5706,8
5706,9
5706,35
5706,43
5706,48
5706,52
3538,18
3538,20
3538,35
3538,37
3538,38
3538,63
3538,72
5755,1
5755,3
5755,4
5755,5
5755,89
5755,91
5755,96
7761,1
7761,6
7761,35
7761,41
7761,48
3847,35
3847,43
3847,49
3847,53
3847,55
3847,102
5200,35
5200,37
5200,43
5200,52
5200,55
5200,102
8266,1
8266,35
8266,37
8266,55
8266,62
8266,63
8266,71
8266,79
8266,98
2874,1
2874,4
2874,76
2874,77
2874,97
2874,111
5858,1
5858,3
5858,4
5858,55
5858,62
5858,63
5858,72
5858,80
5858,83
10328,18
10328,21
10328,22
10328,29
10328,35
10328,52
10328,55
10328,102
9213,18
9213,19
9213,34
9213,80
9213,81
14284,54
14284,55
14284,58
14284,61
11155,18
11155,22
11155,35
11155,38
11155,55
11155,62
11155,63
11155,72
13160,18
13160,35
13160,42
13160,43
13160,48
13160,63
13160,72
13160,100
6254,1
6254,3
6254,18
6254,55
6254,100
6254,102
9319,18
9319,19
9319,35
9319,43
9319,48
9319,55
9319,102
4632,18
4632,20
4632,35
4632,39
4632,55
4632,102
13305,35
13305,37
13305,38
13305,55
13305,62
13305,79
8709,18
8709,19
8709,20
8709,34
8709,35
8709,48
4092,1
4092,3
4092,63
4092,69
4092,72
8361,13
8361,14
8361,18
8361,19
8361,20
8361,34
8361,35
8361,37
8361,38
8361,41
8361,48
8361,63
8361,72
8361,80
8361,81
9956,18
9956,20
9956,34
9956,35
9956,37
9956,42
9956,63
9956,72
12091,18
12091,27
12091,34
12091,35
12091,42
12091,52
9542,18
9542,20
9542,22
9542,23
9542,35
9542,48
9542,52
9542,55
9542,63
9542,72
9542,102
7694,1
7694,6
7694,18
7694,20
7694,55
7694,62
7694,63
7694,70
7694,72
12277,18
12277,29
12277,34
12277,35
12277,42
12277,55
12277,102
7296,1
7296,5
7296,13
7296,14
7296,77
7296,78
7296,97
7296,132
13830,35
13830,41
13830,52
13830,55
13830,78
13830,97
13830,102
13830,132
5587,74
5587,80
5587,83
5587,97
5587,122
5587,124
6731,1
6731,4
6731,18
6731,23
6731,35
6731,52
12335,18
12335,29
12335,35
12335,37
12335,55
12335,62
12335,75
12335,80
12335,83
12335,97
12335,112
12335,113
12745,18
12745,34
12745,35
12745,39
12745,52
12745,55
12745,102
7966,1
7966,8
7966,18
7966,35
7966,41
7966,48
7966,100
12034,18
12034,26
12034,35
12034,37
12034,52
12034,55
12034,62
11555,18
11555,24
11555,25
11555,34
11555,35
11555,48
11555,63
11555,72
4267,1
4267,5
4267,35
4267,48
4267,49
4267,77
4267,97
13520,35
13520,37
13520,55
13520,62
13520,63
13520,71
13520,72
6761,1
6761,4
6761,18
6761,34
6761,63
6761,72
6274,1
6274,3
6274,35
6274,37
6274,55
6274,63
6274,72
6274,102
14792,75
14792,76
14792,77
14792,97
14792,107
14792,112
14792,113
10165,18
10165,20
10165,35
10165,42
10165,43
10165,48
10165,52
10165,63
10165,72
3908,55
3908,62
3908,74
3908,75
3908,79
3908,97
3908,118
3908,120
3908,122
4174,1
4174,4
4174,63
4174,72
4174,76
4174,97
4174,111
13919,35
13919,42
13919,55
13919,58
13919,63
13919,72
13355,35
13355,37
13355,41
13355,43
13355,55
13355,77
13355,97
13355,102
11044,18
11044,22
11044,34
11044,35
11044,37
11044,42
11044,52
11044,55
11044,58
5151,18
5151,35
5151,48
5151,49
5151,100
9816,18
9816,20
9816,25
9816,35
9816,37
9816,52
9816,63
9816,72
13923,35
13923,42
13923,55
13923,62
13923,80
13923,81
12251,18
12251,29
12251,34
12251,35
12251,37
12251,63
12251,72
12703,18
12703,34
12703,35
12703,38
12703,40
12703,41
12703,42
12703,49
12703,77
12703,97
6251,1
6251,3
6251,18
6251,35
6251,42
6251,55
6251,58
6251,100
3742,18
3742,34
3742,35
3742,42
3742,52
3742,55
3742,62
10167,18
10167,20
10167,35
10167,42
10167,43
10167,55
10167,102
3018,18
3018,22
3018,35
3018,43
3018,52
3018,55
3018,102
12877,18
12877,34
12877,35
12877,43
12877,48
12877,49
12877,54
12877,55
12877,102
13885,35
13885,42
13885,48
13885,50
13885,63
13885,70
7874,1
7874,6
7874,80
7874,81
7874,83
9576,18
9576,20
9576,22
9576,27
9576,29
9576,35
9576,41
9576,42
9576,43
9576,55
9576,63
9576,72
9576,102
11434,18
11434,23
11434,34
11434,35
11434,43
11434,48
11434,49
11434,52
11434,54
11434,55
11434,102
8051,1
8051,9
8051,13
8051,14
8051,77
8051,78
8051,95
8051,96
8051,97
8051,132
6456,1
6456,4
6456,5
6456,8
6456,35
6456,48
6456,53
6456,55
6456,102
8766,18
8766,19
8766,20
8766,35
8766,48
8766,55
8766,58
8766,63
8766,72
7485,1
7485,5
7485,35
7485,48
7485,54
7485,55
7485,102
2101,35
2101,42
2101,52
2101,55
2101,62
14309,54
14309,63
14309,70
14309,76
14309,77
14309,97
14309,107
11849,18
11849,25
11849,34
11849,35
11849,41
11849,49
11849,52
11849,55
11849,63
11849,72
11849,102
13421,35
13421,37
13421,42
13421,55
13421,58
13421,62
13421,63
13421,72
13421,80
13421,83
12832,18
12832,34
12832,35
12832,41
12832,55
12832,63
12832,70
12832,102
6111,1
6111,3
6111,18
6111,20
6111,35
6111,55
6111,58
6111,63
6111,72
6111,80
6111,81
6111,101
11668,18
11668,24
11668,35
11668,37
11668,48
11668,55
11668,62
9091,18
9091,19
9091,29
9091,31
9091,34
9091,35
9091,37
9091,42
9091,49
9091,55
9091,63
9091,72
9091,102
10882,18
10882,22
10882,25
10882,29
10882,35
10882,37
10882,42
10882,63
10882,72
10882,77
10882,97
11220,18
11220,22
11220,35
11220,48
11220,49
11220,63
11220,70
11220,72
12309,18
12309,29
12309,35
12309,36
12309,41
12309,55
12309,63
12309,72
12309,102
6593,1
6593,4
6593,6
6593,63
6593,70
6593,76
6593,97
6593,111
6951,1
6951,5
6951,6
6951,9
6951,55
6951,62
6951,89
6951,96
14330,55
14330,58
14330,63
14330,70
14330,77
14330,97
14456,55
14456,63
14456,69
14456,80
14456,81
14456,83
14456,102
5139,18
5139,35
5139,41
5139,63
5139,70
5139,100
9841,18
9841,20
9841,25
9841,35
9841,49
9841,55
9841,62
9841,63
9841,72
10654,18
10654,21
10654,35
10654,42
10654,48
10654,55
10654,63
10654,72
10654,102
9875,18
9875,20
9875,29
9875,34
9875,35
9875,40
9875,42
9875,43
9875,48
9875,52
9875,55
9875,62
4485,18
4485,19
4485,29
4485,55
4485,102
8533,18
8533,19
8533,20
8533,21
8533,22
8533,24
8533,34
8533,35
8533,42
8533,52
8533,55
8533,58
8533,63
8533,72
8533,77
8533,97
14234,35
14234,52
14234,63
14234,69
10059,18
10059,20
10059,35
10059,37
10059,41
10059,55
10059,63
10059,71
10059,72
10059,79
10059,102
12727,18
12727,34
12727,35
12727,38
12727,49
13747,35
13747,41
13747,42
13747,43
13747,48
13747,55
13747,80
13747,81
13747,102
12298,18
12298,29
12298,34
12298,35
12298,49
12298,55
12298,80
12298,83
12298,102
13243,35
13243,36
13243,41
13243,42
4710,18
4710,21
4710,35
4710,42
4710,43
4710,48
4710,55
4710,63
4710,72
4710,102
14590,74
14590,75
14590,76
14590,97
14590,107
14590,111
14590,112
14590,114
14590,120
14590,122
10265,18
10265,20
10265,35
10265,63
10265,69
10265,101
7044,1
7044,5
7044,6
7044,63
7044,69
7044,80
7044,83
2997,18
2997,21
2997,35
2997,38
2997,41
3356,1
3356,5
3356,6
3356,84
3356,105
11639,18
11639,24
11639,34
11639,35
11639,42
11639,52
11639,55
11639,63
11639,72
11639,102
11058,18
11058,22
11058,34
11058,35
11058,40
11058,42
11058,48
11058,52
11058,63
11058,72
11058,77
11058,97
2554,1
2554,5
2554,8
2554,35
2554,48
2554,55
2554,62
9634,18
9634,20
9634,22
9634,35
9634,48
9634,55
9634,102
7903,1
7903,8
7903,10
7903,80
7903,81
5629,1
5629,2
5629,3
5629,6
5629,8
5629,10
5629,80
5629,81
12240,18
12240,29
12240,34
12240,35
12240,37
12240,39
5420,35
5420,55
5420,58
5420,77
5420,97
5420,101
10981,18
10981,22
10981,29
10981,35
10981,37
10981,49
10981,52
13399,35
13399,37
13399,41
13399,75
13399,97
13399,112
13399,113
11689,18
11689,24
11689,35
11689,41
11689,43
11689,63
11689,72
4365,1
4365,9
4365,35
4365,37
4365,63
4365,72
13124,18
13124,35
13124,41
13124,43
13124,55
13124,63
13124,69
13124,100
13124,102
4262,1
4262,5
4262,35
4262,43
4262,54
4262,55
4262,102
8969,18
8969,19
8969,23
8969,35
8969,37
8969,41
8969,48
8969,52
8969,63
8969,72
8909,18
8909,19
8909,22
8909,35
8909,37
8909,38
8909,42
8909,52
8909,55
8909,62
8909,63
8909,72
8909,77
8909,97
10391,18
10391,21
10391,24
10391,34
10391,35
10391,48
10391,55
10391,62
3281,1
3281,3
3281,5
3281,6
3281,35
3281,43
5851,1
5851,3
5851,4
5851,35
5851,55
5851,79
5851,101
5851,102
11908,18
11908,25
11908,35
11908,37
11908,52
11908,55
11908,62
11908,77
11908,80
11908,81
11908,97
3434,1
3434,8
3434,76
3434,97
3434,107
3434,111
9528,18
9528,20
9528,22
9528,23
9528,29
9528,55
9528,63
9528,72
9528,102
4537,18
4537,19
4537,35
4537,52
4537,54
4537,55
4537,102
9157,18
9157,19
9157,34
9157,35
9157,40
9157,42
9157,48
9157,55
9157,62
9157,63
9157,72
9157,77
9157,97
2428,18
2428,35
2428,42
2428,55
2428,62
2428,63
2428,72
2428,100
11873,18
11873,25
11873,34
11873,35
11873,48
11873,63
11873,72
11873,77
11873,97
14699,74
14699,76
14699,77
14699,97
14699,107
14699,120
14699,122
14699,124
9314,18
9314,19
9314,35
9314,43
9314,48
9314,52
9314,55
9314,62
9314,63
9314,72
7384,1
7384,5
7384,18
7384,28
7384,35
7384,48
7384,55
7384,102
12262,18
12262,29
12262,34
12262,35
12262,41
12262,49
12262,55
12262,102
5495,55
5495,76
5495,77
5495,97
5495,102
5495,107
5495,111
8682,18
8682,19
8682,20
8682,29
8682,35
8682,48
8682,55
8682,63
8682,72
8682,102
13309,35
13309,37
13309,39
13309,40
13309,41
13309,48
8102,1
8102,9
8102,35
8102,37
8102,52
8102,55
8102,62
8102,63
8102,72
8102,79
8102,80
8102,83
13188,18
13188,35
13188,43
13188,48
13188,55
13188,62
13188,100
7052,1
7052,5
7052,6
7052,63
7052,72
7052,91
7052,96
10439,18
10439,21
10439,25
10439,35
10439,48
10439,49
10439,52
10439,63
10439,72
4191,1
4191,5
4191,6
4191,13
4191,14
4191,55
4191,102
7680,1
7680,6
7680,18
7680,19
7680,35
7680,52
7680,63
7680,72
3285,1
3285,3
3285,5
3285,55
3285,63
3285,72
3285,102
10746,18
10746,22
10746,23
10746,29
10746,34
10746,35
10746,38
10746,41
10746,42
10746,48
10746,55
10746,58
10746,63
10746,72
8087,1
8087,9
8087,18
8087,29
8087,31
8087,35
8087,48
8087,55
8087,102
6183,1
6183,3
6183,18
6183,24
6183,35
6183,63
6183,72
6183,101
4888,18
4888,24
4888,63
4888,69
4888,72
14848,75
14848,78
14848,97
14848,112
14848,113
14848,131
11388,18
11388,23
11388,29
11388,35
11388,48
11388,55
11388,62
12695,18
12695,34
12695,35
12695,37
12695,55
12695,63
12695,69
12695,102
10070,18
10070,20
10070,35
10070,37
10070,43
10070,55
10070,63
10070,72
10070,102
6998,1
6998,5
6998,6
6998,35
6998,37
6998,55
6998,62
6998,63
6998,72
5632,1
5632,2
5632,3
5632,8
5632,35
5632,37
5632,41
5632,55
5632,102
7658,1
7658,6
7658,13
7658,14
7658,35
7658,40
7658,63
7658,71
9330,18
9330,19
9330,35
9330,43
9330,55
9330,62
9330,63
9330,72
12634,18
12634,34
12634,35
12634,37
12634,41
12634,42
12634,43
12634,49
12634,54
12634,55
12634,63
12634,72
12634,102
3591,18
3591,22
3591,23
3591,35
3591,48
3591,52
7843,1
7843,6
7843,55
7843,84
7843,86
7843,102
12101,18
12101,27
12101,34
12101,35
12101,48
12101,52
2864,1
2864,4
2864,8
2864,63
2864,70
7130,1
7130,5
7130,8
7130,18
7130,25
7130,34
7130,35
7130,48
7130,49
7130,52
7130,63
7130,72
11289,18
11289,23
11289,24
11289,35
11289,42
11289,43
11289,48
11289,55
11289,63
11289,72
11289,77
11289,97
11289,102
11370,18
11370,23
11370,29
11370,34
11370,35
11370,40
11370,41
11370,42
11370,48
11370,52
11370,55
11370,63
11370,72
11370,102
5685,1
5685,2
5685,35
5685,37
5685,55
5685,79
5685,80
5685,83
5685,102
8589,18
8589,19
8589,20
8589,22
8589,25
8589,27
8589,29
8589,34
8589,35
8589,41
8589,42
8589,48
8589,55
8589,63
8589,72
8589,102
6708,1
6708,4
6708,18
6708,20
6708,35
6708,37
6708,52
6708,55
6708,62
6708,63
6708,72
11021,18
11021,22
11021,31
11021,34
11021,35
11021,42
11021,52
11021,55
11021,63
11021,72
11021,102
12651,18
12651,34
12651,35
12651,37
12651,41
12651,48
12651,55
12651,62
12651,79
5364,35
5364,48
5364,52
5364,76
5364,77
5364,97
5364,111
11210,18
11210,22
11210,35
11210,43
11210,55
11210,58
11210,63
11210,72
9795,18
9795,20
9795,25
9795,34
9795,35
9795,41
9795,48
9795,55
9795,62
9795,63
9795,69
9795,72
9795,80
9795,81
8295,1
8295,35
8295,52
8295,54
8295,55
8295,58
8295,98
10789,18
10789,22
10789,23
10789,34
10789,35
10789,42
10789,52
10789,55
10789,58
13989,35
13989,43
13989,54
13989,63
13989,72
13989,77
13989,97
4143,1
4143,4
4143,18
4143,20
4143,35
4143,48
4143,63
4143,72
7131,1
7131,5
7131,8
7131,18
7131,25
7131,35
7131,41
7131,55
7131,63
7131,72
7131,102
6261,1
6261,3
6261,35
6261,37
6261,42
6261,77
6261,97
11372,18
11372,23
11372,29
11372,34
11372,35
11372,41
11372,48
11372,52
11372,55
11372,102
5842,1
5842,3
5842,4
5842,35
5842,48
5842,52
5842,54
5842,55
5842,102
10508,18
10508,21
10508,30
10508,34
10508,35
10508,37
10508,38
10508,41
10508,48
10508,55
10508,62
10508,74
10508,77
10508,97
10508,122
3608,18
3608,22
3608,35
3608,41
3608,42
8900,18
8900,19
8900,22
8900,34
8900,35
8900,41
8900,42
8900,55
8900,63
8900,72
8900,102
6247,1
6247,3
6247,18
6247,35
6247,41
6247,43
6247,100
12269,18
12269,29
12269,34
12269,35
12269,42
12269,48
12269,52
3182,35
3182,43
3182,52
3182,55
3182,58
3182,62
6754,1
6754,4
6754,18
6754,34
6754,35
6754,43
6754,55
6754,63
6754,72
6754,102
8570,18
8570,19
8570,20
8570,21
8570,35
8570,42
8570,43
8570,48
8570,63
8570,72
3610,18
3610,22
3610,35
3610,42
3610,48
3610,63
3610,72
6159,1
6159,3
6159,18
6159,23
6159,24
6159,34
6159,35
6159,48
6159,55
6159,63
6159,72
6159,102
9880,18
9880,20
9880,29
9880,34
9880,35
9880,42
9880,48
9880,52
9880,63
9880,72
6334,1
6334,3
6334,35
6334,43
6334,63
6334,72
6334,80
6334,81
12999,18
12999,35
12999,36
12999,38
12999,42
12999,77
12999,97
12999,100
10856,18
10856,22
10856,24
10856,34
10856,35
10856,42
10856,43
10856,48
10856,52
10856,55
10856,63
10856,72
10856,102
14261,35
14261,55
14261,62
14261,80
14261,83
14261,101
5262,35
5262,39
5262,55
5262,63
5262,72
5262,102
7051,1
7051,5
7051,6
7051,63
7051,72
7051,89
7051,96
12479,18
12479,30
12479,95
12479,96
9308,18
9308,19
9308,35
9308,42
9308,55
9308,62
9308,63
9308,72
9308,80
9308,83
12803,18
12803,34
12803,35
12803,41
12803,48
12803,49
12803,52
10031,18
10031,20
10031,35
10031,37
10031,38
10031,48
10031,55
10031,62
10031,63
10031,72
10031,79
5966,1
5966,3
5966,5
5966,35
5966,48
5966,55
5966,63
5966,70
5966,102
8546,18
8546,19
8546,20
8546,21
8546,23
8546,29
8546,34
8546,35
8546,39
8546,48
8546,52
8546,55
8546,63
8546,72
8546,102
9546,18
9546,20
9546,22
9546,23
9546,35
9546,52
9546,55
9546,102
2995,18
2995,21
2995,29
2995,34
2995,55
2995,102
9471,18
9471,20
9471,21
9471,34
9471,35
9471,41
9471,55
9471,102
9250,18
9250,19
9250,35
9250,38
9250,42
9250,43
9250,55
9250,62
9250,63
9250,72
5906,1
5906,3
5906,5
5906,8
5906,18
5906,26
5906,27
5906,35
5906,63
5906,72
5906,101
12720,18
12720,34
12720,35
12720,38
12720,42
12720,55
12720,62
12720,63
12720,72
12720,80
12720,83
7096,1
7096,5
7096,8
7096,18
7096,19
7096,35
7096,48
7096,54
7096,63
7096,72
8112,1
8112,9
8112,35
8112,41
8112,55
8112,62
8112,79
12026,18
12026,26
12026,34
12026,35
12026,48
12178,18
12178,28
12178,32
5337,35
5337,43
5337,55
5337,80
5337,83
5337,102
8739,18
8739,19
8739,20
8739,35
8739,41
8739,48
8739,63
8739,72
6277,1
6277,3
6277,35
6277,37
6277,63
6277,72
6277,80
6277,81
5206,35
5206,37
5206,48
5206,52
5206,63
5206,72
13802,35
13802,41
13802,48
13802,52
13802,55
13802,63
13802,72
13802,102
2899,1
2899,6
2899,35
2899,41
2899,63
2899,72
4749,18
4749,22
4749,29
4749,34
4749,35
4749,41
4749,55
4749,62
11295,18
11295,23
11295,24
11295,35
11295,48
11295,52
11295,63
11295,72
5893,1
5893,3
5893,5
5893,6
5893,63
5893,72
5893,89
5893,96
6655,1
6655,4
6655,10
6655,54
6655,55
6655,63
6655,70
6655,72
6655,102
13585,35
13585,37
13585,75
13585,97
13585,112
13585,113
13585,118
13043,18
13043,35
13043,37
13043,41
13043,77
13043,97
13043,100
14356,55
14356,62
14356,63
14356,70
14356,74
14356,75
14356,97
14356,118
14356,122
12719,18
12719,34
12719,35
12719,38
12719,42
12719,52
7693,1
7693,6
7693,18
7693,20
7693,35
7693,42
7693,63
7693,72
5121,18
5121,35
5121,38
5121,42
5121,55
5121,63
5121,72
5121,100
5121,102
14775,74
14775,80
14775,81
14775,83
14775,97
14775,120
14775,122
10030,18
10030,20
10030,35
10030,37
10030,38
10030,42
10030,63
10030,72
8519,13
8519,16
8519,63
8519,67
9165,18
9165,19
9165,34
9165,35
9165,41
9165,42
9165,55
9165,63
9165,72
9165,77
9165,97
9165,102
13223,18
13223,80
13223,81
13223,100
10908,18
10908,22
10908,26
10908,30
10908,55
10908,63
10908,72
10908,102
7517,1
7517,5
7517,55
7517,78
7517,97
7517,102
7517,132
8398,13
8398,14
8398,18
8398,21
8398,35
8398,39
14610,74
14610,75
14610,76
14610,97
14610,111
14610,112
14610,114
14610,122
7943,1
7943,8
7943,18
7943,23
7943,35
7943,43
7943,55
7943,102
9494,18
9494,20
9494,21
9494,35
9494,38
9494,41
9494,48
9494,55
9494,63
9494,72
9494,102
8215,1
8215,10
8215,35
8215,43
8215,48
12613,18
12613,34
12613,35
12613,37
12613,38
12613,41
12613,49
12613,52
12613,55
12613,62
12613,63
12613,72
12613,77
12613,79
12613,97
9176,18
9176,19
9176,34
9176,35
9176,42
9176,48
14242,35
14242,52
14242,75
14242,77
14242,97
14242,119
14216,35
14216,52
14216,55
14216,58
14216,80
14216,83
13924,35
13924,42
13924,55
13924,62
13924,80
13924,83
10644,18
10644,21
10644,35
10644,41
10644,52
10644,63
10644,72
5645,1
5645,2
5645,4
5645,35
5645,48
5645,80
5645,81
13700,35
13700,40
13700,42
13700,43
13700,55
13700,77
13700,97
13700,102
14052,35
14052,47
14052,48
14052,55
14052,62
11486,18
11486,23
11486,35
11486,41
11486,48
11486,55
11486,102
4680,18
4680,21
4680,30
7644,1
7644,6
7644,10
7644,55
7644,62
7644,63
7644,72
7644,74
7644,97
7644,122
10585,18
10585,21
10585,35
10585,37
10585,41
10585,48
10585,52
10585,55
10585,62
10585,63
10585,72
7948,1
7948,8
7948,18
7948,25
7948,35
7948,49
7948,52
7948,63
7948,72
11729,18
11729,24
11729,35
11729,44
6478,1
6478,4
6478,5
6478,18
6478,25
6478,35
6478,48
6478,63
6478,72
13953,35
13953,43
13953,48
13953,55
13953,63
13953,70
13953,102
7423,1
7423,5
7423,18
7423,100
10179,18
10179,20
10179,35
10179,42
10179,48
10179,55
10179,63
10179,72
10179,77
10179,97
10179,102
8139,1
8139,9
8139,55
8139,62
8139,89
8139,90
8139,91
8139,96
5875,1
5875,3
5875,5
5875,6
5875,8
5875,55
5875,63
5875,72
5875,80
5875,83
5875,102
3783,35
3783,37
3783,38
3783,52
3783,55
3783,62
6156,1
6156,3
6156,18
6156,22
6156,55
6156,63
6156,70
6156,102
6289,1
6289,3
6289,35
6289,41
6289,42
6289,48
6289,55
6289,102
11133,18
11133,22
11133,35
11133,37
11133,43
11133,48
11133,52
11133,63
11133,72
8612,18
8612,19
8612,20
8612,22
8612,35
8612,48
8612,52
8612,55
8612,63
8612,72
8612,102
11526,18
11526,23
11526,35
11526,48
11526,55
11526,62
11526,63
11526,72
4367,1
4367,9
4367,35
4367,37
4367,80
4367,83
4737,18
4737,22
4737,23
4737,35
4737,41
4737,55
4737,63
4737,72
4737,102
9514,18
9514,20
9514,22
9514,23
9514,25
9514,26
9514,29
9514,34
9514,35
9514,55
9514,63
9514,72
9514,80
9514,81
9514,101
9514,102
3826,35
3826,41
3826,43
3826,53
3826,55
3826,102
14487,55
14487,77
14487,91
14487,96
14487,97
14487,102
10042,18
10042,20
10042,35
10042,37
10042,41
10042,42
10042,55
10042,62
10042,63
10042,72
14537,63
14537,70
14537,76
14537,77
14537,78
14537,97
14537,111
14537,132
5733,1
5733,3
5733,4
5733,5
5733,8
5733,63
5733,70
5837,1
5837,3
5837,4
5837,35
5837,43
5837,50
5837,53
5837,55
5837,62
13407,35
13407,37
13407,42
13407,43
13407,63
13407,72
12853,18
12853,34
12853,35
12853,42
12853,48
12853,52
12853,55
12853,58
12853,80
12853,83
5983,1
5983,3
5983,6
5983,10
5983,35
5983,43
5983,48
10757,18
10757,22
10757,23
10757,29
10757,35
10757,42
10757,48
10757,49
10757,55
10757,63
10757,72
10757,102
12515,18
12515,31
12515,35
12515,42
12515,43
9986,18
9986,20
9986,34
9986,35
9986,41
9986,48
9986,55
9986,63
9986,72
9986,102
7449,1
7449,5
7449,35
7449,41
7449,48
7449,63
7449,72
8661,18
8661,19
8661,20
8661,25
8661,35
8661,42
8661,48
8661,55
8661,63
8661,72
8661,102
14518,63
14518,69
14518,79
14518,80
14518,83
11912,18
11912,25
11912,35
11912,37
11912,55
11912,62
11912,63
11912,72
11912,79
5987,1
5987,3
5987,6
5987,10
5987,63
5987,70
5987,72
6036,1
6036,3
6036,9
6036,35
6036,41
6036,52
6036,55
6036,58
6036,62
6036,80
6036,83
5872,1
5872,3
5872,5
5872,6
5872,8
5872,35
5872,55
5872,63
5872,72
5872,77
5872,97
5872,101
5872,102
5679,1
5679,2
5679,35
5679,37
7232,1
7232,5
7232,8
7232,63
7232,72
7232,76
7232,77
7232,97
7232,111
9336,18
9336,19
9336,35
9336,47
9336,48
7951,1
7951,8
7951,18
7951,26
7951,63
7951,72
11134,18
11134,22
11134,35
11134,37
11134,43
11134,52
11134,55
11134,58
11134,62
4136,1
4136,4
4136,8
4136,54
12835,18
12835,34
12835,35
12835,41
12835,55
12835,80
12835,83
12835,102
5965,1
5965,3
5965,5
5965,35
5965,48
5965,55
5965,62
10240,18
10240,20
10240,35
10240,49
10240,55
10240,62
12750,18
12750,34
12750,35
12750,40
12750,41
12750,48
12750,55
12750,102
13748,35
13748,41
13748,42
13748,43
13748,49
13748,55
13748,102
7137,1
7137,5
7137,8
7137,18
7137,27
7137,63
7137,72
14064,35
14064,48
14064,49
14064,52
14064,63
14064,70
7186,1
7186,5
7186,8
7186,35
7186,43
7186,48
7186,55
7186,80
7186,81
7186,102
11460,18
11460,23
11460,35
11460,37
11460,48
11460,80
11460,83
6049,1
6049,3
6049,11
6773,1
6773,4
6773,35
6773,37
6773,43
6773,55
6773,62
6773,79
6773,80
6773,83
13606,35
13606,38
13606,42
13606,48
13606,55
13606,58
13606,62
7862,1
7862,6
7862,63
7862,72
7862,80
7862,81
9455,18
9455,20
9455,21
9455,29
9455,35
9455,37
9455,41
9455,55
9455,62
10863,18
10863,22
10863,24
10863,35
10863,41
10863,42
10863,43
10863,48
10863,55
10863,63
10863,72
10863,102
6134,1
6134,3
6134,18
6134,22
6134,24
6134,28
6134,29
6134,34
6134,35
6134,41
6134,52
6134,55
6134,77
6134,97
6134,102
11870,18
11870,25
11870,34
11870,35
11870,48
11870,52
11870,55
11870,63
11870,72
11870,77
11870,97
11870,102
12160,18
12160,28
12160,29
12160,31
12160,34
12160,35
12160,43
12160,48
12160,52
12160,55
12160,77
12160,97
12160,102
5210,35
5210,37
5210,52
5210,54
6755,1
6755,4
6755,18
6755,34
6755,35
6755,48
9786,18
9786,20
9786,25
9786,34
9786,35
9786,37
9786,38
9786,41
9786,42
9786,48
9786,52
9786,55
9786,62
9786,63
9786,72
9786,79
14748,74
14748,77
14748,97
14748,120
14748,124
13733,35
13733,40
13733,52
13733,54
13898,35
13898,42
13898,48
13898,79
6529,1
6529,4
6529,6
6529,8
6529,55
6529,62
6529,63
6529,70
6529,71
7746,1
7746,6
7746,35
7746,37
7746,43
7746,79
7779,1
7779,6
7779,35
7779,43
7779,55
7779,63
7779,70
7779,102
14144,35
14144,49
14144,51
14144,52
13674,35
13674,39
13674,50
11357,18
11357,23
11357,28
11357,29
11357,35
11357,55
11357,63
11357,72
11357,101
11357,102
12516,18
12516,31
12516,35
12516,42
12516,48
12516,49
12516,52
10466,18
10466,21
10466,28
10466,34
10466,35
10466,38
10466,48
10466,52
12401,18
12401,29
12401,35
12401,49
12401,52
12401,63
12401,72
7673,1
7673,6
7673,18
7673,19
7673,35
7673,37
7673,52
7673,55
7673,63
7673,70
7673,72
7673,102
8042,1
8042,8
8042,80
8042,81
8042,83
11604,18
11604,24
11604,30
11604,34
11604,35
11604,40
11604,48
11604,52
11604,55
11604,58
11604,62
13385,35
13385,37
13385,41
13385,55
13385,62
13385,77
13385,97
10759,18
10759,22
10759,23
10759,29
10759,35
10759,48
13363,35
13363,37
13363,41
13363,48
13363,55
13363,62
13363,80
13363,81
2956,18
2956,19
2956,35
2956,43
2956,48
2956,52
2956,63
2956,72
8979,18
8979,19
8979,23
8979,35
8979,48
8979,63
8979,72
9083,18
9083,19
9083,27
9083,35
9083,41
9083,42
9083,52
9083,55
9083,102
5962,1
5962,3
5962,5
5962,35
5962,48
5962,52
5962,55
5962,58
7669,1
7669,6
7669,18
7669,19
7669,24
7669,35
7669,41
7669,55
7669,63
7669,72
7669,102
6853,1
6853,4
6853,55
6853,62
6853,63
6853,72
6853,80
6853,83
12686,18
12686,34
12686,35
12686,37
12686,49
12686,55
12686,102
14145,35
14145,49
14145,51
14145,55
14145,102
6828,1
6828,4
6828,35
6828,49
6828,63
6828,70
10189,18
10189,20
10189,35
10189,42
10189,77
10189,97
11848,18
11848,25
11848,34
11848,35
11848,41
11848,48
11848,55
11848,102
13550,35
13550,37
13550,55
13550,74
13550,97
13550,102
13550,122
6454,1
6454,4
6454,5
6454,8
6454,35
6454,43
6454,63
6454,72
6454,80
6454,81
11762,18
11762,24
11762,63
11762,72
11762,80
11762,81
13833,35
13833,41
13833,52
13833,63
13833,70
14895,76
14895,91
14895,96
14895,97
14895,111
4158,1
4158,4
4158,35
4158,48
4158,77
4158,97
5986,1
5986,3
5986,6
5986,10
5986,55
5986,102
10468,18
10468,21
10468,28
10468,35
10468,48
6135,1
6135,3
6135,18
6135,22
6135,28
6135,35
6135,41
6135,43
6135,48
6135,55
6135,77
6135,97
6135,102
9910,18
9910,20
9910,29
9910,35
9910,52
13431,35
13431,37
13431,43
13431,48
13431,55
13431,62
13431,77
13431,97
11408,18
11408,23
11408,34
11408,35
11408,37
11408,41
11408,48
11408,55
11408,62
7933,1
7933,8
7933,18
7933,22
7933,23
7933,34
7933,35
7933,37
7933,41
7933,55
7933,62
7933,63
7933,72
7933,79
7933,80
7933,81
7933,83
13472,35
13472,37
13472,48
13472,55
13472,62
13472,79
13472,80
13472,83
7116,1
7116,5
7116,8
7116,18
7116,22
7116,29
7116,35
7116,48
7116,55
7116,63
7116,72
7116,102
12447,18
12447,30
12447,35
12447,42
12447,43
12447,48
12447,49
12447,52
12489,18
12489,31
12489,34
12489,35
12489,42
12489,52
12489,55
12489,63
12489,72
12489,102
9997,18
9997,20
9997,34
9997,35
9997,42
9997,48
9997,77
9997,97
12905,18
12905,34
12905,35
12905,48
12905,49
12905,52
12905,55
12905,62
4779,18
4779,22
4779,35
4779,41
4779,52
4779,63
4779,72
10750,18
10750,22
10750,23
10750,29
10750,34
10750,35
10750,43
10750,52
10750,55
10750,102
14450,55
14450,63
14450,64
14450,66
14450,102
11808,18
11808,25
11808,29
11808,55
11808,102
6182,1
6182,3
6182,18
6182,24
6182,35
6182,52
6182,63
6182,72
6182,80
6182,81
9665,18
9665,20
9665,23
9665,26
9665,35
9665,52
9665,63
9665,72
7123,1
7123,5
7123,8
7123,18
7123,23
7123,35
7123,52
7123,55
7123,102
13888,35
13888,42
13888,48
13888,52
13888,55
13888,77
13888,97
13888,102
11842,18
11842,25
11842,34
11842,35
11842,41
11842,42
11842,48
11842,63
11842,72
11842,77
11842,97
12662,18
12662,34
12662,35
12662,37
12662,41
12662,55
12662,62
12662,80
12662,81
13958,35
13958,43
13958,48
13958,77
13958,78
13958,97
13958,132
13265,35
13265,36
13265,48
13265,49
13265,55
13265,62
8379,13
8379,14
8379,18
8379,20
8379,29
8379,34
8379,35
8379,37
8379,38
8379,39
8379,41
8379,55
8379,63
8379,72
8379,102
9903,18
9903,20
9903,29
9903,35
9903,48
9903,52
9903,55
9903,63
9903,72
9903,102
8425,13
8425,14
8425,18
8425,25
8425,63
8425,72
8425,77
8425,78
8425,97
8425,132
12328,18
12328,29
12328,35
12328,37
12328,52
12328,55
12328,62
12328,63
12328,72
12328,80
12328,83
14583,74
14583,75
14583,76
14583,79
14583,97
14583,107
14583,118
14583,122
11500,18
11500,23
11500,35
11500,43
11500,48
11500,52
11500,55
11500,63
11500,72
11500,102
7471,1
7471,5
7471,35
7471,43
7471,55
7471,62
7471,76
7471,97
7471,111
9995,18
9995,20
9995,34
9995,35
9995,42
9995,48
9995,52
9995,55
9995,63
9995,72
9995,80
9995,81
9995,102
12201,18
12201,28
12201,35
12201,41
12201,48
12201,52
12201,55
12201,58
8656,18
8656,19
8656,20
8656,25
8656,35
8656,37
8656,42
8656,52
8656,55
8656,63
8656,72
8656,102
12259,18
12259,29
12259,34
12259,35
12259,41
12259,48
12259,52
12259,55
12259,63
12259,72
12259,102
9030,18
9030,19
9030,24
9030,35
9030,41
9030,55
9030,63
9030,72
9030,102
4593,18
4593,20
4593,29
4593,35
4593,48
4593,63
4593,72
9293,18
9293,19
9293,35
9293,42
9293,43
9293,52
9293,55
9293,63
9293,72
9293,102
7474,1
7474,5
7474,35
7474,43
7474,76
7474,97
7474,107
7474,111
8128,1
8128,9
8128,55
8128,62
8128,63
8128,70
8128,71
12906,18
12906,34
12906,35
12906,48
12906,49
12906,52
12906,55
12906,63
12906,70
12906,72
12906,102
8136,1
8136,9
8136,55
8136,62
8136,75
8136,76
8136,97
8136,107
8136,112
8136,113
5346,35
5346,45
5346,63
5346,69
8441,13
8441,14
8441,18
8441,34
8441,35
8441,37
10144,18
10144,20
10144,35
10144,41
10144,47
10144,48
10144,55
10144,63
10144,72
10144,102
10001,18
10001,20
10001,34
10001,35
10001,42
10001,55
10001,63
10001,72
10001,77
10001,97
10001,102
3451,1
3451,35
3451,37
3451,55
3451,62
3451,79
3451,98
11203,18
11203,22
11203,35
11203,43
11203,48
11203,52
8004,1
8004,8
8004,35
8004,52
8004,55
8004,62
9181,18
9181,19
9181,34
9181,35
9181,42
9181,49
6260,1
6260,3
6260,35
6260,37
6260,41
6260,55
6260,80
6260,81
6260,102
10062,18
10062,20
10062,35
10062,37
10062,42
10062,48
10062,52
10062,55
10062,62
10062,63
10062,72
11197,18
11197,22
11197,35
11197,42
11197,52
11102,18
11102,22
11102,34
11102,35
11102,52
11102,55
11102,63
11102,70
11102,102
6045,1
6045,3
6045,10
6045,35
6045,48
6045,55
6045,102
10162,18
10162,20
10162,35
10162,41
10162,63
10162,72
10162,80
10162,81
5024,18
5024,32
5024,34
5024,35
5024,48
5024,52
5024,55
5024,102
12346,18
12346,29
12346,35
12346,39
12346,42
12346,52
12346,55
12346,102
7884,1
7884,7
7884,54
7884,77
7884,97
7255,1
7255,5
7255,9
7255,35
7255,37
7255,55
7255,62
4131,1
4131,4
4131,6
4131,55
4131,63
4131,70
4131,102
5634,1
5634,2
5634,3
5634,10
5634,63
5634,72
6784,1
6784,4
6784,35
6784,40
6784,52
8829,18
8829,19
8829,21
8829,35
8829,48
8829,63
8829,72
7980,1
7980,8
7980,35
7980,41
7980,49
7125,1
7125,5
7125,8
7125,18
7125,24
7125,26
7125,35
7125,43
7125,48
7125,49
7125,52
13388,35
13388,37
13388,41
13388,55
13388,62
13388,79
13388,80
13388,83
11948,18
11948,25
11948,35
11948,41
11948,52
11948,55
11948,62
11948,63
11948,72
12891,18
12891,34
12891,35
12891,43
12891,63
12891,72
12891,76
12891,97
12891,111
9377,18
9377,19
9377,35
9377,63
9377,72
9377,77
9377,97
9377,101
10019,18
10019,20
10019,34
10019,35
10019,52
10019,63
10019,69
10019,72
8764,18
8764,19
8764,20
8764,35
8764,48
8764,52
8764,63
8764,72
11584,18
11584,24
11584,28
11584,35
11584,48
11584,52
11584,55
11584,102
11752,18
11752,24
11752,35
11752,77
11752,97
11752,101
4359,1
4359,8
4359,79
4359,80
4359,83
11322,18
11322,23
11322,25
11322,34
11322,35
11322,41
11322,48
11322,63
11322,72
8980,18
8980,19
8980,23
8980,35
8980,52
14584,74
14584,75
14584,76
14584,80
14584,83
14584,97
14584,107
14584,111
14584,112
14584,113
14584,120
12395,18
12395,29
12395,35
12395,48
12395,55
12395,62
12395,80
12395,81
8720,18
8720,19
8720,20
8720,35
8720,36
8720,63
8720,72
10536,18
10536,21
10536,34
10536,35
10536,38
10536,63
10536,72
9396,18
9396,20
9396,21
9396,22
9396,24
9396,25
9396,29
9396,34
9396,35
9396,37
9396,38
9396,42
9396,48
9396,52
9396,55
9396,63
9396,69
9396,72
9396,102
10487,18
10487,21
10487,29
10487,35
10487,37
10487,41
10487,52
10487,55
10487,62
14124,35
14124,48
14124,55
14124,62
14124,79
11673,18
11673,24
11673,35
11673,37
11673,52
11673,63
11673,72
13639,35
13639,38
13639,55
13639,62
13639,75
13639,97
13639,118
12563,18
12563,32
12563,35
12563,41
12563,55
12563,102
7686,1
7686,6
7686,18
7686,20
7686,24
7686,35
7686,48
7686,55
7686,63
7686,72
7686,102
6535,1
6535,4
6535,6
6535,8
6535,80
6535,81
12705,18
12705,34
12705,35
12705,38
12705,41
12705,42
12705,55
12705,63
12705,72
12705,102
13332,35
13332,37
13332,40
13332,74
13332,97
13332,120
11097,18
11097,22
11097,34
11097,35
11097,50
11097,52
11097,63
11097,70
12912,18
12912,34
12912,35
12912,48
12912,50
2818,75
2818,80
2818,83
2818,97
2818,112
2818,114
11993,18
11993,25
11993,35
11993,48
11993,63
11993,72
11993,80
11993,81
3757,18
3757,34
3757,35
3757,52
3757,55
3757,77
3757,97
3757,102
10772,18
10772,22
10772,23
10772,31
10772,34
10772,35
10772,52
10772,55
10772,102
8652,18
8652,19
8652,20
8652,25
8652,34
8652,35
8652,40
8652,41
8652,43
8652,48
8652,49
8652,52
8652,55
8652,62
8652,63
8652,72
6718,1
6718,4
6718,18
6718,21
6718,35
6718,48
6718,63
6718,72
8094,1
8094,9
8094,18
8094,34
8094,35
8094,37
8094,55
8094,62
4675,18
4675,21
4675,25
4675,34
4675,63
4675,72
13134,18
13134,35
13134,41
13134,48
13134,55
13134,63
13134,72
13134,100
13134,102
8783,18
8783,19
8783,21
8783,22
8783,34
8783,35
8783,37
8783,48
8783,52
8783,63
8783,72
9985,18
9985,20
9985,34
9985,35
9985,41
9985,48
9985,55
9985,62
9985,63
9985,72
4149,1
4149,4
4149,35
4149,37
4149,43
10455,18
10455,21
10455,27
10455,34
10455,35
10455,42
10455,55
10455,102
12826,18
12826,34
12826,35
12826,41
12826,54
12826,55
12826,62
12826,80
12826,81
8835,18
8835,19
8835,22
8835,23
8835,24
8835,29
8835,34
8835,35
8835,41
8835,42
8835,48
8835,55
8835,63
8835,72
8835,102
11282,18
11282,23
11282,24
11282,34
11282,35
11282,48
11282,52
11282,55
11282,102
2853,1
2853,4
2853,5
2853,6
2853,9
7303,1
7303,5
7303,18
7303,19
7303,22
7303,35
7303,52
7303,55
7303,62
7303,63
7303,72
8963,18
8963,19
8963,23
8963,34
8963,35
8963,41
8963,55
8963,63
8963,72
8963,102
9299,18
9299,19
9299,35
9299,42
9299,48
9299,55
9299,58
9299,63
9299,72
8885,18
8885,19
8885,22
8885,29
8885,63
8885,72
6982,1
6982,5
6982,6
6982,18
6982,23
6982,34
6982,35
6982,48
6982,63
6982,72
6982,77
6982,97
14121,35
14121,48
14121,55
14121,62
14121,76
14121,77
14121,97
14121,111
10185,18
10185,20
10185,35
10185,42
10185,49
10185,55
10185,62
10185,63
10185,72
3547,18
3547,20
3547,35
3547,40
3547,48
3547,63
3547,72
10003,18
10003,20
10003,34
10003,35
10003,43
10003,48
10003,49
10003,55
10003,62
7769,1
7769,6
7769,35
7769,42
7769,80
7769,81
6293,1
6293,3
6293,35
6293,41
6293,43
6293,52
6293,55
6293,102
9194,18
9194,19
9194,34
9194,35
9194,48
9194,52
9194,55
9194,58
9194,63
9194,72
9974,18
9974,20
9974,34
9974,35
9974,41
9974,42
9974,48
9974,52
9974,55
9974,62
9974,63
9974,72
7390,1
7390,5
7390,18
7390,29
7390,35
7390,55
7390,63
7390,72
7390,80
7390,81
7390,101
7390,102
6224,1
6224,3
6224,18
6224,34
6224,35
6224,43
6224,49
6224,52
6224,55
6224,102
7026,1
7026,5
7026,6
7026,35
7026,48
7026,77
7026,97
4460,18
4460,19
4460,21
4460,34
4460,35
4460,48
4460,52
4460,55
4460,102
12706,18
12706,34
12706,35
12706,38
12706,41
12706,48
12706,49
12706,52
12706,63
12706,72
2763,35
2763,48
2763,53
2763,55
2763,102
6320,1
6320,3
6320,35
6320,43
6320,49
6320,52
5292,35
5292,41
5292,48
5292,54
5292,55
5292,62
10935,18
10935,22
10935,27
10935,35
10935,42
10935,43
10935,48
10935,55
10935,63
10935,72
10935,80
10935,81
10935,102
9045,18
9045,19
9045,24
9045,63
9045,72
9045,80
9045,81
3717,18
3717,33
3717,35
3717,48
11126,18
11126,22
11126,35
11126,37
11126,41
11126,52
11126,55
11126,102
3555,18
3555,20
3555,35
3555,42
3555,63
3555,72
3555,77
3555,97
5866,1
5866,3
5866,4
5866,79
9984,18
9984,20
9984,34
9984,35
9984,41
9984,48
9984,52
9984,55
9984,62
9984,63
9984,72
14501,63
14501,66
14501,77
14501,78
14501,97
14501,132
11383,18
11383,23
11383,29
11383,35
11383,41
6308,1
6308,3
6308,35
6308,42
6308,43
6308,55
6308,63
6308,72
6308,102
12417,18
12417,29
12417,74
12417,97
12417,122
12986,18
12986,34
12986,63
12986,72
12986,75
12986,97
12986,119
2739,35
2739,37
2739,74
2739,79
2739,97
2739,120
2739,122
12961,18
12961,34
12961,35
12961,55
12961,62
12961,63
12961,72
12961,101
12697,18
12697,34
12697,35
12697,37
12697,55
12697,77
12697,97
12697,102
10173,18
10173,20
10173,35
10173,42
10173,48
10173,49
10173,63
10173,72
8947,18
8947,19
8947,23
8947,25
8947,35
8947,55
8947,63
8947,72
8947,101
8947,102
12399,18
12399,29
12399,35
12399,49
12399,52
12399,55
12399,62
12820,18
12820,34
12820,35
12820,41
12820,50
12820,55
12820,102
228,78
228,97
13790,35
13790,41
13790,43
13790,55
13790,63
13790,70
13790,102
9129,18
9129,19
9129,31
9129,55
9129,102
6633,1
6633,4
6633,8
6633,63
6633,72
6633,80
6633,81
9111,18
9111,19
9111,29
9111,35
9111,48
9111,49
9111,55
9111,63
9111,72
9111,102
12623,18
12623,34
12623,35
12623,37
12623,38
12623,55
12623,62
10365,18
10365,21
10365,23
10365,34
10365,63
10365,72
9406,18
9406,20
9406,21
9406,22
9406,34
9406,35
9406,48
9406,63
9406,72
9406,77
9406,97
11204,18
11204,22
11204,35
11204,43
11204,48
11204,52
11204,55
11204,63
11204,72
11204,102
10384,18
10384,21
10384,24
10384,34
5213,35
5213,37
5213,52
5213,55
5213,62
5213,80
5213,83
13146,18
13146,35
13146,41
13146,55
13146,58
13146,77
13146,97
13146,100
4985,18
4985,29
4985,35
4985,38
4985,48
5282,35
5282,41
5282,42
5282,49
5282,77
5282,97
13274,35
13274,36
13274,52
13274,54
13274,55
13274,58
14305,54
14305,63
14305,65
13719,35
13719,40
13719,43
13719,48
13719,52
12635,18
12635,34
12635,35
12635,37
12635,41
12635,42
12635,48
12635,49
12635,52
12635,55
12635,62
9084,18
9084,19
9084,27
9084,35
9084,43
9084,48
9084,51
10393,18
10393,21
10393,24
10393,34
10393,63
10393,72
5201,35
5201,37
5201,43
5201,55
5201,58
8459,13
8459,14
8459,35
8459,37
8459,54
10186,18
10186,20
10186,35
10186,42
10186,49
10186,55
10186,63
10186,72
10186,102
9262,18
9262,19
9262,35
9262,40
9262,52
9262,55
9262,63
9262,72
9262,102
7041,1
7041,5
7041,6
7041,55
7041,76
7041,77
7041,97
7041,102
7041,111
12349,18
12349,29
12349,35
12349,40
12349,48
12349,49
12349,52
12349,77
12349,80
12349,81
12349,97
10987,18
10987,22
10987,29
10987,35
10987,41
10987,48
10987,55
10987,102
3393,1
3393,5
3393,76
3393,91
3393,96
3393,97
3393,111
5543,74
5543,75
5543,79
5543,80
5543,83
5543,97
5543,112
5543,114
5543,120
6266,1
6266,3
6266,35
6266,37
6266,43
6266,54
6266,55
6266,63
6266,72
6266,102
5377,35
5377,48
5377,55
5377,76
5377,97
5377,102
5377,111
8795,18
8795,19
8795,21
8795,25
8795,63
8795,72
5669,1
5669,2
5669,10
11278,18
11278,23
11278,24
11278,34
11278,35
11278,40
11278,41
11278,42
11278,43
11278,44
11278,48
11278,52
11278,55
11278,63
11278,72
11278,102
6870,1
6870,4
6870,63
6870,69
6870,80
6870,83
5996,1
5996,3
5996,6
5996,35
5996,37
5996,55
5996,62
5996,63
5996,72
2903,1
2903,6
2903,54
2903,55
2903,58
11683,18
11683,24
11683,35
11683,41
11683,43
11683,48
11683,49
11683,54
11683,55
11683,58
11683,63
11683,70
11683,72
9896,18
9896,20
9896,29
9896,35
9896,41
9896,47
9896,48
9896,55
9896,102
9926,18
9926,20
9926,31
9926,35
9926,48
9926,63
9926,72
4936,18
4936,26
4936,35
4936,48
4936,52
4936,55
4936,102
9931,18
9931,20
9931,31
9931,55
9931,102
2497,74
2497,75
2497,79
2497,97
2497,118
2497,120
13631,35
13631,38
13631,52
13631,54
11714,18
11714,24
11714,35
11714,43
11714,45
11714,48
11714,52
5258,35
5258,39
5258,52
5258,55
5258,102
4509,18
4509,19
4509,35
4509,38
4509,55
4509,102
11167,18
11167,22
11167,35
11167,41
11167,43
11167,48
11167,52
11167,55
11167,102
10376,18
10376,21
10376,24
10376,25
10376,29
10376,35
10376,48
10376,49
10376,63
10376,72
8258,1
8258,18
8258,22
8258,35
8258,48
8258,52
8258,55
8258,63
8258,72
8258,98
8258,102
8636,18
8636,19
8636,20
8636,23
8636,35
8636,48
8636,52
8636,55
8636,62
8636,63
8636,72
10386,18
10386,21
10386,24
10386,34
10386,35
10386,37
10386,42
10386,52
10386,55
10386,63
10386,72
10386,102
10154,18
10154,20
10154,35
10154,41
10154,52
12869,18
12869,34
12869,35
12869,42
12869,54
12869,55
12869,102
5341,35
5341,44
5341,77
5341,97
8375,13
8375,14
8375,18
8375,20
8375,22
8375,23
8375,28
8375,29
8375,34
8375,35
8375,37
8375,48
8375,55
8375,63
8375,72
8375,102
14901,77
14901,89
14901,96
14901,97
4029,1
4029,3
4029,5
4029,8
4029,35
4029,48
12135,18
12135,27
12135,35
12135,47
12135,48
12135,55
12135,102
13533,35
13533,37
13533,55
13533,62
13533,74
13533,76
13533,77
13533,97
13533,107
13533,120
11066,18
11066,22
11066,34
11066,35
11066,41
11066,48
11066,49
11066,52
11066,55
11066,62
12391,18
12391,29
12391,35
12391,48
12391,52
12391,77
12391,97
5810,1
5810,3
5810,4
5810,18
5810,22
5810,35
5810,42
5810,52
5810,55
5810,63
5810,72
5810,77
5810,97
5810,102
8725,18
8725,19
8725,20
8725,35
8725,37
8725,43
8725,48
8725,55
8725,63
8725,72
8725,102
10015,18
10015,20
10015,34
10015,35
10015,49
10015,52
10015,63
10015,72
13651,35
13651,39
13651,40
13651,41
13651,52
13651,55
13651,62
10343,18
10343,21
10343,22
10343,35
10343,42
10343,55
10343,80
10343,81
10343,102
12188,18
12188,28
12188,34
12188,35
12188,42
12188,55
12188,63
12188,72
12188,102
8895,18
8895,19
8895,22
8895,34
8895,35
8895,37
8895,48
8895,52
8895,55
8895,62
8895,77
8895,97
9663,18
9663,20
9663,23
9663,25
9663,63
9663,72
5737,1
5737,3
5737,4
5737,5
5737,18
5737,24
5737,55
5737,62
5737,79
14347,55
14347,62
14347,63
14347,68
14347,80
14347,81
14058,35
14058,47
14058,55
14058,62
14058,63
14058,72
11619,18
11619,24
11619,34
11619,35
11619,38
11619,41
11619,42
11619,55
11619,63
11619,72
11619,77
11619,97
11619,102
7408,1
7408,5
7408,18
7408,34
7408,35
7408,48
7408,52
7408,55
7408,63
7408,70
7408,102
10354,18
10354,21
10354,23
10354,25
10354,35
10354,48
10354,55
10354,63
10354,72
10354,102
12069,18
12069,27
12069,29
12069,35
12069,48
12069,52
13247,35
13247,36
13247,41
13247,52
13247,55
13247,102
9836,18
9836,20
9836,25
9836,35
9836,48
7111,1
7111,5
7111,8
7111,18
7111,21
6940,1
6940,5
6940,6
6940,9
6940,13
6940,14
6940,18
6940,35
6940,41
6940,55
6940,62
6940,100
14664,74
14664,75
14664,97
14664,112
14664,113
14664,114
14664,118
14664,120
14664,124
8687,18
8687,19
8687,20
8687,34
8687,35
8687,37
8687,40
8687,41
8687,42
8687,52
8687,55
8687,62
8687,63
8687,72
7824,1
7824,6
7824,55
7824,57
5188,35
5188,37
5188,40
5188,52
5188,55
5188,62
3503,18
3503,19
3503,35
3503,49
3503,52
3503,63
3503,72
11905,18
11905,25
11905,35
11905,37
11905,43
11905,48
11905,55
11905,102
13236,35
13236,36
13236,39
13236,41
13236,48
13776,35
13776,41
13776,43
13776,48
13776,53
13776,55
13776,102
3181,35
3181,43
3181,52
3181,53
3181,55
3181,62
10563,18
10563,21
10563,34
10563,35
10563,48
10563,55
10563,62
11146,18
11146,22
11146,35
11146,37
11146,63
11146,72
8107,1
8107,9
8107,35
8107,37
8107,55
8107,74
8107,97
8107,102
8107,120
10576,18
10576,21
10576,35
10576,36
10576,48
3411,1
3411,6
3411,55
3411,62
3411,80
3411,81
5293,35
5293,41
5293,48
5293,55
5293,77
5293,97
5293,102
13871,35
13871,42
13871,43
13871,52
13871,55
13871,77
13871,97
13871,102
10174,18
10174,20
10174,35
10174,42
10174,48
10174,52
11485,18
11485,23
11485,35
11485,41
11485,48
11485,52
11485,63
11485,69
13576,35
13576,37
13576,74
13576,75
13576,97
13576,112
13576,113
13576,118
13576,122
7577,1
7577,6
7577,8
7577,35
7577,37
7577,43
7577,63
7577,72
4309,1
4309,6
4309,35
4309,37
4309,63
4309,72
8871,18
8871,19
8871,22
8871,25
8871,29
8871,35
8871,46
8871,48
8871,52
8871,55
8871,63
8871,72
8871,102
4369,1
4369,9
4369,35
4369,48
4369,52
11805,18
11805,25
11805,29
11805,35
11805,52
11805,55
11805,63
11805,72
11805,102
12125,18
12125,27
12125,35
12125,42
12125,48
12125,52
14272,54
14272,55
14272,56
14272,59
14272,61
7447,1
7447,5
7447,35
7447,41
7447,48
5490,55
5490,74
5490,77
5490,97
5490,102
5490,120
9838,18
9838,20
9838,25
9838,35
9838,48
9838,52
9838,55
9838,63
9838,72
9838,102
14542,63
14542,70
14542,78
14542,80
14542,81
14542,97
14542,132
11594,18
11594,24
11594,29
11594,35
11594,42
11594,55
11594,62
6854,1
6854,4
6854,55
6854,62
6854,75
6854,80
6854,81
6854,97
6854,119
4375,1
4375,9
4375,74
4375,79
4375,80
4375,83
4375,97
4375,120
4688,18
4688,21
4688,34
4688,35
4688,52
4688,55
4688,62
11499,18
11499,23
11499,35
11499,43
11499,48
11499,50
11499,52
11499,55
11499,63
11499,70
11499,102
4627,18
4627,20
4627,35
4627,37
4627,48
4627,55
4627,102
12027,18
12027,26
12027,34
12027,35
12027,48
12027,55
12027,102
14536,63
14536,70
14536,75
14536,97
14536,112
14536,113
7210,1
7210,5
7210,8
7210,35
7210,53
11909,18
11909,25
11909,35
11909,37
11909,52
11909,55
11909,63
11909,72
11909,102
10752,18
10752,22
10752,23
10752,29
10752,34
10752,35
10752,48
10752,55
10752,62
4601,18
4601,20
4601,34
4601,35
4601,37
4601,55
4601,62
4601,63
4601,72
6960,1
6960,5
6960,6
6960,10
6960,35
6960,43
6960,55
6960,76
6960,77
6960,97
6960,102
6960,111
13050,18
13050,35
13050,37
13050,50
13050,55
13050,62
13050,100
12084,18
12084,27
12084,34
12084,35
12084,38
12084,52
12084,55
12084,58
7012,1
7012,5
7012,6
7012,35
7012,43
7012,49
11054,18
11054,22
11054,34
11054,35
11054,38
11054,55
11054,63
11054,72
11054,102
2427,18
2427,35
2427,42
2427,52
2427,55
2427,63
2427,72
2427,100
2427,102
10904,18
10904,22
10904,25
10904,55
10904,102
14566,63
14566,72
14566,89
14566,96
12329,18
12329,29
12329,35
12329,37
12329,52
12329,55
12329,62
12329,80
12329,83
10360,18
10360,21
10360,23
10360,31
10360,35
10360,39
10360,52
10360,55
10360,102
5922,1
5922,3
5922,5
5922,9
5922,35
5922,37
5922,55
5922,62
8599,18
8599,19
8599,20
8599,22
8599,34
8599,35
8599,37
8599,41
8599,42
8599,48
8599,55
8599,63
8599,72
8599,102
4944,18
4944,27
4944,34
4944,35
4944,52
6280,1
6280,3
6280,35
6280,37
6280,80
6280,83
3681,18
3681,27
3681,35
3681,48
3681,55
3681,62
7879,1
7879,6
7879,90
7879,91
7879,96
10591,18
10591,21
10591,35
10591,37
10591,41
10591,63
10591,72
11291,18
11291,23
11291,24
11291,35
11291,42
11291,48
11291,49
11291,52
11291,55
11291,102
11791,18
11791,25
11791,29
11791,34
11791,35
11791,48
11791,52
10050,18
10050,20
10050,35
10050,37
10050,41
10050,48
10050,63
10050,72
8887,18
8887,19
8887,22
8887,30
8887,31
8887,35
8887,42
8887,48
8887,52
8887,55
8887,63
8887,72
8887,102
8552,18
8552,19
8552,20
8552,21
8552,25
8552,30
8552,34
8552,35
8552,41
8552,42
8552,52
8552,55
8552,63
8552,72
8552,102
12280,18
12280,29
12280,34
12280,35
12280,43
12280,48
12280,52
12280,55
12280,62
6711,1
6711,4
6711,18
6711,20
6711,35
6711,43
6711,55
6711,63
6711,72
6711,102
13162,18
13162,35
13162,42
13162,43
13162,52
13162,55
13162,63
13162,72
13162,77
13162,97
13162,100
13162,102
6212,1
6212,3
6212,18
6212,34
6212,35
6212,37
6212,41
6212,55
6212,102
12433,18
12433,30
12433,34
12433,35
12433,43
12433,49
12433,52
12433,55
12433,102
12468,18
12468,30
12468,35
12468,48
12468,55
12468,77
12468,97
12468,102
10877,18
10877,22
10877,25
10877,27
10877,35
10877,41
10877,52
10877,55
10877,63
10877,72
10877,102
10793,18
10793,22
10793,23
10793,34
10793,35
10793,45
10793,48
10793,52
10793,55
10793,63
10793,72
10793,102
8529,18
8529,19
8529,20
8529,21
8529,22
8529,23
8529,24
8529,29
8529,34
8529,35
8529,37
8529,41
8529,42
8529,48
8529,55
8529,63
8529,72
8529,102
13895,35
13895,42
13895,48
13895,55
13895,77
13895,97
13895,102
8058,1
8058,9
8058,18
8058,20
8058,25
8058,30
8058,34
8058,35
8058,41
8058,48
8058,52
8058,55
8058,63
8058,72
8058,102
11608,18
11608,24
11608,30
11608,35
11608,48
11608,52
11608,55
11608,63
11608,72
11608,77
11608,97
11608,102
12206,18
12206,28
12206,35
12206,43
12206,55
12206,102
9628,18
9628,20
9628,22
9628,35
9628,42
9628,55
9628,62
9628,63
9628,72
11811,18
11811,25
11811,30
11811,35
11811,55
11811,63
11811,72
11811,101
11811,102
5239,35
5239,38
5239,42
5239,52
5239,55
5239,102
10364,18
10364,21
10364,23
10364,34
10364,55
10364,63
10364,72
10364,102
13809,35
13809,41
13809,49
13809,50
12734,18
12734,34
12734,35
12734,39
12734,41
12734,48
12734,52
12734,55
12734,62
3445,1
3445,10
3445,55
3445,58
10951,18
10951,22
10951,28
10951,34
10951,55
10951,102
12652,18
12652,34
12652,35
12652,37
12652,41
12652,48
12652,55
12652,63
12652,72
12652,102
14332,55
14332,58
14332,80
14332,81
14332,83
13985,35
13985,43
13985,54
13985,55
13985,58
13985,63
13985,70
7780,1
7780,6
7780,35
7780,43
7780,63
7780,70
9933,18
9933,20
9933,32
9933,34
9933,35
9933,42
9933,48
9933,55
9933,62
9933,63
9933,72
9933,80
9933,83
8088,1
8088,9
8088,18
8088,29
8088,34
8088,35
8088,48
3570,18
3570,21
3570,25
3570,55
3570,102
5260,35
5260,39
5260,54
4747,18
4747,22
4747,28
4747,35
4747,52
4747,55
4747,102
5235,35
5235,38
5235,40
5235,48
13064,18
13064,35
13064,38
13064,41
13064,55
13064,62
13064,100
9239,18
9239,19
9239,35
9239,37
9239,43
9239,55
9239,63
9239,72
9239,102
12524,18
12524,31
12524,35
12524,42
12524,77
12524,97
5286,35
5286,41
5286,43
5286,53
10589,18
10589,21
10589,35
10589,37
10589,41
10589,55
10589,102
7811,1
7811,6
7811,35
7811,52
7811,63
7811,72
7811,76
7811,97
7811,111
13021,18
13021,35
13021,37
13021,39
13021,77
13021,97
13021,100
10595,18
10595,21
10595,35
10595,37
10595,42
10595,55
10595,62
10595,80
10595,83
14277,54
14277,55
14277,56
14277,77
14277,97
9944,18
9944,20
9944,34
9944,35
9944,37
9944,41
9944,48
9944,52
9944,55
9944,63
9944,72
9944,102
14032,35
14032,45
14032,49
14032,52
14032,55
14032,62
5185,35
5185,37
5185,39
5185,52
5185,55
5185,62
11088,18
11088,22
11088,34
11088,35
11088,48
11088,55
11088,62
12192,18
12192,28
12192,34
12192,35
12192,55
12192,101
12192,102
7760,1
7760,6
7760,35
7760,41
7760,43
7760,80
7760,81
5670,1
5670,2
5670,10
5670,55
5670,62
5670,63
5670,69
6020,1
6020,3
6020,8
6020,18
6020,19
6020,63
6020,72
13671,35
13671,39
13671,49
13671,52
13671,55
13671,102
4511,18
4511,19
4511,35
4511,41
4511,43
4511,55
4511,63
4511,72
4511,102
5544,74
5544,75
5544,79
5544,80
5544,83
5544,97
5544,118
5544,120
5544,122
9909,18
9909,20
9909,29
9909,35
9909,49
9909,52
9909,63
9909,72
10309,18
10309,21
10309,22
10309,23
10309,35
10309,48
10309,55
10309,102
3218,55
3218,63
3218,72
3218,76
3218,77
3218,97
3218,102
3218,111
5256,35
5256,39
5256,48
5256,55
5256,102
8229,1
8229,10
8229,55
8229,62
8229,63
8229,70
8229,72
8368,13
8368,14
8368,18
8368,19
8368,35
8368,63
8368,72
8368,101
7350,1
7350,5
7350,18
7350,22
7350,35
7350,41
7350,48
7350,52
7350,55
7350,77
7350,97
7350,102
10305,18
10305,21
10305,22
10305,23
10305,34
10305,35
10305,39
10305,41
10305,42
10305,48
10305,55
10305,102
7513,1
7513,5
7513,55
7513,76
7513,77
7513,97
7513,102
7513,107
11219,18
11219,22
11219,35
11219,48
11219,49
11219,52
1507,18
1507,34
1507,35
1507,50
1507,55
1507,102
8565,18
8565,19
8565,20
8565,21
8565,34
8565,35
8565,37
8565,40
8565,41
8565,48
8565,52
8565,55
8565,62
8565,63
8565,72
5729,1
5729,3
5729,4
5729,5
5729,8
5729,54
4904,18
4904,25
4904,35
4904,37
4904,48
4904,55
4904,62
4904,63
4904,72
14387,55
14387,62
14387,74
14387,75
14387,79
14387,80
14387,83
14387,97
14387,118
14387,120
10334,18
10334,21
10334,22
10334,34
10334,35
10334,42
10334,48
10334,55
10334,63
10334,72
10334,102
9257,18
9257,19
9257,35
9257,39
9257,48
7557,1
7557,6
7557,8
7557,10
7557,35
7557,101
9425,18
9425,20
9425,21
9425,25
9425,31
9425,35
9425,52
9425,55
9425,63
9425,69
9425,72
9425,102
11658,18
11658,24
11658,35
11658,37
11658,41
11658,48
11658,52
11658,54
11658,55
11658,62
11658,63
11658,72
10640,18
10640,21
10640,35
10640,41
10640,48
10640,52
10640,63
10640,72
6658,1
6658,4
6658,10
6658,55
6658,62
6658,80
6658,81
10218,18
10218,20
10218,35
10218,48
10218,52
10218,55
10218,77
10218,97
10218,102
8436,13
8436,14
8436,18
8436,29
8436,35
8436,52
14394,55
14394,62
14394,74
14394,75
14394,80
14394,83
14394,97
14394,118
14394,120
14394,122
12146,18
12146,27
12146,35
12146,52
12146,55
12146,58
14113,35
14113,48
14113,54
14113,55
14113,58
14113,77
14113,97
8852,18
8852,19
8852,22
8852,23
8852,34
8852,35
8852,52
8852,55
8852,63
8852,72
8852,102
9258,18
9258,19
9258,35
9258,39
9258,48
9258,52
9258,63
9258,72
12343,18
12343,29
12343,35
12343,38
12343,48
12343,55
12343,63
12343,72
12343,102
11040,18
11040,22
11040,34
11040,35
11040,37
11040,41
11040,48
11040,52
11040,55
11040,102
9744,18
9744,20
9744,24
9744,34
9744,35
9744,42
9744,55
9744,63
9744,72
9744,102
4322,1
4322,6
4322,55
4322,62
4322,76
4322,97
4322,107
4322,111
9721,18
9721,20
9721,24
9721,25
9721,30
9721,34
9721,35
9721,42
9721,55
9721,63
9721,72
9721,102
11426,18
11426,23
11426,34
11426,35
11426,41
11426,52
11426,55
11426,102
3998,1
3998,2
3998,54
11414,18
11414,23
11414,34
11414,35
11414,38
11414,42
11414,48
11414,55
11414,63
11414,72
11414,102
6232,1
6232,3
6232,18
6232,34
6232,35
6232,48
6232,55
6232,63
6232,72
6232,77
6232,97
6232,102
10307,18
10307,21
10307,22
10307,23
10307,34
10307,35
10307,41
10307,52
10307,55
10307,63
10307,72
10307,102
5903,1
5903,3
5903,5
5903,8
5903,18
5903,20
5903,63
5903,72
4078,1
4078,3
4078,35
4078,43
4078,52
4078,63
4078,72
9079,18
9079,19
9079,27
9079,34
9079,35
9079,37
9079,41
9079,42
9079,55
9079,63
9079,72
9079,102
7146,1
7146,5
7146,8
7146,18
7146,34
7146,35
7146,43
7146,48
7146,52
7146,55
7146,102
11810,18
11810,25
11810,30
11810,35
11810,37
11810,55
11810,63
11810,72
11810,79
11810,102
6198,1
6198,3
6198,18
6198,26
6198,34
6198,35
6198,48
6198,55
6198,102
13712,35
13712,40
13712,42
13712,52
13712,77
13712,97
11271,18
11271,23
11271,24
11271,29
11271,34
11271,35
11271,41
11271,42
11271,48
11271,55
11271,63
11271,72
11271,102
8600,18
8600,19
8600,20
8600,22
8600,34
8600,35
8600,37
8600,41
8600,48
8600,52
8600,55
8600,58
8600,63
8600,72
10596,18
10596,21
10596,35
10596,37
10596,48
6210,1
6210,3
6210,18
6210,30
6210,35
6210,52
13149,18
13149,35
13149,41
13149,55
13149,62
13149,63
13149,72
13149,100
12894,18
12894,34
12894,35
12894,44
12894,49
12894,55
12894,102
6701,1
6701,4
6701,18
6701,20
6701,24
6701,34
6701,35
6701,42
6701,52
6701,55
6701,63
6701,72
6701,102
11907,18
11907,25
11907,35
11907,37
11907,49
11907,55
11907,63
11907,72
11907,102
12914,18
12914,34
12914,35
12914,48
12914,50
12914,52
12914,55
12914,62
7365,1
7365,5
7365,18
7365,23
7365,35
7365,52
7365,55
7365,102
13304,35
13304,37
13304,38
13304,55
13304,62
13304,63
13304,70
13304,72
12117,18
12117,27
12117,35
12117,41
12117,48
12387,18
12387,29
12387,35
12387,48
12387,49
12387,52
12387,63
12387,72
4472,18
4472,19
4472,22
4472,34
4472,55
4472,102
6022,1
6022,3
6022,8
6022,18
6022,20
6022,80
6022,81
5798,1
5798,3
5798,4
5798,18
5798,19
5798,35
5798,48
5798,63
5798,72
12935,18
12935,34
12935,35
12935,49
12935,54
12935,55
12935,102
12831,18
12831,34
12831,35
12831,41
12831,55
12831,63
12831,69
12831,102
7195,1
7195,5
7195,8
7195,35
7195,43
7195,55
7195,76
7195,97
7195,102
7195,111
14136,35
14136,48
14136,74
14136,77
14136,97
14136,120
7853,1
7853,6
7853,63
7853,69
7853,70
7853,89
7853,91
7853,96
7107,1
7107,5
7107,8
7107,18
7107,20
7107,25
7107,63
7107,72
4830,18
4830,23
4830,35
4830,41
4830,52
4830,55
4830,102
9570,18
9570,20
9570,22
9570,25
9570,55
9570,63
9570,72
9570,102
12857,18
12857,34
12857,35
12857,42
12857,48
12857,55
12857,62
12857,63
12857,72
9461,18
9461,20
9461,21
9461,32
9461,35
9461,48
9461,55
9461,63
9461,72
9461,102
9240,18
9240,19
9240,35
9240,37
9240,47
9240,55
9240,63
9240,72
9240,102
13094,18
13094,35
13094,40
13094,41
13094,55
13094,62
13094,100
6748,1
6748,4
6748,18
6748,34
6748,35
6748,41
6748,55
6748,63
6748,72
6748,102
14111,35
14111,48
14111,54
14111,55
14111,58
14111,63
14111,70
3381,1
3381,5
3381,18
3381,19
3381,55
3381,63
3381,72
3381,102
14276,54
14276,55
14276,56
14276,62
14276,63
14276,64
12647,18
12647,34
12647,35
12647,37
12647,41
12647,48
12647,52
12647,55
12647,62
12647,63
12647,72
6888,1
6888,5
6888,6
6888,8
6888,10
6888,55
6888,102
4159,1
4159,4
4159,35
4159,49
4159,52
4393,1
4393,10
4393,54
4393,55
4393,102
11351,18
11351,23
11351,27
11351,35
11351,48
14719,74
14719,76
14719,80
14719,83
14719,97
14719,107
14719,120
14719,122
6648,1
6648,4
6648,10
6648,35
6648,43
6648,49
9044,18
9044,19
9044,24
9044,35
9044,101
9117,18
9117,19
9117,29
9117,35
9117,101
11231,18
11231,22
11231,35
11231,48
11231,55
11231,58
11231,63
11231,72
9772,18
9772,20
9772,25
9772,29
9772,34
9772,35
9772,42
9772,48
9772,52
9772,63
9772,72
13845,35
13845,41
13845,55
13845,62
13845,63
13845,72
13845,80
13845,81
4037,1
4037,3
4037,5
4037,35
4037,42
9989,18
9989,20
9989,34
9989,35
9989,41
9989,52
9989,55
9989,62
9989,63
9989,72
11667,18
11667,24
11667,35
11667,37
11667,48
11667,54
11667,55
11667,62
11667,63
11667,72
13826,35
13826,41
13826,52
13826,55
13826,62
13826,77
13826,79
13826,80
13826,83
13826,97
8399,13
8399,14
8399,18
8399,21
8399,35
8399,52
9458,18
9458,20
9458,21
9458,29
9458,35
9458,48
9458,55
9458,63
9458,72
9458,102
12732,18
12732,34
12732,35
12732,39
12732,40
10525,18
10525,21
10525,34
10525,35
10525,37
10525,41
10525,42
10525,55
10525,63
10525,72
10525,102
10007,18
10007,20
10007,34
10007,35
10007,47
10007,55
10007,63
10007,72
10007,102
3907,55
3907,62
3907,74
3907,75
3907,79
3907,80
3907,83
3907,97
3907,112
3907,113
3907,122
13169,18
13169,35
13169,42
13169,48
13169,52
13169,54
13169,55
13169,58
13169,63
13169,72
13169,100
12983,18
12983,34
12983,63
12983,69
12983,80
12983,81
9999,18
9999,20
9999,34
9999,35
9999,42
9999,52
9999,55
9999,102
9950,18
9950,20
9950,34
9950,35
9950,37
9950,41
9950,55
9950,102
9488,18
9488,20
9488,21
9488,35
9488,37
9488,38
9488,42
9488,63
9488,72
3267,1
3267,2
3267,3
3267,63
3267,72
6524,1
6524,4
6524,6
6524,8
6524,35
6524,48
6524,63
6524,72
11079,18
11079,22
11079,34
11079,35
11079,42
11079,52
11079,63
11079,72
4775,18
4775,22
4775,35
4775,37
4775,52
10010,18
10010,20
10010,34
10010,35
10010,48
10010,52
10010,55
10010,58
10010,63
10010,72
10010,77
10010,97
13612,35
13612,38
13612,43
13612,48
13612,63
13612,72
11643,18
11643,24
11643,34
11643,35
11643,43
11643,48
11643,63
11643,72
4118,1
4118,4
4118,5
4118,35
4118,48
4118,55
4118,102
3067,18
3067,29
3067,34
3067,35
3067,48
3067,55
3067,63
3067,72
3067,102
7581,1
7581,6
7581,8
7581,35
7581,43
7581,63
7581,72
7581,77
7581,97
2549,1
2549,4
2549,35
2549,43
2549,55
2549,62
11258,18
11258,22
11258,55
11258,76
11258,97
11258,102
11258,107
5195,35
5195,37
5195,41
5195,55
5195,63
5195,70
5195,102
12388,18
12388,29
12388,35
12388,48
12388,49
12388,55
12388,102
4161,1
4161,4
4161,35
4161,52
4161,76
4161,97
4161,111
5326,35
5326,43
5326,48
5326,55
5326,58
5326,62
7735,1
7735,6
7735,18
7735,34
7735,35
7735,49
7735,63
7735,72
7735,80
7735,81
6541,1
6541,4
6541,6
6541,9
6541,80
6541,81
4800,18
4800,22
4800,55
4800,63
4800,69
4800,102
7372,1
7372,5
7372,18
7372,25
7372,35
7372,43
7372,63
7372,72
10544,18
10544,21
10544,34
10544,35
10544,41
10544,42
10544,52
10544,55
10544,63
10544,72
10544,102
11867,18
11867,25
11867,34
11867,35
11867,48
11867,49
11867,52
11867,55
11867,62
11867,63
11867,72
7352,1
7352,5
7352,18
7352,22
7352,35
7352,48
6170,1
6170,3
6170,18
6170,23
6170,35
6170,43
6170,48
6170,55
6170,102
14109,35
14109,48
14109,53
14109,55
14109,62
14109,63
14109,70
10761,18
10761,22
10761,23
10761,29
10761,35
10761,48
10761,55
10761,102
9664,18
9664,20
9664,23
9664,26
9664,34
9664,35
9664,48
9664,55
9664,63
9664,72
9664,77
9664,97
9664,102
12359,18
12359,29
12359,35
12359,41
12359,48
12359,49
12359,55
12359,63
12359,69
12359,102
4722,18
4722,21
4722,35
4722,52
4722,55
4722,62
4722,63
4722,72
11572,18
11572,24
11572,26
11572,35
11572,41
11572,43
11572,48
11572,55
11572,58
5926,1
5926,3
5926,5
5926,18
5926,19
5926,24
5926,35
5926,43
5926,52
5926,55
5926,63
5926,72
5926,80
5926,81
5926,102
11036,18
11036,22
11036,34
11036,35
11036,37
11036,40
11036,41
11036,42
11036,48
11036,52
11036,55
11036,63
11036,72
11036,102
9365,18
9365,19
9365,35
9365,52
9365,54
9365,63
9365,72
10375,18
10375,21
10375,24
10375,25
10375,27
10375,34
10375,55
10375,63
10375,72
10375,102
10827,18
10827,22
10827,23
10827,35
10827,43
10827,48
10827,52
10827,55
10827,62
5142,18
5142,35
5142,42
5142,43
5142,55
5142,77
5142,97
5142,100
5142,102
8882,18
8882,19
8882,22
8882,29
8882,34
8882,55
8882,63
8882,72
8882,102
10066,18
10066,20
10066,35
10066,37
10066,42
10066,52
10066,55
10066,62
10066,63
10066,72
10066,77
10066,97
4274,1
4274,5
4274,35
4274,76
4274,77
4274,97
4274,101
4274,111
13796,35
13796,41
13796,48
13796,49
13796,52
13796,55
13796,58
13796,63
13796,70
9135,18
9135,19
9135,34
9135,35
9135,37
9135,39
9135,42
9135,49
9135,52
9135,63
9135,72
9135,77
9135,97
10616,18
10616,21
10616,35
10616,39
10616,52
9924,18
9924,20
9924,31
9924,35
9924,38
9924,42
9924,48
9924,63
9924,72
5626,89
5626,95
5626,96
13512,35
13512,37
13512,55
13512,58
13512,62
13512,80
13512,83
13620,35
13620,38
13620,48
13620,52
9069,18
9069,19
9069,25
9069,35
9069,48
9069,52
9069,55
9069,62
9069,63
9069,72
10076,18
10076,20
10076,35
10076,37
10076,48
10076,52
10076,55
10076,62
10076,63
10076,72
8415,13
8415,14
8415,18
8415,24
8415,63
8415,72
6649,1
6649,4
6649,10
6649,35
6649,43
6649,54
6649,55
6649,58
12702,18
12702,34
12702,35
12702,38
12702,40
12702,41
6621,1
6621,4
6621,8
6621,35
6621,43
6621,55
6621,63
6621,72
6621,102
7058,1
7058,5
7058,6
7058,80
7058,83
7058,84
7058,86
12790,18
12790,34
12790,35
12790,41
12790,43
5963,1
5963,3
5963,5
5963,35
5963,48
5963,52
5963,55
5963,62
4691,18
4691,21
4691,34
4691,55
4691,62
4836,18
4836,23
4836,35
4836,43
4836,52
4836,55
4836,102
6674,1
6674,4
6674,13
6674,14
6674,55
6674,63
6674,72
6674,102
6152,1
6152,3
6152,18
6152,22
6152,35
6152,48
6152,55
6152,102
5648,1
5648,2
5648,5
5648,6
5648,8
5648,10
13013,18
13013,35
13013,37
13013,38
13013,55
13013,100
13013,102
3115,18
3115,35
3115,37
3115,41
3115,63
3115,72
3115,100
5453,55
5453,59
5453,61
5453,80
5453,81
4702,18
4702,21
4702,35
4702,39
4702,49
9122,18
9122,19
9122,30
9122,35
9122,48
9122,55
9122,102
10783,18
10783,22
10783,23
10783,34
10783,35
10783,41
10783,42
10783,55
10783,102
14324,55
14324,56
14324,80
14324,83
4864,18
4864,24
4864,35
4864,40
4864,42
4864,63
4864,72
14259,35
14259,55
14259,62
14259,76
14259,97
14259,101
14259,107
12924,18
12924,34
12924,35
12924,48
12924,55
12924,62
12924,63
12924,69
5227,35
5227,37
5227,63
5227,72
5227,74
5227,97
5227,120
10574,18
10574,21
10574,34
10574,55
10574,77
10574,97
10574,102
6391,1
6391,3
6391,89
6391,96
7642,1
7642,6
7642,10
7642,55
7642,62
13683,35
13683,39
13683,55
13683,63
13683,70
13683,102
10664,18
10664,21
10664,35
10664,43
10664,55
10664,62
10840,18
10840,22
10840,23
10840,35
10840,52
10840,55
10840,62
9309,18
9309,19
9309,35
9309,42
9309,55
9309,80
9309,81
9309,102
7909,1
7909,8
7909,13
7909,14
7909,80
7909,81
7085,1
7085,5
7085,8
7085,9
7085,93
7085,96
13326,35
13326,37
13326,40
13326,48
13326,55
13326,62
14404,55
14404,62
14404,74
14404,76
14404,97
14404,111
14404,122
14319,55
14319,56
14319,59
14319,62
6058,1
6058,3
6058,18
6058,19
6058,20
6058,35
6058,42
6058,48
6058,55
6058,63
6058,72
6058,102
8447,13
8447,14
8447,18
8447,34
8447,35
8447,101
3403,1
3403,6
3403,10
3403,63
3403,72
3403,76
3403,97
3403,111
5883,1
5883,3
5883,5
5883,6
5883,18
5883,21
5883,55
5883,63
5883,72
5883,76
5883,97
5883,102
5883,111
10661,18
10661,21
10661,35
10661,43
10661,49
4986,18
4986,29
4986,35
4986,39
4986,40
6825,1
6825,4
6825,35
6825,48
6825,54
6825,63
6825,72
6712,1
6712,4
6712,18
6712,20
6712,35
6712,48
6712,55
6712,63
6712,72
6712,102
13937,35
13937,43
13937,47
13937,48
13937,52
14132,35
14132,48
14132,63
14132,71
6827,1
6827,4
6827,35
6827,48
6827,55
6827,62
6827,63
6827,72
6827,80
6827,81
13426,35
13426,37
13426,42
13426,55
13426,76
13426,77
13426,78
13426,97
13426,102
13426,111
13426,132
8563,18
8563,19
8563,20
8563,21
8563,34
8563,35
8563,37
8563,38
8563,41
8563,42
8563,48
8563,52
8563,55
8563,62
8563,63
8563,72
8563,77
8563,97
13189,18
13189,35
13189,43
13189,48
13189,100
13152,18
13152,35
13152,41
13152,55
13152,63
13152,70
13152,100
13152,102
5042,18
5042,34
5042,35
5042,37
5042,48
5042,55
5042,102
11347,18
11347,23
11347,27
11347,34
11347,35
11347,42
11347,48
11347,49
11347,52
11347,55
11347,63
11347,72
11347,102
5788,1
5788,3
5788,4
5788,10
5788,35
5788,54
5788,55
5788,63
5788,70
5788,101
5788,102
9802,18
9802,20
9802,25
9802,34
9802,35
9802,52
9802,55
9802,62
9802,63
9802,72
11283,18
11283,23
11283,24
11283,34
11283,35
11283,52
11283,55
11283,63
11283,72
11283,102
12248,18
12248,29
12248,34
12248,35
12248,37
12248,52
12685,18
12685,34
12685,35
12685,37
12685,49
12685,52
12685,55
12685,62
12685,63
12685,72
11498,18
11498,23
11498,35
11498,42
11498,55
11498,62
8450,13
8450,14
8450,18
8450,34
8450,63
8450,72
13416,35
13416,37
13416,42
13416,49
13416,55
13416,102
9359,18
9359,19
9359,35
9359,52
9359,54
13485,35
13485,37
13485,49
13485,52
13485,54
13485,55
13485,62
9032,18
9032,19
9032,24
9032,35
9032,43
9032,52
9032,63
9032,72
10784,18
10784,22
10784,23
10784,34
10784,35
10784,41
10784,48
10784,52
10784,55
10784,102
10886,18
10886,22
10886,25
10886,34
10886,35
10886,37
10886,63
10886,72
9713,18
9713,20
9713,23
9713,35
9713,43
9713,48
9713,52
9713,55
9713,63
9713,72
9713,77
9713,97
9713,102
8420,13
8420,14
8420,18
8420,25
8420,35
8420,48
8420,52
8420,63
8420,70
8420,72
12724,18
12724,34
12724,35
12724,38
12724,48
12724,55
12724,63
12724,72
12724,102
11060,18
11060,22
11060,34
11060,35
11060,41
11060,42
11060,48
11060,52
11060,55
11060,77
11060,97
11060,102
9902,18
9902,20
9902,29
9902,35
9902,48
9902,49
9902,63
9902,72
6991,1
6991,5
6991,6
6991,18
6991,34
6991,35
6991,43
6991,52
13768,35
13768,41
13768,43
13768,48
13768,49
13496,35
13496,37
13496,52
13496,55
13496,62
13496,63
13496,72
13496,80
13496,83
4694,18
4694,21
4694,35
4694,37
4694,41
4694,55
4694,62
13988,35
13988,43
13988,54
13988,55
13988,80
13988,81
13988,102
6615,1
6615,4
6615,8
6615,35
6615,37
6615,79
6615,80
6615,83
12783,18
12783,34
12783,35
12783,41
12783,42
12783,52
12783,55
12783,63
12783,72
12783,77
12783,97
12783,102
8473,13
8473,14
8473,35
8473,52
8473,77
8473,97
8745,18
8745,19
8745,20
8745,35
8745,42
8745,48
8745,55
8745,62
8745,63
8745,72
9627,18
9627,20
9627,22
9627,35
9627,42
9627,48
9627,52
9627,55
9627,62
9627,63
9627,72
11828,18
11828,25
11828,34
11828,35
11828,36
11828,37
11828,41
11828,48
11828,55
11828,62
11828,80
11828,83
9887,18
9887,20
9887,29
9887,35
9887,37
9887,42
9887,48
9887,52
9887,63
9887,72
9987,18
9987,20
9987,34
9987,35
9987,41
9987,49
9987,52
9987,63
9987,69
9987,72
7503,1
7503,5
7503,55
7503,62
7503,76
7503,77
7503,97
7503,107
7503,111
9435,18
9435,20
9435,21
9435,25
9435,35
9435,37
9435,49
9435,55
9435,62
9435,63
9435,72
13466,35
13466,37
13466,48
13466,55
13466,58
13466,62
13466,63
13466,71
13466,72
7034,1
7034,5
7034,6
7034,55
7034,62
7034,76
7034,77
7034,97
7034,107
7034,111
3414,1
3414,6
3414,63
3414,70
3414,90
3414,96
10195,18
10195,20
10195,35
10195,43
10195,52
10195,54
10195,55
10195,63
10195,72
10195,102
6117,1
6117,3
6117,18
6117,21
6117,34
6117,35
6117,101
10160,18
10160,20
10160,35
10160,41
10160,55
10160,62
10160,63
10160,72
10160,80
10160,81
9067,18
9067,19
9067,25
9067,35
9067,42
9067,63
9067,72
12131,18
12131,27
12131,35
12131,43
12131,52
12131,55
12131,102
11627,18
11627,24
11627,34
11627,35
11627,41
11627,48
11627,52
11627,55
11627,62
13233,35
13233,36
13233,37
13233,63
13233,72
9446,18
9446,20
9446,21
9446,26
9446,35
9446,52
9446,63
9446,72
2717,18
2717,35
2717,42
2717,48
2717,55
2717,100
2717,102
12609,18
12609,34
12609,35
12609,36
12609,55
12609,63
12609,72
12609,102
8065,1
8065,9
8065,18
8065,20
8065,63
8065,72
8065,80
8065,81
4941,18
4941,27
4941,29
11446,18
11446,23
11446,34
11446,35
11446,55
11446,101
11446,102
12587,18
12587,33
12587,63
12587,72
10581,18
10581,21
10581,35
10581,37
10581,38
10581,55
10581,102
9388,18
9388,19
9388,63
9388,71
10716,18
10716,22
10716,23
10716,26
10716,34
10716,35
10716,43
10716,48
10716,52
10716,55
10716,102
5216,35
5216,37
5216,52
5216,80
5216,83
13718,35
13718,40
13718,43
13718,48
13718,49
5386,35
5386,49
5386,52
5386,55
5386,62
5386,80
5386,81
5058,18
5058,34
5058,35
5058,41
5058,42
5058,52
4839,18
4839,23
4839,35
4839,48
4839,55
4839,63
4839,72
4839,102
9582,18
9582,20
9582,22
9582,28
9582,33
9582,34
9582,55
9582,63
9582,72
9582,102
13987,35
13987,43
13987,54
13987,55
13987,77
13987,97
13987,102
3384,1
3384,5
3384,35
3384,43
3384,80
3384,81
4536,18
4536,19
4536,35
4536,49
4536,55
4536,102
7750,1
7750,6
7750,35
7750,37
7750,55
7750,62
7750,63
7750,72
7750,80
7750,81
7750,83
9345,18
9345,19
9345,35
9345,48
9345,52
9345,63
9345,72
9345,77
9345,97
5048,18
5048,34
5048,35
5048,38
5048,52
5048,55
5048,102
13161,18
13161,35
13161,42
13161,43
13161,52
13161,54
13161,55
13161,58
13161,63
13161,72
13161,100
6100,1
6100,3
6100,18
6100,20
6100,35
6100,42
6100,55
6100,63
6100,72
6100,80
6100,81
6100,102
14082,35
14082,48
14082,52
14082,54
14082,55
14082,58
14082,63
14082,70
4252,1
4252,5
4252,18
4252,32
10652,18
10652,21
10652,35
10652,42
10652,48
10652,49
10652,63
10652,72
6494,1
6494,4
6494,5
6494,35
6494,48
6494,52
6494,55
6494,62
6494,77
6494,97
14194,35
14194,50
14194,63
14194,70
14194,92
14194,96
10250,18
10250,20
10250,35
10250,52
10250,55
10250,62
10250,63
10250,72
10250,79
4636,18
4636,20
4636,35
4636,41
4636,48
4636,55
4636,58
4636,63
4636,72
7821,1
7821,6
7821,54
7821,55
7821,58
7821,63
7821,70
9431,18
9431,20
9431,21
9431,25
9431,34
9431,63
9431,72
11450,18
11450,23
11450,35
11450,36
11450,37
11450,41
11450,55
11450,62
13897,35
13897,42
13897,48
13897,63
13897,72
13897,76
13897,97
13897,111
2984,18
2984,20
2984,35
2984,42
2984,52
2984,55
2984,63
2984,72
2984,102
12220,18
12220,28
12220,55
12220,62
12220,80
12220,83
11127,18
11127,22
11127,35
11127,37
11127,41
11127,55
11127,62
6913,1
6913,5
6913,6
6913,8
6913,35
6913,43
6913,63
6913,72
6024,1
6024,3
6024,8
6024,18
6024,32
6024,35
6024,48
5864,1
5864,3
5864,4
5864,63
5864,69
12229,18
12229,29
12229,30
12229,35
12229,52
13511,35
13511,37
13511,55
13511,58
13511,62
13630,35
13630,38
13630,50
12701,18
12701,34
12701,35
12701,38
12701,39
12701,41
6799,1
6799,4
6799,35
6799,42
6799,48
6799,52
6799,63
6799,72
10638,18
10638,21
10638,35
10638,41
10638,48
10638,52
10638,55
10638,62
10801,18
10801,22
10801,23
10801,34
10801,35
10801,55
10801,101
10801,102
9857,18
9857,20
9857,27
9857,35
9857,48
9857,55
9857,63
9857,72
9857,102
7192,1
7192,5
7192,8
7192,35
7192,43
7192,55
7192,58
7192,80
7192,83
6722,1
6722,4
6722,18
6722,22
6722,35
6722,37
6722,43
6722,48
6722,55
6722,80
6722,83
6722,102
5264,35
5264,40
5264,41
5264,42
5264,48
6639,1
6639,4
6639,9
6639,35
6639,48
14092,35
14092,48
14092,52
14092,55
14092,62
14092,80
14092,81
5100,18
5100,34
5100,55
5100,62
5100,75
5100,97
5100,118
9187,18
9187,19
9187,34
9187,35
9187,42
9187,80
9187,81
6037,1
6037,3
6037,9
6037,35
6037,43
6037,48
6037,52
6037,54
6037,55
6037,63
6037,72
6037,102
6818,1
6818,4
6818,35
6818,48
6818,52
6818,54
7393,1
7393,5
7393,18
7393,31
7976,1
7976,8
7976,35
7976,40
7976,41
7976,42
7976,63
7976,72
12991,18
12991,35
12991,36
12991,37
12991,41
12991,43
12991,100
13185,18
13185,35
13185,42
13185,80
13185,81
13185,100
6211,1
6211,3
6211,18
6211,31
6211,35
6211,41
6211,55
6211,102
6307,1
6307,3
6307,35
6307,42
6307,43
6307,52
4562,18
4562,20
4562,22
4562,35
4562,37
4562,55
4562,62
4562,63
4562,72
8667,18
8667,19
8667,20
8667,26
8667,34
8667,35
8667,37
8667,41
8667,55
8667,58
8667,63
8667,72
9731,18
9731,20
9731,24
9731,29
9731,34
9731,35
9731,42
9731,48
9731,52
9731,55
9731,62
9731,63
9731,72
10679,18
10679,21
10679,35
10679,52
10679,63
10679,70
10679,72
10044,18
10044,20
10044,35
10044,37
10044,41
10044,43
10044,52
10044,55
10044,58
10044,62
10044,63
10044,72
6498,1
6498,4
6498,5
6498,35
6498,48
6498,77
6498,97
10054,18
10054,20
10054,35
10054,37
10054,41
10054,52
10054,55
10054,63
10054,72
10054,79
10054,102
8066,1
8066,9
8066,18
8066,21
8066,22
8066,28
8066,34
8066,35
8066,37
8066,38
8066,52
8066,55
8066,74
8066,97
8066,102
8066,120
8066,123
9532,18
9532,20
9532,22
9532,23
9532,34
9532,35
9532,38
9532,42
9532,52
9532,55
9532,63
9532,72
9532,102
8611,18
8611,19
8611,20
8611,22
8611,35
8611,42
8611,52
8611,63
8611,72
7907,1
7907,8
7907,13
7907,14
7907,18
7907,30
7907,34
7907,55
7907,63
7907,72
7907,102
3433,1
3433,8
3433,76
3433,78
3433,97
3433,111
3433,132
9402,18
9402,20
9402,21
9402,22
9402,29
9402,34
9402,35
9402,41
9402,42
9402,48
9402,49
9402,55
9402,63
9402,72
9402,102
8867,18
8867,19
8867,22
8867,24
8867,35
8867,40
8867,42
8867,55
8867,62
8867,63
8867,72
11439,18
11439,23
11439,34
11439,35
11439,48
11439,49
11439,52
11439,55
11439,102
6439,1
6439,4
6439,5
6439,8
6439,10
6439,55
6439,62
5730,1
5730,3
5730,4
5730,5
5730,8
5730,55
5730,58
6972,1
6972,5
6972,6
6972,18
6972,21
6972,35
6972,48
4058,1
4058,3
4058,18
4058,20
4058,35
4058,52
4058,55
4058,62
4058,63
4058,72
10766,18
10766,22
10766,23
10766,30
10766,34
10766,35
10766,43
10766,55
10766,63
10766,72
10766,102
9864,18
9864,20
9864,28
9864,35
9864,37
9864,41
9864,52
6304,1
6304,3
6304,35
6304,41
6304,55
6304,62
6304,80
6304,81
4018,1
4018,3
4018,4
4018,35
4018,41
4018,55
4018,102
10157,18
10157,20
10157,35
10157,41
10157,52
10157,63
10157,72
10157,74
10157,75
10157,79
10157,97
10157,112
10157,113
10157,120
10157,122
10666,18
10666,21
10666,35
10666,48
10666,49
10666,55
10666,62
10666,63
10666,72
12910,18
12910,34
12910,35
12910,48
12910,49
12910,63
12910,70
14694,74
14694,76
14694,77
14694,78
14694,97
14694,107
14694,111
14694,120
14694,132
2968,18
2968,20
2968,26
2968,63
2968,72
2770,35
2770,51
2770,55
2770,62
12712,18
12712,34
12712,35
12712,38
12712,42
12712,43
12712,63
12712,72
7482,1
7482,5
7482,35
7482,48
7482,52
7482,80
7482,83
11529,18
11529,23
11529,35
11529,48
11529,55
11529,63
11529,72
11529,77
11529,97
11529,102
10869,18
10869,22
10869,24
10869,35
10869,55
10869,101
10869,102
8828,18
8828,19
8828,21
8828,35
8828,48
8828,55
8828,102
11076,18
11076,22
11076,34
11076,35
11076,42
11076,48
11076,52
11076,63
11076,72
13054,18
13054,35
13054,37
13054,52
13054,55
13054,100
13054,102
13088,18
13088,35
13088,40
13088,41
13088,42
13088,100
5665,1
5665,2
5665,8
5665,63
5665,69
5665,80
5665,83
13120,18
13120,35
13120,41
13120,43
13120,54
13120,55
13120,58
13120,100
12718,18
12718,34
12718,35
12718,38
12718,42
12718,48
12718,77
12718,97
4020,1
4020,3
4020,4
4020,35
4020,43
4020,54
14196,35
14196,50
14196,80
14196,81
12099,18
12099,27
12099,34
12099,35
12099,43
12099,48
12099,63
12099,72
7366,1
7366,5
7366,18
7366,23
7366,35
7366,101
6057,1
6057,3
6057,18
6057,19
6057,20
6057,24
6057,34
6057,35
6057,37
6057,41
6057,42
6057,48
6057,55
6057,63
6057,72
6057,102
12972,18
12972,34
12972,55
12972,62
12972,79
14698,74
14698,76
14698,77
14698,97
14698,107
14698,120
14698,122
13459,35
13459,37
13459,48
13459,49
13459,55
13459,62
13459,63
13459,72
5466,55
5466,62
5466,74
5466,75
5466,76
5466,97
5466,107
5466,118
5466,120
5466,122
2530,1
2530,3
2530,4
2530,5
2530,55
2530,102
11156,18
11156,22
11156,35
11156,39
11156,48
11156,55
11156,63
11156,72
11156,102
5086,18
5086,34
5086,35
5086,48
5086,63
5086,69
5086,72
7177,1
7177,5
7177,8
7177,35
7177,41
7177,55
7177,62
7177,80
7177,81
12182,18
12182,28
12182,33
12182,35
12182,52
12182,55
12182,102
4179,1
4179,5
4179,6
4179,8
4179,35
4179,49
10622,18
10622,21
10622,35
10622,40
10622,48
10622,63
10622,72
11461,18
11461,23
11461,35
11461,37
11461,52
6817,1
6817,4
6817,35
6817,47
6817,48
6523,1
6523,4
6523,6
6523,8
6523,35
6523,48
6523,55
6523,102
7764,1
7764,6
7764,35
7764,41
7764,55
7764,58
5726,1
5726,3
5726,4
5726,5
5726,8
5726,35
5726,43
5726,55
5726,102
4481,18
4481,19
4481,27
4481,63
4481,72
4126,1
4126,4
4126,6
4126,18
4126,19
4126,63
4126,72
10954,18
10954,22
10954,29
10954,30
10954,31
10954,34
10954,55
10954,102
14399,55
14399,62
14399,74
14399,75
14399,97
14399,112
14399,114
14399,120
14453,55
14453,63
14453,66
14453,77
14453,97
14453,102
6313,1
6313,3
6313,35
6313,42
6313,63
6313,72
10266,18
10266,20
10266,35
10266,77
10266,97
10266,101
9270,18
9270,19
9270,35
9270,41
9270,43
9270,48
9270,63
9270,72
9270,77
9270,97
7887,1
7887,8
7887,9
7887,55
7887,58
8472,13
8472,14
8472,35
8472,49
8472,52
7188,1
7188,5
7188,8
7188,35
7188,43
7188,49
7188,52
14135,35
14135,48
14135,63
14135,72
14135,80
14135,83
12035,18
12035,26
12035,35
12035,37
12035,52
12035,55
12035,63
12035,72
12035,102
6619,1
6619,4
6619,8
6619,35
6619,43
6619,55
6619,62
13832,35
13832,41
13832,52
13832,63
13832,69
13832,72
11077,18
11077,22
11077,34
11077,35
11077,42
11077,48
11077,55
11077,63
11077,72
11077,102
3600,18
3600,22
3600,30
3600,35
3600,52
3600,55
3600,102
10362,18
10362,21
10362,23
10362,34
10362,35
10362,48
10362,55
10362,102
7050,1
7050,5
7050,6
7050,63
7050,72
7050,79
7050,80
7050,83
4785,18
4785,22
4785,35
4785,43
4785,48
4785,55
4785,63
4785,72
4785,102
8566,18
8566,19
8566,20
8566,21
8566,34
8566,35
8566,37
8566,48
8566,52
8566,55
8566,62
8566,63
8566,72
13574,35
13574,37
13574,74
13574,75
13574,80
13574,83
13574,97
13574,118
13574,122
5865,1
5865,3
5865,4
5865,63
5865,72
5865,80
5865,81
3987,1
3987,2
3987,5
3987,6
9137,18
9137,19
9137,34
9137,35
9137,37
9137,41
9137,42
9137,48
9137,52
9137,55
9137,63
9137,72
9137,102
4582,18
4582,20
4582,25
4582,35
4582,42
4582,48
4582,49
4582,52
4582,63
4582,72
11260,18
11260,22
11260,63
11260,72
11260,74
11260,97
11260,120
12980,18
12980,34
12980,55
12980,78
12980,97
12980,102
12980,132
14106,35
14106,48
14106,52
14106,79
14106,80
14106,83
12032,18
12032,26
12032,35
12032,37
12032,41
12032,43
12032,48
12032,52
12032,55
12032,102
4823,18
4823,23
4823,34
4823,35
4823,52
4823,63
4823,72
10933,18
10933,22
10933,27
10933,35
10933,41
12504,18
12504,31
12504,35
12504,38
12504,48
10678,18
10678,21
10678,35
10678,52
10678,63
10678,70
5291,35
5291,41
5291,48
5291,52
5291,63
5291,72
5291,77
5291,97
8730,18
8730,19
8730,20
8730,35
8730,37
8730,55
8730,62
8730,63
8730,72
5994,1
5994,3
5994,6
5994,18
5994,35
5994,38
5994,52
5994,54
5994,55
5994,62
5994,63
5994,72
5994,100
13314,35
13314,37
13314,39
13314,42
13314,77
13314,97
12875,18
12875,34
12875,35
12875,42
12875,63
12875,72
12875,80
12875,81
7835,1
7835,6
7835,55
7835,63
7835,71
7835,102
8719,18
8719,19
8719,20
8719,35
8719,36
8719,55
8719,58
8719,63
8719,72
8586,18
8586,19
8586,20
8586,22
8586,24
8586,27
8586,29
8586,35
8586,42
8586,48
8586,52
8586,55
8586,63
8586,72
8586,102
12336,18
12336,29
12336,35
12336,37
12336,55
12336,63
12336,69
12336,102
8609,18
8609,19
8609,20
8609,22
8609,35
8609,36
8609,55
8609,58
8609,63
8609,72
8678,18
8678,19
8678,20
8678,29
8678,34
8678,35
8678,48
8678,55
8678,63
8678,72
8678,102
8747,18
8747,19
8747,20
8747,35
8747,42
8747,52
8747,55
8747,63
8747,72
8747,102
5939,1
5939,3
5939,5
5939,18
5939,23
5939,35
5939,41
5939,52
5939,63
5939,72
12514,18
12514,31
12514,35
12514,41
12514,79
12514,80
12514,83
14303,54
14303,55
14303,74
14303,97
14303,102
14303,120
6677,1
6677,4
6677,18
6677,19
6677,20
6677,22
6677,35
6677,42
6677,43
6677,47
6677,48
6677,55
6677,63
6677,72
6677,102
10894,18
10894,22
10894,25
10894,35
10894,37
10894,42
10894,55
10894,63
10894,72
10894,102
6147,1
6147,3
6147,18
6147,22
6147,35
6147,42
6147,43
6147,48
6147,52
6147,55
6147,77
6147,97
6147,102
12334,18
12334,29
12334,35
12334,37
12334,55
12334,62
12334,63
12334,72
13420,35
13420,37
13420,42
13420,54
13420,55
13420,102
7000,1
7000,5
7000,6
7000,35
7000,37
7000,55
7000,63
7000,72
7000,102
11995,18
11995,25
11995,35
11995,52
11995,54
11995,63
11995,72
9962,18
9962,20
9962,34
9962,35
9962,38
9962,42
9962,43
9962,63
9962,72
8477,13
8477,14
8477,54
8477,55
8477,63
8477,70
8477,102
6388,1
6388,3
6388,79
6388,80
6388,83
11953,18
11953,25
11953,35
11953,41
11953,63
11953,72
11953,80
11953,81
13813,35
13813,41
13813,49
13813,52
13813,63
13813,72
5938,1
5938,3
5938,5
5938,18
5938,22
5938,35
5938,55
5938,101
5938,102
7461,1
7461,5
7461,35
7461,43
7461,49
7461,52
6543,1
6543,4
6543,6
6543,10
6543,18
6543,19
6543,63
6543,72
14451,55
14451,63
14451,65
14451,102
13119,18
13119,35
13119,41
13119,43
13119,49
13119,55
13119,100
13119,102
8348,1
8348,79
8348,80
8348,81
8348,83
8348,98
12845,18
12845,34
12845,35
12845,42
12845,43
12845,63
12845,70
12845,72
12470,18
12470,30
12470,35
12470,52
12470,55
12470,62
12470,76
12470,97
12470,111
9251,18
9251,19
9251,35
9251,38
9251,42
9251,52
9251,55
9251,63
9251,72
9251,102
12569,18
12569,32
12569,35
12569,52
12569,55
12569,63
12569,72
12569,77
12569,97
12569,102
8332,1
8332,63
8332,72
8332,76
8332,77
8332,97
8332,98
8332,107
8332,111
10609,18
10609,21
10609,35
10609,38
10609,55
10609,62
10609,63
10609,72
12572,18
12572,32
12572,35
12572,52
12572,77
12572,97
7757,1
7757,6
7757,35
7757,39
6177,1
6177,3
6177,18
6177,24
8117,1
8117,9
8117,35
8117,48
8117,52
8117,55
8117,102
5521,63
5521,72
5521,76
5521,77
5521,97
5521,107
5521,111
9025,18
9025,19
9025,24
9025,35
9025,37
9025,55
9025,63
9025,72
9025,102
10388,18
10388,21
10388,24
10388,34
10388,35
10388,42
10388,52
10388,55
10388,63
10388,72
10388,102
12537,18
12537,31
12537,35
12537,48
12537,55
12537,62
12143,18
12143,27
12143,35
12143,49
12143,52
12143,55
12143,102
4124,1
4124,4
4124,6
4124,8
4124,63
4124,69
4124,72
6090,1
6090,3
6090,18
6090,20
6090,23
6090,35
6090,55
6090,63
6090,72
6090,80
6090,81
6090,101
6090,102
5640,1
5640,2
5640,4
5640,6
13828,35
13828,41
13828,52
13828,55
13828,63
13828,70
13828,72
13828,102
7512,1
7512,5
7512,55
7512,75
7512,97
7512,102
7512,112
7512,114
5979,1
5979,3
5979,6
5979,9
5979,55
5979,80
5979,83
5979,102
4370,1
4370,9
4370,35
4370,48
4370,52
4370,55
4370,62
8654,18
8654,19
8654,20
8654,25
8654,34
8654,35
8654,63
8654,72
8654,101
7047,1
7047,5
7047,6
7047,63
7047,72
7047,76
7047,97
7047,107
13103,18
13103,35
13103,41
13103,42
13103,43
13103,52
13103,54
13103,55
13103,62
13103,100
12310,18
12310,29
12310,35
12310,36
12310,43
12310,48
12310,54
12310,55
12310,58
12310,63
12310,70
6275,1
6275,3
6275,35
6275,37
6275,55
6275,74
6275,97
6275,102
6275,120
12855,18
12855,34
12855,35
12855,42
12855,48
12855,52
12855,63
12855,72
12855,77
12855,97
6822,1
6822,4
6822,35
6822,48
6822,52
6822,63
6822,72
13693,35
13693,40
13693,41
13693,48
13693,55
13693,62
13693,63
13693,72
5208,35
5208,37
5208,49
5208,55
5208,63
5208,72
5208,102
10140,18
10140,20
10140,35
10140,41
10140,43
10140,48
10140,55
10140,63
10140,72
10140,102
10969,18
10969,22
10969,29
10969,34
10969,35
10969,42
10969,52
6898,1
6898,5
6898,6
6898,8
6898,18
6898,22
6898,35
6898,43
6898,55
6898,102
13074,18
13074,35
13074,38
13074,52
13074,55
13074,62
13074,100
7381,1
7381,5
7381,18
7381,27
7381,55
7381,102
12602,18
12602,34
12602,35
12602,36
12602,42
12602,63
12602,72
13460,35
13460,37
13460,48
13460,49
13460,55
13460,62
13460,80
13460,83
10267,18
10267,20
10267,54
10267,55
10267,63
10267,72
10267,102
5752,1
5752,3
5752,4
5752,5
5752,55
5752,63
5752,72
5752,102
9849,18
9849,20
9849,26
9849,35
9849,37
9849,63
9849,72
13546,35
13546,37
13546,55
13546,63
13546,72
13546,80
13546,81
13546,102
8870,18
8870,19
8870,22
8870,25
8870,29
8870,35
8870,37
8870,41
8870,48
8870,52
8870,55
8870,62
8870,63
8870,72
4292,1
4292,6
4292,9
4292,63
4292,69
7114,1
7114,5
7114,8
7114,18
7114,22
6507,1
6507,4
6507,5
6507,63
6507,69
6507,80
6507,81
4059,1
4059,3
4059,18
4059,22
4059,35
4059,41
3605,18
3605,22
3605,35
3605,37
3605,48
3605,55
3605,102
6269,1
6269,3
6269,35
6269,37
6269,48
13122,18
13122,35
13122,41
13122,43
13122,55
13122,58
13122,62
13122,100
13220,18
13220,74
13220,97
13220,100
13220,124
7800,1
7800,6
7800,35
7800,49
7800,63
7800,72
5452,55
5452,58
5452,80
5452,83
3982,76
3982,78
3982,97
3982,107
3982,130
3982,132
14137,35
14137,48
14137,74
14137,97
14137,122
11871,18
11871,25
11871,34
11871,35
11871,48
11871,52
11871,63
11871,72
12604,18
12604,34
12604,35
12604,36
12604,48
12604,55
12604,62
10693,18
10693,21
10693,80
10693,83
4459,18
4459,19
4459,21
4459,34
4459,35
4459,41
4459,42
4459,55
4459,63
4459,72
4459,102
13061,18
13061,35
13061,38
13061,41
13061,48
13061,49
13061,100
6894,1
6894,5
6894,6
6894,8
6894,18
6894,20
6894,22
6894,29
6894,32
6894,34
6894,35
6894,41
6894,48
6894,52
6894,77
6894,97
9565,18
9565,20
9565,22
9565,25
9565,34
9565,35
9565,41
9565,42
9565,48
9565,49
9565,52
9565,55
9565,63
9565,72
9565,102
11625,18
11625,24
11625,34
11625,35
11625,41
11625,42
11625,55
11625,63
11625,72
11625,77
11625,97
11625,102
5766,1
5766,3
5766,4
5766,6
5766,18
5766,24
5766,35
5766,48
5766,55
5766,62
5766,63
5766,72
10327,18
10327,21
10327,22
10327,29
10327,35
10327,48
10668,18
10668,21
10668,35
10668,48
10668,52
10668,55
10668,77
10668,97
10668,102
8105,1
8105,9
8105,35
8105,37
8105,55
8105,63
8105,70
8105,71
8105,102
13287,35
13287,37
13287,38
13287,40
13287,42
13287,52
11137,18
11137,22
11137,35
11137,37
11137,48
11137,52
11137,55
11137,102
11162,18
11162,22
11162,35
11162,41
11162,42
11162,43
11162,48
11162,49
11162,55
11162,102
6124,1
6124,3
6124,18
6124,21
6124,63
6124,72
12237,18
12237,29
12237,34
12237,35
12237,37
12237,38
12237,41
12237,42
12237,48
12237,55
12237,62
5765,1
5765,3
5765,4
5765,6
5765,18
5765,22
5765,35
5765,101
10268,18
10268,20
10268,54
10268,77
10268,97
11846,18
11846,25
11846,34
11846,35
11846,41
11846,48
11846,49
11846,52
11846,55
11846,102
4625,18
4625,20
4625,35
4625,37
4625,48
4625,49
4625,52
4625,55
4625,62
4625,63
4625,72
13038,18
13038,35
13038,37
13038,41
13038,54
13038,55
13038,62
13038,100
10964,18
10964,22
10964,29
10964,34
10964,35
10964,41
10964,42
10964,55
10964,102
9491,18
9491,20
9491,21
9491,35
9491,37
9491,43
9491,63
9491,72
10312,18
10312,21
10312,22
10312,25
10312,29
10312,34
10312,35
10312,48
10312,49
10312,55
10312,62
2537,1
2537,3
2537,35
2537,48
2537,55
2537,62
8752,18
8752,19
8752,20
8752,35
8752,43
8752,47
8752,48
8752,55
8752,63
8752,72
8752,102
10528,18
10528,21
10528,34
10528,35
10528,37
10528,41
10528,63
10528,72
9556,18
9556,20
9556,22
9556,24
9556,34
9556,35
9556,41
9556,42
9556,48
9556,49
9556,52
9556,63
9556,72
7728,1
7728,6
7728,18
7728,29
7728,35
7728,43
7728,48
7728,55
7728,62
10953,18
10953,22
10953,29
10953,30
10953,31
10953,34
10953,35
10953,48
10953,55
10953,102
9332,18
9332,19
9332,35
9332,43
9332,77
9332,97
7754,1
7754,6
7754,35
7754,37
7754,63
7754,72
7754,80
7754,81
6745,1
6745,4
6745,18
6745,34
6745,35
6745,37
6745,55
6745,102
11742,18
11742,24
11742,35
11742,52
11742,54
11742,55
11742,102
3562,18
3562,20
3562,35
3562,48
3562,54
11922,18
11922,25
11922,35
11922,38
11922,48
11922,49
9788,18
9788,20
9788,25
9788,34
9788,35
9788,37
9788,41
9788,43
9788,48
9788,52
9788,55
9788,62
9788,63
9788,72
14649,74
14649,75
14649,79
14649,80
14649,83
14649,97
14649,112
14649,114
14649,122
13707,35
13707,40
13707,42
13707,48
13707,55
13707,62
5884,1
5884,3
5884,5
5884,6
5884,18
5884,22
5884,34
5884,35
5884,48
5884,52
10119,18
10119,20
10119,35
10119,39
10119,47
10119,63
10119,72
5585,74
5585,79
5585,97
5585,124
9385,18
9385,19
9385,55
9385,80
9385,83
9385,102
5240,35
5240,38
5240,42
5240,77
5240,97
12950,18
12950,34
12950,35
12950,52
12950,55
12950,62
12950,80
12950,81
4017,1
4017,3
4017,4
4017,35
4017,37
4017,55
4017,62
10670,18
10670,21
10670,35
10670,48
10670,55
10670,58
4300,1
4300,6
4300,18
4300,23
4300,55
4300,102
7479,1
7479,5
7479,35
7479,48
7479,49
7479,52
7479,55
7479,102
7914,1
7914,8
7914,18
7914,19
7914,34
7914,55
7914,102
13545,35
13545,37
13545,55
13545,63
13545,72
13545,79
13545,80
13545,83
13545,102
6339,1
6339,3
6339,35
6339,48
6339,49
6339,52
6600,1
6600,4
6600,6
6600,89
6600,90
6600,96
5789,1
5789,3
5789,4
5789,10
5789,35
5789,55
5789,58
5789,101
12987,18
12987,34
12987,63
12987,72
12987,76
12987,77
12987,97
12987,111
10561,18
10561,21
10561,34
10561,35
10561,48
10561,52
10561,55
10561,63
10561,72
10561,102
13069,18
13069,35
13069,38
13069,42
13069,48
13069,100
12797,18
12797,34
12797,35
12797,41
12797,43
12797,52
7861,1
7861,6
7861,63
7861,72
7861,79
12350,18
12350,29
12350,35
12350,41
12350,42
13503,35
13503,37
13503,54
13503,55
13503,58
13503,63
13503,72
13599,35
13599,38
13599,41
13599,43
13599,77
13599,97
7368,1
7368,5
7368,18
7368,24
7368,35
7368,42
7368,55
7368,63
7368,72
7368,102
11574,18
11574,24
11574,26
11574,35
11574,52
11574,63
11574,72
8237,1
8237,10
8237,78
8237,97
8237,132
7796,1
7796,6
7796,35
7796,48
7796,63
7796,70
9368,18
9368,19
9368,35
9368,52
9368,55
9368,80
9368,83
9368,102
10755,18
10755,22
10755,23
10755,29
10755,35
10755,39
10755,41
10755,55
10755,102
14843,75
14843,78
14843,79
14843,80
14843,83
14843,97
14843,112
14843,113
14843,132
5394,35
5394,49
5394,76
5394,97
5394,111
8583,18
8583,19
8583,20
8583,22
8583,23
8583,35
8583,42
8583,52
8583,55
8583,63
8583,72
8583,102
12289,18
12289,29
12289,34
12289,35
12289,48
12289,52
12289,55
12289,62
8029,1
8029,8
8029,63
8029,72
8029,76
8029,77
8029,97
8029,111
7681,1
7681,6
7681,18
7681,19
7681,35
7681,55
7681,63
7681,72
7681,101
7681,102
14017,35
14017,44
14017,48
14017,55
14017,62
7003,1
7003,5
7003,6
7003,35
7003,41
12118,18
12118,27
12118,35
12118,41
12118,48
12118,55
12118,77
12118,97
12118,102
13795,35
13795,41
13795,48
13795,49
13795,52
13795,55
13795,58
14249,35
14249,53
14249,63
14249,69
14899,77
14899,79
14899,80
14899,83
14899,97
7575,1
7575,6
7575,8
7575,18
7575,35
7575,41
7575,55
7575,63
7575,71
7575,72
7575,100
7575,102
13505,35
13505,37
13505,54
13505,55
13505,62
13505,80
13505,83
7984,1
7984,8
7984,35
7984,42
7984,52
7984,55
7984,62
7984,63
7984,72
11236,18
11236,22
11236,35
11236,48
11236,63
11236,70
6441,1
6441,4
6441,5
6441,8
6441,10
6441,63
6441,70
13108,18
13108,35
13108,41
13108,42
13108,48
13108,100
6985,1
6985,5
6985,6
6985,18
6985,29
6137,1
6137,3
6137,18
6137,22
6137,29
6137,34
6137,35
6137,37
6137,74
6137,75
6137,97
6137,118
6137,120
6137,122
9485,18
9485,20
9485,21
9485,34
9485,55
9485,58
9485,63
9485,72
13628,35
13628,38
13628,49
13628,55
13628,80
13628,83
13628,102
10723,18
10723,22
10723,23
10723,27
10723,34
10723,35
10723,38
10723,41
10723,48
10723,52
10723,55
10723,58
6837,1
6837,4
6837,35
6837,54
6837,101
11701,18
11701,24
11701,35
11701,42
11701,48
11701,52
11701,55
11701,63
11701,72
11701,102
12337,18
12337,29
12337,35
12337,37
12337,74
12337,75
12337,97
12337,118
12337,120
12337,122
7938,1
7938,8
7938,18
7938,22
7938,35
7938,43
7938,55
7938,102
9323,18
9323,19
9323,35
9323,43
9323,52
9323,55
9323,58
9323,63
9323,72
6286,1
6286,3
6286,35
6286,40
6286,41
6286,55
6286,102
7872,1
7872,6
7872,78
7872,97
7872,132
6486,1
6486,4
6486,5
6486,35
6486,40
6486,43
14840,75
14840,77
14840,97
14840,112
14840,114
14840,118
5271,35
5271,40
5271,48
5271,49
7708,1
7708,6
7708,18
7708,22
7708,63
7708,72
4478,18
4478,19
4478,24
4478,35
4478,48
4478,63
4478,72
4478,77
4478,97
6640,1
6640,4
6640,9
6640,35
6640,48
6640,49
6640,52
11597,18
11597,24
11597,29
11597,35
11597,48
11597,55
11597,58
13917,35
13917,42
13917,54
13917,63
13917,72
13006,18
13006,35
13006,37
13006,38
13006,41
13006,42
13006,55
13006,62
13006,77
13006,97
13006,100
5916,1
5916,3
5916,5
5916,8
5916,55
5916,58
12052,18
12052,26
12052,35
12052,48
12052,55
12052,62
12052,63
12052,70
12052,80
12052,81
12052,83
8869,18
8869,19
8869,22
8869,24
8869,35
8869,52
8869,55
8869,63
8869,72
8869,102
8876,18
8876,19
8876,22
8876,28
8876,34
8876,35
8876,42
8876,48
8876,49
8876,55
8876,63
8876,72
8876,102
6396,1
6396,4
6396,5
6396,6
6396,8
6396,10
6396,35
6396,43
6396,63
6396,72
6522,1
6522,4
6522,6
6522,8
6522,35
6522,43
6522,63
6522,70
6522,72
6631,1
6631,4
6631,8
6631,55
6631,62
6631,63
6631,72
6631,80
6631,81
12272,18
12272,29
12272,34
12272,35
12272,42
12272,48
12272,55
12272,63
12272,72
12272,102
14306,54
14306,63
14306,66
14140,35
14140,48
14140,76
14140,77
14140,97
14140,107
14140,111
13644,35
13644,38
13644,63
13644,72
13644,77
13644,97
3467,13
3467,14
3467,63
3467,71
3467,78
3467,97
3467,132
7791,1
7791,6
7791,35
7791,48
7791,52
7791,63
7791,72
7791,77
7791,97
11293,18
11293,23
11293,24
11293,35
11293,42
11293,63
11293,72
10968,18
10968,22
10968,29
10968,34
10968,35
10968,42
10968,48
10968,52
10968,55
10968,63
10968,72
10968,102
6142,1
6142,3
6142,18
6142,22
6142,34
6142,35
6142,38
6142,42
6142,48
6142,52
6142,55
6142,63
6142,72
6142,77
6142,97
6142,102
12312,18
12312,29
12312,35
12312,37
12312,38
12312,42
12312,55
12312,62
7089,1
7089,5
7089,8
7089,18
7089,19
7089,20
7089,21
7089,25
7089,34
7089,63
7089,72
11533,18
11533,23
11533,35
11533,50
11533,63
11533,70
8938,18
8938,19
8938,22
8938,63
8938,72
8938,80
8938,81
8659,18
8659,19
8659,20
8659,25
8659,35
8659,41
8659,48
8659,52
8659,55
8659,63
8659,72
8659,77
8659,97
8659,102
6168,1
6168,3
6168,18
6168,23
6168,35
6168,37
6168,52
6168,55
6168,102
12973,18
12973,34
12973,55
12973,62
12973,80
12973,81
5901,1
5901,3
5901,5
5901,8
5901,18
5901,20
5901,55
5901,62
10496,18
10496,21
10496,29
10496,35
10496,41
10496,42
10496,48
10496,55
10496,63
10496,72
10496,102
12039,18
12039,26
12039,35
12039,40
12039,42
12039,55
12039,102
6382,1
6382,3
6382,63
6382,70
6382,72
9585,18
9585,20
9585,22
9585,29
9585,30
9585,34
9585,35
9585,42
9585,48
9585,52
9585,55
9585,58
9585,63
9585,72
11595,18
11595,24
11595,29
11595,35
11595,43
11595,48
11595,55
11595,63
11595,72
11595,102
6930,1
6930,5
6930,6
6930,8
6930,55
6930,80
6930,81
6930,102
13911,35
13911,42
13911,52
13911,55
13911,58
13911,77
13911,97
11165,18
11165,22
11165,35
11165,41
11165,42
11165,52
11165,55
11165,102
8341,1
8341,74
8341,79
8341,80
8341,83
8341,97
8341,98
8341,122
13444,35
13444,37
13444,43
13444,55
13444,79
13444,80
13444,83
13444,102
5754,1
5754,3
5754,4
5754,5
5754,76
5754,97
5754,111
13118,18
13118,35
13118,41
13118,43
13118,49
13118,52
13118,100
5997,1
5997,3
5997,6
5997,35
5997,41
5997,48
5997,55
5997,102
7462,1
7462,5
7462,35
7462,43
7462,49
7462,55
7462,102
11915,18
11915,25
11915,35
11915,37
11915,63
11915,72
11915,77
11915,97
8578,18
8578,19
8578,20
8578,22
8578,23
8578,28
8578,34
8578,35
8578,41
8578,42
8578,43
8578,48
8578,52
8578,55
8578,63
8578,72
8578,77
8578,97
8578,102
11775,18
11775,25
11775,27
11775,35
11775,42
2863,1
2863,4
2863,8
2863,35
2863,48
12141,18
12141,27
12141,35
12141,48
12141,55
12141,63
12141,72
12141,102
9560,18
9560,20
9560,22
9560,25
9560,27
9560,63
9560,72
11656,18
11656,24
11656,35
11656,37
11656,40
11656,63
11656,72
5047,18
5047,34
5047,35
5047,38
5047,52
5047,55
5047,62
5398,35
5398,52
5398,53
5398,55
5398,58
10586,18
10586,21
10586,35
10586,37
10586,41
10586,52
5803,1
5803,3
5803,4
5803,18
5803,20
5803,35
5803,52
5803,63
5803,72
5695,1
5695,2
5695,55
5695,79
5695,102
13408,35
13408,37
13408,42
13408,48
11736,18
11736,24
11736,35
11736,48
11736,55
11736,63
11736,72
11736,77
11736,97
11736,102
9919,18
9919,20
9919,30
9919,35
9919,42
9919,43
9919,48
9919,55
9919,63
9919,72
9919,102
12116,18
12116,27
12116,35
12116,40
12116,63
12116,72
10980,18
10980,22
10980,29
10980,35
10980,37
10980,41
10980,48
10980,55
10980,102
6532,1
6532,4
6532,6
6532,8
6532,55
6532,80
6532,81
6532,83
6532,102
8778,18
8778,19
8778,21
8778,22
8778,23
8778,29
8778,34
8778,35
8778,38
8778,41
8778,55
8778,63
8778,72
8778,77
8778,97
8778,102
4564,18
4564,20
4564,22
4564,35
4564,42
4564,63
4564,72
13626,35
13626,38
13626,49
13626,55
13626,62
13626,63
13626,72
9766,18
9766,20
9766,25
9766,27
9766,34
9766,35
9766,42
9766,48
9766,55
9766,63
9766,72
9766,102
4260,1
4260,5
4260,35
4260,42
4260,48
4260,63
4260,72
7240,1
7240,5
7240,8
7240,76
7240,93
7240,96
7240,97
7240,111
6803,1
6803,4
6803,35
6803,43
6803,48
6803,55
6803,80
6803,81
6803,102
2883,1
2883,5
2883,8
2883,76
2883,97
2883,107
2883,111
6736,1
6736,4
6736,18
6736,25
6736,35
6736,48
6736,55
6736,102
4670,18
4670,21
4670,22
4670,25
4670,34
4670,35
4670,37
4670,41
4670,48
4670,52
4670,55
4670,63
4670,72
4670,102
6936,1
6936,5
6936,6
6936,8
6936,79
6936,80
6936,83
11898,18
11898,25
11898,35
11898,37
11898,41
11898,55
11898,62
11898,63
11898,72
7189,1
7189,5
7189,8
7189,35
7189,43
7189,50
13026,18
13026,35
13026,37
13026,41
13026,42
13026,52
13026,55
13026,62
13026,100
6390,1
6390,3
6390,80
6390,81
6390,84
6390,86
5395,35
5395,49
5395,80
5395,83
10045,18
10045,20
10045,35
10045,37
10045,41
10045,48
10045,52
10045,55
10045,62
10269,18
10269,20
10269,55
10269,58
10269,62
10269,63
10269,72
8761,18
8761,19
8761,20
8761,35
8761,48
11401,18
11401,23
11401,31
11401,35
11401,52
11401,55
11401,102
11797,18
11797,25
11797,29
11797,35
11797,37
11797,43
11797,52
11797,55
11797,63
11797,70
11797,102
14327,55
14327,58
14327,61
8005,1
8005,8
8005,35
8005,52
8005,55
8005,62
8005,63
8005,72
13267,35
13267,36
13267,48
13267,52
13267,76
13267,77
13267,97
13267,111
10000,18
10000,20
10000,34
10000,35
10000,42
10000,52
10000,63
10000,72
10000,80
10000,81
8857,18
8857,19
8857,22
8857,23
8857,35
8857,41
8857,48
8857,55
8857,63
8857,72
8857,102
3457,1
3457,74
3457,79
3457,80
3457,83
3457,97
3457,98
3457,120
14398,55
14398,62
14398,74
14398,75
14398,97
14398,112
14398,113
14398,122
14398,124
3614,18
3614,22
3614,35
3614,48
3614,52
3614,63
3614,72
5317,35
5317,42
5317,52
5317,55
5317,62
5317,63
5317,72
4140,1
4140,4
4140,10
4140,63
4140,70
10242,18
10242,20
10242,35
10242,49
10242,63
10242,72
10242,80
10242,81
8911,18
8911,19
8911,22
8911,35
8911,37
8911,41
8911,42
8911,55
8911,63
8911,72
8911,102
8574,18
8574,19
8574,20
8574,21
8574,55
8574,63
8574,72
8574,102
12728,18
12728,34
12728,35
12728,38
12728,49
12728,52
12728,55
12728,102
12603,18
12603,34
12603,35
12603,36
12603,43
12603,48
12603,55
12603,102
9755,18
9755,20
9755,24
9755,35
9755,43
9755,48
9755,52
9755,55
9755,63
9755,72
9755,102
13047,18
13047,35
13047,37
13047,42
13047,55
13047,100
13047,102
5821,1
5821,3
5821,4
5821,18
5821,29
5821,55
5821,102
10372,18
10372,21
10372,23
10372,35
10372,48
5736,1
5736,3
5736,4
5736,5
5736,18
5736,22
5736,35
5736,52
5736,55
5736,102
5953,1
5953,3
5953,5
5953,35
5953,43
5953,48
5953,49
11013,18
11013,22
11013,30
11013,35
11013,48
11013,52
8665,18
8665,19
8665,20
8665,25
8665,55
8665,63
8665,72
8665,77
8665,97
8665,102
6294,1
6294,3
6294,35
6294,41
6294,43
6294,53
6294,55
6294,62
8950,18
8950,19
8950,23
8950,29
8950,34
8950,35
8950,41
8950,42
8950,48
8950,49
8950,52
8950,63
8950,72
6270,1
6270,3
6270,35
6270,37
6270,48
6270,55
6270,58
11520,18
11520,23
11520,35
11520,48
11520,49
11520,52
11520,63
11520,72
13619,35
13619,38
13619,48
13619,49
13619,80
13619,83
11493,18
11493,23
11493,35
11493,42
11493,48
11493,55
11493,58
11493,63
11493,72
10322,18
10322,21
10322,22
10322,29
10322,34
10322,35
10322,48
4884,18
4884,24
4884,35
4884,48
4884,77
4884,97
5937,1
5937,3
5937,5
5937,18
5937,22
5937,35
5937,48
5937,52
5937,77
5937,97
12668,18
12668,34
12668,35
12668,37
12668,42
12668,48
12668,52
12668,63
12668,72
14301,54
14301,55
14301,63
14301,70
14301,80
14301,81
14301,102
7610,1
7610,6
7610,8
7610,63
7610,72
7610,80
7610,83
8955,18
8955,19
8955,23
8955,30
8955,35
8955,52
11398,18
11398,23
11398,31
11398,35
11398,41
11398,43
11398,48
11398,55
11398,77
11398,97
11398,102
7837,1
7837,6
7837,55
7837,63
7837,72
7837,76
7837,97
7837,102
7837,111
6128,1
6128,3
6128,18
6128,22
6128,23
6128,35
6128,41
6128,43
6128,48
6128,53
6128,55
6128,62
14392,55
14392,62
14392,74
14392,75
14392,80
14392,83
14392,97
14392,112
14392,113
14392,118
14392,122
6700,1
6700,4
6700,18
6700,20
6700,21
6700,22
6700,23
6700,34
6700,35
6700,38
6700,48
6700,63
6700,72
8934,18
8934,19
8934,22
8934,35
8934,52
8934,63
8934,72
8934,77
8934,97
9416,18
9416,20
9416,21
9416,24
9416,34
9416,35
9416,40
9416,42
9416,48
9416,52
9416,55
9416,63
9416,72
9416,102
9900,18
9900,20
9900,29
9900,35
9900,42
9900,48
9900,55
9900,63
9900,72
9900,102
10944,18
10944,22
10944,28
10944,29
10944,31
10944,34
10944,35
10944,37
10944,39
10944,41
10944,54
10944,55
10944,62
10944,63
10944,72
13424,35
13424,37
13424,42
13424,55
13424,63
13424,72
13424,102
8054,1
8054,9
8054,18
8054,19
8054,35
8054,41
8054,48
8054,55
8054,58
8054,63
8054,72
10753,18
10753,22
10753,23
10753,29
10753,34
10753,55
10753,102
13005,18
13005,35
13005,37
13005,38
13005,41
13005,42
13005,48
13005,55
13005,62
13005,100
11997,18
11997,25
11997,35
11997,52
11997,55
11997,63
11997,72
11997,77
11997,97
11997,102
4912,18
4912,25
4912,35
4912,41
4912,48
4912,63
4912,72
4912,77
4912,97
14083,35
14083,48
14083,52
14083,54
14083,55
14083,77
14083,97
14083,102
13270,35
13270,36
13270,49
13270,52
11242,18
11242,22
11242,35
11242,50
11242,55
11242,102
4769,18
4769,22
4769,34
4769,35
4769,52
4769,55
4769,63
4769,72
4769,102
6756,1
6756,4
6756,18
6756,34
6756,35
6756,48
6756,54
6756,55
6756,62
4773,18
4773,22
4773,35
4773,37
4773,48
4773,55
4773,62
5171,35
5171,36
5171,43
5171,53
5171,55
5171,102
8096,1
8096,9
8096,18
8096,34
8096,35
8096,52
10399,18
10399,21
10399,24
10399,55
10399,63
10399,72
10399,102
7893,1
7893,8
7893,10
7893,35
7893,43
7893,55
7893,58
9346,18
9346,19
9346,35
9346,48
9346,53
9346,55
9346,63
9346,72
9346,102
14561,63
14561,72
14561,75
14561,97
14561,119
11171,18
11171,22
11171,35
11171,41
11171,43
11171,55
11171,102
3770,18
3770,35
3770,38
3770,52
3770,63
3770,72
3770,100
12300,18
12300,29
12300,34
12300,35
12300,63
12300,72
12300,101
9315,18
9315,19
9315,35
9315,43
9315,48
9315,52
9315,55
9315,102
5832,1
5832,3
5832,4
5832,35
5832,42
5832,43
12883,18
12883,34
12883,35
12883,43
12883,48
12883,55
12883,58
12883,63
12883,72
12549,18
12549,31
12549,55
12549,63
12549,72
12549,102
14658,74
14658,75
14658,80
14658,83
14658,97
14658,112
14658,113
14658,120
14658,122
14658,124
14646,74
14646,75
14646,79
14646,80
14646,83
14646,97
14646,112
14646,113
14646,120
14646,122
14646,124
10102,18
10102,20
10102,35
10102,38
10102,40
10102,63
10102,72
13793,35
13793,41
13793,45
13793,48
8294,1
8294,35
8294,49
8294,98
10100,18
10100,20
10100,35
10100,38
10100,39
10100,48
10100,63
10100,72
4659,18
4659,20
4659,35
4659,49
4659,52
4659,55
4659,63
4659,72
4659,102
5699,1
5699,2
5699,63
5699,69
5699,80
5699,81
4376,1
4376,9
4376,74
4376,97
4376,120
12909,18
12909,34
12909,35
12909,48
12909,49
12909,55
12909,63
12909,70
12909,102
13887,35
13887,42
13887,48
13887,52
13887,55
13887,62
13887,63
13887,70
14805,75
14805,76
14805,78
14805,97
14805,111
14805,112
14805,113
14805,127
6350,1
6350,3
6350,35
6350,49
6350,52
6350,55
6350,102
5530,74
5530,75
5530,77
5530,97
5530,118
5530,120
8248,1
8248,18
8248,19
8248,35
8248,43
8248,63
8248,72
8248,98
10607,18
10607,21
10607,35
10607,38
10607,52
4717,18
4717,21
4717,35
4717,43
4717,63
4717,72
11459,18
11459,23
11459,35
11459,37
11459,48
11459,55
11459,102
11695,18
11695,24
11695,35
11695,41
11695,48
11695,80
11695,81
6331,1
6331,3
6331,35
6331,43
6331,55
6331,62
6331,63
6331,72
11136,18
11136,22
11136,35
11136,37
11136,48
11136,52
11136,55
11136,62
11136,77
11136,97
12119,18
12119,27
12119,35
12119,41
12119,48
12119,55
12119,102
11507,18
11507,23
11507,35
11507,43
11507,55
11507,77
11507,97
11507,102
14686,74
14686,75
14686,97
14686,112
14686,114
14686,118
14686,124
13349,35
13349,37
13349,41
13349,43
13349,48
13349,55
13349,62
13349,63
13349,72
13052,18
13052,35
13052,37
13052,52
13052,55
13052,62
13052,75
13052,97
13052,100
13052,118
13302,35
13302,37
13302,38
13302,52
13302,55
13302,62
13302,79
13261,35
13261,36
13261,43
13261,53
4371,1
4371,9
4371,55
4371,62
4371,63
4371,72
4828,18
4828,23
4828,35
4828,40
3574,18
3574,21
3574,31
6780,1
6780,4
6780,35
6780,37
6780,55
6780,62
6780,74
6780,79
6780,97
6780,120
6780,122
12290,18
12290,29
12290,34
12290,35
12290,48
12290,52
12290,63
12290,72
6589,1
6589,4
6589,6
6589,55
6589,62
6589,63
6589,72
6143,1
6143,3
6143,18
6143,22
6143,34
6143,35
6143,42
6143,52
6882,1
6882,5
6882,6
6882,8
6882,9
6882,55
6882,90
6882,96
6882,102
14199,35
14199,51
14199,55
14199,63
14199,69
14199,102
12473,18
12473,30
12473,35
12473,55
12473,63
12473,70
12473,101
12473,102
7967,1
7967,8
7967,18
7967,35
7967,42
7967,63
7967,72
7967,100
12127,18
12127,27
12127,35
12127,42
12127,48
12127,55
12127,63
12127,72
12127,102
6556,1
6556,4
6556,6
6556,13
6556,14
6556,35
6556,37
6556,55
6556,62
9355,18
9355,19
9355,35
9355,48
9355,55
9355,63
9355,70
9355,72
9355,102
14722,74
14722,76
14722,97
14722,107
14722,111
14722,120
14722,124
13371,35
13371,37
13371,41
13371,52
13371,54
13371,55
13371,62
10225,18
10225,20
10225,35
10225,48
10225,55
10225,62
10225,63
10225,72
10225,74
10225,75
10225,80
10225,83
10225,97
10225,118
10225,120
10225,122
12698,18
12698,34
12698,35
12698,37
12698,63
12698,72
12698,80
12698,83
7425,1
7425,5
7425,35
7425,37
7425,39
13260,35
13260,36
13260,43
13260,52
13260,55
13260,58
13507,35
13507,37
13507,54
13507,55
13507,63
13507,72
13507,102
4110,1
4110,4
4110,5
4110,8
4110,9
9436,18
9436,20
9436,21
9436,25
9436,35
9436,37
9436,55
9436,63
9436,72
9436,102
7704,1
7704,6
7704,18
7704,22
7704,35
7704,43
8438,13
8438,14
8438,18
8438,30
8438,55
8438,102
4400,1
4400,35
4400,43
4400,55
4400,63
4400,72
4400,98
4400,102
14549,63
14549,70
14549,91
14549,95
14549,96
13196,18
13196,35
13196,45
13196,52
13196,100
9158,18
9158,19
9158,34
9158,35
9158,40
9158,42
9158,48
9158,55
9158,63
9158,72
9158,80
9158,81
9158,102
10299,18
10299,21
10299,22
10299,23
10299,26
10299,29
10299,34
10299,35
10299,36
10299,41
10299,48
10299,55
10299,77
10299,97
10299,102
11838,18
11838,25
11838,34
11838,35
11838,38
11838,63
11838,72
9059,18
9059,19
9059,25
9059,34
9059,35
9059,43
9059,48
9059,63
9059,72
6150,1
6150,3
6150,18
6150,22
6150,35
6150,43
6150,55
6150,102
5703,1
5703,2
5703,76
5703,97
5703,107
9757,18
9757,20
9757,24
9757,35
9757,43
9757,55
9757,63
9757,72
9757,102
7931,1
7931,8
7931,18
7931,22
2493,74
2493,75
2493,76
2493,97
2493,107
2493,112
2493,114
2493,118
2493,120
14527,63
14527,70
14527,74
14527,75
14527,97
14527,118
14527,122
12245,18
12245,29
12245,34
12245,35
12245,37
12245,42
12245,43
12245,48
12245,55
12245,80
12245,83
12245,102
6727,1
6727,4
6727,18
6727,23
6727,34
6727,35
6727,55
6727,62
6727,77
6727,97
6727,101
11355,18
11355,23
11355,27
11355,55
11355,62
14297,54
14297,55
14297,62
14297,80
14297,81
14297,83
10081,18
10081,20
10081,35
10081,37
10081,48
10081,55
10081,63
10081,70
10081,72
10081,102
8116,1
8116,9
8116,35
8116,43
8116,55
8116,63
8116,72
8116,102
8622,18
8622,19
8622,20
8622,23
8622,25
8622,34
8622,35
8622,41
8622,42
8622,43
8622,48
8622,52
8622,55
8622,63
8622,72
8622,77
8622,97
8622,102
11356,18
11356,23
11356,27
11356,55
11356,63
11356,72
11356,102
11969,18
11969,25
11969,35
11969,42
11969,63
11969,72
11969,80
11969,81
8246,1
8246,18
8246,19
8246,35
8246,41
8246,43
8246,55
8246,63
8246,72
8246,98
8246,102
6219,1
6219,3
6219,18
6219,34
6219,35
6219,41
6219,48
6219,55
6219,102
13325,35
13325,37
13325,40
13325,48
13325,49
8671,18
8671,19
8671,20
8671,27
8671,35
8671,48
8671,52
8671,55
8671,62
8671,63
8671,72
11821,18
11821,25
11821,31
11821,35
11821,52
11821,63
11821,72
10366,18
10366,21
10366,23
10366,35
10366,37
10366,41
10366,42
10366,48
10366,55
10366,62
10366,63
10366,72
9484,18
9484,20
9484,21
9484,34
9484,35
9484,101
13086,18
13086,35
13086,40
13086,41
13086,42
13086,52
13086,77
13086,97
13086,100
5135,18
5135,35
5135,41
5135,49
5135,55
5135,62
5135,100
9195,18
9195,19
9195,34
9195,35
9195,48
9195,52
9195,55
9195,102
13186,18
13186,35
13186,43
13186,48
13186,52
13186,55
13186,58
13186,100
8794,18
8794,19
8794,21
8794,25
8794,34
8794,35
8794,37
8794,40
8794,42
8794,55
8794,62
8794,63
8794,72
8794,80
8794,83
12800,18
12800,34
12800,35
12800,41
12800,43
12800,55
12800,63
12800,72
12800,102
13914,35
13914,42
13914,52
13914,76
13914,77
13914,97
13914,111
11665,18
11665,24
11665,35
11665,37
11665,48
13439,35
13439,37
13439,43
13439,55
13439,58
13439,62
13439,77
13439,97
12365,18
12365,29
12365,35
12365,41
12365,52
12365,55
12365,62
13435,35
13435,37
13435,43
13435,49
4736,18
4736,22
4736,23
4736,34
4736,55
4736,63
4736,72
4736,102
14436,55
14436,62
14436,76
14436,79
14436,80
14436,83
14436,97
14436,111
6808,1
6808,4
6808,35
6808,43
6808,54
6808,55
6808,80
6808,81
6808,102
12366,18
12366,29
12366,35
12366,41
12366,52
12366,55
12366,63
12366,70
12366,72
12366,102
11578,18
11578,24
11578,27
11578,34
11578,35
11578,48
11578,55
11578,102
10210,18
10210,20
10210,35
10210,47
10210,77
10210,97
10550,18
10550,21
10550,34
10550,35
10550,41
10550,52
6167,1
6167,3
6167,18
6167,23
6167,34
6167,35
6167,48
6167,52
6167,55
6167,102
5570,74
5570,76
5570,79
5570,97
5570,107
5570,120
12404,18
12404,29
12404,35
12404,52
12404,55
12404,63
12404,70
12404,102
12699,18
12699,34
12699,35
12699,37
12699,74
12699,97
12699,120
12699,122
8174,1
8174,10
8174,18
8174,19
8174,35
8174,52
8174,63
8174,72
4332,1
4332,7
4332,54
9421,18
9421,20
9421,21
9421,25
9421,29
9421,34
9421,35
9421,37
9421,38
9421,48
9421,49
9421,55
9421,62
9421,63
9421,72
9421,77
9421,97
13452,35
13452,37
13452,45
13452,54
13452,55
13452,102
6554,1
6554,4
6554,6
6554,13
6554,14
7983,1
7983,8
7983,35
7983,42
7983,43
7983,48
9637,18
9637,20
9637,22
9637,35
9637,52
9637,55
9637,62
9637,63
9637,72
7952,1
7952,8
7952,18
7952,27
9860,18
9860,20
9860,27
9860,55
9860,102
4046,1
4046,3
4046,8
4046,63
4046,70
12283,18
12283,29
12283,34
12283,35
12283,44
12283,55
12283,102
4036,1
4036,3
4036,5
4036,35
4036,41
4036,55
4036,102
8118,1
8118,9
8118,35
8118,48
8118,55
8118,63
8118,72
8118,102
14657,74
14657,75
14657,80
14657,83
14657,97
14657,112
14657,113
14657,118
14657,122
14657,124
11050,18
11050,22
11050,34
11050,35
11050,37
11050,52
11050,55
11050,102
5833,1
5833,3
5833,4
5833,35
5833,42
5833,55
5833,102
10838,18
10838,22
10838,23
10838,35
10838,49
10838,52
10838,55
10838,102
12496,18
12496,31
12496,34
12496,63
12496,72
6652,1
6652,4
6652,10
6652,35
6652,52
6652,80
6652,81
5917,1
5917,3
5917,5
5917,8
5917,55
5917,62
5917,80
5917,83
11827,18
11827,25
11827,32
11827,35
11827,48
11827,63
11827,72
13666,35
13666,39
13666,46
7992,1
7992,8
7992,35
7992,43
7992,55
7992,63
7992,72
7992,102
11029,18
11029,22
11029,32
13306,35
13306,37
13306,38
13306,55
13306,63
13306,72
13306,79
13306,80
13306,83
13306,102
11026,18
11026,22
11026,31
11026,35
11026,52
13528,35
13528,37
13528,55
13528,62
13528,74
13528,75
13528,80
13528,83
13528,97
13528,112
13528,113
13528,120
4604,18
4604,20
4604,34
4604,35
4604,38
4604,42
4604,63
4604,72
13677,35
13677,39
13677,52
13677,63
13677,70
11893,18
11893,25
11893,35
11893,37
11893,40
11893,42
11893,55
11893,62
11893,63
11893,72
9863,18
9863,20
9863,28
9863,34
9863,55
9863,102
12982,18
12982,34
12982,63
12982,67
5425,54
5425,55
5425,56
5425,58
11092,18
11092,22
11092,34
11092,35
11092,49
11092,52
11092,55
11092,63
11092,69
11092,102
14343,55
14343,61
14343,77
14343,97
7166,1
7166,5
7166,8
7166,35
7166,37
7166,76
7166,77
7166,78
7166,97
7166,111
7166,132
12969,18
12969,34
12969,55
12969,59
13206,18
13206,35
13206,50
13206,55
13206,100
13206,102
12828,18
12828,34
12828,35
12828,41
12828,55
12828,62
12828,63
12828,72
12828,74
12828,76
12828,80
12828,81
12828,97
12828,107
12828,120
4073,1
4073,3
4073,35
4073,43
4073,48
4073,52
3825,35
3825,41
3825,43
3825,52
3825,55
3825,58
8774,18
8774,19
8774,20
8774,55
8774,58
6340,1
6340,3
6340,35
6340,48
6340,49
6340,52
6340,55
6340,102
8412,13
8412,14
8412,18
8412,23
8412,35
8412,52
8412,55
8412,63
8412,72
8412,102
7988,1
7988,8
7988,35
7988,43
7988,48
7988,52
7988,53
7988,55
7988,102
11964,18
11964,25
11964,35
11964,42
11964,49
11964,55
11964,62
11964,63
11964,72
11950,18
11950,25
11950,35
11950,41
11950,52
11950,63
11950,72
13572,35
13572,37
13572,74
13572,75
13572,79
13572,97
13572,118
13572,120
9451,18
9451,20
9451,21
9451,29
9451,34
9451,35
9451,37
9451,38
9451,41
9451,48
9451,52
9451,55
9451,102
11299,18
11299,23
11299,24
11299,35
11299,48
11299,55
11299,102
12772,18
12772,34
12772,35
12772,41
12772,42
12772,48
12772,55
12772,58
12772,62
9760,18
9760,20
9760,24
9760,35
9760,48
9760,55
9760,63
9760,72
9760,102
3548,18
3548,20
3548,35
3548,40
3548,55
3548,63
3548,72
3548,102
14073,35
14073,48
14073,49
14073,55
14073,62
14073,79
8514,13
8514,16
8514,18
8514,34
6809,1
6809,4
6809,35
6809,43
6809,54
6809,55
6809,102
6110,1
6110,3
6110,18
6110,20
6110,35
6110,52
6110,63
6110,72
11676,18
11676,24
11676,35
11676,38
11676,63
11676,72
13774,35
13774,41
13774,43
13774,48
13774,52
13774,63
13774,72
7656,1
7656,6
7656,13
7656,14
7656,18
7656,20
7656,63
7656,72
8462,13
8462,14
8462,35
8462,37
8462,79
8462,80
8462,83
12561,18
12561,32
12561,35
12561,41
12561,48
12561,55
12561,58
4977,18
4977,29
4977,34
4977,35
4977,42
4977,48
4977,52
4977,55
4977,62
4977,63
4977,72
14181,35
14181,49
14181,78
14181,97
14181,132
13055,18
13055,35
13055,37
13055,52
13055,63
13055,72
13055,100
11994,18
11994,25
11994,35
11994,49
11994,55
11994,63
11994,72
11994,102
6004,1
6004,3
6004,6
6004,35
6004,52
7238,1
7238,5
7238,8
7238,76
7238,78
7238,97
7238,107
7238,111
7238,132
12691,18
12691,34
12691,35
12691,37
12691,52
12691,63
12691,69
8391,13
8391,14
8391,18
8391,20
8391,35
8391,63
8391,72
8391,101
9185,18
9185,19
9185,34
9185,35
9185,42
9185,52
9185,63
9185,72
9185,77
9185,97
11065,18
11065,22
11065,34
11065,35
11065,41
11065,44
11065,48
11065,52
11065,55
11065,102
6196,1
6196,3
6196,18
6196,25
6196,55
6196,102
9826,18
9826,20
9826,25
9826,35
9826,41
9826,48
9826,63
9826,72
9344,18
9344,19
9344,35
9344,48
9344,52
9344,63
9344,69
9344,72
6457,1
6457,4
6457,5
6457,8
6457,35
6457,48
6457,63
6457,72
12670,18
12670,34
12670,35
12670,37
12670,42
12670,52
12670,55
12670,62
10431,18
10431,21
10431,25
10431,35
10431,37
10431,41
10431,48
10431,52
10431,63
10431,72
10431,80
10431,83
10949,18
10949,22
10949,28
10949,34
10949,35
10949,37
10949,41
10949,55
10949,102
13660,35
13660,39
13660,41
13660,80
13660,81
4870,18
4870,24
4870,35
4870,41
4870,55
4870,58
10367,18
10367,21
10367,23
10367,35
10367,41
10367,48
10367,55
10367,58
4043,1
4043,3
4043,6
4043,55
4043,62
4043,63
4043,72
7027,1
7027,5
7027,6
7027,35
7027,48
7027,89
7027,96
9993,18
9993,20
9993,34
9993,35
9993,42
9993,48
9993,49
9993,55
9993,63
9993,72
9993,80
9993,83
9993,102
5907,1
5907,3
5907,5
5907,8
5907,35
5907,37
5907,41
5907,52
13607,35
13607,38
13607,42
13607,48
13607,77
13607,97
5267,35
5267,40
5267,42
5267,48
5267,52
5267,77
5267,97
6772,1
6772,4
6772,35
6772,37
6772,43
6772,54
6772,55
6772,62
5090,18
5090,34
5090,35
5090,49
5090,55
5090,62
4591,18
4591,20
4591,29
4591,35
4591,48
4591,52
11958,18
11958,25
11958,35
11958,42
11958,48
11958,49
11958,55
11958,63
11958,72
11958,102
8507,13
8507,15
8507,55
8507,63
8507,69
8507,71
8507,77
8507,97
8507,102
8822,18
8822,19
8822,21
8822,35
8822,42
8822,52
8822,63
8822,72
7731,1
7731,6
7731,18
7731,34
7731,35
7731,42
7731,43
7731,48
7731,55
7731,62
5857,1
5857,3
5857,4
5857,55
5857,62
5857,63
5857,72
5857,80
5857,81
10948,18
10948,22
10948,28
10948,34
10948,35
10948,37
10948,41
10948,48
10948,55
10948,102
11840,18
11840,25
11840,34
11840,35
11840,40
11840,42
11840,52
11840,63
11840,72
13803,35
13803,41
13803,48
13803,52
13803,55
13803,77
13803,97
13803,102
10217,18
10217,20
10217,35
10217,48
10217,52
10217,55
10217,62
10217,63
10217,72
10217,74
10217,75
10217,97
10217,112
10217,113
10217,120
11634,18
11634,24
11634,34
11634,35
11634,42
11634,48
11634,52
11634,55
11634,62
11634,77
11634,97
13354,35
13354,37
13354,41
13354,43
13354,55
13354,62
12947,18
12947,34
12947,35
12947,51
13379,35
13379,37
13379,41
13379,52
13379,79
4038,1
4038,3
4038,5
4038,35
4038,52
4038,55
4038,102
9217,18
9217,19
9217,35
9217,36
9217,43
9217,54
4463,18
4463,19
4463,21
4463,35
4463,42
4463,63
4463,72
4620,18
4620,20
4620,34
4620,55
4620,58
4620,63
4620,72
13713,35
13713,40
13713,42
13713,54
13713,55
13713,102
11323,18
11323,23
11323,25
11323,34
11323,35
11323,42
11323,43
11323,48
11323,49
11323,52
11323,55
11323,63
11323,72
11323,102
10350,18
10350,21
10350,22
10350,63
10350,72
13056,18
13056,35
13056,37
13056,55
13056,62
13056,80
13056,83
13056,100
11766,18
11766,25
11766,26
11766,34
11766,35
11766,52
11766,63
11766,72
7614,1
7614,6
7614,8
7614,77
7614,97
5785,1
5785,3
5785,4
5785,10
5785,18
5785,19
14011,35
14011,43
14011,93
14011,96
8153,1
8153,9
8153,74
8153,75
8153,80
8153,83
8153,97
8153,112
8153,113
8153,120
7565,1
7565,6
7565,8
7565,18
7565,21
7565,35
7565,36
7565,42
7565,55
7565,62
7565,74
7565,97
7565,120
11635,18
11635,24
11635,34
11635,35
11635,42
11635,48
11635,55
11635,62
11635,77
11635,97
10907,18
10907,22
10907,26
10907,29
10907,34
10907,35
10907,38
10907,41
10907,52
10907,55
10907,62
9598,18
9598,20
9598,22
9598,34
9598,35
9598,37
9598,38
9598,41
9598,42
9598,48
9598,55
9598,62
12985,18
12985,34
12985,63
12985,70
12985,71
13062,18
13062,35
13062,38
13062,41
13062,48
13062,52
13062,100
14615,74
14615,75
14615,77
14615,97
14615,112
14615,113
14615,118
14615,120
14615,122
10451,18
10451,21
10451,26
10451,34
10451,77
10451,97
7743,1
7743,6
7743,35
7743,37
7743,41
7743,48
7743,63
7743,72
9865,18
9865,20
9865,28
9865,35
9865,41
9865,48
9865,52
9865,55
9865,63
9865,72
9865,102
9682,18
9682,20
9682,23
9682,30
9682,34
9682,55
9682,63
9682,72
9682,102
13400,35
13400,37
13400,41
13400,79
12241,18
12241,29
12241,34
12241,35
12241,37
12241,40
12241,55
12241,102
6410,1
6410,4
6410,5
6410,6
6410,8
6410,55
6410,89
6410,96
6410,102
10619,18
10619,21
10619,35
10619,40
10619,42
10619,48
10619,63
10619,72
13556,35
13556,37
13556,63
13556,71
13556,74
13556,97
13556,120
11435,18
11435,23
11435,34
11435,35
11435,43
11435,52
11435,55
11435,102
9479,18
9479,20
9479,21
9479,34
9479,35
9479,48
9479,55
9479,63
9479,72
9479,102
9227,18
9227,19
9227,35
9227,37
9227,41
9227,55
9227,58
9227,63
9227,72
12199,18
12199,28
12199,35
12199,40
12199,63
12199,70
4134,1
4134,4
4134,8
4134,35
4134,43
4134,55
4134,102
6557,1
6557,4
6557,6
6557,13
6557,14
6557,55
6557,102
13580,35
13580,37
13580,74
13580,76
13580,97
13580,107
13580,122
6968,1
6968,5
6968,6
6968,18
6968,19
6968,35
6968,52
6968,63
6968,72
10254,18
10254,20
10254,35
10254,52
10254,55
10254,63
10254,69
10254,102
9410,18
9410,20
9410,21
9410,23
9410,35
9410,48
9410,52
9410,55
9410,62
9410,63
9410,72
9410,80
9410,81
13151,18
13151,35
13151,41
13151,55
13151,63
13151,70
13151,72
13151,100
13151,102
6730,1
6730,4
6730,18
6730,23
6730,35
6730,48
6730,55
6730,102
7263,1
7263,5
7263,9
7263,35
7263,48
7263,55
7263,102
12123,18
12123,27
12123,35
12123,41
12123,55
12123,62
13027,18
13027,35
13027,37
13027,41
13027,42
13027,55
13027,63
13027,72
13027,100
13027,102
7373,1
7373,5
7373,18
7373,25
7373,35
7373,48
7373,52
6885,1
6885,5
6885,6
6885,8
6885,9
6885,80
6885,83
9352,18
9352,19
9352,35
9352,48
9352,55
9352,62
9352,63
9352,72
9352,80
9352,81
10532,18
10532,21
10532,34
10532,35
10532,38
10532,41
10532,42
10532,52
10532,55
10532,63
10532,72
10532,102
12920,18
12920,34
12920,35
12920,48
12920,52
12920,55
12920,63
12920,70
12920,102
9571,18
9571,20
9571,22
9571,26
9571,27
9571,30
9571,34
9571,35
9571,52
9571,55
9571,62
10124,18
10124,20
10124,35
10124,40
10124,42
10124,48
10124,52
10124,63
10124,72
11851,18
11851,25
11851,34
11851,35
11851,41
11851,52
11851,55
11851,102
14001,35
14001,43
14001,55
14001,76
14001,77
14001,97
14001,102
14001,111
5416,35
5416,54
5416,55
5416,77
5416,97
5416,101
5416,102
5815,1
5815,3
5815,4
5815,18
5815,24
5815,34
5815,35
5815,42
5815,43
5815,48
9489,18
9489,20
9489,21
9489,35
9489,37
9489,41
9489,48
9489,55
9489,63
9489,72
9489,74
9489,79
9489,80
9489,83
9489,97
9489,102
9489,120
6364,1
6364,3
6364,35
6364,77
6364,97
6364,101
9411,18
9411,20
9411,21
9411,24
9411,25
9411,29
9411,34
9411,35
9411,38
9411,41
9411,48
9411,55
9411,63
9411,72
9411,102
11745,18
11745,24
11745,35
11745,52
11745,55
11745,58
11745,62
11745,63
11745,72
6201,1
6201,3
6201,18
6201,27
6201,35
6201,48
6201,52
6201,55
6201,62
12426,18
12426,30
12426,34
12426,35
12426,37
12426,41
12426,42
12426,48
12426,55
12426,58
12426,62
12426,63
12426,72
9608,18
9608,20
9608,22
9608,34
9608,35
9608,48
4760,18
4760,22
4760,34
4760,35
4760,41
4760,52
4760,55
4760,63
4760,72
4760,102
7330,1
7330,5
7330,18
7330,20
7330,25
7330,35
7330,42
7330,55
7330,63
7330,71
7330,72
7330,102
8748,18
8748,19
8748,20
8748,35
8748,42
8748,52
8748,63
8748,72
8184,1
8184,10
8184,18
8184,20
8184,35
8184,48
8184,63
8184,72
4115,1
4115,4
4115,5
4115,18
4115,23
4115,35
4115,52
4115,55
4115,62
14018,35
14018,44
14018,48
14018,55
14018,102
13977,35
13977,43
13977,52
13977,55
13977,62
13977,63
13977,71
13977,75
13977,97
13977,118
10063,18
10063,20
10063,35
10063,37
10063,42
10063,48
10063,52
10063,55
10063,62
10063,63
10063,72
10063,80
10063,83
6801,1
6801,4
6801,35
6801,42
6801,80
6801,81
13140,18
13140,35
13140,41
13140,52
13140,55
13140,62
13140,63
13140,72
13140,100
11466,18
11466,23
11466,35
11466,37
11466,55
11466,62
10380,18
10380,21
10380,24
10380,29
10380,34
10380,35
10380,40
10380,41
10380,48
10380,55
10380,63
10380,72
10380,102
10554,18
10554,21
10554,34
10554,35
10554,42
10554,49
10554,63
10554,72
10127,18
10127,20
10127,35
10127,40
10127,42
10127,77
10127,97
8063,1
8063,9
8063,18
8063,20
8063,35
8063,42
8063,63
8063,72
13457,35
13457,37
13457,48
13457,49
13457,52
6989,1
6989,5
6989,6
6989,18
6989,34
6989,35
6989,38
6989,41
6989,42
6989,48
6989,49
6989,54
6989,55
6989,63
6989,72
6989,102
11986,18
11986,25
11986,35
11986,48
11986,52
11986,55
11986,102
3755,18
3755,34
3755,35
3755,50
3755,63
3755,70
13682,35
13682,39
13682,55
13682,62
13682,80
13682,83
4408,1
4408,55
4408,62
4408,80
4408,83
4408,98
6477,1
6477,4
6477,5
6477,18
6477,24
6477,63
6477,72
8701,18
8701,19
8701,20
8701,34
8701,35
8701,42
8701,43
8701,48
8701,52
8701,63
8701,72
11508,18
11508,23
11508,35
11508,44
11508,48
11508,55
11508,102
10696,18
10696,22
10696,23
10696,24
10696,26
10696,34
10696,35
10696,52
10696,55
10696,102
10997,18
10997,22
10997,29
10997,35
10997,52
10997,55
10997,102
8544,18
8544,19
8544,20
8544,21
8544,23
8544,25
8544,27
8544,34
8544,35
8544,37
8544,41
8544,48
8544,52
8544,55
8544,63
8544,72
8544,102
5274,35
5274,40
5274,52
5274,77
5274,97
12029,18
12029,26
12029,34
12029,55
12029,63
12029,72
12029,102
4594,18
4594,20
4594,30
4594,55
4594,63
4594,72
4594,102
10592,18
10592,21
10592,35
10592,37
10592,42
10592,48
13312,35
13312,37
13312,39
13312,41
13312,55
13312,63
13312,72
13312,102
5639,1
5639,2
5639,4
5639,5
5639,63
5639,72
8945,18
8945,19
8945,23
8945,24
8945,35
8945,36
8945,41
8945,48
8945,52
8945,55
8945,58
8945,63
8945,72
7292,1
7292,5
7292,13
7292,14
7292,55
7292,95
7292,96
7292,102
8419,13
8419,14
8419,18
8419,25
8419,35
8419,48
8419,49
8419,63
8419,72
12037,18
12037,26
12037,35
12037,38
13076,18
13076,35
13076,38
13076,52
13076,100
14595,74
14595,75
14595,76
14595,97
14595,107
14595,112
14595,113
14595,118
14595,119
14595,120
10817,18
10817,22
10817,23
10817,35
10817,41
10817,48
10817,52
10817,55
10817,102
7355,1
7355,5
7355,18
7355,22
7355,35
7355,48
7355,55
7355,63
7355,72
7355,102
13018,18
13018,35
13018,37
13018,39
13018,41
13018,77
13018,97
13018,100
9279,18
9279,19
9279,35
9279,41
9279,48
9279,52
9279,55
9279,63
9279,72
9279,102
9247,18
9247,19
9247,35
9247,37
9247,52
9247,55
9247,102
8303,1
8303,54
8303,79
8303,98
11488,18
11488,23
11488,35
11488,41
11488,54
11488,55
11488,102
3108,18
3108,34
3108,35
3108,48
3108,49
3108,55
3108,102
6776,1
6776,4
6776,35
6776,37
6776,48
13437,35
13437,37
13437,43
13437,49
13437,63
13437,70
2707,18
2707,34
2707,35
2707,42
2707,43
13530,35
13530,37
13530,55
13530,62
13530,74
13530,75
13530,97
13530,112
13530,113
13530,120
13530,122
8302,1
8302,54
8302,63
8302,70
8302,72
8302,98
9856,18
9856,20
9856,27
9856,35
9856,43
9856,52
11723,18
11723,24
11723,35
11723,43
11723,52
11723,55
11723,58
6876,1
6876,4
6876,76
6876,80
6876,81
6876,97
6876,111
4128,1
4128,4
4128,6
4128,35
4128,43
4128,55
4128,63
4128,72
4128,102
10926,18
10926,22
10926,27
10926,30
10926,55
10926,102
12638,18
12638,34
12638,35
12638,37
12638,41
12638,42
12638,48
12638,52
12638,63
12638,72
12638,77
12638,97
6602,1
6602,4
6602,8
6602,10
6602,55
6602,62
6602,63
6602,70
9930,18
9930,20
9930,31
9930,55
9930,77
9930,97
9930,102
8666,18
8666,19
8666,20
8666,25
8666,55
8666,63
8666,72
8666,102
7346,1
7346,5
7346,18
7346,22
7346,24
7346,35
7346,48
7346,55
7346,77
7346,97
7346,102
12134,18
12134,27
12134,35
12134,43
12134,55
12134,58
12134,63
12134,72
13458,35
13458,37
13458,48
13458,49
13458,52
13458,55
13458,62
11276,18
11276,23
11276,24
11276,34
11276,35
11276,37
11276,42
11276,52
11276,55
11276,63
11276,72
11276,102
6900,1
6900,5
6900,6
6900,8
6900,18
6900,25
6900,35
6900,37
6900,52
6900,63
6900,72
6900,77
6900,97
8550,18
8550,19
8550,20
8550,21
8550,24
8550,34
8550,35
8550,38
8550,41
8550,63
8550,72
13401,35
13401,37
13401,41
13401,80
13401,81
13183,18
13183,35
13183,42
13183,55
13183,62
13183,63
13183,72
13183,75
13183,80
13183,83
13183,97
13183,100
13183,118
6324,1
6324,3
6324,35
6324,43
6324,52
6324,55
6324,58
12650,18
12650,34
12650,35
12650,37
12650,41
12650,48
12650,55
12650,62
12650,63
12650,72
12085,18
12085,27
12085,34
12085,35
12085,40
12085,48
12085,55
12085,58
10113,18
10113,20
10113,35
10113,38
10113,48
10113,52
10113,55
10113,63
10113,72
10113,102
7399,1
7399,5
7399,18
7399,34
7399,35
7399,40
7399,41
7399,48
7399,52
7399,55
7399,102
10226,18
10226,20
10226,35
10226,48
10226,55
10226,62
10226,63
10226,72
10226,74
10226,75
10226,97
10226,112
10226,113
10226,120
13115,18
13115,35
13115,41
13115,43
13115,48
13115,55
13115,63
13115,70
13115,100
13115,102
6051,1
6051,3
6051,13
6051,14
6051,18
6051,23
6051,35
6051,41
6051,55
6051,102
8767,18
8767,19
8767,20
8767,35
8767,48
8767,55
8767,62
11862,18
11862,25
11862,34
11862,35
11862,43
11862,48
11862,52
11862,55
11862,63
11862,72
11862,102
9497,18
9497,20
9497,21
9497,35
9497,38
9497,63
9497,72
6165,1
6165,3
6165,18
6165,23
6165,34
6165,35
6165,40
6165,48
6165,52
6165,63
6165,72
8035,1
8035,8
8035,74
8035,76
8035,97
8035,111
8035,120
9631,18
9631,20
9631,22
9631,35
9631,47
9631,48
9631,63
9631,72
14020,35
14020,44
14020,49
14020,55
14020,62
13557,35
13557,37
13557,63
13557,72
13557,74
13557,75
13557,80
13557,83
13557,97
13557,112
13557,113
13557,120
13557,122
12213,18
12213,28
12213,35
12213,50
12213,63
12213,72
13816,35
13816,41
13816,49
13816,55
13816,62
13816,74
13816,75
13816,79
13816,97
13816,112
13816,113
13816,122
9800,18
9800,20
9800,25
9800,34
9800,35
9800,48
9800,55
9800,62
9800,63
9800,72
9800,77
9800,79
9800,80
9800,81
9800,97
9638,18
9638,20
9638,22
9638,35
9638,52
9638,63
9638,72
13567,35
13567,37
13567,74
13567,75
13567,79
13567,80
13567,83
13567,97
13567,112
13567,113
13567,120
13567,122
6851,1
6851,4
6851,55
6851,62
6851,63
6851,69
13949,35
13949,43
13949,48
13949,54
13949,55
13949,102
10728,18
10728,22
10728,23
10728,27
10728,34
10728,35
10728,52
10728,55
10728,102
8556,18
8556,19
8556,20
8556,21
8556,25
8556,34
8556,35
8556,42
8556,48
8556,55
8556,63
8556,72
8556,77
8556,97
8556,102
4687,18
4687,21
4687,34
4687,35
4687,48
4687,52
4687,55
4687,102
12818,18
12818,34
12818,35
12818,41
12818,49
12818,52
12818,77
12818,97
7434,1
7434,5
7434,35
7434,37
7434,63
7434,72
10884,18
10884,22
10884,25
10884,30
10884,34
10884,35
10884,37
10884,41
10884,48
10884,52
10884,55
10884,63
10884,72
10884,102
5764,1
5764,3
5764,4
5764,6
5764,18
5764,19
5764,63
5764,72
3992,1
3992,2
3992,13
3992,15
12943,18
12943,34
12943,35
12943,50
12943,54
12943,55
12943,102
13075,18
13075,35
13075,38
13075,52
13075,55
13075,63
13075,72
13075,100
13075,102
5517,63
5517,71
5517,75
5517,97
5517,118
14467,55
14467,74
14467,75
14467,79
14467,80
14467,83
14467,97
14467,102
14467,112
14467,113
14467,118
14467,120
11462,18
11462,23
11462,35
11462,37
11462,52
11462,55
11462,62
11462,63
11462,72
11442,18
11442,23
11442,34
11442,35
11442,48
11442,52
11442,63
11442,72
3082,18
3082,30
3082,35
3082,52
3082,55
3082,62
9668,18
9668,20
9668,23
9668,27
9668,29
9668,31
9668,34
9668,35
9668,41
9668,42
9668,48
9668,52
9668,55
9668,63
9668,72
9668,102
5914,1
5914,3
5914,5
5914,8
5914,35
5914,49
4240,1
4240,5
4240,9
4240,80
4240,81
6954,1
6954,5
6954,6
6954,9
6954,79
6954,80
6954,83
11733,18
11733,24
11733,35
11733,48
11733,52
11733,55
11733,77
11733,97
11733,102
6455,1
6455,4
6455,5
6455,8
6455,35
6455,43
6455,80
6455,81
5657,1
5657,2
5657,6
5657,63
5657,70
11457,18
11457,23
11457,35
11457,37
11457,43
11457,52
11457,54
11457,55
11457,63
11457,72
11457,102
10048,18
10048,20
10048,35
10048,37
10048,41
10048,48
10048,55
10048,62
10048,63
10048,72
9693,18
9693,20
9693,23
9693,34
9693,35
9693,48
9693,49
9693,52
9693,63
9693,72
10828,18
10828,22
10828,23
10828,35
10828,43
10828,48
10828,52
10828,55
10828,63
10828,72
10828,102
12420,18
12420,30
12420,31
12420,34
12420,35
12420,52
7688,1
7688,6
7688,18
7688,20
7688,34
7688,55
7688,63
7688,72
7688,102
13611,35
13611,38
13611,43
13611,48
9275,18
9275,19
9275,35
9275,41
9275,43
9275,63
9275,72
9554,18
9554,20
9554,22
9554,24
9554,29
9554,34
9554,35
9554,40
9554,42
9554,48
9554,55
9554,63
9554,72
9554,102
13279,35
13279,36
13279,52
13279,77
13279,97
12503,18
12503,31
12503,35
12503,37
12503,41
12503,55
12503,102
4553,18
4553,20
4553,21
4553,35
4553,48
4553,55
4553,62
4553,63
4553,72
14510,63
14510,67
14510,90
14510,96
6298,1
6298,3
6298,35
6298,41
6298,48
6298,55
6298,102
4995,18
4995,29
4995,35
4995,48
4995,80
4995,81
8643,18
8643,19
8643,20
8643,24
8643,34
8643,35
8643,48
8643,52
8643,55
8643,63
8643,72
8643,102
6043,1
6043,3
6043,10
6043,18
6043,22
13031,18
13031,35
13031,37
13031,41
13031,48
13031,52
13031,55
13031,100
13031,102
5002,18
5002,30
5002,31
5002,35
5002,48
5002,55
5002,102
11052,18
11052,22
11052,34
11052,35
11052,38
11052,40
11052,49
11052,55
11052,102
6966,1
6966,5
6966,6
6966,18
6966,19
6966,20
6966,34
6966,35
6966,48
6966,63
6966,72
9695,18
9695,20
9695,23
9695,34
9695,35
9695,48
9695,55
9695,63
9695,72
9695,77
9695,97
9695,102
6233,1
6233,3
6233,18
6233,34
6233,35
6233,48
6233,55
6233,63
6233,72
6233,102
12274,18
12274,29
12274,34
12274,35
12274,42
12274,52
11098,18
11098,22
11098,34
11098,35
11098,50
11098,54
11098,55
11098,102
8989,18
8989,19
8989,24
8989,26
8989,35
8989,37
8989,48
8989,55
8989,63
8989,72
8989,102
6314,1
6314,3
6314,35
6314,43
6314,48
6314,49
6314,55
6314,63
6314,72
6314,102
10671,18
10671,21
10671,35
10671,48
10671,55
10671,58
10671,63
10671,72
8708,18
8708,19
8708,20
8708,34
8708,35
8708,42
8708,55
8708,58
8708,63
8708,72
8708,77
8708,97
9028,18
9028,19
9028,24
9028,35
9028,41
9028,42
9028,55
9028,63
9028,72
9028,102
9450,18
9450,20
9450,21
9450,29
9450,32
9450,34
9450,35
9450,38
9450,48
9450,52
9450,55
9450,63
9450,72
9450,102
12639,18
12639,34
12639,35
12639,37
12639,41
12639,42
12639,48
12639,55
12639,62
13307,35
13307,37
13307,38
13307,74
13307,80
13307,83
13307,97
13307,120
13307,122
10203,18
10203,20
10203,35
10203,45
12738,18
12738,34
12738,35
12738,39
12738,42
12738,77
12738,97
3604,18
3604,22
3604,35
3604,37
3604,48
3604,52
3604,55
3604,62
8085,1
8085,9
8085,18
8085,27
8085,55
8085,102
5128,18
5128,35
5128,41
5128,43
5128,48
5128,55
5128,63
5128,72
5128,100
5128,102
10094,18
10094,20
10094,35
10094,37
10094,55
10094,62
10094,80
10094,83
9234,18
9234,19
9234,35
9234,37
9234,42
9234,52
9234,55
9234,63
9234,72
9234,102
11009,18
11009,22
11009,30
11009,35
11009,42
11009,55
11009,102
7977,1
7977,8
7977,35
7977,40
7977,43
11826,18
11826,25
11826,32
11826,35
11826,48
5478,55
5478,62
5478,76
5478,77
5478,97
5478,107
5478,111
13155,18
13155,35
13155,41
13155,55
13155,80
13155,83
13155,100
13155,102
6123,1
6123,3
6123,18
6123,21
6123,55
6123,58
6123,63
6123,72
9193,18
9193,19
9193,34
9193,35
9193,48
9193,52
9193,55
9193,58
9193,62
9193,63
9193,72
6144,1
6144,3
6144,18
6144,22
6144,34
6144,35
6144,52
6144,55
6144,62
14138,35
14138,48
14138,75
14138,97
14138,119
9183,18
9183,19
9183,34
9183,35
9183,42
9183,52
9183,55
9183,63
9183,72
9183,77
9183,97
9183,102
9652,18
9652,20
9652,23
9652,24
9652,35
9652,48
9652,52
9652,63
9652,72
7294,1
7294,5
7294,13
7294,14
7294,63
7294,71
7294,93
7294,96
5744,1
5744,3
5744,4
5744,5
5744,35
5744,43
5744,63
5744,72
14029,35
14029,45
14029,48
14029,77
14029,97
8628,18
8628,19
8628,20
8628,23
8628,28
8628,34
8628,35
8628,43
8628,48
8628,52
8628,55
8628,63
8628,72
8628,102
10557,18
10557,21
10557,34
10557,35
10557,43
10557,48
10557,52
10557,63
10557,72
14169,35
14169,49
14169,63
14169,69
6273,1
6273,3
6273,35
6273,37
6273,55
6273,62
6273,80
6273,81
6373,1
6373,3
6373,55
6373,62
6373,79
10610,18
10610,21
10610,35
10610,38
10610,55
10610,62
10610,80
10610,81
8773,18
8773,19
8773,20
8773,35
8773,55
8773,101
8773,102
11449,18
11449,23
11449,34
11449,55
11449,62
6492,1
6492,4
6492,5
6492,35
6492,43
6492,55
6492,58
10876,18
10876,22
10876,25
10876,27
10876,34
10876,35
10876,48
10876,52
10876,55
10876,63
10876,72
10876,102
7001,1
7001,5
7001,6
7001,35
7001,37
7001,55
7001,102
13159,18
13159,35
13159,42
13159,43
13159,48
13159,52
13159,55
13159,62
13159,100
9121,18
9121,19
9121,30
9121,35
9121,48
9121,52
9121,63
9121,72
6021,1
6021,3
6021,8
6021,18
6021,20
6021,55
6021,63
6021,72
6021,102
14251,35
14251,54
14251,55
14251,58
14251,62
14251,80
14251,81
14251,101
8968,18
8968,19
8968,23
8968,34
8968,63
8968,72
7427,1
7427,5
7427,35
7427,37
7427,41
7427,52
10647,18
10647,21
10647,35
10647,41
10647,55
10647,62
10647,79
14329,55
14329,58
14329,63
14329,67
14636,74
14636,75
14636,78
14636,97
14636,118
14636,120
14636,126
14636,132
8970,18
8970,19
8970,23
8970,35
8970,37
8970,41
8970,55
8970,63
8970,72
8970,102
11539,18
11539,23
11539,35
11539,55
11539,77
11539,97
11539,101
11539,102
6879,1
6879,5
6879,6
6879,7
6879,8
11037,18
11037,22
11037,34
11037,35
11037,37
11037,41
11037,42
11037,48
11037,55
11037,102
12006,18
12006,25
12006,55
12006,77
12006,97
12006,102
8962,18
8962,19
8962,23
8962,34
8962,35
8962,41
8962,48
8962,49
8962,55
8962,63
8962,72
8962,102
10822,18
10822,22
10822,23
10822,35
10822,42
10822,48
10822,55
10822,63
10822,72
10822,102
11303,18
11303,23
11303,24
11303,35
11303,55
11303,77
11303,97
11303,101
11303,102
8297,1
8297,35
8297,52
8297,55
8297,79
8297,98
8297,102
13048,18
13048,35
13048,37
13048,48
13048,55
13048,62
13048,100
7271,1
7271,5
7271,9
7271,55
7271,80
7271,83
7271,102
14503,63
14503,67
14503,69
9923,18
9923,20
9923,31
9923,32
9923,35
9923,41
9923,43
9923,52
9923,55
9923,63
9923,72
9923,102
11940,18
11940,25
11940,35
11940,41
11940,48
11940,49
11940,55
11940,62
11940,63
11940,72
11091,18
11091,22
11091,34
11091,35
11091,49
11091,52
6759,1
6759,4
6759,18
6759,34
6759,55
6759,80
6759,81
6759,83
6759,102
4557,18
4557,20
4557,22
4557,23
4557,35
4557,48
4557,55
4557,63
4557,72
4557,102
8810,18
8810,19
8810,21
8810,34
8810,35
8810,42
8810,63
8810,72
8810,77
8810,97
8554,18
8554,19
8554,20
8554,21
8554,25
8554,34
8554,35
8554,37
8554,38
8554,42
8554,48
8554,55
8554,63
8554,72
8554,102
11373,18
11373,23
11373,29
11373,34
11373,35
11373,42
11373,48
11373,52
11373,55
11373,63
11373,72
11373,102
10145,18
10145,20
10145,35
10145,41
10145,48
10145,52
10145,54
10145,55
10145,63
10145,72
10145,102
12307,18
12307,29
12307,34
12307,63
12307,72
12307,77
12307,97
9561,18
9561,20
9561,22
9561,25
9561,31
9561,34
9561,35
9561,37
9561,41
9561,48
9561,52
9561,55
9561,63
9561,69
9561,72
9561,102
8801,18
8801,19
8801,21
8801,34
8801,35
8801,40
8801,42
8801,63
8801,72
8801,77
8801,97
5991,1
5991,3
5991,6
5991,18
5991,20
5991,55
5991,62
5991,63
5991,72
6044,1
6044,3
6044,10
6044,35
6044,43
6044,55
6044,58
6490,1
6490,4
6490,5
6490,35
6490,43
6490,48
14403,55
14403,62
14403,74
14403,76
14403,97
14403,107
14403,122
10453,18
10453,21
10453,27
10453,29
10453,34
10453,55
10453,63
10453,72
10453,77
10453,97
10453,102
13297,35
13297,37
13297,38
13297,42
13297,52
13297,55
13297,62
13297,63
13297,72
13297,77
13297,97
11453,18
11453,23
11453,35
11453,37
11453,41
11453,43
11453,55
11453,62
6445,1
6445,4
6445,5
6445,8
6445,18
6445,20
6445,35
6445,42
6445,48
6445,52
6445,63
6445,72
6445,77
6445,97
12364,18
12364,29
12364,35
12364,41
12364,49
12364,55
12364,102
7237,1
7237,5
7237,8
7237,76
7237,77
7237,78
7237,97
7237,111
7237,132
7877,1
7877,6
7877,84
7877,85
7877,86
9467,18
9467,20
9467,21
9467,34
9467,35
9467,38
9467,41
9467,63
9467,72
3518,18
3518,20
3518,22
3518,55
3518,102
8340,1
8340,74
8340,79
8340,80
8340,83
8340,97
8340,98
8340,120
8340,122
10005,18
10005,20
10005,34
10005,35
10005,43
10005,48
10005,55
10005,63
10005,72
10005,102
7457,1
7457,5
7457,35
7457,42
7457,49
7856,1
7856,6
7856,63
7856,69
7856,80
7856,83
6028,1
6028,3
6028,8
6028,35
6028,41
6028,63
6028,72
11743,18
11743,24
11743,35
11743,52
11743,54
11743,63
11743,72
10342,18
10342,21
10342,22
10342,35
10342,41
10342,52
9031,18
9031,19
9031,24
9031,35
9031,42
9031,48
9031,63
9031,72
5436,54
5436,63
5436,64
14068,35
14068,48
14068,49
14068,54
14068,63
14068,72
5890,1
5890,3
5890,5
5890,6
5890,35
5890,48
9249,18
9249,19
9249,35
9249,38
9249,41
9249,63
9249,72
10401,18
10401,21
10401,25
10401,27
10401,29
10401,34
10401,35
10401,37
10401,41
10401,48
10401,52
10401,63
10401,72
13835,35
13835,41
13835,53
13835,55
13835,77
13835,97
13835,102
6366,1
6366,3
6366,54
6366,55
6366,63
6366,72
6366,102
10656,18
10656,21
10656,35
10656,42
10656,55
10656,62
11746,18
11746,24
11746,35
11746,52
11746,63
11746,70
9918,18
9918,20
9918,30
9918,34
9918,55
9918,102
14164,35
14164,49
14164,55
14164,63
14164,66
14164,102
9372,18
9372,19
9372,35
9372,55
9372,62
9372,63
9372,72
9372,101
9287,18
9287,19
9287,35
9287,41
9287,77
9287,97
14094,35
14094,48
14094,52
14094,55
14094,63
14094,72
14094,77
14094,97
14094,102
13060,18
13060,35
13060,38
13060,40
13060,100
7852,1
7852,6
7852,63
7852,67
7852,80
7852,81
7578,1
7578,6
7578,8
7578,35
7578,43
7578,48
12140,18
12140,27
12140,35
12140,48
12140,55
12140,62
12140,63
12140,72
12140,74
12140,97
12140,122
12303,18
12303,29
12303,34
12303,55
12303,77
12303,97
12303,102
8108,1
8108,9
8108,35
8108,37
8108,55
8108,80
8108,83
8108,102
7493,1
7493,5
7493,35
7493,53
10283,18
10283,20
10283,63
10283,72
10283,78
10283,97
10283,132
6687,1
6687,4
6687,18
6687,19
6687,35
6687,37
6687,63
6687,72
13051,18
13051,35
13051,37
13051,50
13051,100
10292,18
10292,20
10292,76
10292,97
10292,111
13081,18
13081,35
13081,39
13081,41
13081,55
13081,62
13081,63
13081,72
13081,100
8006,1
8006,8
8006,35
8006,52
8006,76
8006,97
8006,111
4098,1
4098,3
4098,93
4098,96
7974,1
7974,8
7974,35
7974,37
7974,48
5586,74
5586,80
5586,81
5586,97
5586,120
9957,18
9957,20
9957,34
9957,35
9957,37
9957,48
9957,52
9957,55
9957,63
9957,72
9957,102
3616,18
3616,22
3616,35
3616,52
3616,80
3616,81
4858,18
4858,24
4858,34
4858,35
4858,42
4858,52
4858,63
4858,72
9376,18
9376,19
9376,35
9376,63
9376,72
9376,76
9376,97
9376,101
9376,111
8762,18
8762,19
8762,20
8762,35
8762,48
8762,52
8762,55
8762,62
8762,63
8762,72
7203,1
7203,5
7203,8
7203,35
7203,48
7203,52
7203,80
7203,81
4086,1
4086,3
4086,54
4086,63
4086,72
14271,54
14271,55
14271,56
14271,57
14271,59
14334,55
14334,59
14334,61
14334,63
14334,65
10992,18
10992,22
10992,29
10992,35
10992,43
10992,48
10992,52
10992,55
10992,63
10992,72
10992,102
5546,74
5546,75
5546,79
5546,97
5546,112
5546,113
5546,120
5546,124
11641,18
11641,24
11641,34
11641,35
11641,43
11641,48
11641,55
11641,58
11641,63
11641,72
7670,1
7670,6
7670,18
7670,19
7670,29
7670,55
7670,63
7670,72
7670,102
10227,18
10227,20
10227,35
10227,48
10227,55
10227,62
10227,63
10227,72
10227,75
10227,97
10227,118
4606,18
4606,20
4606,34
4606,35
4606,38
4606,55
4606,102
4163,1
4163,4
4163,35
4163,55
4163,58
4163,101
9872,18
9872,20
9872,29
9872,34
9872,35
9872,37
9872,41
9872,42
9872,52
9872,55
9872,62
9872,63
9872,72
7527,1
7527,5
7527,63
7527,70
7527,72
5259,35
5259,39
5259,52
5259,77
5259,97
13129,18
13129,35
13129,41
13129,48
13129,52
13129,55
13129,62
13129,63
13129,72
13129,77
13129,97
13129,100
11288,18
11288,23
11288,24
11288,35
11288,42
9960,18
9960,20
9960,34
9960,35
9960,38
9960,40
9960,41
9960,42
9960,48
9960,52
9960,55
9960,58
9960,63
9960,72
5969,1
5969,3
5969,5
5969,35
5969,101
5407,35
5407,52
5407,55
5407,63
5407,72
5407,77
5407,97
5407,102
7865,1
7865,6
7865,75
7865,76
7865,80
7865,81
7865,97
7865,111
7865,119
11374,18
11374,23
11374,29
11374,34
11374,35
11374,42
11374,48
11374,52
11374,55
11374,102
9473,18
9473,20
9473,21
9473,34
9473,35
9473,42
9473,48
9473,52
9473,63
9473,72
9426,18
9426,20
9426,21
9426,25
9426,34
9426,35
9426,37
9426,38
9426,48
9426,55
9426,63
9426,72
9426,102
7333,1
7333,5
7333,18
7333,20
7333,35
7333,42
7333,48
7333,52
7333,55
7333,76
7333,77
7333,97
7333,102
7333,107
7333,111
11504,18
11504,23
11504,35
11504,43
11504,52
11504,55
11504,63
11504,72
11504,102
10669,18
10669,21
10669,35
10669,48
10669,52
10669,63
10669,72
12355,18
12355,29
12355,35
12355,41
12355,43
12355,55
12355,102
14321,55
14321,56
14321,62
14321,80
14321,81
14373,55
14373,62
14373,63
14373,72
14373,80
14373,81
14373,83
9885,18
9885,20
9885,29
9885,35
9885,37
9885,40
9885,41
9885,42
9885,52
9885,55
9885,63
9885,72
9885,102
13144,18
13144,35
13144,41
13144,55
13144,58
13144,62
13144,63
13144,72
13144,100
6750,1
6750,4
6750,18
6750,34
6750,35
6750,42
6750,55
6750,102
13024,18
13024,35
13024,37
13024,41
13024,42
13024,48
13024,52
13024,100
8444,13
8444,14
8444,18
8444,34
8444,35
8444,48
8444,78
8444,97
8444,132
9438,18
9438,20
9438,21
9438,25
9438,35
9438,41
9438,42
9438,48
9438,52
9438,55
9438,62
9438,63
9438,72
9966,18
9966,20
9966,34
9966,35
9966,39
5449,55
5449,58
5449,62
5449,80
5449,81
13217,18
13217,55
13217,62
13217,63
13217,72
13217,100
10937,18
10937,22
10937,27
10937,35
10937,43
10937,48
10937,77
10937,97
7762,1
7762,6
7762,35
7762,41
7762,48
7762,55
7762,63
7762,72
7762,102
7020,1
7020,5
7020,6
7020,35
7020,48
7020,52
7020,55
7020,102
9739,18
9739,20
9739,24
9739,34
9739,35
9739,41
9739,42
9739,52
9739,55
9739,63
9739,72
9739,102
5014,18
5014,31
5014,35
5014,40
8317,1
8317,55
8317,74
8317,97
8317,98
8317,102
8317,120
8317,122
14571,74
14571,75
14571,76
14571,77
14571,97
14571,107
14571,112
14571,113
14571,120
10445,18
10445,21
10445,25
10445,35
10445,52
10445,55
10445,102
5673,1
5673,2
5673,18
5673,19
5673,35
5673,52
5673,63
5673,72
6038,1
6038,3
6038,9
6038,35
6038,43
6038,55
6038,102
6546,1
6546,4
6546,6
6546,10
6546,55
6546,62
3257,75
3257,97
3257,112
3257,113
3257,118
3257,119
13244,35
13244,36
13244,41
13244,49
13244,52
8079,1
8079,9
8079,18
8079,25
5700,1
5700,2
5700,63
5700,71
5700,72
9131,18
9131,19
9131,34
9131,35
9131,36
9131,42
9131,48
9131,52
9131,55
9131,62
10146,18
10146,20
10146,35
10146,41
10146,48
10146,52
10146,63
10146,72
3145,35
3145,37
3145,74
3145,75
3145,80
3145,83
3145,97
3145,112
3145,113
3145,120
3145,122
7106,1
7106,5
7106,8
7106,18
7106,20
7106,23
7106,35
7106,48
7106,52
7106,55
7106,63
7106,72
7106,102
8272,1
8272,35
8272,37
8272,79
8272,80
8272,83
8272,98
9794,18
9794,20
9794,25
9794,34
9794,35
9794,41
9794,48
9794,52
9794,55
9794,62
9794,63
9794,72
14461,55
14461,63
14461,71
14461,78
14461,97
14461,102
14461,127
5806,1
5806,3
5806,4
5806,18
5806,21
7713,1
7713,6
7713,18
7713,24
6774,1
6774,4
6774,35
6774,37
6774,43
6774,55
6774,102
6357,1
6357,3
6357,35
6357,52
6357,54
6357,55
6357,62
6357,80
6357,81
6332,1
6332,3
6332,35
6332,43
6332,55
6332,62
6332,79
6332,80
6332,83
10111,18
10111,20
10111,35
10111,38
10111,42
10111,55
10111,63
10111,72
10111,102
12042,18
12042,26
12042,35
12042,41
12042,55
12042,102
13705,35
13705,40
13705,42
13705,48
13705,52
13705,55
13705,63
13705,72
13705,102
7277,1
7277,5
7277,9
7277,74
7277,79
7277,80
7277,83
7277,97
7277,120
11183,18
11183,22
11183,35
11183,41
11183,63
11183,72
10438,18
10438,21
10438,25
10438,35
10438,48
14389,55
14389,62
14389,74
14389,75
14389,79
14389,97
14389,112
14389,113
14389,118
14389,120
3911,55
3911,62
3911,74
3911,75
3911,80
3911,83
3911,97
3911,112
3911,113
3911,120
4227,1
4227,5
4227,8
4227,35
4227,49
4227,55
4227,62
12261,18
12261,29
12261,34
12261,35
12261,41
12261,49
12261,52
12261,55
12261,102
9690,18
9690,20
9690,23
9690,34
9690,35
9690,41
9690,48
9690,63
9690,72
5671,1
5671,2
5671,13
5671,14
5671,55
5671,84
5671,85
5671,102
10503,18
10503,21
10503,29
10503,35
10503,55
10503,62
10503,63
10503,70
10503,101
14288,54
14288,55
14288,58
14288,63
14288,70
14288,77
14288,97
9354,18
9354,19
9354,35
9354,48
9354,55
9354,63
9354,69
9354,72
9354,102
14496,63
14496,64
14496,71
11618,18
11618,24
11618,34
11618,35
11618,38
5397,35
5397,51
5397,78
5397,97
5397,130
5242,35
5242,38
5242,48
5242,55
5242,62
5242,63
5242,72
9552,18
9552,20
9552,22
9552,24
9552,27
9552,29
9552,31
9552,34
9552,35
9552,42
9552,48
9552,52
9552,55
9552,63
9552,72
9552,102
10190,18
10190,20
10190,35
10190,43
10190,48
10190,52
5786,1
5786,3
5786,4
5786,10
5786,35
5786,37
5786,55
5786,62
5786,63
5786,72
5786,80
5786,81
8100,1
8100,9
8100,35
8100,37
8100,48
8100,55
8100,62
14597,74
14597,75
14597,76
14597,97
14597,107
14597,112
14597,113
14597,124
7636,1
7636,6
7636,10
7636,35
7636,43
7636,52
7636,63
7636,72
13445,35
13445,37
13445,43
13445,74
13445,97
13445,120
7537,1
7537,5
7537,76
7537,77
7537,78
7537,97
7537,107
7537,127
7537,132
7382,1
7382,5
7382,18
7382,28
14084,35
14084,48
14084,52
14084,54
14084,55
14084,79
14084,102
10398,18
10398,21
10398,24
10398,35
10398,52
2201,18
2201,22
2201,34
2201,35
2201,48
2201,52
2201,55
2201,102
4807,18
4807,23
4807,25
4807,35
4807,48
4807,55
4807,63
4807,72
4807,102
11534,18
11534,23
11534,35
11534,52
11534,55
11534,62
11534,79
10983,18
10983,22
10983,29
10983,35
10983,40
10983,52
10983,55
10983,102
13778,35
13778,41
13778,43
13778,48
13778,55
13778,62
9464,18
9464,20
9464,21
9464,34
9464,35
9464,37
9464,38
9464,41
9464,42
9464,55
9464,63
9464,72
9464,102
12776,18
12776,34
12776,35
12776,41
12776,42
12776,48
12776,55
12776,63
12776,72
12776,77
12776,97
12776,102
8036,1
8036,8
8036,74
8036,97
8036,120
8036,122
9082,18
9082,19
9082,27
9082,35
9082,37
9082,41
9082,42
9082,48
9082,52
9082,55
9082,62
9082,63
9082,72
8623,18
8623,19
8623,20
8623,23
8623,25
8623,34
8623,35
8623,42
8623,52
8623,55
8623,62
8623,63
8623,72
3552,18
3552,20
3552,35
3552,42
3552,48
3552,55
3552,62
3552,63
3552,72
8402,13
8402,14
8402,18
8402,22
8402,23
8402,29
8402,35
8402,52
7304,1
7304,5
7304,18
7304,19
7304,24
7304,34
7304,35
7304,41
7304,48
7304,55
7304,63
7304,69
7304,72
7304,102
6405,1
6405,4
6405,5
6405,6
6405,8
6405,35
6405,48
6405,52
6405,80
6405,81
6680,1
6680,4
6680,18
6680,19
6680,22
6680,35
6680,43
6680,55
6680,62
6680,63
6680,72
10569,18
10569,21
10569,34
10569,35
10569,49
10569,55
10569,102
12944,18
12944,34
12944,35
12944,50
12944,55
12944,62
12508,18
12508,31
12508,35
12508,40
12508,43
12508,48
12508,77
12508,97
14439,55
14439,62
14439,77
14439,79
14439,97
11492,18
11492,23
11492,35
11492,42
11492,48
11492,52
7401,1
7401,5
7401,18
7401,34
7401,35
7401,41
7401,49
7401,55
7401,102
6199,1
6199,3
6199,18
6199,27
6199,31
6199,35
6199,40
6199,42
6199,43
6199,48
6199,55
6199,77
6199,97
6199,102
10028,18
10028,20
10028,35
10028,37
10028,38
10028,40
10028,41
10028,55
10028,62
10028,63
10028,72
10028,74
10028,97
10028,120
6102,1
6102,3
6102,18
6102,20
6102,35
6102,42
6102,63
6102,72
8573,18
8573,19
8573,20
8573,21
8573,55
8573,62
8573,63
8573,72
8573,80
8573,81
9449,18
9449,20
9449,21
9449,28
9449,35
9449,36
9449,37
9449,38
9449,41
9449,48
9449,55
9449,62
9449,63
9449,72
13664,35
13664,39
13664,43
13664,48
13664,55
13664,102
8613,18
8613,19
8613,20
8613,22
8613,35
8613,48
8613,54
8613,55
8613,58
8613,77
8613,97
8627,18
8627,19
8627,20
8627,23
8627,28
8627,29
8627,30
8627,35
8627,37
8627,55
8627,63
8627,72
8627,102
5636,1
5636,2
5636,3
5636,55
5636,102
12315,18
12315,29
12315,35
12315,37
12315,38
12315,63
12315,72
4815,18
4815,23
4815,29
4815,35
4815,48
4815,52
4465,18
4465,19
4465,21
4465,55
4465,102
11816,18
11816,25
11816,31
11816,34
11816,35
11816,52
11816,63
11816,72
12792,18
12792,34
12792,35
12792,41
12792,43
12792,48
12792,52
12792,53
12792,55
12792,63
12792,72
12792,102
8342,1
8342,74
8342,79
8342,97
8342,98
8342,120
8342,122
6413,1
6413,4
6413,5
6413,6
6413,9
6413,35
6413,41
6413,55
6413,91
6413,96
6413,102
7379,1
7379,5
7379,18
7379,26
5627,1
5627,2
5627,3
5627,4
5627,8
5627,55
5627,102
8711,18
8711,19
8711,20
8711,34
8711,35
8711,48
8711,55
8711,58
8711,63
8711,72
6467,1
6467,4
6467,5
6467,10
6467,35
6467,43
11836,18
11836,25
11836,34
11836,35
11836,38
11836,42
11836,48
11836,55
11836,63
11836,72
11836,102
12137,18
12137,27
12137,35
12137,48
12137,52
12137,55
12137,58
6636,1
6636,4
6636,9
6636,18
6636,35
6636,41
6636,55
6636,100
6636,102
8530,18
8530,19
8530,20
8530,21
8530,22
8530,23
8530,29
8530,34
8530,35
8530,41
8530,42
8530,48
8530,52
8530,55
8530,62
8530,63
8530,72
9367,18
9367,19
9367,35
9367,52
9367,55
9367,63
9367,72
9367,80
9367,81
9367,102
9225,18
9225,19
9225,35
9225,37
9225,41
9225,49
9225,63
9225,72
14049,35
14049,47
14049,48
14049,52
4959,18
4959,28
4959,34
4959,35
4959,48
6389,1
6389,3
6389,80
6389,81
6389,83
4780,18
4780,22
4780,35
4780,41
4780,55
4780,63
4780,72
4780,102
12754,18
12754,34
12754,35
12754,40
12754,42
12754,43
11324,18
11324,23
11324,25
11324,34
11324,35
11324,43
11324,55
11324,63
11324,72
11324,102
10839,18
10839,22
10839,23
10839,35
10839,52
10839,55
10839,58
11078,18
11078,22
11078,34
11078,35
11078,42
11078,49
11078,52
11078,55
11078,58
11078,74
11078,77
11078,97
11078,120
11078,122
7134,1
7134,5
7134,8
7134,18
7134,27
7134,34
7134,35
7134,42
7134,48
7134,49
7134,52
7134,63
7134,72
6103,1
6103,3
6103,18
6103,20
6103,35
6103,43
6103,49
12047,18
12047,26
12047,35
12047,43
12047,48
12113,18
12113,27
12113,35
12113,39
12113,41
12113,63
12113,72
13163,18
13163,35
13163,42
13163,43
13163,52
13163,63
13163,72
13163,100
4738,18
4738,22
4738,23
4738,35
4738,42
4738,48
4738,55
4738,102
11765,18
11765,25
11765,26
11765,34
11765,35
11765,48
11765,63
11765,72
9403,18
9403,20
9403,21
9403,22
9403,31
9403,34
9403,35
9403,41
9403,42
9403,43
9403,48
9403,52
9403,55
9403,63
9403,72
9403,102
9675,18
9675,20
9675,23
9675,29
9675,31
9675,34
9675,35
9675,41
9675,48
9675,52
9675,55
9675,58
9675,62
9675,77
9675,97
7549,1
7549,5
7549,90
7549,93
7549,96
11085,18
11085,22
11085,34
11085,35
11085,48
11085,52
11085,77
11085,97
3988,1
3988,2
3988,5
3988,6
3988,8
7295,1
7295,5
7295,13
7295,14
7295,63
7295,72
4767,18
4767,22
4767,34
4767,35
4767,42
4767,55
4767,63
4767,72
4767,102
3808,35
3808,37
3808,63
3808,69
7598,1
7598,6
7598,8
7598,55
7598,63
7598,70
7598,102
6923,1
6923,5
6923,6
6923,8
6923,35
6923,55
6923,62
6923,63
6923,72
6923,101
14007,35
14007,43
14007,78
14007,97
14007,132
5688,1
5688,2
5688,35
5688,48
5688,52
5688,55
5688,102
10655,18
10655,21
10655,35
10655,42
10655,52
10655,55
10655,58
10655,62
10655,63
10655,72
5168,35
5168,36
5168,43
5168,48
5168,52
5168,77
5168,97
7550,1
7550,5
7550,90
7550,95
7550,96
7024,1
7024,5
7024,6
7024,35
7024,48
7024,55
7024,62
13039,18
13039,35
13039,37
13039,41
13039,54
13039,55
13039,100
13039,102
14128,35
14128,48
14128,63
14128,69
14128,72
14128,80
14128,81
7740,1
7740,6
7740,18
7740,63
7740,72
7740,100
14390,55
14390,62
14390,74
14390,75
14390,80
14390,81
14390,97
14390,118
14390,122
5079,18
5079,34
5079,35
5079,43
5079,53
5079,55
5079,102
14900,77
14900,84
14900,85
14900,97
7416,1
7416,5
7416,18
7416,35
7416,36
7416,37
7416,41
7416,55
7416,100
7416,102
14176,35
14176,49
14176,74
14176,77
14176,97
14176,120
14176,122
9754,18
9754,20
9754,24
9754,35
9754,42
9754,55
9754,63
9754,72
9754,102
7586,1
7586,6
7586,8
7586,35
7586,49
8499,13
8499,15
8499,18
8499,34
8499,63
8499,69
6499,1
6499,4
6499,5
6499,35
6499,49
6499,52
6499,55
6499,102
4434,13
4434,14
4434,63
4434,70
4434,71
9697,18
9697,20
9697,23
9697,34
9697,35
9697,52
9697,63
9697,72
10075,18
10075,20
10075,35
10075,37
10075,48
10075,52
8224,1
8224,10
8224,35
8224,52
8224,77
8224,97
7163,1
7163,5
7163,8
7163,35
7163,37
7163,55
7163,62
7163,74
7163,97
7163,120
7163,122
8378,13
8378,14
8378,18
8378,20
8378,26
8378,34
8378,35
8378,41
8378,43
8378,48
8378,55
8378,102
13594,35
13594,38
13594,40
13594,63
13594,72
11999,18
11999,25
11999,35
11999,55
11999,77
11999,97
11999,101
11999,102
13614,35
13614,38
13614,47
6393,1
6393,4
6393,5
6393,6
6393,8
6393,9
6642,1
6642,4
6642,9
6642,55
6642,63
6642,70
6642,102
11698,18
11698,24
11698,35
11698,42
11698,43
11698,48
11698,52
11698,55
11698,102
7955,1
7955,8
7955,18
7955,29
7955,34
7955,35
7955,48
9022,18
9022,19
9022,24
9022,35
9022,37
9022,42
9022,48
9022,55
9022,63
9022,72
9022,102
13753,35
13753,41
13753,42
13753,48
13753,52
13568,35
13568,37
13568,74
13568,75
13568,79
13568,80
13568,83
13568,97
13568,118
13568,120
11243,18
11243,22
11243,35
11243,52
11243,54
11243,55
11243,102
7073,1
7073,5
7073,8
7073,9
7073,18
7073,23
7073,27
7073,35
7073,48
10994,18
10994,22
10994,29
10994,35
10994,48
10994,52
5551,74
5551,75
5551,97
5551,112
5551,113
5551,118
5551,119
5551,120
14160,35
14160,49
14160,55
14160,59
12483,18
12483,31
12483,34
12483,35
12483,37
12483,41
12483,43
12483,52
12483,55
12483,63
12483,72
12483,102
6620,1
6620,4
6620,8
6620,35
6620,43
6620,55
6620,62
6620,63
6620,72
6560,1
6560,4
6560,6
6560,18
6560,19
6560,35
6560,48
6560,55
6560,102
6437,1
6437,4
6437,5
6437,8
6437,9
6437,18
6437,20
6437,63
6437,72
7145,1
7145,5
7145,8
7145,18
7145,34
7145,35
7145,42
7145,48
7145,55
7145,102
12974,18
12974,34
12974,55
12974,62
12974,80
12974,81
12974,83
6242,1
6242,3
6242,18
6242,35
6242,37
6242,41
6242,43
6242,55
6242,58
6242,63
6242,72
6242,100
6448,1
6448,4
6448,5
6448,8
6448,35
6448,43
6448,48
6448,52
153,75
153,97
153,115
9948,18
9948,20
9948,34
9948,35
9948,37
9948,41
9948,55
9948,62
9539,18
9539,20
9539,22
9539,23
9539,35
9539,37
9539,41
9539,42
9539,48
9539,55
9539,102
10314,18
10314,21
10314,22
10314,26
10314,35
10314,39
10314,80
10314,81
5925,1
5925,3
5925,5
5925,18
5925,19
5925,24
5925,34
5925,35
5925,43
5925,48
5925,52
5925,55
5925,58
5925,63
5925,72
11475,18
11475,23
11475,35
11475,40
11475,48
11475,52
11475,55
11475,63
11475,72
11475,102
13226,35
13226,36
13226,37
13226,48
13226,55
13226,80
13226,81
13226,102
11422,18
11422,23
11422,34
11422,35
11422,41
11422,48
11422,55
11422,63
11422,72
11422,102
3727,18
3727,34
3727,35
3727,37
3727,55
3727,62
3727,63
3727,72
14098,35
14098,48
14098,52
14098,63
14098,70
14098,77
14098,97
8555,18
8555,19
8555,20
8555,21
8555,25
8555,34
8555,35
8555,41
8555,42
8555,43
8555,48
8555,52
8555,55
8555,63
8555,72
8555,102
9317,18
9317,19
9317,35
9317,43
9317,48
9317,54
9317,63
9317,72
9317,77
9317,78
9317,97
9317,132
10017,18
10017,20
10017,34
10017,35
10017,49
10017,55
10017,80
10017,81
10017,102
13461,35
13461,37
13461,48
13461,49
13461,55
13461,102
4816,18
4816,23
4816,30
4816,34
4816,35
4816,40
4816,41
4816,42
4816,43
4816,48
4816,49
4816,52
4816,55
4816,63
4816,72
4816,102
9686,18
9686,20
9686,23
9686,34
9686,35
9686,37
9686,41
9686,42
9686,55
9686,63
9686,72
9686,74
9686,80
9686,81
9686,97
9686,102
9686,120
5635,1
5635,2
5635,3
5635,18
5635,20
5635,21
5635,25
5635,35
5635,37
5635,48
5635,52
5635,55
5635,63
5635,72
5635,102
6698,1
6698,4
6698,18
6698,19
6698,63
6698,70
6698,72
13099,18
13099,35
13099,40
13099,48
13099,52
13099,77
13099,97
13099,100
8908,18
8908,19
8908,22
8908,34
8908,35
8908,52
8908,63
8908,72
13743,35
13743,41
13743,42
13743,43
13743,48
13743,49
13743,55
13743,102
5876,1
5876,3
5876,5
5876,6
5876,8
5876,55
5876,63
5876,72
5876,102
13035,18
13035,35
13035,37
13035,41
13035,49
13035,52
13035,55
13035,58
13035,62
13035,100
14337,55
14337,59
14337,63
14337,68
14337,80
14337,81
8150,1
8150,9
8150,63
8150,70
8150,90
8150,91
8150,96
10731,18
10731,22
10731,23
10731,27
10731,35
10731,55
10731,101
10731,102
4069,1
4069,3
4069,18
4069,35
4069,41
4069,55
4069,100
4069,102
8262,1
8262,35
8262,37
8262,41
8262,48
8262,55
8262,62
8262,79
8262,80
8262,83
8262,98
8337,1
8337,74
8337,75
8337,79
8337,80
8337,83
8337,97
8337,98
8337,112
8337,113
8337,120
8337,122
5357,35
5357,47
5357,49
5357,55
5357,102
10726,18
10726,22
10726,23
10726,27
10726,34
10726,35
10726,41
10726,43
10726,48
10726,55
10726,62
10726,63
10726,72
9144,18
9144,19
9144,34
9144,35
9144,37
9144,55
9144,62
9144,63
9144,72
9144,80
9144,81
7075,1
7075,5
7075,8
7075,9
7075,35
7075,37
7075,63
7075,71
7075,79
14151,35
14151,49
14151,52
14151,55
14151,62
14151,79
14151,80
14151,83
6550,1
6550,4
6550,6
6550,10
6550,63
6550,71
9252,18
9252,19
9252,35
9252,38
9252,42
9252,55
9252,63
9252,72
9252,102
10541,18
10541,21
10541,34
10541,35
10541,40
10541,55
10541,63
10541,72
10541,102
8228,1
8228,10
8228,55
8228,62
8228,63
8228,70
2719,18
2719,35
2719,48
2719,55
2719,63
2719,72
2719,100
2719,102
8408,13
8408,14
8408,18
8408,22
8408,35
8408,48
8408,52
8408,55
8408,102
11394,18
11394,23
11394,31
11394,34
11394,35
11394,41
11394,52
11394,55
11394,80
11394,81
11394,102
12247,18
12247,29
12247,34
12247,35
12247,37
12247,48
12247,55
12247,62
11296,18
11296,23
11296,24
11296,35
11296,48
11296,55
11296,58
11296,63
11296,72
7504,1
7504,5
7504,55
7504,62
7504,76
7504,97
7504,107
12207,18
12207,28
12207,35
12207,48
12207,52
12207,55
12207,58
12207,63
12207,72
7261,1
7261,5
7261,9
7261,35
7261,43
7261,63
7261,69
13909,35
13909,42
13909,50
13909,63
13909,70
10682,18
10682,21
10682,35
10682,63
10682,72
10682,77
10682,97
10682,101
12889,18
12889,34
12889,35
12889,43
12889,52
12889,55
12889,77
12889,97
12889,102
11750,18
11750,24
11750,35
11750,55
11750,58
11750,101
7377,1
7377,5
7377,18
7377,25
7377,55
7377,63
7377,72
7377,95
7377,96
7377,102
8509,13
8509,15
8509,63
8509,69
8509,71
9702,18
9702,20
9702,23
9702,35
9702,38
9702,41
9702,63
9702,72
8041,1
8041,8
8041,76
8041,78
8041,97
8041,111
8041,127
8068,1
8068,9
8068,18
8068,22
8068,27
12716,18
12716,34
12716,35
12716,38
12716,42
12716,48
12716,52
12716,55
12716,102
10112,18
10112,20
10112,35
10112,38
10112,42
10112,74
10112,79
10112,97
10112,120
13486,35
13486,37
13486,49
13486,52
13486,55
13486,58
13486,74
13486,97
13486,120
8312,1
8312,55
8312,62
8312,74
8312,79
8312,97
8312,98
8312,120
13591,35
13591,38
13591,39
13591,48
13591,55
13591,102
10564,18
10564,21
10564,34
10564,35
10564,48
10564,55
10564,62
10564,63
10564,70
6452,1
6452,4
6452,5
6452,8
6452,35
6452,43
6452,55
6452,63
6452,72
6452,102
12455,18
12455,30
12455,35
12455,43
12455,48
12455,52
12455,55
12455,58
12455,62
5760,1
5760,3
5760,4
5760,6
5760,10
5760,35
5760,43
7689,1
7689,6
7689,18
7689,20
7689,35
7689,37
7689,48
9765,18
9765,20
9765,25
9765,27
9765,34
9765,35
9765,38
9765,55
9765,63
9765,72
9765,102
11684,18
11684,24
11684,35
11684,41
11684,43
11684,48
11684,52
11684,55
11684,58
11684,63
11684,72
11073,18
11073,22
11073,34
11073,35
11073,42
11073,43
11073,49
11073,55
11073,62
9498,18
9498,20
9498,21
9498,35
9498,40
9498,42
9498,55
9498,63
9498,72
9498,102
8121,1
8121,9
8121,35
8121,49
8121,77
8121,80
8121,81
8121,97
10976,18
10976,22
10976,29
10976,34
10976,55
10976,62
12921,18
12921,34
12921,35
12921,48
12921,52
12921,55
12921,77
12921,97
12921,102
4217,1
4217,5
4217,8
4217,18
4217,22
4217,35
4217,48
7628,1
7628,6
7628,9
7628,76
7628,97
7628,107
7628,111
10135,18
10135,20
10135,35
10135,41
10135,42
10135,48
10135,55
10135,58
10135,62
10135,63
10135,72
11364,18
11364,23
11364,29
11364,31
11364,34
11364,35
11364,43
11364,48
11364,52
11364,55
11364,62
11364,63
11364,72
12778,18
12778,34
12778,35
12778,41
12778,42
12778,48
12778,63
12778,72
7011,1
7011,5
7011,6
7011,35
7011,43
7011,48
6603,1
6603,4
6603,8
6603,10
6603,55
6603,102
13710,35
13710,40
13710,42
13710,49
13710,52
13710,55
13710,102
6893,1
6893,5
6893,6
6893,8
6893,18
6893,19
6893,63
6893,72
6512,1
6512,4
6512,6
6512,8
6512,9
6512,35
6512,55
6512,63
6512,72
6512,101
6512,102
10182,18
10182,20
10182,35
10182,42
10182,48
10182,63
10182,72
10182,77
10182,97
9876,18
9876,20
9876,29
9876,34
9876,35
9876,41
9876,48
9876,49
9876,52
9876,55
9876,63
9876,72
9876,80
9876,81
9876,102
11474,18
11474,23
11474,35
11474,40
11474,41
12816,18
12816,34
12816,35
12816,41
12816,49
12816,52
12816,55
12816,62
12816,80
12816,83
10395,18
10395,21
10395,24
10395,35
10395,41
10395,42
10395,55
10395,102
9767,18
9767,20
9767,25
9767,27
9767,35
9767,37
9767,52
9767,55
9767,62
9767,63
9767,72
14341,55
14341,61
14341,63
14341,66
5393,35
5393,49
5393,55
5393,62
5393,80
5393,83
12317,18
12317,29
12317,35
12317,37
12317,41
12317,43
12317,48
12317,55
12317,62
12317,80
12317,83
7592,1
7592,6
7592,8
7592,35
7592,63
7592,72
7592,101
8084,1
8084,9
8084,18
8084,27
8084,35
8084,48
4806,18
4806,23
4806,24
4806,35
4806,37
4806,55
4806,102
11724,18
11724,24
11724,35
11724,43
11724,52
11724,55
11724,62
11724,63
11724,72
10781,18
10781,22
10781,23
10781,34
10781,35
10781,41
10781,42
10781,48
10781,55
10781,58
10781,63
10781,72
12368,18
12368,29
12368,35
12368,41
12368,55
12368,58
12368,63
12368,72
6883,1
6883,5
6883,6
6883,8
6883,9
6883,63
6883,72
6883,89
6883,96
7310,1
7310,5
7310,18
7310,19
7310,34
7310,35
7310,43
7310,55
7310,102
9017,18
9017,19
9017,24
9017,34
9017,55
9017,63
9017,72
9017,102
6336,1
6336,3
6336,35
6336,43
6336,80
6336,81
9398,18
9398,20
9398,21
9398,22
9398,25
9398,34
9398,35
9398,48
9398,49
9398,52
9398,63
9398,72
4413,1
4413,74
4413,79
4413,97
4413,98
4413,122
4048,1
4048,3
4048,9
4048,35
4048,43
10825,18
10825,22
10825,23
10825,35
10825,42
10825,52
10825,55
10825,102
7973,1
7973,8
7973,35
7973,37
7973,43
7973,63
7973,72
6148,1
6148,3
6148,18
6148,22
6148,35
6148,43
6148,52
6148,55
6148,102
11878,18
11878,25
11878,34
11878,35
11878,49
11878,63
11878,72
8787,18
8787,19
8787,21
8787,23
8787,34
8787,35
8787,42
8787,48
8787,49
8787,52
8787,55
8787,63
8787,72
8787,77
8787,97
8787,102
12529,18
12529,31
12529,35
12529,43
12529,55
12529,62
6606,1
6606,4
6606,8
6606,18
6606,20
6606,35
6606,42
9364,18
9364,19
9364,35
9364,52
9364,54
9364,55
9364,62
9364,63
9364,72
12897,18
12897,34
12897,35
12897,45
12897,49
12897,63
12897,72
12898,18
12898,34
12898,35
12898,45
12898,54
14871,76
14871,77
14871,78
14871,97
14871,111
14871,131
7150,1
7150,5
7150,8
7150,18
7150,34
7150,35
7150,48
7150,52
6880,1
6880,5
6880,6
6880,7
6880,8
6880,76
6880,89
6880,96
6880,97
6880,111
5649,1
5649,2
5649,5
5649,8
5649,9
7234,1
7234,5
7234,8
7234,74
7234,75
7234,80
7234,83
7234,97
7234,112
7234,113
7234,120
14090,35
14090,48
14090,52
14090,55
14090,62
14090,75
14090,97
14090,118
6782,1
6782,4
6782,35
6782,37
6782,80
6782,83
9969,18
9969,20
9969,34
9969,35
9969,40
9969,42
9969,52
13502,35
13502,37
13502,52
13502,79
13502,80
13502,83
13095,18
13095,35
13095,40
13095,41
13095,55
13095,63
13095,72
13095,100
13095,102
6760,1
6760,4
6760,18
6760,34
6760,55
6760,102
10188,18
10188,20
10188,35
10188,42
10188,55
10188,62
10188,63
10188,72
10188,80
10188,83
14015,35
14015,44
14015,48
14015,52
14015,55
14015,62
11494,18
11494,23
11494,35
11494,42
11494,48
11494,55
11494,102
5898,1
5898,3
5898,5
5898,8
5898,9
5898,35
5898,43
5898,48
9312,18
9312,19
9312,35
9312,43
9312,48
9312,52
9312,54
9312,63
9312,72
14302,54
14302,55
14302,63
14302,71
14302,102
11505,18
11505,23
11505,35
11505,43
11505,55
11505,58
11505,63
11505,72
7664,1
7664,6
7664,18
7664,19
7664,20
7664,35
7664,40
7664,55
7664,63
7664,72
7664,102
11350,18
11350,23
11350,27
11350,35
11350,43
10325,18
10325,21
10325,22
10325,29
10325,35
10325,37
10325,41
10325,52
10325,55
10325,62
7347,1
7347,5
7347,18
7347,22
7347,29
7347,35
7347,43
7347,63
7347,72
7165,1
7165,5
7165,8
7165,35
7165,37
7165,74
7165,97
7165,120
7144,1
7144,5
7144,8
7144,18
7144,34
7144,35
7144,41
7144,55
7144,62
7144,63
7144,72
6271,1
6271,3
6271,35
6271,37
6271,55
6271,62
6271,63
6271,72
4081,1
4081,3
4081,35
4081,43
4081,55
4081,80
4081,81
4081,102
12811,18
12811,34
12811,35
12811,41
12811,48
12811,52
12811,55
12811,62
12811,63
12811,72
12811,80
12811,81
13875,35
13875,42
13875,43
13875,77
13875,97
10133,18
10133,20
10133,35
10133,41
10133,42
10133,48
10133,49
10133,55
10133,102
14202,35
14202,51
14202,77
14202,97
10277,18
10277,20
10277,55
10277,63
10277,69
10277,102
11432,18
11432,23
11432,34
11432,35
11432,42
11432,52
11432,55
11432,102
5085,18
5085,34
5085,35
5085,48
5085,54
6634,1
6634,4
6634,8
6634,80
6634,83
11447,18
11447,23
11447,34
11447,35
11447,101
7362,1
7362,5
7362,18
7362,23
7362,35
7362,43
3899,55
3899,57
3899,62
3899,63
3899,70
6516,1
6516,4
6516,6
6516,8
6516,35
6516,37
6516,55
6516,102
12501,18
12501,31
12501,35
12501,37
12501,41
12501,52
12501,55
12501,62
12501,63
12501,72
9818,18
9818,20
9818,25
9818,35
9818,37
9818,63
9818,72
7112,1
7112,5
7112,8
7112,18
7112,21
7112,35
7112,48
7112,63
7112,72
8457,13
8457,14
8457,35
8457,37
8457,42
8457,55
8457,63
8457,72
8457,102
12736,18
12736,34
12736,35
12736,39
12736,42
12736,48
12736,55
12736,62
11712,18
11712,24
11712,35
11712,42
11712,55
11712,62
11712,63
11712,72
11965,18
11965,25
11965,35
11965,42
11965,49
11965,63
11965,72
6193,1
6193,3
6193,18
6193,25
6193,35
6193,52
6193,55
6193,63
6193,72
6193,102
13463,35
13463,37
13463,48
13463,54
13463,63
13463,70
13463,79
6899,1
6899,5
6899,6
6899,8
6899,18
6899,22
6899,35
6899,48
6899,55
6899,102
6481,1
6481,4
6481,5
6481,35
6481,37
6481,38
7817,1
7817,6
7817,35
7817,55
7817,62
7817,63
7817,72
7817,101
9469,18
9469,20
9469,21
9469,34
9469,35
9469,41
9469,48
9469,49
9469,52
9469,55
9469,77
9469,97
9469,102
13114,18
13114,35
13114,41
13114,42
13114,63
13114,72
13114,77
13114,97
13114,100
7344,1
7344,5
7344,18
7344,22
7344,23
7344,34
7344,35
7344,41
7344,43
7344,48
7344,55
7344,62
8572,18
8572,19
8572,20
8572,21
8572,35
8572,42
8572,52
8572,55
8572,58
8572,63
8572,72
4068,1
4068,3
4068,18
4068,34
4068,35
4068,52
4068,55
4068,62
4068,63
4068,72
11055,18
11055,22
11055,34
11055,35
11055,39
11055,48
11055,55
11055,102
6907,1
6907,5
6907,6
6907,8
6907,35
6907,37
6907,79
6907,80
6907,83
9010,18
9010,19
9010,24
9010,34
9010,35
9010,48
9010,49
9010,55
9010,62
9010,63
9010,72
9694,18
9694,20
9694,23
9694,34
9694,35
9694,48
9694,52
9694,55
9694,63
9694,72
9694,80
9694,83
9694,102
4323,1
4323,6
4323,55
4323,62
4323,76
4323,97
4323,111
9036,18
9036,19
9036,24
9036,35
9036,48
9036,55
9036,62
9036,63
9036,72
14564,63
14564,72
14564,78
14564,97
14564,132
10575,18
10575,21
10575,35
10575,36
10575,42
10575,48
10575,55
10575,63
10575,72
10575,102
5982,1
5982,3
5982,6
5982,10
5982,35
5982,37
5982,55
5982,62
5982,63
5982,70
6085,1
6085,3
6085,18
6085,19
6085,55
6085,62
6085,63
6085,72
12270,18
12270,29
12270,34
12270,35
12270,42
12270,48
12270,52
12270,55
12270,62
9884,18
9884,20
9884,29
9884,34
9884,55
9884,102
7124,1
7124,5
7124,8
7124,18
7124,23
7124,55
7124,63
7124,72
7124,102
8374,13
8374,14
8374,18
8374,20
8374,22
9316,18
9316,19
9316,35
9316,43
9316,48
9316,54
9316,55
9316,61
9316,63
9316,72
14413,55
14413,62
14413,74
14413,79
14413,80
14413,81
14413,83
14413,97
14413,120
11502,18
11502,23
11502,35
11502,43
11502,49
11502,52
11502,55
11502,77
11502,97
11502,102
8270,1
8270,35
8270,37
8270,55
8270,63
8270,70
8270,98
8270,102
8866,18
8866,19
8866,22
8866,24
8866,34
8866,35
8866,48
8866,52
8866,55
8866,62
8866,63
8866,72
8866,77
8866,97
13059,18
13059,35
13059,38
13059,40
13059,42
13059,100
14189,35
14189,50
14189,54
14189,55
14189,62
10989,18
10989,22
10989,29
10989,35
10989,42
6278,1
6278,3
6278,35
6278,37
6278,74
6278,79
6278,80
6278,83
6278,97
6278,120
11254,18
11254,22
11254,55
11254,62
11254,80
11254,83
13113,18
13113,35
13113,41
13113,42
13113,55
13113,77
13113,97
13113,100
13113,102
12451,18
12451,30
12451,35
12451,42
12451,48
12451,63
12451,72
13621,35
13621,38
13621,48
13621,52
13621,55
13621,102
4229,1
4229,5
4229,8
4229,55
4229,63
4229,70
4229,102
6071,1
6071,3
6071,18
6071,19
6071,35
6071,41
6071,55
6071,63
6071,72
6071,102
10916,18
10916,22
10916,26
10916,35
10916,42
13756,35
13756,41
13756,42
13756,48
13756,52
13756,77
13756,97
6956,1
6956,5
6956,6
6956,9
6956,80
6956,83
12043,18
12043,26
12043,35
12043,41
12043,63
12043,72
14513,63
14513,69
14513,70
14513,80
14513,83
10807,18
10807,22
10807,23
10807,35
10807,37
10807,41
10807,48
10807,52
10807,55
10807,102
3999,1
3999,2
3999,55
3999,63
3999,72
3999,102
13960,35
13960,43
13960,49
13960,50
6462,1
6462,4
6462,5
6462,9
6462,35
6462,50
6462,52
12525,18
12525,31
12525,35
12525,43
12525,48
12525,52
7317,1
7317,5
7317,18
7317,19
7317,35
7317,43
7317,63
7317,72
14789,75
14789,76
14789,77
14789,78
14789,97
14789,111
14789,119
14789,127
9080,18
9080,19
9080,27
9080,34
9080,35
9080,41
9080,48
9080,52
9080,55
9080,58
9080,63
9080,72
11718,18
11718,24
11718,35
11718,43
11718,48
11718,54
11718,55
11718,62
11718,63
11718,72
5281,35
5281,41
5281,42
5281,49
11476,18
11476,23
11476,35
11476,41
11476,42
11476,43
11476,55
11476,77
11476,97
11476,102
9925,18
9925,20
9925,31
9925,35
9925,48
9925,52
9925,55
9925,62
9925,63
9925,72
12601,18
12601,34
12601,35
12601,36
12601,42
12601,52
6504,1
6504,4
6504,5
6504,55
6504,76
6504,77
6504,97
6504,102
6504,111
8016,1
8016,8
8016,55
8016,74
8016,97
8016,102
8016,120
8016,122
10490,18
10490,21
10490,29
10490,35
10490,37
10490,52
10490,55
10490,62
11924,18
11924,25
11924,35
11924,38
11924,48
11924,63
11924,72
5489,55
5489,74
5489,75
5489,79
5489,80
5489,83
5489,97
5489,102
5489,112
5489,113
5489,120
5489,122
6597,1
6597,4
6597,6
6597,76
6597,97
6597,107
6597,111
6795,1
6795,4
6795,35
6795,41
6795,55
6795,62
8364,13
8364,14
8364,18
8364,19
8364,31
8364,35
8364,48
8364,55
8364,62
8364,63
8364,72
14761,74
14761,78
14761,97
14761,122
14761,127
14761,132
7159,1
7159,5
7159,8
7159,35
7159,37
7159,41
7159,43
7159,49
7159,55
7159,102
8061,1
8061,9
8061,18
8061,20
8061,35
8061,37
8061,48
8061,49
8061,52
8061,55
8061,62
8061,63
8061,72
4865,18
4865,24
4865,35
4865,40
4865,48
4865,63
4865,72
5934,1
5934,3
5934,5
5934,18
5934,22
10650,18
10650,21
10650,35
10650,42
10650,43
10650,63
10650,72
8603,18
8603,19
8603,20
8603,22
8603,34
8603,35
8603,41
8603,42
8603,48
8603,52
8603,55
8603,63
8603,72
8603,102
13695,35
13695,40
13695,41
13695,52
11989,18
11989,25
11989,35
11989,48
11989,55
11989,62
7002,1
7002,5
7002,6
7002,35
7002,40
7002,48
10531,18
10531,21
10531,34
10531,35
10531,38
6080,1
6080,3
6080,18
6080,19
6080,35
6080,48
10474,18
10474,21
10474,29
10474,34
10474,35
10474,38
10474,41
10474,52
10474,55
10474,62
7228,1
7228,5
7228,8
7228,55
7228,93
7228,96
7228,102
9530,18
9530,20
9530,22
9530,23
9530,30
9530,34
9530,55
9530,63
9530,72
9530,102
8283,1
8283,35
8283,43
8283,55
8283,63
8283,70
8283,98
8283,102
4060,1
4060,3
4060,18
4060,22
4060,35
4060,41
4060,43
4060,48
4060,55
4060,102
11311,18
11311,23
11311,25
11311,27
11311,34
11311,35
11311,37
11311,52
11311,55
11311,102
13033,18
13033,35
13033,37
13033,41
13033,48
13033,55
13033,100
13033,102
14359,55
14359,62
14359,63
14359,70
14359,74
14359,79
14359,97
14359,120
7314,1
7314,5
7314,18
7314,19
7314,35
7314,43
6446,1
6446,4
6446,5
6446,8
6446,18
6446,22
6446,35
6446,48
6446,55
6446,62
6446,63
6446,72
6446,77
6446,97
11294,18
11294,23
11294,24
11294,35
11294,48
11294,52
11294,55
11294,62
11294,63
11294,72
11331,18
11331,23
11331,25
11331,35
11331,42
11331,48
11331,52
11331,55
11331,63
11331,72
11331,102
11817,18
11817,25
11817,31
11817,34
11817,55
11817,63
11817,72
11817,102
10818,18
10818,22
10818,23
10818,35
10818,41
10818,48
10818,63
10818,72
10818,77
10818,97
4945,18
4945,27
4945,34
4945,35
4945,52
4945,55
4945,102
6964,1
6964,5
6964,6
6964,13
6964,14
6964,35
6964,52
6964,55
6964,102
11096,18
11096,22
11096,34
11096,35
11096,50
11096,52
11096,55
11096,102
7487,1
7487,5
7487,35
7487,48
7487,55
7487,76
7487,77
7487,97
7487,102
7487,107
7487,111
12356,18
12356,29
12356,35
12356,41
12356,45
13590,35
13590,38
13590,39
13590,41
13590,48
11967,18
11967,25
11967,35
11967,42
11967,52
11967,55
11967,63
11967,72
11967,102
13617,35
13617,38
13617,48
13617,49
13617,52
13617,63
13617,72
8115,1
8115,9
8115,35
8115,43
8115,55
8115,62
12672,18
12672,34
12672,35
12672,37
12672,42
12672,55
12672,63
12672,72
12672,102
6673,1
6673,4
6673,13
6673,14
6673,55
6673,62
12761,18
12761,34
12761,35
12761,40
12761,52
12761,63
12761,72
12693,18
12693,34
12693,35
12693,37
12693,55
12693,62
12693,79
7650,1
7650,6
7650,10
7650,76
7650,77
7650,97
7650,111
7063,1
7063,5
7063,7
7063,8
7063,55
7063,102
6813,1
6813,4
6813,35
6813,43
6813,76
6813,97
6813,111
6938,1
6938,5
6938,6
6938,8
6938,93
6938,96
4412,1
4412,74
4412,75
4412,97
4412,98
4412,112
4412,114
4412,120
9235,18
9235,19
9235,35
9235,37
9235,42
9235,55
9235,62
9235,63
9235,72
11255,18
11255,22
11255,55
11255,63
11255,70
11255,72
11255,102
7711,1
7711,6
7711,18
7711,23
7711,34
7711,35
7711,37
7711,48
7711,52
7711,55
7711,62
7711,77
7711,97
6151,1
6151,3
6151,18
6151,22
6151,35
6151,48
6151,52
6151,55
6151,63
6151,72
6151,102
11925,18
11925,25
11925,35
11925,38
11925,52
11925,55
11925,63
11925,72
11925,102
11478,18
11478,23
11478,35
11478,41
11478,42
11478,48
11478,55
11478,58
11421,18
11421,23
11421,34
11421,35
11421,41
11421,48
11421,52
5523,63
5523,72
5523,76
5523,97
5523,107
6915,1
6915,5
6915,6
6915,8
6915,35
6915,43
6915,80
6915,83
8956,18
8956,19
8956,23
8956,31
8956,35
8956,41
8956,43
8956,48
8956,55
8956,63
8956,72
8956,77
8956,97
8956,102
8240,1
8240,11
8240,55
8240,62
8240,63
8240,69
6520,1
6520,4
6520,6
6520,8
6520,35
6520,43
6520,55
6520,62
6520,63
6520,72
10608,18
10608,21
10608,35
10608,38
10608,52
10608,55
10608,102
11963,18
11963,25
11963,35
11963,42
11963,48
11963,55
11963,63
11963,72
11963,102
14217,35
14217,52
14217,55
14217,62
14217,63
14217,68
14217,80
14217,81
14217,82
9089,18
9089,19
9089,28
9089,55
9089,102
6428,1
6428,4
6428,5
6428,6
6428,55
6428,63
6428,70
6428,102
4517,18
4517,19
4517,35
4517,42
4517,48
4517,52
4517,55
4517,63
4517,72
4517,102
10452,18
10452,21
10452,27
10452,29
10452,31
10452,34
10452,55
10452,102
10085,18
10085,20
10085,35
10085,37
10085,54
12923,18
12923,34
12923,35
12923,48
12923,54
12923,55
12923,63
12923,72
12923,102
4555,18
4555,20
4555,21
4555,35
4555,63
4555,72
4555,101
3078,18
3078,29
3078,55
3078,63
3078,70
3078,102
12156,18
12156,27
12156,55
12156,95
12156,96
12156,102
9110,18
9110,19
9110,29
9110,35
9110,43
9110,55
9110,63
9110,72
9110,102
10593,18
10593,21
10593,35
10593,37
10593,42
10593,48
10593,63
10593,72
5702,1
5702,2
5702,74
5702,97
5702,120
14339,55
14339,59
14339,80
14339,83
13549,35
13549,37
13549,55
13549,74
13549,80
13549,83
13549,97
13549,102
13549,122
12465,18
12465,30
12465,35
12465,48
12465,55
12465,62
11621,18
11621,24
11621,34
11621,35
11621,38
11621,63
11621,72
9179,18
9179,19
9179,34
9179,35
9179,42
9179,48
9179,52
9179,55
9179,62
9179,63
9179,72
11906,18
11906,25
11906,35
11906,37
11906,49
11906,52
11906,63
11906,72
14103,35
14103,48
14103,52
14103,77
14103,78
14103,97
14103,131
6203,1
6203,3
6203,18
6203,29
6203,35
6203,40
6203,43
8326,1
8326,63
8326,70
8326,71
8326,98
13209,18
13209,35
13209,52
13209,55
13209,62
13209,63
13209,72
13209,100
7905,1
7905,8
7905,11
11496,18
11496,23
11496,35
11496,42
11496,52
11496,54
11496,55
11496,63
11496,70
11496,72
11496,102
14065,35
14065,48
14065,49
14065,52
14065,63
14065,70
14065,77
14065,97
11672,18
11672,24
11672,35
11672,37
11672,52
11672,55
11672,102
12570,18
12570,32
12570,35
12570,52
12570,55
12570,63
12570,72
12570,102
10491,18
10491,21
10491,29
10491,35
10491,37
10491,52
10491,77
10491,97
13237,35
13237,36
13237,39
13237,41
13237,55
13237,62
13237,77
13237,97
10861,18
10861,22
10861,24
10861,35
10861,37
10861,43
10861,48
10861,55
10861,58
10861,63
10861,72
11396,18
11396,23
11396,31
11396,34
11396,35
11396,46
11396,55
11396,102
10843,18
10843,22
10843,23
10843,55
10843,62
10843,63
10843,72
12769,18
12769,34
12769,35
12769,41
12769,42
12769,48
12769,52
12769,55
12769,62
12769,63
12769,72
4506,18
4506,19
4506,35
4506,37
4506,52
5710,1
5710,3
5710,4
5710,5
5710,6
5710,8
5710,35
5710,43
5710,76
5710,77
5710,97
5710,111
5843,1
5843,3
5843,4
5843,35
5843,48
5843,52
5843,55
5843,63
5843,72
5843,102
10830,18
10830,22
10830,23
10830,35
10830,44
10830,48
10830,50
10830,55
10830,102
9708,18
9708,20
9708,23
9708,35
9708,41
9708,52
9708,55
9708,62
9708,63
9708,72
13855,35
13855,41
13855,63
13855,70
13855,72
7463,1
7463,5
7463,35
7463,43
7463,50
4684,18
4684,21
4684,34
4684,35
4684,42
4684,55
4684,63
4684,72
4684,102
7707,1
7707,6
7707,18
7707,22
7707,55
7707,63
7707,72
7707,102
5998,1
5998,3
5998,6
5998,35
5998,43
5998,48
5998,55
5998,63
5998,72
5998,102
7958,1
7958,8
7958,18
7958,34
7958,35
7958,41
7958,55
7958,102
8978,18
8978,19
8978,23
8978,35
8978,48
8978,54
8978,63
8978,72
4569,18
4569,20
4569,23
4569,35
4569,48
4569,55
4569,63
4569,72
4569,102
10617,18
10617,21
10617,35
10617,39
10617,55
10617,62
10617,63
10617,72
10617,80
10617,81
14859,75
14859,80
14859,83
14859,97
14859,112
14859,114
14859,118
11754,18
11754,24
11754,54
11754,63
11754,72
11232,18
11232,22
11232,35
11232,48
11232,55
11232,62
11232,63
11232,69
10087,18
10087,20
10087,35
10087,37
10087,54
10087,55
10087,63
10087,72
10087,102
10950,18
10950,22
10950,28
10950,34
10950,35
10950,52
10950,55
10950,102
7774,1
7774,6
7774,35
7774,43
7774,48
7774,63
7774,72
10303,18
10303,21
10303,22
10303,23
10303,30
10303,31
10303,34
10303,35
10303,41
10303,48
10303,55
10303,102
12939,18
12939,34
12939,35
12939,49
12939,55
12939,78
12939,97
12939,102
12939,132
12459,18
12459,30
12459,35
12459,44
12459,52
12459,55
12459,102
12340,18
12340,29
12340,35
12340,38
12340,41
13765,35
13765,41
13765,42
13765,63
13765,72
13765,76
13765,97
13765,111
10484,18
10484,21
10484,29
10484,34
10484,35
10484,49
10484,52
10484,55
10484,62
10484,63
10484,70
12806,18
12806,34
12806,35
12806,41
12806,48
12806,49
12806,55
12806,62
14245,35
14245,52
14245,77
14245,80
14245,83
14245,97
13319,35
13319,37
13319,40
13319,41
9088,18
9088,19
9088,28
9088,34
9088,35
9088,41
9088,42
9088,48
9088,55
9088,63
9088,72
9088,102
12133,18
12133,27
12133,35
12133,43
12133,55
12133,58
7328,1
7328,5
7328,18
7328,20
7328,22
7328,35
7328,43
7328,48
7328,55
7328,63
7328,72
7328,102
9383,18
9383,19
9383,55
9383,63
9383,69
9383,102
5723,1
5723,3
5723,4
5723,5
5723,8
5723,18
5723,23
11007,18
11007,22
11007,30
11007,35
11007,41
11007,48
11007,55
11007,102
6094,1
6094,3
6094,18
6094,20
6094,31
6094,35
6094,36
6094,37
6094,38
6094,41
6094,42
6094,48
6094,52
6094,55
6094,63
6094,72
6094,80
6094,81
6094,102
9278,18
9278,19
9278,35
9278,41
9278,48
4810,18
4810,23
4810,26
4810,35
4810,48
12764,18
12764,34
12764,35
12764,41
12764,42
12764,43
12764,48
12764,52
12764,55
12764,62
12495,18
12495,31
12495,34
12495,55
12495,63
12495,72
12495,102
5778,1
5778,3
5778,4
5778,8
5778,18
5778,19
5778,63
5778,72
10727,18
10727,22
10727,23
10727,27
10727,34
10727,35
10727,48
10727,52
10727,55
10727,62
6019,1
6019,3
6019,8
6019,10
6019,63
6019,72
3590,18
3590,22
3590,23
3590,31
3590,35
3590,52
3590,55
3590,102
6965,1
6965,5
6965,6
6965,13
6965,15
6965,55
6965,102
13672,35
13672,39
13672,49
13672,55
13672,62
7506,1
7506,5
7506,55
7506,62
7506,79
4380,1
4380,9
4380,89
4380,91
4380,96
13636,35
13636,38
13636,55
13636,62
13636,63
13636,71
9848,18
9848,20
9848,26
9848,34
8629,18
8629,19
8629,20
8629,23
8629,31
8629,34
8629,35
8629,48
8629,49
8629,52
8629,55
8629,63
8629,72
8629,102
7702,1
7702,6
7702,18
7702,22
5894,1
5894,3
5894,5
5894,6
5894,91
5894,96
7185,1
7185,5
7185,8
7185,35
7185,43
7185,48
7185,55
7185,63
7185,72
7185,102
14475,55
14475,74
14475,80
14475,83
14475,97
14475,102
14475,122
10705,18
10705,22
10705,23
10705,24
10705,35
10705,43
10705,55
10705,63
10705,72
10705,102
11926,18
11926,25
11926,35
11926,38
11926,52
11926,63
11926,72
11735,18
11735,24
11735,35
11735,48
11735,55
11735,62
4317,1
4317,6
4317,35
4317,49
4317,55
4317,62
7353,1
7353,5
7353,18
7353,22
7353,35
7353,48
7353,52
7353,55
7353,62
6987,1
6987,5
6987,6
6987,18
6987,32
6987,35
6987,48
6987,55
6987,62
9303,18
9303,19
9303,35
9303,42
9303,48
9303,63
9303,72
9303,80
9303,81
4931,18
4931,26
4931,34
4931,35
4931,52
13175,18
13175,35
13175,42
13175,48
13175,52
13175,77
13175,97
13175,100
5133,18
5133,35
5133,41
5133,48
5133,55
5133,62
5133,100
6367,1
6367,3
6367,54
6367,63
6367,70
7797,1
7797,6
7797,35
7797,48
7797,63
7797,72
7797,77
7797,97
7088,1
7088,5
7088,8
7088,13
7088,14
7088,35
7088,48
7088,77
7088,97
4653,18
4653,20
4653,35
4653,48
4653,49
4653,63
4653,72
7540,1
7540,5
7540,76
7540,78
7540,97
7540,111
7540,132
7501,1
7501,5
7501,55
7501,62
7501,63
7501,72
7501,79
4039,1
4039,3
4039,5
4039,55
4039,58
11602,18
11602,24
11602,30
11602,31
11602,35
11602,48
11602,55
11602,58
11602,63
11602,72
4148,1
4148,4
4148,18
4148,34
4148,35
4148,52
4148,55
4148,102
7252,1
7252,5
7252,9
7252,18
7252,34
7252,35
7252,49
7252,52
5055,18
5055,34
5055,35
5055,41
5055,42
5055,43
5055,48
4818,18
4818,23
4818,31
4818,35
4818,48
4818,55
4818,102
8273,1
8273,35
8273,37
8273,80
8273,83
8273,98
9990,18
9990,20
9990,34
9990,35
9990,41
9990,52
9990,55
9990,102
8235,1
8235,10
8235,76
8235,77
8235,97
8235,111
13763,35
13763,41
13763,42
13763,52
13763,55
13763,102
12957,18
12957,34
12957,35
12957,54
12957,63
12957,70
12957,101
13972,35
13972,43
13972,52
13972,54
13972,55
13972,77
13972,97
13972,102
6077,1
6077,3
6077,18
6077,19
6077,35
6077,43
6077,52
6077,55
6077,102
11437,18
11437,23
11437,34
11437,35
11437,47
11437,48
11437,52
13315,35
13315,37
13315,39
13315,43
13315,48
13834,35
13834,41
13834,52
13834,76
13834,97
13834,111
10446,18
10446,21
10446,25
10446,35
10446,55
10446,62
10446,63
10446,72
10446,101
7699,1
7699,6
7699,18
7699,21
7699,35
7699,37
10864,18
10864,22
10864,24
10864,35
10864,43
10864,52
10864,55
10864,63
10864,72
10864,102
4484,18
4484,19
4484,29
4484,35
4484,48
4484,52
4484,55
4484,63
4484,72
4484,102
11861,18
11861,25
11861,34
11861,35
11861,42
11861,77
11861,97
10809,18
10809,22
10809,23
10809,35
10809,37
10809,43
10809,48
10809,52
14089,35
14089,48
14089,52
14089,55
14089,62
14089,63
14089,72
14089,80
14089,81
12615,18
12615,34
12615,35
12615,37
12615,38
12615,41
12615,63
12615,72
6497,1
6497,4
6497,5
6497,35
6497,48
6497,55
6497,77
6497,97
6497,102
12040,18
12040,26
12040,35
12040,41
12040,48
12040,55
12040,62
12040,63
12040,72
7097,1
7097,5
7097,8
7097,18
7097,19
7097,35
7097,48
7097,55
7097,62
13676,35
13676,39
13676,52
13676,54
13676,55
13676,62
13676,63
13676,70
5968,1
5968,3
5968,5
5968,35
5968,55
5968,101
5968,102
8242,1
8242,12
8242,63
8242,69
6681,1
6681,4
6681,18
6681,19
6681,22
6681,55
6681,63
6681,72
6681,102
5992,1
5992,3
5992,6
5992,18
5992,22
5992,35
5992,37
5992,48
5992,55
5992,62
14385,55
14385,62
14385,74
14385,75
14385,79
14385,80
14385,81
14385,97
14385,112
14385,113
14385,120
13515,35
13515,37
13515,55
13515,59
11118,18
11118,22
11118,35
11118,37
11118,41
11118,42
11118,52
11118,55
11118,62
11118,63
11118,72
13990,35
13990,43
13990,54
13990,80
13990,83
14108,35
14108,48
14108,53
14108,55
14108,62
9510,18
9510,20
9510,21
9510,35
9510,52
9510,55
9510,63
9510,72
9510,102
8536,18
8536,19
8536,20
8536,21
8536,22
8536,34
8536,35
8536,37
8536,41
8536,42
8536,55
8536,63
8536,72
8536,77
8536,97
8536,102
13096,18
13096,35
13096,40
13096,42
13096,52
13096,63
13096,72
13096,100
11614,18
11614,24
11614,31
11614,55
11614,102
8377,13
8377,14
8377,18
8377,20
8377,25
8377,34
8377,63
8377,72
6209,1
6209,3
6209,18
6209,30
12958,18
12958,34
12958,35
12958,54
12958,63
12958,72
12958,101
8724,18
8724,19
8724,20
8724,35
8724,37
8724,41
8724,55
8724,63
8724,72
8724,102
6719,1
6719,4
6719,18
6719,21
6719,55
6719,102
9460,18
9460,20
9460,21
9460,30
9460,35
9460,55
9460,63
9460,72
9460,101
9460,102
7207,1
7207,5
7207,8
7207,35
7207,52
7207,54
7207,55
7207,102
8227,1
8227,10
8227,54
8227,55
8227,56
14366,55
14366,62
14366,63
14366,71
14366,74
14366,75
14366,79
14366,97
14366,118
14366,120
14574,74
14574,75
14574,76
14574,77
14574,97
14574,107
14574,119
14574,120
7930,1
7930,8
7930,18
7930,21
7930,25
7930,63
7930,72
8718,18
8718,19
8718,20
8718,35
8718,36
8718,37
8718,38
8718,41
8718,48
8718,52
8718,63
8718,72
12068,18
12068,27
12068,29
12068,35
12068,39
12068,55
12068,102
5887,1
5887,3
5887,5
5887,6
5887,35
5887,43
5887,55
5887,58
5862,1
5862,3
5862,4
5862,55
5862,76
5862,97
5862,102
5862,111
11854,18
11854,25
11854,34
11854,35
11854,42
11854,48
11854,52
6693,1
6693,4
6693,18
6693,19
6693,35
6693,52
6693,63
6693,72
6693,80
6693,81
8279,1
8279,35
8279,42
8279,55
8279,62
8279,79
8279,98
14221,35
14221,52
14221,55
14221,62
14221,74
14221,75
14221,97
14221,118
14221,122
10624,18
10624,21
10624,35
10624,41
10624,42
12664,18
12664,34
12664,35
12664,37
12664,41
12664,55
12664,77
12664,97
12664,102
6132,1
6132,3
6132,18
6132,22
6132,23
6132,35
6132,52
6132,55
6132,62
10850,18
10850,22
10850,24
10850,29
10850,55
10850,102
13746,35
13746,41
13746,42
13746,43
13746,48
13746,55
13746,63
13746,72
13746,102
8372,13
8372,14
8372,18
8372,20
8372,21
8372,25
8372,34
8372,35
8372,38
8372,55
8372,63
8372,72
8372,102
11382,18
11382,23
11382,29
11382,35
11382,37
11382,55
11382,77
11382,97
11382,102
5582,74
5582,79
5582,80
5582,83
5582,97
5582,120
5582,124
13722,35
13722,40
13722,43
13722,52
13722,63
13722,72
8304,1
8304,55
8304,56
8304,98
14066,35
14066,48
14066,49
14066,54
14026,35
14026,45
14026,48
14026,52
14026,55
14026,62
7597,1
7597,6
7597,8
7597,55
7597,62
7597,80
7597,83
9128,18
9128,19
9128,31
9128,35
9128,43
9128,48
9128,52
9128,55
9128,58
9128,63
9128,72
9128,80
9128,81
5009,18
5009,30
5009,35
5009,48
5009,52
5009,55
5009,102
6540,1
6540,4
6540,6
6540,9
6540,63
6540,72
6637,1
6637,4
6637,9
6637,35
6637,41
6637,55
6637,62
6637,63
6637,69
6570,1
6570,4
6570,6
6570,35
6570,37
6570,55
6570,62
6570,63
6570,71
6351,1
6351,3
6351,35
6351,49
6351,52
6351,63
6351,70
9629,18
9629,20
9629,22
9629,35
9629,42
9629,55
9629,63
9629,72
9629,102
10796,18
10796,22
10796,23
10796,34
10796,35
10796,48
10796,52
10796,55
10796,58
7618,1
7618,6
7618,9
7618,35
7618,37
7618,55
7618,102
9994,18
9994,20
9994,34
9994,35
9994,42
9994,48
9994,49
9994,55
9994,63
9994,72
9994,102
10938,18
10938,22
10938,27
10938,35
10938,48
10938,52
10938,55
10938,63
10938,72
10938,77
10938,97
10938,102
12689,18
12689,34
12689,35
12689,37
12689,52
12689,55
12689,62
12689,80
12689,81
13744,35
13744,41
13744,42
13744,43
13744,48
13744,52
9854,18
9854,20
9854,27
9854,34
9854,35
9854,52
5072,18
5072,34
5072,35
5072,42
5072,48
5072,52
5072,77
5072,97
9202,18
9202,19
9202,34
9202,35
9202,49
9202,55
9202,63
9202,72
9202,102
14454,55
14454,63
14454,67
14454,70
14454,102
12228,18
12228,29
12228,30
12228,35
12228,48
12228,52
12228,55
12228,63
12228,72
12228,102
12938,18
12938,34
12938,35
12938,49
12938,55
12938,62
12938,77
12938,97
11566,18
11566,24
11566,25
11566,35
11566,48
11566,52
11566,55
11566,62
11566,63
11566,72
11053,18
11053,22
11053,34
11053,35
11053,38
11053,42
11053,52
11053,55
11053,63
11053,72
11053,102
11732,18
11732,24
11732,35
11732,48
11732,52
11732,55
11732,62
11732,77
11732,97
7118,1
7118,5
7118,8
7118,18
7118,22
7118,34
7118,35
7118,48
7118,52
7118,55
7118,102
10859,18
10859,22
10859,24
10859,34
10859,35
10859,52
10859,55
10859,102
7262,1
7262,5
7262,9
7262,35
7262,48
7262,52
10458,18
10458,21
10458,27
10458,35
10458,43
10458,55
10458,102
9390,18
9390,19
9390,63
9390,72
9390,79
9390,80
9390,83
8338,1
8338,74
8338,75
8338,79
8338,97
8338,98
8338,112
8338,113
8338,120
9859,18
9859,20
9859,27
9859,35
9859,52
9859,55
9859,62
10512,18
10512,21
10512,31
10512,35
10512,101
2815,75
2815,78
2815,97
2815,118
2815,127
6380,1
6380,3
6380,55
6380,74
6380,97
6380,102
6380,120
6380,122
10373,18
10373,21
10373,23
10373,35
10373,48
10373,63
10373,69
7430,1
7430,5
7430,35
7430,37
7430,43
7430,55
7430,102
7663,1
7663,6
7663,13
7663,15
3944,74
3944,75
3944,79
3944,80
3944,83
3944,97
3944,112
3944,113
3944,124
14363,55
14363,62
14363,63
14363,70
14363,75
14363,97
14363,112
14363,113
10230,18
10230,20
10230,35
10230,48
10230,63
10230,69
13559,35
13559,37
13559,63
13559,72
13559,74
13559,97
13559,120
13559,122
14522,63
14522,69
14522,91
14522,96
5711,1
5711,3
5711,4
5711,5
5711,6
5711,8
5711,55
5711,63
5711,72
5711,102
11921,18
11921,25
11921,35
11921,38
11921,42
11921,48
11921,63
11921,72
4868,18
4868,24
4868,35
4868,41
4868,52
4868,55
4868,102
11652,18
11652,24
11652,35
11652,36
7911,1
7911,8
7911,18
7911,19
14079,35
14079,48
14079,51
13470,35
13470,37
13470,48
13470,55
13470,62
13470,74
13470,97
13470,122
8775,18
8775,19
8775,20
8775,55
8775,62
6215,1
6215,3
6215,18
6215,34
6215,35
6215,41
11645,18
11645,24
11645,34
11645,35
11645,48
11645,55
11645,58
11645,62
5967,1
5967,3
5967,5
5967,35
5967,48
5967,55
5967,102
10706,18
10706,22
10706,23
10706,24
10706,35
10706,52
9039,18
9039,19
9039,24
9039,35
9039,52
7638,1
7638,6
7638,10
7638,35
7638,43
7638,63
7638,72
9538,18
9538,20
9538,22
9538,23
9538,34
9538,63
9538,72
13532,35
13532,37
13532,55
13532,62
13532,74
13532,75
13532,97
13532,118
13532,122
12094,18
12094,27
12094,34
12094,35
12094,42
12094,55
12094,63
12094,72
12094,102
9024,18
9024,19
9024,24
9024,35
9024,37
9024,52
9024,55
9024,63
9024,72
9024,102
5111,18
5111,35
5111,37
5111,40
5111,55
5111,100
5111,102
8207,1
8207,10
8207,35
8207,37
8207,43
8207,48
8207,52
8207,55
8207,63
8207,72
8207,102
11163,18
11163,22
11163,35
11163,41
11163,42
11163,48
14472,55
14472,74
14472,79
14472,97
14472,102
14472,122
6386,1
6386,3
6386,74
6386,97
6386,122
10043,18
10043,20
10043,35
10043,37
10043,41
10043,42
10043,63
10043,72
7846,1
7846,6
7846,55
7846,90
7846,96
7846,102
10918,18
10918,22
10918,26
10918,35
10918,52
10918,55
10918,58
10918,63
10918,72
4483,18
4483,19
4483,29
4483,35
4483,42
4483,63
4483,72
10301,18
10301,21
10301,22
10301,23
10301,27
10301,34
10301,35
10301,48
10301,52
10301,55
10301,102
10567,18
10567,21
10567,34
10567,35
10567,49
10567,52
8827,18
8827,19
8827,21
8827,35
8827,48
8827,55
8827,63
8827,72
8827,102
9013,18
9013,19
9013,24
9013,34
9013,35
9013,48
9013,52
9013,55
9013,102
8152,1
8152,9
8152,63
8152,71
8152,74
8152,80
8152,83
8152,97
8152,120
8124,1
8124,9
8124,35
8124,52
8124,55
8124,63
8124,72
8124,102
9232,18
9232,19
9232,35
9232,37
9232,42
9232,43
9232,55
9232,63
9232,72
9232,74
9232,97
9232,102
9232,120
8691,18
8691,19
8691,20
8691,34
8691,35
8691,37
8691,42
8691,48
8691,52
8691,55
8691,63
8691,72
8691,77
8691,97
8691,102
8327,1
8327,63
8327,70
8327,74
8327,79
8327,80
8327,83
8327,97
8327,98
8327,120
11081,18
11081,22
11081,34
11081,35
11081,43
11081,48
11081,52
11081,77
11081,97
7187,1
7187,5
7187,8
7187,35
7187,43
7187,48
7187,63
7187,72
11465,18
11465,23
11465,35
11465,37
11465,52
11465,55
11465,102
6480,1
6480,4
6480,5
6480,18
6480,35
6480,37
6480,41
6480,48
6480,52
6480,55
6480,100
6480,102
5948,1
5948,3
5948,5
5948,35
5948,37
5948,48
5948,52
5948,55
5948,63
5948,72
5948,102
8067,1
8067,9
8067,18
8067,21
8067,35
8067,48
8067,55
8067,102
7407,1
7407,5
7407,18
7407,34
7407,35
7407,48
7225,1
7225,5
7225,8
7225,55
7225,74
7225,97
7225,102
7225,120
4654,18
4654,20
4654,35
4654,48
4654,52
4654,63
4654,72
4654,77
4654,97
11545,18
11545,23
11545,63
11545,71
11041,18
11041,22
11041,34
11041,35
11041,37
11041,41
11041,48
11041,52
11041,63
11041,72
11041,77
11041,97
13783,35
13783,41
13783,43
13783,52
13783,55
13783,63
13783,72
13783,102
12231,18
12231,29
12231,30
12231,35
12231,55
12231,101
12231,102
8551,18
8551,19
8551,20
8551,21
8551,24
8551,34
8551,35
8551,41
8551,52
8551,55
8551,63
8551,72
8551,102
10158,18
10158,20
10158,35
10158,41
10158,54
10158,55
10158,58
10158,62
10158,77
10158,97
14434,55
14434,62
14434,75
14434,97
14434,112
14434,114
5955,1
5955,3
5955,5
5955,35
5955,43
5955,48
5955,55
5955,102
13547,35
13547,37
13547,55
13547,74
13547,75
13547,79
13547,80
13547,83
13547,97
13547,102
13547,112
13547,113
13547,120
13547,122
12028,18
12028,26
12028,34
12028,35
12028,101
10739,18
10739,22
10739,23
10739,28
10739,54
10739,55
10739,62
6641,1
6641,4
6641,9
6641,55
6641,62
9221,18
9221,19
9221,35
9221,37
9221,41
9221,42
9221,55
9221,63
9221,72
9221,102
6335,1
6335,3
6335,35
6335,43
6335,77
6335,97
8848,18
8848,19
8848,22
8848,23
8848,34
8848,35
8848,38
8848,40
8848,41
8848,42
8848,48
8848,52
8848,55
8848,63
8848,72
8848,77
8848,97
8848,102
5813,1
5813,3
5813,4
5813,18
5813,22
5813,35
5813,52
5813,63
5813,72
5813,77
5813,97
12637,18
12637,34
12637,35
12637,37
12637,41
12637,42
12637,48
12637,52
12637,55
12637,102
6997,1
6997,5
6997,6
6997,35
6997,37
6997,48
6997,52
6997,55
6997,58
9136,18
9136,19
9136,34
9136,35
9136,37
9136,41
9136,42
9136,43
9136,48
9136,52
9136,55
9136,63
9136,72
9136,102
9646,18
9646,20
9646,23
9646,24
9646,29
9646,34
9646,35
9646,41
9646,42
9646,48
9646,55
9646,63
9646,72
9646,102
5888,1
5888,3
5888,5
5888,6
5888,35
5888,43
5888,55
5888,63
5888,72
5888,102
11275,18
11275,23
11275,24
11275,34
11275,35
11275,37
11275,42
11275,48
11275,52
11275,55
11275,62
10697,18
10697,22
10697,23
10697,24
10697,27
10697,28
10697,34
10697,35
10697,37
10697,43
10697,48
10697,55
10697,102
7194,1
7194,5
7194,8
7194,35
7194,43
7194,55
7194,63
7194,72
7194,102
7510,1
7510,5
7510,55
7510,63
7510,71
7510,78
7510,97
7510,102
7510,132
8965,18
8965,19
8965,23
8965,34
8965,35
8965,42
8965,52
8965,55
8965,63
8965,72
8965,102
8981,18
8981,19
8981,23
8981,35
8981,52
8981,55
8981,63
8981,72
8981,102
9393,18
9393,20
9393,21
9393,22
9393,23
9393,28
9393,29
9393,34
9393,55
9393,63
9393,72
9393,102
8922,18
8922,19
8922,22
8922,35
8922,43
8922,48
8922,52
8922,63
8922,72
3337,1
3337,4
3337,35
3337,52
3337,77
3337,97
9361,18
9361,19
9361,35
9361,52
9361,54
9361,55
9361,58
9361,63
9361,69
14369,55
14369,62
14369,63
14369,71
14369,74
14369,79
14369,97
14369,120
7331,1
7331,5
7331,18
7331,20
7331,31
7331,34
7331,35
7331,43
7331,63
7331,72
12660,18
12660,34
12660,35
12660,37
12660,41
12660,55
12660,62
12660,63
12660,69
12660,74
12660,79
12660,97
12660,120
12660,122
13348,35
13348,37
13348,41
13348,43
13348,48
13348,55
13348,58
13348,63
13348,72
10621,18
10621,21
10621,35
10621,40
10621,48
13303,35
13303,37
13303,38
13303,52
13303,55
13303,62
13303,80
13303,83
6027,1
6027,3
6027,8
6027,35
6027,37
7472,1
7472,5
7472,35
7472,43
7472,55
7472,62
7472,80
7472,81
8516,13
8516,16
8516,35
8516,41
8516,55
8516,102
11887,18
11887,25
11887,35
11887,36
11887,55
11887,63
11887,72
11887,102
13554,35
13554,37
13554,63
13554,70
13554,74
13554,80
13554,83
13554,97
13554,120
13554,122
7325,1
7325,5
7325,18
7325,20
7325,21
7325,25
7325,35
7325,52
7325,63
7325,72
5796,1
5796,3
5796,4
5796,18
5796,19
5796,35
5796,43
5796,48
5796,49
5796,52
5796,55
5796,63
5796,72
5796,102
13474,35
13474,37
13474,48
13474,55
13474,74
13474,97
13474,102
13474,120
3986,1
3986,2
3986,3
3986,5
7031,1
7031,5
7031,6
7031,35
7031,55
7031,63
7031,72
7031,101
7031,102
12665,18
12665,34
12665,35
12665,37
12665,42
12665,43
12665,48
12665,52
12493,18
12493,31
12493,34
12493,35
12493,101
7845,1
7845,6
7845,55
7845,90
7845,95
7845,96
7845,102
11688,18
11688,24
11688,35
11688,41
11688,43
11688,55
11688,63
11688,72
11688,102
11042,18
11042,22
11042,34
11042,35
11042,37
11042,41
11042,49
11042,55
11042,102
8527,18
8527,19
8527,20
8527,21
7682,1
7682,6
7682,18
7682,19
7682,55
7682,62
7682,63
7682,72
12147,18
12147,27
12147,35
12147,52
12147,55
12147,58
12147,63
12147,72
9547,18
9547,20
9547,22
9547,23
9547,35
9547,55
9547,63
9547,72
9547,101
9547,102
6420,1
6420,4
6420,5
6420,6
6420,18
6420,34
6420,55
6420,63
6420,72
6420,102
8723,18
8723,19
8723,20
8723,35
8723,37
8723,40
8723,55
8723,62
8723,63
8723,72
8723,74
8723,97
8723,120
8723,122
5717,1
5717,3
5717,4
5717,5
5717,6
5717,18
5717,19
5717,35
5717,37
5717,43
5717,55
5717,63
5717,72
5717,102
4028,1
4028,3
4028,5
4028,8
4028,35
4028,43
4028,55
4028,102
8581,18
8581,19
8581,20
8581,22
8581,23
8581,34
8581,35
8581,48
8581,63
8581,72
7995,1
7995,8
7995,35
7995,43
7995,76
7995,97
7995,111
8086,1
8086,9
8086,18
8086,28
8086,34
8086,35
8086,41
8086,48
8086,49
8086,52
8086,63
8086,72
13150,18
13150,35
13150,41
13150,55
13150,62
13150,80
13150,81
13150,83
13150,100
14417,55
14417,62
14417,74
14417,80
14417,81
14417,97
14417,124
4586,18
4586,20
4586,26
4586,55
4586,63
4586,72
4586,102
7264,1
7264,5
7264,9
7264,35
7264,49
7264,50
7251,1
7251,5
7251,9
7251,18
7251,34
7251,35
7251,48
7251,49
7251,50
7251,63
7251,72
7573,1
7573,6
7573,8
7573,18
7573,28
11657,18
11657,24
11657,35
11657,37
11657,41
11657,42
11657,48
11657,52
11657,55
11657,62
7647,1
7647,6
7647,10
7647,55
7647,80
7647,81
7647,102
10844,18
10844,22
10844,23
10844,55
10844,77
10844,97
10844,102
8075,1
8075,9
8075,18
8075,23
8075,35
8075,48
7108,1
7108,5
7108,8
7108,18
7108,20
7108,35
7108,37
7108,52
7108,55
7108,63
7108,72
7108,80
7108,81
7108,102
8031,1
8031,8
8031,63
8031,72
8031,78
8031,97
8031,132
6858,1
6858,4
6858,55
6858,62
6858,80
6858,83
8503,13
8503,15
8503,35
8503,49
13800,35
13800,41
13800,48
13800,52
13800,55
13800,58
9389,18
9389,19
9389,63
9389,72
9389,76
9389,97
9389,107
5904,1
5904,3
5904,5
5904,8
5904,18
5904,21
5904,35
5904,48
5904,55
5904,102
10060,18
10060,20
10060,35
10060,37
10060,41
10060,55
10060,63
10060,72
10060,102
11339,18
11339,23
11339,26
11339,35
11339,48
11339,52
11339,55
11339,58
7451,1
7451,5
7451,35
7451,41
7451,55
7451,62
11004,18
11004,22
11004,30
11004,34
11004,35
11004,40
11004,41
11004,42
11004,48
11004,52
11004,55
11004,102
9296,18
9296,19
9296,35
9296,42
9296,48
9296,52
13322,35
13322,37
13322,40
13322,42
13702,35
13702,40
13702,42
13702,48
13702,49
9212,18
9212,19
9212,34
9212,63
9212,72
9212,77
9212,97
7030,1
7030,5
7030,6
7030,35
7030,55
7030,63
7030,70
7030,91
7030,96
7030,101
7030,102
11177,18
11177,22
11177,35
11177,41
11177,52
11177,54
11177,55
11177,63
11177,72
11177,102
10677,18
10677,21
10677,35
10677,52
10677,55
10677,58
10677,63
10677,72
12641,18
12641,34
12641,35
12641,37
12641,41
12641,42
12641,52
12641,55
12641,62
12641,63
12641,72
11039,18
11039,22
11039,34
11039,35
11039,37
11039,41
11039,42
11039,55
11039,102
4311,1
4311,6
4311,35
4311,43
4311,49
13023,18
13023,35
13023,37
13023,40
13023,48
13023,52
13023,55
13023,62
13023,63
13023,72
13023,80
13023,83
13023,100
7891,1
7891,8
7891,10
7891,35
7891,37
8855,18
8855,19
8855,22
8855,23
8855,35
8855,37
8855,55
8855,63
8855,72
8855,77
8855,97
8855,102
6485,1
6485,4
6485,5
6485,35
6485,38
6485,48
6485,52
6026,1
6026,3
6026,8
6026,18
6026,34
6026,35
6026,55
6026,101
6026,102
6095,1
6095,3
6095,18
6095,20
6095,34
6095,35
6095,43
6095,48
6095,55
6095,63
6095,72
6095,102
12688,18
12688,34
12688,35
12688,37
12688,52
12688,55
12688,62
12688,63
12688,72
12688,80
12688,81
13662,35
13662,39
13662,42
13662,48
13662,52
13592,35
13592,38
13592,40
13592,42
13592,63
13592,72
7698,1
7698,6
7698,18
7698,21
7698,25
7698,35
7698,48
7698,55
7698,63
7698,72
7698,77
7698,97
7698,102
13016,18
13016,35
13016,37
13016,39
13016,41
13016,52
13016,55
13016,62
13016,63
13016,72
13016,100
6572,1
6572,4
6572,6
6572,35
6572,40
6572,55
6572,102
8288,1
8288,35
8288,48
8288,55
8288,62
8288,98
10329,18
10329,21
10329,22
10329,29
10329,55
10329,102
11694,18
11694,24
11694,35
11694,41
11694,48
11694,63
11694,72
11694,77
11694,97
6709,1
6709,4
6709,18
6709,20
6709,35
6709,43
14878,76
14878,78
14878,97
14878,107
14878,111
14878,127
14878,132
3956,74
3956,76
3956,78
3956,97
3956,111
3956,120
3956,127
11139,18
11139,22
11139,35
11139,37
11139,48
11139,55
11139,62
11139,79
6310,1
6310,3
6310,35
6310,42
6310,48
11516,18
11516,23
11516,35
11516,47
11516,48
11516,52
11858,18
11858,25
11858,34
11858,35
11858,42
11858,55
11858,62
11858,63
11858,72
12542,18
12542,31
12542,35
12542,49
12542,52
12542,54
12542,55
12542,102
9214,18
9214,19
9214,35
9214,36
9214,37
9214,52
9214,63
9214,72
10629,18
10629,21
10629,35
10629,41
10629,42
10629,63
10629,72
8238,1
8238,10
8238,79
4503,18
4503,19
4503,35
4503,37
4503,41
4503,55
4503,62
4503,63
4503,72
14378,55
14378,62
14378,74
14378,75
14378,76
14378,97
14378,107
14378,112
14378,113
14378,118
14378,120
14378,122
13359,35
13359,37
13359,41
13359,48
13359,52
13359,55
13359,62
13359,74
13359,75
13359,76
13359,97
13359,107
13359,112
13359,113
13359,118
13359,120
13359,122
9283,18
9283,19
9283,35
9283,41
9283,55
9283,58
11885,18
11885,25
11885,35
11885,36
11885,37
11885,63
11885,72
14762,74
14762,78
14762,97
14762,122
14762,130
14762,132
12263,18
12263,29
12263,34
12263,35
12263,41
12263,52
12263,55
12263,102
4561,18
4561,20
4561,22
4561,35
4561,37
4561,48
4561,55
4561,63
4561,72
4561,102
4236,1
4236,5
4236,9
4236,35
4236,52
11108,18
11108,22
11108,34
11108,55
11108,63
11108,70
11108,102
8853,18
8853,19
8853,22
8853,23
8853,34
8853,55
8853,58
8853,63
8853,72
7921,1
7921,8
7921,18
7921,20
7921,34
7921,35
7921,43
7921,48
7921,49
7921,52
7921,63
7921,72
8850,18
8850,19
8850,22
8850,23
8850,34
8850,35
8850,41
8850,42
8850,48
8850,52
8850,55
8850,63
8850,72
8850,102
14459,55
14459,63
14459,70
14459,79
14459,80
14459,83
14459,102
11158,18
11158,22
11158,35
11158,40
11158,42
11559,18
11559,24
11559,25
11559,35
11559,37
11559,38
11559,63
11559,72
8610,18
8610,19
8610,20
8610,22
8610,35
8610,38
8610,42
8610,49
8610,54
8610,63
8610,72
12297,18
12297,29
12297,34
12297,35
12297,49
12297,52
6011,1
6011,3
6011,6
6011,76
6011,77
6011,97
6011,111
6824,1
6824,4
6824,35
6824,48
6824,54
6824,63
6824,70
11170,18
11170,22
11170,35
11170,41
11170,43
11170,52
11170,55
11170,102
8772,18
8772,19
8772,20
8772,35
8772,55
8772,63
8772,72
8772,101
8772,102
14022,35
14022,44
14022,55
14022,58
4177,1
4177,5
4177,6
4177,8
4177,9
4177,76
4177,97
4177,107
4906,18
4906,25
4906,35
4906,38
4906,55
4906,102
5272,35
5272,40
5272,48
5272,52
5272,55
5272,102
13657,35
13657,39
13657,41
13657,49
13657,52
4480,18
4480,19
4480,25
4480,34
4480,35
4480,52
4480,63
4480,72
9718,18
9718,20
9718,23
9718,35
9718,52
10879,18
10879,22
10879,25
10879,29
10879,31
10879,35
10879,52
10879,55
10879,102
8293,1
8293,35
8293,49
8293,54
8293,55
8293,98
8293,102
4671,18
4671,21
4671,22
4671,34
4671,35
4671,48
4671,55
4671,102
14894,76
14894,90
14894,91
14894,96
14894,97
14894,107
12212,18
12212,28
12212,35
12212,50
11252,18
11252,22
11252,54
11252,63
11252,70
10442,18
10442,21
10442,25
10442,35
10442,48
10442,55
10442,62
10442,63
10442,72
14222,35
14222,52
14222,55
14222,62
14222,74
14222,77
14222,97
14222,120
10743,18
10743,22
10743,23
10743,29
10743,34
10743,35
10743,37
10743,41
10743,47
10743,48
10743,49
10743,55
10743,62
7432,1
7432,5
7432,35
7432,37
7432,54
7432,55
7432,58
7432,63
7432,70
11636,18
11636,24
11636,34
11636,35
11636,42
11636,48
11636,55
11636,63
11636,72
11636,77
11636,97
11636,102
9081,18
9081,19
9081,27
9081,34
9081,35
9081,42
9081,48
9081,52
9081,55
9081,63
9081,72
9081,102
14192,35
14192,50
14192,55
14192,62
14192,63
14192,70
13944,35
13944,43
13944,48
13944,52
13944,53
13944,55
13944,77
13944,97
13944,102
12687,18
12687,34
12687,35
12687,37
12687,52
12687,55
12687,62
12687,63
12687,72
7219,1
7219,5
7219,8
7219,55
7219,62
7219,79
7219,80
7219,81
7219,83
8727,18
8727,19
8727,20
8727,35
8727,37
8727,48
8727,55
8727,102
4741,18
4741,22
4741,23
4741,35
4741,48
4741,55
4741,63
4741,72
4741,102
10646,18
10646,21
10646,35
10646,41
10646,55
10646,62
10646,63
10646,67
10646,79
10363,18
10363,21
10363,23
10363,34
10363,35
10363,48
10363,63
10363,72
8147,1
8147,9
8147,55
8147,79
8147,102
14663,74
14663,75
14663,97
13222,18
13222,78
13222,97
13222,100
13222,127
9803,18
9803,20
9803,25
9803,34
9803,35
9803,55
9803,101
9803,102
10941,18
10941,22
10941,27
10941,35
10941,52
10941,55
10941,102
11425,18
11425,23
11425,34
11425,35
11425,41
11425,52
11425,55
11425,62
11425,63
11425,70
11425,72
8523,13
8523,17
8523,35
8523,41
12398,18
12398,29
12398,35
12398,48
12398,63
12398,70
6253,1
6253,3
6253,18
6253,35
6253,48
6253,100
14494,55
14494,89
14494,91
14494,95
14494,96
14494,102
9932,18
9932,20
9932,31
9932,63
9932,72
6257,1
6257,3
6257,35
6257,37
6257,41
6257,55
6257,58
8616,18
8616,19
8616,20
8616,23
8616,24
8616,34
8616,35
8616,41
8616,48
8616,55
8616,63
8616,72
8616,77
8616,97
8616,102
9480,18
9480,20
9480,21
9480,34
9480,35
9480,48
9480,63
9480,72
13942,35
13942,43
13942,48
13942,49
13942,63
13942,72
5885,1
5885,3
5885,5
5885,6
5885,18
5885,25
5885,63
5885,72
11886,18
11886,25
11886,35
11886,36
11886,48
11886,63
11886,72
12313,18
12313,29
12313,35
12313,37
12313,38
12313,52
12313,55
12313,102
11512,18
11512,23
11512,35
11512,45
11512,48
11512,52
11779,18
11779,25
11779,28
12618,18
12618,34
12618,35
12618,37
12618,38
12618,48
7363,1
7363,5
7363,18
7363,23
7363,35
7363,43
7363,48
7363,55
7363,58
13689,35
13689,40
13689,41
13689,42
13689,52
13689,55
13689,102
12799,18
12799,34
12799,35
12799,41
12799,43
12799,52
12799,55
12799,102
3508,18
3508,19
3508,63
3508,69
8954,18
8954,19
8954,23
8954,30
8954,31
8954,35
8954,43
8954,63
8954,72
14000,35
14000,43
14000,55
14000,74
14000,97
14000,102
14000,122
7172,1
7172,5
7172,8
7172,35
7172,41
7172,48
14499,63
14499,65
14499,69
14499,80
14499,81
12025,18
12025,26
12025,34
12025,35
12025,43
12025,52
12025,55
12025,63
12025,72
12025,102
12386,18
12386,29
12386,35
12386,47
12386,48
12342,18
12342,29
12342,35
12342,38
12342,42
12342,55
12342,102
7659,1
7659,6
7659,13
7659,14
7659,55
7659,62
6397,1
6397,4
6397,5
6397,6
6397,8
6397,18
6397,19
6397,35
6397,43
6397,63
6397,72
12287,18
12287,29
12287,34
12287,35
12287,48
12287,49
12287,52
12287,55
12287,102
13659,35
13659,39
13659,41
13659,77
13659,97
12541,18
12541,31
12541,35
12541,49
12541,52
9109,18
9109,19
9109,29
9109,35
9109,43
4880,18
4880,24
4880,35
4880,43
4880,52
4880,55
4880,58
4880,63
4880,72
11663,18
11663,24
11663,35
11663,37
11663,43
11663,48
11663,55
11663,58
11663,63
11663,72
13346,35
13346,37
13346,41
13346,43
13346,48
7823,1
7823,6
7823,54
7823,76
7823,97
7823,111
10340,18
10340,21
10340,22
10340,35
10340,40
10340,50
10340,52
10340,55
10340,63
10340,72
10340,102
10986,18
10986,22
10986,29
10986,35
10986,41
10986,48
10986,52
10986,55
10986,102
12471,18
12471,30
12471,35
12471,52
12471,63
12471,72
9814,18
9814,20
9814,25
9814,35
9814,37
9814,48
9814,63
9814,72
9814,74
9814,97
9814,122
9814,124
8967,18
8967,19
8967,23
8967,34
8967,35
8967,48
8967,63
8967,72
13001,18
13001,35
13001,36
13001,41
13001,45
13001,55
13001,100
13001,102
13111,18
13111,35
13111,41
13111,42
13111,55
13111,58
13111,100
8811,18
8811,19
8811,21
8811,34
8811,35
8811,48
8811,49
8811,63
8811,72
7060,1
7060,5
7060,6
7060,84
7060,86
7060,89
7060,96
11588,18
11588,24
11588,29
11588,34
11588,35
11588,38
11588,41
11588,42
11588,49
11588,52
11588,55
11588,63
11588,72
11588,102
8416,13
8416,14
8416,18
8416,25
8416,34
7600,1
7600,6
7600,8
7600,55
7600,63
7600,72
7600,77
7600,97
7600,102
4114,1
4114,4
4114,5
4114,9
4114,55
4114,102
14851,75
14851,78
14851,97
14851,115
14851,116
14851,128
14851,132
7243,1
7243,5
7243,9
7243,13
7243,14
7243,55
7243,62
7349,1
7349,5
7349,18
7349,22
7349,35
7349,37
7349,41
7349,55
7349,63
7349,69
7349,102
6993,1
6993,5
6993,6
6993,18
6993,34
6993,63
6993,72
8522,13
8522,17
8522,18
8522,34
8522,63
8522,72
8799,18
8799,19
8799,21
8799,31
8799,34
8799,35
8799,42
8799,63
8799,72
8799,77
8799,97
7429,1
7429,5
7429,35
7429,37
7429,41
7429,55
7429,102
11061,18
11061,22
11061,34
11061,35
11061,41
11061,42
11061,48
11061,55
11061,63
11061,72
11061,102
14887,76
14887,79
14887,97
14887,107
12107,18
12107,27
12107,35
12107,37
12107,41
12107,42
12107,55
12107,62
12517,18
12517,31
12517,35
12517,42
12517,48
12517,52
8660,18
8660,19
8660,20
8660,25
8660,35
8660,41
8660,55
8660,63
8660,69
8660,72
8660,102
4819,18
4819,23
4819,34
4819,35
4819,42
4819,48
4819,55
4819,63
4819,72
4819,102
5993,1
5993,3
5993,6
5993,18
5993,22
5993,35
5993,41
5993,55
5993,62
5993,63
5993,70
6688,1
6688,4
6688,18
6688,19
6688,35
6688,41
6688,63
6688,72
4067,1
4067,3
4067,18
4067,34
4067,35
4067,43
4067,55
4067,102
11620,18
11620,24
11620,34
11620,35
11620,38
11620,48
11620,55
11620,63
11620,72
11620,77
11620,97
11620,102
13130,18
13130,35
13130,41
13130,48
13130,52
13130,55
13130,63
13130,72
13130,77
13130,97
13130,100
13130,102
12723,18
12723,34
12723,35
12723,38
12723,48
12723,55
12723,62
12723,63
12723,72
11951,18
11951,25
11951,35
11951,41
11951,55
11951,62
11951,63
11951,72
11951,80
11951,81
5990,1
5990,3
5990,6
5990,18
5990,20
5990,35
5990,37
5990,63
5990,69
5990,72
8856,18
8856,19
8856,22
8856,23
8856,35
8856,38
8856,48
8856,52
8856,54
8856,55
8856,63
8856,70
8856,72
8856,77
8856,97
8856,102
13410,35
13410,37
13410,42
13410,48
13410,55
13410,62
7183,1
7183,5
7183,8
7183,35
7183,43
7183,48
7183,49
12373,18
12373,29
12373,35
12373,42
12373,77
12373,97
8651,18
8651,19
8651,20
8651,25
8651,34
8651,35
8651,38
8651,41
8651,55
8651,62
8651,63
8651,72
13036,18
13036,35
13036,37
13036,41
13036,52
13036,55
13036,58
13036,77
13036,97
13036,100
8394,13
8394,14
8394,18
8394,21
7054,1
7054,5
7054,6
7054,76
7054,77
7054,89
7054,96
7054,97
7054,111
9878,18
9878,20
9878,29
9878,34
9878,35
9878,41
9878,55
9878,62
12675,18
12675,34
12675,35
12675,37
12675,43
12675,55
12675,102
6131,1
6131,3
6131,18
6131,22
6131,23
6131,35
6131,48
6131,55
6131,77
6131,97
6131,102
5113,18
5113,35
5113,37
5113,41
5113,42
5113,55
5113,100
5113,102
7340,1
7340,5
7340,18
7340,21
7340,29
7340,34
7340,35
7340,37
7340,38
7340,55
7340,62
7340,63
7340,72
7340,80
7340,83
9621,18
9621,20
9621,22
9621,35
9621,41
9621,48
9621,52
9621,55
9621,63
9621,72
9621,102
13839,35
13839,41
13839,55
13839,58
13839,80
13839,81
7039,1
7039,5
7039,6
7039,55
7039,63
7039,72
7039,76
7039,77
7039,91
7039,96
7039,97
7039,102
7039,111
9042,18
9042,19
9042,24
9042,35
9042,55
9042,58
9042,63
9042,72
9042,101
9618,18
9618,20
9618,22
9618,35
9618,37
9618,55
9618,63
9618,72
9618,102
13650,35
13650,38
13650,80
13650,81
8812,18
8812,19
8812,21
8812,34
8812,35
8812,49
8812,63
8812,72
14061,35
14061,48
14061,49
14061,50
6610,1
6610,4
6610,8
6610,18
6610,22
6610,55
6610,102
9366,18
9366,19
9366,35
9366,52
9366,55
9366,58
9366,62
9366,63
9366,72
5209,35
5209,37
5209,49
5209,63
5209,72
8791,18
8791,19
8791,21
8791,24
8791,35
8791,37
8791,43
8791,55
8791,63
8791,72
8791,74
8791,97
8791,102
8791,120
8791,122
9023,18
9023,19
9023,24
9023,35
9023,37
9023,43
9023,63
9023,72
14386,55
14386,62
14386,74
14386,75
14386,79
14386,80
14386,83
14386,97
14386,112
14386,113
14386,122
14386,124
4774,18
4774,22
4774,35
4774,37
4774,48
4774,55
4774,63
4774,72
4774,102
4195,1
4195,5
4195,6
4195,35
4195,37
6609,1
6609,4
6609,8
6609,18
6609,22
6609,35
6609,52
6609,55
6609,102
5687,1
5687,2
5687,35
5687,47
5687,48
4433,13
4433,14
4433,55
4433,62
4433,80
4433,81
6297,1
6297,3
6297,35
6297,41
6297,48
6297,52
6297,55
6297,63
6297,72
6297,102
8166,1
8166,10
8166,12
8166,80
8166,81
5804,1
5804,3
5804,4
5804,18
5804,20
5804,55
5804,63
5804,72
5804,102
10660,18
10660,21
10660,35
10660,43
10660,48
10660,55
10660,102
10924,18
10924,22
10924,27
10924,29
10924,34
10924,35
10924,48
10924,55
10924,63
10924,72
10924,102
12605,18
12605,34
12605,35
12605,36
12605,48
12605,55
12605,63
12605,72
12605,102
14205,35
14205,52
14205,54
14205,55
14205,57
14205,61
14205,62
13764,35
13764,41
13764,42
13764,52
13764,63
13764,72
10064,18
10064,20
10064,35
10064,37
10064,42
10064,48
10064,55
10064,58
10064,62
10064,63
10064,72
10064,77
10064,97
7536,1
7536,5
7536,75
7536,97
7536,119
11119,18
11119,22
11119,35
11119,37
11119,41
11119,43
11119,52
11119,55
11119,62
9392,18
9392,20
9392,21
9392,22
9392,23
9392,27
9392,32
9392,34
9392,35
9392,37
9392,41
9392,55
9392,63
9392,72
9392,102
9026,18
9026,19
9026,24
9026,35
9026,40
9026,42
9026,43
9026,48
9026,49
9026,55
9026,63
9026,72
9026,102
11074,18
11074,22
11074,34
11074,35
11074,42
11074,48
8405,13
8405,14
8405,18
8405,22
8405,35
8405,37
8405,42
8405,48
8405,55
8405,63
8405,72
8405,102
13494,35
13494,37
13494,52
13494,55
13494,62
13494,63
13494,72
13494,76
13494,97
13494,107
8347,1
8347,78
8347,97
8347,98
8347,127
9313,18
9313,19
9313,35
9313,43
9313,48
9313,52
9313,55
9313,62
5174,35
5174,36
5174,52
5174,63
5174,72
13996,35
13996,43
13996,55
13996,62
13996,75
13996,80
13996,83
13996,97
13996,112
13996,113
13996,118
11839,18
11839,25
11839,34
11839,35
11839,40
11839,42
11839,48
11839,55
11839,62
11839,63
11839,70
11839,72
11070,18
11070,22
11070,34
11070,35
11070,41
11070,48
11070,52
11070,77
11070,97
14660,74
14660,75
14660,80
14660,83
14660,97
14660,118
14660,119
14660,122
8343,1
8343,74
8343,97
8343,98
8343,120
8343,122
8506,13
8506,15
8506,55
8506,62
8506,63
8506,72
8506,80
8506,83
7077,1
7077,5
7077,8
7077,9
7077,35
7077,43
7077,55
7077,102
11616,18
11616,24
11616,33
12390,18
12390,29
12390,35
12390,48
12390,52
12390,55
12390,62
12390,80
12390,83
9741,18
9741,20
9741,24
9741,34
9741,35
9741,42
12381,18
12381,29
12381,35
12381,43
12381,55
12381,62
3910,55
3910,62
3910,74
3910,75
3910,80
3910,81
3910,97
3910,112
3910,113
3910,120
3910,122
11456,18
11456,23
11456,35
11456,37
11456,42
11456,55
11456,102
13925,35
13925,42
13925,55
13925,63
13925,70
13925,72
13925,102
14168,35
14168,49
14168,55
14168,78
14168,97
14168,102
14168,132
10416,18
10416,21
10416,25
10416,34
10416,35
10416,40
10416,42
10416,48
10416,63
10416,72
13957,35
13957,43
13957,48
13957,76
13957,97
13957,111
10547,18
10547,21
10547,34
10547,35
10547,41
10547,42
10547,55
10547,102
11292,18
11292,23
11292,24
11292,35
11292,42
11292,55
11292,102
6624,1
6624,4
6624,8
6624,35
6624,48
6624,63
6624,72
9468,18
9468,20
9468,21
9468,34
9468,35
9468,38
9468,52
9468,63
9468,72
4431,13
4431,14
4431,35
4431,51
4431,63
4431,69
10168,18
10168,20
10168,35
10168,42
10168,44
10168,52
10168,63
10168,72
11979,18
11979,25
11979,35
11979,47
11979,49
11979,63
11979,72
8830,18
8830,19
8830,21
8830,35
8830,52
8830,55
8830,63
8830,72
8830,102
10556,18
10556,21
10556,34
10556,35
10556,43
10556,48
10556,49
10556,52
10556,55
10556,102
5249,35
5249,38
5249,55
5249,77
5249,97
5249,102
5692,1
5692,2
5692,54
5692,80
5692,81
6835,1
6835,4
6835,35
6835,53
6835,55
6835,102
12989,18
12989,34
12989,79
12989,80
12989,83
8921,18
8921,19
8921,22
8921,35
8921,42
8921,55
8921,63
8921,72
8921,102
5724,1
5724,3
5724,4
5724,5
5724,8
5724,18
5724,29
5724,35
5724,43
5724,55
5724,62
13288,35
13288,37
13288,38
13288,41
13288,42
13288,52
13288,55
13288,62
13288,63
13288,71
13288,74
13288,75
13288,79
13288,97
13288,118
13288,120
6329,1
6329,3
6329,35
6329,43
6329,54
6329,55
6329,58
14318,55
14318,56
14318,58
6064,1
6064,3
6064,18
6064,19
6064,24
6064,35
6064,43
6064,55
6064,63
6064,72
6064,80
6064,83
6064,102
10369,18
10369,21
10369,23
10369,35
10369,42
10369,48
10369,52
10369,63
10369,72
12844,18
12844,34
12844,35
12844,42
12844,43
12844,55
12844,63
12844,72
12844,102
6178,1
6178,3
6178,18
6178,24
6178,35
6178,37
6178,41
6178,43
6178,55
6178,62
6178,63
6178,72
6566,1
6566,4
6566,6
6566,18
6566,23
6566,35
6566,37
6566,42
6566,49
6566,55
6566,102
5807,1
5807,3
5807,4
5807,18
5807,22
5807,29
5807,35
5807,36
5807,37
5807,55
5807,63
5807,72
5807,102
5846,1
5846,3
5846,4
5846,35
5846,48
5846,55
5846,102
9197,18
9197,19
9197,34
9197,35
9197,48
9197,54
9197,55
9197,63
9197,72
9197,102
5285,35
5285,41
5285,42
5285,55
5285,62
5285,63
5285,72
8095,1
8095,9
8095,18
8095,34
8095,35
8095,38
8095,52
11149,18
11149,22
11149,35
11149,38
11149,42
11149,48
11149,52
11149,55
11149,63
11149,72
11149,102
6157,1
6157,3
6157,18
6157,22
6157,55
6157,63
6157,72
6157,102
3310,1
3310,3
3310,55
3310,58
3310,63
3310,72
10673,18
10673,21
10673,35
10673,48
10673,77
10673,97
12812,18
12812,34
12812,35
12812,41
12812,48
12812,52
12812,55
12812,77
12812,80
12812,81
12812,97
12812,102
8471,13
8471,14
8471,35
8471,43
8471,52
8471,55
8471,102
9291,18
9291,19
9291,35
9291,42
9291,43
9291,52
6012,1
6012,3
6012,6
6012,79
6012,80
6012,83
12978,18
12978,34
12978,55
12978,77
12978,80
12978,81
12978,97
12978,102
9113,18
9113,19
9113,29
9113,35
9113,48
9113,55
9113,63
9113,72
9113,102
10769,18
10769,22
10769,23
10769,30
10769,35
10769,52
10769,55
10769,102
12195,18
12195,28
12195,35
12195,37
12195,48
12195,55
12195,102
6933,1
6933,5
6933,6
6933,8
6933,63
6933,72
6933,80
6933,83
5222,35
5222,37
5222,55
5222,62
5222,74
5222,97
5222,122
7086,1
7086,5
7086,8
7086,10
7086,55
7086,63
7086,72
7086,80
7086,83
7086,102
9173,18
9173,19
9173,34
9173,35
9173,42
9173,43
9173,48
9173,63
9173,72
7459,1
7459,5
7459,35
7459,42
7459,55
7459,102
13579,35
13579,37
13579,74
13579,76
13579,97
13579,107
13579,120
13579,122
4651,18
4651,20
4651,35
4651,47
4651,55
4651,102
10625,18
10625,21
10625,35
10625,41
10625,42
10625,48
10625,49
10625,63
10625,72
11306,18
11306,23
11306,24
11306,55
11306,62
11306,63
11306,72
7944,1
7944,8
7944,18
7944,23
7944,35
7944,48
5036,18
5036,34
5036,35
5036,37
5036,41
5036,55
5036,58
12621,18
12621,34
12621,35
12621,37
12621,38
12621,48
12621,55
12621,102
9171,18
9171,19
9171,34
9171,35
9171,41
9171,52
11519,18
11519,23
11519,35
11519,48
11519,49
11519,52
11519,55
11519,102
6662,1
6662,4
6662,10
6662,77
6662,97
6928,1
6928,5
6928,6
6928,8
6928,55
6928,76
6928,77
6928,97
6928,102
6928,111
11056,18
11056,22
11056,34
11056,35
11056,39
11056,52
9021,18
9021,19
9021,24
9021,35
9021,37
9021,41
9021,55
9021,63
9021,72
9021,102
6553,1
6553,4
6553,6
6553,11
8205,1
8205,10
8205,35
8205,36
8205,37
8205,55
8205,62
14368,55
14368,62
14368,63
14368,71
14368,74
14368,75
14368,97
14368,118
14368,120
14368,122
14896,76
14896,93
14896,96
14896,97
14896,107
5751,1
5751,3
5751,4
5751,5
5751,55
5751,62
5751,80
5751,83
4634,18
4634,20
4634,35
4634,41
4634,42
4634,48
4634,55
4634,63
4634,72
4634,102
11570,18
11570,24
11570,26
11570,34
11570,55
11570,77
11570,97
11570,102
8254,1
8254,18
8254,20
8254,35
8254,37
8254,55
8254,62
8254,63
8254,72
8254,98
6354,1
6354,3
6354,35
6354,49
6354,63
6354,72
7894,1
7894,8
7894,10
7894,35
7894,43
7894,55
7894,102
8050,1
8050,9
8050,13
8050,14
8050,63
8050,72
13203,18
13203,35
13203,48
13203,55
13203,58
13203,100
14360,55
14360,62
14360,63
14360,70
14360,74
14360,79
14360,97
14360,120
14360,122
7643,1
7643,6
7643,10
7643,55
7643,62
7643,63
7643,72
9736,18
9736,20
9736,24
9736,34
9736,35
9736,38
9736,40
9736,42
9736,48
9736,55
9736,63
9736,72
9736,77
9736,97
9736,102
6775,1
6775,4
6775,35
6775,37
6775,43
6775,63
6775,72
6775,79
8083,1
8083,9
8083,18
8083,25
8083,35
8083,52
8083,55
8083,102
7037,1
7037,5
7037,6
7037,55
7037,63
7037,67
7037,102
7788,1
7788,6
7788,35
7788,48
7788,52
7788,54
7788,55
7788,62
11458,18
11458,23
11458,35
11458,37
11458,43
11458,55
11458,62
14062,35
14062,48
14062,49
14062,52
14062,55
14062,62
14062,63
14062,72
11429,18
11429,23
11429,34
11429,35
11429,42
11429,48
11429,63
11429,72
13173,18
13173,35
13173,42
13173,48
13173,52
13173,55
13173,100
13173,102
8038,1
8038,8
8038,75
8038,97
8038,112
8038,113
9840,18
9840,20
9840,25
9840,35
9840,49
9840,52
9840,63
9840,72
9819,18
9819,20
9819,25
9819,35
9819,38
9819,42
9819,48
9819,52
9819,55
9819,63
9819,72
9819,102
9422,18
9422,20
9422,21
9422,25
9422,29
9422,34
9422,35
9422,38
9422,40
9422,48
9422,55
9422,62
9422,63
9422,72
9447,18
9447,20
9447,21
9447,27
9447,29
9447,35
9447,48
9447,55
9447,63
9447,70
9447,72
9447,77
9447,97
9447,102
8694,18
8694,19
8694,20
8694,34
8694,35
8694,38
8694,42
8694,48
8694,63
8694,72
10777,18
10777,22
10777,23
10777,32
10777,34
10777,35
10777,52
10777,55
10777,63
10777,72
10777,102
6272,1
6272,3
6272,35
6272,37
6272,55
6272,62
6272,77
6272,97
6617,1
6617,4
6617,8
6617,35
6617,41
6617,43
6617,48
6617,49
6617,52
6617,55
6617,102
5840,1
5840,3
5840,4
5840,35
5840,43
5840,55
5840,63
5840,72
5840,102
10633,18
10633,21
10633,35
10633,41
10633,43
10633,55
10633,62
5781,1
5781,3
5781,4
5781,9
5781,35
5781,43
5781,49
5781,52
5781,55
5781,102
3532,18
3532,20
3532,34
3532,35
3532,41
3532,52
3532,55
3532,63
3532,72
3532,102
5748,1
5748,3
5748,4
5748,5
5748,35
5748,101
7117,1
7117,5
7117,8
7117,18
7117,22
7117,34
7117,35
7117,42
7117,43
7117,52
7117,55
7117,63
7117,72
7117,102
4795,18
4795,22
4795,35
4795,50
9815,18
9815,20
9815,25
9815,35
9815,37
9815,48
9815,63
9815,72
9815,80
9815,81
10471,18
10471,21
10471,29
10471,34
10471,35
10471,37
10471,38
10471,55
10471,62
7860,1
7860,6
7860,63
7860,71
7860,72
7860,80
7860,81
12758,18
12758,34
12758,35
12758,40
12758,42
12758,55
12758,62
12758,63
12758,70
7398,1
7398,5
7398,18
7398,34
7398,35
7398,37
7398,41
7398,52
7398,55
7398,102
6962,1
6962,5
6962,6
6962,10
6962,80
6962,81
13082,18
13082,35
13082,39
13082,42
13082,63
13082,72
13082,100
9855,18
9855,20
9855,27
9855,35
9855,42
9855,52
11678,18
11678,24
11678,35
11678,39
11678,42
7548,1
7548,5
7548,90
7548,91
7548,96
13087,18
13087,35
13087,40
13087,41
13087,42
13087,55
13087,62
13087,100
14634,74
14634,75
14634,78
14634,97
14634,118
14634,120
14634,122
14634,131
9750,18
9750,20
9750,24
9750,35
9750,40
9750,41
9750,42
9750,48
9750,55
9750,63
9750,72
9750,102
6738,1
6738,4
6738,18
6738,25
6738,63
6738,72
8819,18
8819,19
8819,21
8819,35
8819,41
8819,63
8819,72
12185,18
12185,28
12185,34
12185,35
12185,41
12185,52
10597,18
10597,21
10597,35
10597,37
10597,48
10597,55
10597,102
11043,18
11043,22
11043,34
11043,35
11043,37
11043,41
11043,55
11043,62
11043,63
11043,72
13758,35
13758,41
13758,42
13758,48
13758,55
13758,63
13758,72
13758,77
13758,97
13758,102
7637,1
7637,6
7637,10
7637,35
7637,43
7637,55
7637,102
14516,63
14516,69
14516,77
14516,97
10018,18
10018,20
10018,34
10018,35
10018,52
10018,55
10018,58
10018,63
10018,72
14628,74
14628,75
14628,78
14628,97
14628,112
14628,113
14628,122
14628,131
8489,13
8489,14
8489,63
8489,69
13587,35
13587,37
13587,77
13587,80
13587,81
13587,97
6500,1
6500,4
6500,5
6500,35
6500,52
6500,55
6500,62
10733,18
10733,22
10733,23
10733,28
10733,29
10733,33
10733,35
10733,48
10733,52
10733,55
10733,102
12422,18
12422,30
12422,31
12422,35
12422,48
12422,52
12422,55
12422,102
8055,1
8055,9
8055,18
8055,19
8055,55
8055,62
8055,63
8055,72
8039,1
8039,8
8039,75
8039,97
8039,112
8039,114
8039,118
10835,18
10835,22
10835,23
10835,35
10835,48
10835,55
10835,62
14526,63
14526,70
14526,74
14526,75
14526,79
14526,80
14526,83
14526,97
14526,112
14526,113
14526,122
6840,1
6840,4
6840,54
6840,55
6840,56
6840,58
6840,63
6840,70
4402,1
4402,35
4402,55
4402,98
4402,101
4402,102
11955,18
11955,25
11955,35
11955,42
11955,47
11955,48
11955,55
11955,62
11955,63
11955,72
11955,80
11955,81
11702,18
11702,24
11702,35
11702,42
11702,48
11702,52
11702,63
11702,72
14774,74
14774,79
14774,97
14774,122
14774,124
11104,18
11104,22
11104,34
11104,35
11104,52
11104,80
11104,83
5881,1
5881,3
5881,5
5881,6
5881,18
5881,19
5881,35
5881,52
5881,55
5881,63
5881,72
5881,102
11623,18
11623,24
11623,34
11623,35
11623,40
14834,75
14834,76
14834,97
14834,111
14834,112
14834,114
14834,118
8011,1
8011,8
8011,55
8011,62
8011,63
8011,72
8011,76
8011,97
8011,111
4490,18
4490,19
4490,34
4490,35
4490,36
4490,48
13582,35
13582,37
13582,74
13582,79
13582,97
13582,122
9912,18
9912,20
9912,29
9912,35
9912,55
9912,101
9912,102
12807,18
12807,34
12807,35
12807,41
12807,48
12807,49
12807,55
12807,102
6362,1
6362,3
6362,35
6362,53
6300,1
6300,3
6300,35
6300,41
6300,52
6300,55
6300,62
10105,18
10105,20
10105,35
10105,38
10105,41
10105,52
10105,55
10105,58
10105,63
10105,72
11186,18
11186,22
11186,35
11186,42
11186,43
11186,48
11186,52
11186,55
11186,77
11186,97
11186,102
13345,35
13345,37
13345,41
13345,42
13345,63
13345,72
13345,77
13345,97
5831,1
5831,3
5831,4
5831,35
5831,41
5831,43
5831,55
5831,102
6945,1
6945,5
6945,6
6945,9
6945,35
6945,43
11660,18
11660,24
11660,35
11660,37
11660,41
11660,63
11660,72
8874,18
8874,19
8874,22
8874,27
8874,30
8874,55
8874,102
7318,1
7318,5
7318,18
7318,19
7318,35
7318,48
7318,52
7318,55
7318,63
7318,72
7318,102
13593,35
13593,38
13593,40
13593,49
13593,55
13593,102
6262,1
6262,3
6262,35
6262,37
6262,43
9404,18
9404,20
9404,21
9404,22
9404,34
9404,35
9404,37
9404,38
9404,40
9404,41
9404,42
9404,48
9404,52
9404,55
9404,63
9404,72
9404,102
9524,18
9524,20
9524,22
9524,23
9524,29
9524,34
9524,35
9524,44
9524,55
9524,63
9524,72
9524,102
6950,1
6950,5
6950,6
6950,9
6950,55
6950,62
6950,63
6950,70
6479,1
6479,4
6479,5
6479,18
6479,34
6479,35
6479,43
6479,49
6479,55
6479,102
6003,1
6003,3
6003,6
6003,35
6003,48
6003,63
6003,72
10712,18
10712,22
10712,23
10712,25
10712,55
10712,63
10712,72
10712,77
10712,97
10712,102
12288,18
12288,29
12288,34
12288,35
12288,48
12288,52
12288,54
12288,55
12288,62
12288,77
12288,97
13854,35
13854,41
13854,55
13854,79
13854,102
8257,1
8257,18
8257,22
8257,35
8257,43
8257,48
8257,52
8257,55
8257,98
8257,102
9784,18
9784,20
9784,25
9784,32
9784,35
9784,41
9784,42
9784,43
9784,55
9784,63
9784,72
9784,102
11624,18
11624,24
11624,34
11624,35
11624,41
11624,42
7553,1
7553,6
7553,8
7553,9
7553,55
7553,76
7553,78
7553,97
7553,102
7553,107
7553,132
8803,18
8803,19
8803,21
8803,34
8803,35
8803,41
8803,63
8803,72
13181,18
13181,35
13181,42
13181,54
13181,55
13181,62
13181,63
13181,70
13181,100
5940,1
5940,3
5940,5
5940,18
5940,25
5940,29
5940,35
5940,37
5940,52
5940,63
5940,72
6155,1
6155,3
6155,18
6155,22
6155,55
6155,62
6155,63
6155,70
14286,54
14286,55
14286,58
14286,62
14286,63
14286,70
14286,80
14286,81
10278,18
10278,20
10278,55
10278,63
10278,72
10278,77
10278,80
10278,83
10278,97
10278,102
4467,18
4467,19
4467,22
4467,34
4467,35
4467,42
4467,52
4467,55
4467,63
4467,72
4467,102
5030,18
5030,34
5030,35
5030,37
5030,38
5030,41
5030,48
5030,55
5030,63
5030,72
5030,102
11709,18
11709,24
11709,35
11709,42
11709,52
11709,55
11709,63
11709,72
11709,102
9720,18
9720,20
9720,23
9720,55
9720,62
9720,63
9720,72
12499,18
12499,31
12499,35
12499,37
12499,41
12499,48
12499,52
12499,55
12499,62
12499,63
12499,72
4248,1
4248,5
4248,18
4248,20
4248,35
4248,52
4248,55
4248,63
4248,72
4248,102
6282,1
6282,3
6282,35
6282,38
6282,55
6282,62
5859,1
5859,3
5859,4
5859,55
5859,62
5859,76
5859,97
5859,107
12755,18
12755,34
12755,35
12755,40
12755,42
12755,48
11327,18
11327,23
11327,25
11327,34
11327,55
11327,62
11327,63
11327,72
6114,1
6114,3
6114,18
6114,21
6114,22
6114,23
6114,35
6114,41
6114,48
6114,55
6114,58
6660,1
6660,4
6660,10
6660,63
6660,72
6660,80
6660,81
9005,18
9005,19
9005,24
9005,34
9005,35
9005,41
9005,55
9005,63
9005,72
9005,102
10169,18
10169,20
10169,35
10169,42
10169,47
10169,52
10169,55
10169,63
10169,72
10169,102
6449,1
6449,4
6449,5
6449,8
6449,35
6449,43
6449,48
6449,55
6449,62
6449,80
6449,81
11980,18
11980,25
11980,35
11980,47
11980,55
11980,102
14291,54
14291,55
14291,59
14291,61
12372,18
12372,29
12372,35
12372,42
12372,52
12372,63
12372,72
8047,1
8047,9
8047,10
8047,35
8047,37
8047,55
8047,62
8047,63
8047,72
9831,18
9831,20
9831,25
9831,35
9831,42
9831,55
9831,63
9831,72
9831,102
11509,18
11509,23
11509,35
11509,44
11509,52
4522,18
4522,19
4522,35
4522,43
4522,48
4522,49
4522,63
4522,72
13298,35
13298,37
13298,38
13298,42
13298,55
13298,62
7989,1
7989,8
7989,35
7989,43
7989,49
12879,18
12879,34
12879,35
12879,43
12879,48
12879,52
12879,55
12879,62
13786,35
13786,41
13786,43
13786,55
13786,58
13786,63
13786,72
10530,18
10530,21
10530,34
10530,35
10530,37
10530,55
10530,102
12494,18
12494,31
12494,34
12494,55
12494,62
12494,63
12494,72
7409,1
7409,5
7409,18
7409,34
7409,35
7409,48
7409,52
7409,55
7409,102
9691,18
9691,20
9691,23
9691,34
9691,35
9691,42
9691,48
9691,52
9691,63
9691,72
10548,18
10548,21
10548,34
10548,35
10548,41
10548,48
11249,18
11249,22
11249,35
11249,55
11249,58
11249,77
11249,97
11249,101
14353,55
14353,62
14353,63
14353,70
14353,74
14353,75
14353,79
14353,97
14353,112
14353,113
14353,120
10559,18
10559,21
10559,34
10559,35
10559,43
10559,55
10559,102
13926,35
13926,42
13926,55
13926,63
13926,70
13926,102
9949,18
9949,20
9949,34
9949,35
9949,37
9949,41
9949,55
9949,62
9949,63
9949,72
7906,1
7906,8
7906,13
7906,14
7906,15
7566,1
7566,6
7566,8
7566,18
7566,21
7566,35
7566,37
7566,41
7566,48
7566,52
7566,55
7566,62
7566,74
7566,77
7566,97
7566,120
10400,18
10400,21
10400,25
10400,26
10400,27
10400,29
10400,31
10400,34
10400,35
10400,42
10400,63
10400,72
14703,74
14703,76
14703,77
14703,97
14703,111
14703,120
14703,124
4685,18
4685,21
4685,34
4685,35
4685,42
4685,63
4685,72
6496,1
6496,4
6496,5
6496,35
6496,48
6496,55
6496,62
14751,74
14751,77
14751,97
14751,124
13698,35
13698,40
13698,42
13698,43
13698,48
13698,63
13698,72
13000,18
13000,35
13000,36
13000,40
13000,41
13000,55
13000,100
13000,102
10871,18
10871,22
10871,24
10871,63
10871,72
12659,18
12659,34
12659,35
12659,37
12659,41
12659,54
11789,18
11789,25
11789,29
11789,34
11789,35
11789,42
11789,43
11789,48
11789,49
11789,52
11789,55
11789,102
13373,35
13373,37
13373,41
13373,52
13373,55
13373,62
13373,63
13373,72
8756,18
8756,19
8756,20
8756,35
8756,43
8756,48
8756,52
8756,63
8756,72
13562,35
13562,37
13562,74
13562,75
13562,76
13562,97
13562,111
13562,118
13562,122
8991,18
8991,19
8991,24
8991,27
8991,29
8991,35
8991,43
8991,48
8991,52
8991,55
8991,63
8991,72
8991,102
7790,1
7790,6
7790,35
7790,48
7790,52
7790,63
7790,72
6093,1
6093,3
6093,18
6093,20
6093,29
6093,63
6093,72
9104,18
9104,19
9104,29
9104,35
9104,41
9104,42
9104,48
9104,52
9104,55
9104,63
9104,72
9104,102
7247,1
7247,5
7247,9
7247,18
7247,19
7247,55
7247,102
14016,35
14016,44
14016,48
14016,52
14016,55
14016,62
14016,77
14016,97
7620,1
7620,6
7620,9
7620,35
7620,43
10866,18
10866,22
10866,24
10866,35
10866,48
10866,52
10866,55
10866,102
9370,18
9370,19
9370,35
9370,54
9370,55
9370,63
9370,72
9370,101
9370,102
13726,35
13726,40
13726,48
13726,52
13726,63
13726,72
10695,18
10695,22
10695,23
10695,24
10695,25
10695,29
10695,34
10695,35
10695,42
10695,48
10695,55
10695,63
10695,72
10695,80
10695,81
10695,102
12645,18
12645,34
12645,35
12645,37
12645,41
12645,43
12645,52
12645,55
12645,62
12645,63
12645,72
12645,80
12645,83
6200,1
6200,3
6200,18
6200,27
6200,35
6200,48
6276,1
6276,3
6276,35
6276,37
6276,63
6276,70
10336,18
10336,21
10336,22
10336,34
10336,35
10336,43
10336,52
10336,55
10336,102
13940,35
13940,43
13940,48
13940,49
13940,55
13940,62
5878,1
5878,3
5878,5
5878,6
5878,9
5878,35
5878,48
5878,52
12598,18
12598,34
12598,35
12598,36
12598,41
12598,48
12598,52
12598,55
12598,62
10335,18
10335,21
10335,22
10335,34
10335,35
10335,43
10335,48
10335,52
10335,55
10335,102
5795,1
5795,3
5795,4
5795,18
5795,19
5795,21
5795,22
5795,34
5795,35
5795,41
5795,48
5795,55
5795,58
5795,63
5795,72
5746,1
5746,3
5746,4
5746,5
5746,35
5746,48
11411,18
11411,23
11411,34
11411,35
11411,37
11411,42
11411,63
11411,72
13893,35
13893,42
13893,48
13893,55
13893,62
13893,77
13893,97
12409,18
12409,29
12409,35
12409,55
12409,62
12409,101
10012,18
10012,20
10012,34
10012,35
10012,48
10012,52
10012,55
10012,62
10012,74
10012,75
10012,97
10012,112
10012,113
10012,120
11025,18
11025,22
11025,31
11025,35
11025,48
11025,77
11025,97
8959,18
8959,19
8959,23
8959,34
8959,35
8959,37
8959,41
8959,52
8959,55
8959,62
8959,63
8959,72
11479,18
11479,23
11479,35
11479,41
11479,42
11479,48
11479,55
11479,58
11479,63
11479,72
6220,1
6220,3
6220,18
6220,34
6220,35
6220,41
6220,52
6220,55
6220,102
7332,1
7332,5
7332,18
7332,20
7332,34
7332,35
7332,37
7332,41
7332,48
7332,52
7332,55
7332,63
7332,72
7332,102
7204,1
7204,5
7204,8
7204,35
7204,48
7204,80
7204,81
9405,18
9405,20
9405,21
9405,22
9405,34
9405,35
9405,41
9405,43
9405,49
9405,55
9405,63
9405,72
9405,102
8541,18
8541,19
8541,20
8541,21
8541,23
8541,24
8541,25
8541,34
8541,35
8541,37
8541,41
8541,42
8541,48
8541,52
8541,55
8541,63
8541,72
8541,102
14422,55
14422,62
14422,74
14422,97
14422,122
14422,126
9895,18
9895,20
9895,29
9895,35
9895,41
9895,43
9895,55
9895,63
9895,72
9895,102
6009,1
6009,3
6009,6
6009,63
6009,69
10090,18
10090,20
10090,35
10090,37
10090,55
10090,62
10090,63
10090,69
10090,72
8204,1
8204,10
8204,35
8204,36
11530,18
11530,23
11530,35
11530,48
11530,55
11530,77
11530,97
11530,102
13239,35
13239,36
13239,39
13239,43
13239,55
13239,102
8381,13
8381,14
8381,18
8381,20
8381,35
8381,37
8381,41
8381,48
8381,63
8381,72
13393,35
13393,37
13393,41
13393,55
13393,79
13393,102
12649,18
12649,34
12649,35
12649,37
12649,41
12649,48
12649,55
12649,62
6787,1
6787,4
6787,35
6787,41
6787,48
8817,18
8817,19
8817,21
8817,35
8817,39
8817,63
8817,72
12320,18
12320,29
12320,35
12320,37
12320,41
12320,48
12320,55
12320,102
7806,1
7806,6
7806,35
7806,52
7806,55
7806,62
7806,63
7806,72
12617,18
12617,34
12617,35
12617,37
12617,38
12617,42
12617,52
12617,55
12617,102
12533,18
12533,31
12533,35
12533,48
12533,49
5330,35
5330,43
5330,50
5330,52
6666,1
6666,4
6666,12
6666,76
6666,97
6666,111
7674,1
7674,6
7674,18
7674,19
7674,35
7674,37
7674,55
7674,58
7674,63
7674,72
13974,35
13974,43
13974,52
13974,55
13974,58
13974,63
13974,70
14793,75
14793,76
14793,77
14793,97
14793,107
14793,112
14793,113
14793,118
3241,74
3241,75
3241,97
3241,112
3241,114
3241,120
3241,124
12821,18
12821,34
12821,35
12821,41
12821,52
12821,55
12821,62
12821,63
12821,72
8619,18
8619,19
8619,20
8619,23
8619,24
8619,35
8619,41
8619,55
8619,63
8619,69
8619,72
8619,102
7794,1
7794,6
7794,35
7794,48
7794,55
7794,58
10089,18
10089,20
10089,35
10089,37
10089,55
10089,58
10089,63
10089,70
10089,72
8964,18
8964,19
8964,23
8964,34
8964,35
8964,42
8892,18
8892,19
8892,22
8892,34
8892,35
8892,37
8892,41
8892,42
8892,48
8892,55
8892,63
8892,72
8892,102
6932,1
6932,5
6932,6
6932,8
6932,63
6932,72
6932,80
6932,81
4014,1
4014,3
4014,4
4014,10
4014,63
4014,72
12128,18
12128,27
12128,35
12128,42
12128,49
5228,35
5228,37
5228,74
5228,75
5228,80
5228,83
5228,97
5228,112
5228,113
5228,120
14427,55
14427,62
14427,75
14427,79
14427,80
14427,83
14427,97
14427,112
14427,113
9486,18
9486,20
9486,21
9486,35
9486,37
11433,18
11433,23
11433,34
11433,35
11433,43
11433,48
12648,18
12648,34
12648,35
12648,37
12648,41
12648,48
12648,52
12648,55
12648,102
13904,35
13904,42
13904,49
13904,55
13904,63
13904,72
13904,102
8793,18
8793,19
8793,21
8793,24
8793,63
8793,72
4860,18
4860,24
4860,34
4860,35
4860,48
4860,52
9143,18
9143,19
9143,34
9143,35
9143,37
9143,42
9143,48
9143,52
9980,18
9980,20
9980,34
9980,35
9980,41
9980,42
9980,55
9980,58
9980,62
9980,63
9980,72
10483,18
10483,21
10483,29
10483,34
10483,35
10483,48
10483,52
10483,55
10483,102
5989,1
5989,3
5989,6
5989,18
5989,20
14253,35
14253,54
14253,55
14253,58
14253,63
14253,70
14253,101
10814,18
10814,22
10814,23
10814,35
10814,41
10814,42
10814,55
10814,102
11224,18
11224,22
11224,35
11224,48
11224,52
11224,55
11224,58
11224,77
11224,97
9145,18
9145,19
9145,34
9145,35
9145,37
9145,63
9145,72
8631,18
8631,19
8631,20
8631,23
8631,34
8631,35
8631,40
8631,41
8631,42
8631,48
8631,55
8631,63
8631,72
8631,102
12378,18
12378,29
12378,35
12378,43
12378,52
12378,55
12378,102
13750,35
13750,41
13750,42
13750,43
13750,55
13750,63
13750,69
13750,72
13750,102
9246,18
9246,19
9246,35
9246,37
9246,48
9246,55
9246,62
9246,63
9246,72
9246,79
10702,18
10702,22
10702,23
10702,24
10702,34
10702,35
10702,37
10702,38
10702,41
10702,48
10702,52
10702,63
10702,72
10702,74
10702,75
10702,77
10702,97
10702,112
10702,113
10702,120
10702,122
11117,18
11117,22
11117,35
11117,37
11117,41
11117,42
11117,48
11117,52
6349,1
6349,3
6349,35
6349,49
6349,52
6349,55
6349,62
6217,1
6217,3
6217,18
6217,34
6217,35
6217,41
6217,42
6217,52
6217,55
6217,102
12837,18
12837,34
12837,35
12837,42
12837,43
12837,48
12837,52
12837,55
12837,62
5080,18
5080,34
5080,35
5080,43
5080,77
5080,97
7632,1
7632,6
7632,10
7632,18
7632,19
7632,35
7632,43
7632,63
7632,72
5981,1
5981,3
5981,6
5981,10
5981,18
5981,19
5981,63
5981,72
8278,1
8278,35
8278,41
8278,55
8278,63
8278,72
8278,98
8278,102
7454,1
7454,5
7454,35
7454,42
7454,43
7454,48
7454,49
7454,52
7454,55
7454,63
7454,72
7454,77
7454,97
7454,102
6302,1
6302,3
6302,35
6302,41
6302,55
6302,58
6302,63
6302,72
12965,18
12965,34
12965,35
12965,63
12965,72
12965,77
12965,97
12965,101
13418,35
13418,37
13418,42
13418,52
13418,63
13418,72
13418,77
13418,97
13751,35
13751,41
13751,42
13751,48
13751,49
8650,18
8650,19
8650,20
8650,25
8650,34
8650,35
8650,37
8650,38
8650,41
8650,42
8650,55
8650,63
8650,72
8650,102
6091,1
6091,3
6091,18
6091,20
6091,24
6091,25
6091,35
6091,42
6091,55
6091,63
6091,72
6091,102
9674,18
9674,20
9674,23
9674,29
9674,30
9674,34
9674,35
9674,37
9674,40
9674,41
9674,48
9674,52
9674,55
9674,63
9674,72
9674,102
10009,18
10009,20
10009,34
10009,35
10009,48
10009,50
10009,63
10009,72
6584,1
6584,4
6584,6
6584,54
6584,55
6584,62
6218,1
6218,3
6218,18
6218,34
6218,35
6218,41
6218,42
6218,55
6218,63
6218,72
6218,102
8788,18
8788,19
8788,21
8788,23
8788,35
8788,41
8788,55
8788,63
8788,72
8788,102
4911,18
4911,25
4911,35
4911,41
4911,48
12915,18
12915,34
12915,35
12915,48
12915,50
12915,55
12915,102
6977,1
6977,5
6977,6
6977,18
6977,22
6977,35
6977,48
10626,18
10626,21
10626,35
10626,41
10626,42
10626,48
10626,55
10626,63
10626,72
10626,102
11406,18
11406,23
11406,34
11406,35
11406,37
11406,40
11406,48
11406,55
11406,102
11241,18
11241,22
11241,35
11241,50
11241,52
11229,18
11229,22
11229,35
11229,48
11229,54
11229,63
11229,70
9604,18
9604,20
9604,22
9604,34
9604,35
9604,41
9604,43
9604,48
9604,52
9604,55
9604,63
9604,72
9604,102
14879,76
14879,78
14879,97
14879,107
14879,111
14879,131
13299,35
13299,37
13299,38
13299,48
13299,52
13299,63
13299,72
13299,80
13299,81
11194,18
11194,22
11194,35
11194,42
11194,48
11194,77
11194,97
6461,1
6461,4
6461,5
6461,9
6461,35
6461,37
6461,54
10805,18
10805,22
10805,23
10805,34
10805,80
10805,81
6472,1
6472,4
6472,5
6472,18
6472,20
6472,35
6472,48
6472,63
6472,72
7010,1
7010,5
7010,6
7010,35
7010,42
7010,84
7010,86
4598,18
4598,20
4598,32
4598,55
4598,63
4598,72
4598,102
6575,1
6575,4
6575,6
6575,35
6575,43
6575,55
6575,62
6243,1
6243,3
6243,18
6243,35
6243,37
6243,41
6243,55
6243,62
6243,100
9160,18
9160,19
9160,34
9160,35
9160,41
13728,35
13728,40
13728,48
13728,54
13728,55
13728,58
9657,18
9657,20
9657,23
9657,25
9657,29
9657,34
9657,35
9657,48
9657,52
9657,55
9657,63
9657,72
9657,102
11892,18
11892,25
11892,35
11892,37
11892,38
11892,55
11892,62
11892,63
11892,72
4781,18
4781,22
4781,35
4781,42
4781,43
4781,48
4781,52
13859,35
13859,41
13859,76
13859,97
13859,111
14575,74
14575,75
14575,76
14575,77
14575,97
14575,111
14575,112
14575,113
14575,120
6702,1
6702,4
6702,18
6702,20
6702,24
6702,35
6702,37
6702,48
6702,55
6702,63
6702,72
6702,102
14807,75
14807,76
14807,78
14807,97
14807,111
14807,112
14807,114
14807,132
11794,18
11794,25
11794,29
11794,34
11794,35
11794,49
11794,52
11794,55
11794,63
11794,72
11794,102
6999,1
6999,5
6999,6
6999,35
6999,37
6999,55
6999,62
6999,75
6999,97
6999,118
9245,18
9245,19
9245,35
9245,37
9245,48
9245,52
9245,63
9245,72
6897,1
6897,5
6897,6
6897,8
6897,18
6897,20
6897,63
6897,72
4307,1
4307,6
4307,35
4307,37
4307,55
4307,63
4307,72
4307,102
13563,35
13563,37
13563,74
13563,75
13563,77
13563,97
13563,112
13563,113
13563,120
13563,122
7515,1
7515,5
7515,55
7515,76
7515,80
7515,83
7515,97
7515,102
7515,111
8392,13
8392,14
8392,18
8392,20
8392,55
8392,63
8392,71
8392,72
8392,102
7870,1
7870,6
7870,76
7870,89
7870,96
7870,97
7870,111
9417,18
9417,20
9417,21
9417,24
9417,34
9417,35
9417,42
9417,48
9417,52
9417,55
9417,102
11577,18
11577,24
11577,27
11577,34
11577,35
11577,37
11577,41
11577,42
11577,43
11577,48
11577,50
11577,52
11577,55
11577,58
11577,80
11577,83
6451,1
6451,4
6451,5
6451,8
6451,35
6451,43
6451,53
13864,35
13864,42
13864,43
13864,48
13864,55
13864,58
9746,18
9746,20
9746,24
9746,35
9746,37
9746,41
9746,52
9746,55
9746,63
9746,72
9746,102
9892,18
9892,20
9892,29
9892,35
9892,38
9892,42
9892,52
9892,63
9892,72
13085,18
13085,35
13085,40
13085,41
13085,42
13085,48
13085,55
13085,63
13085,72
13085,100
13085,102
7498,1
7498,5
7498,55
7498,61
5653,1
5653,2
5653,5
5653,80
5653,83
5936,1
5936,3
5936,5
5936,18
5936,22
5936,35
5936,43
5936,55
5936,102
11482,18
11482,23
11482,35
11482,41
11482,42
11482,52
11482,55
11482,102
9774,18
9774,20
9774,25
9774,29
9774,34
9774,35
9774,48
9774,63
9774,72
11246,18
11246,22
11246,35
11246,52
11246,55
11246,63
11246,72
11246,80
11246,83
11246,102
8158,1
8158,9
8158,76
8158,78
8158,97
8158,107
8158,132
3754,18
3754,34
3754,35
3754,50
3754,52
3754,55
3754,102
10960,18
10960,22
10960,29
10960,34
10960,35
10960,37
10960,41
10960,52
10960,55
10960,62
10136,18
10136,20
10136,35
10136,41
10136,42
10136,48
10136,55
10136,62
10136,63
10136,72
11784,18
11784,25
11784,29
11784,33
11784,34
11784,55
11784,102
14220,35
14220,52
14220,55
14220,62
14220,63
14220,71
14220,74
14220,75
14220,79
14220,97
14220,118
14220,120
9943,18
9943,20
9943,34
9943,35
9943,37
9943,41
9943,42
9943,55
9943,63
9943,72
9943,102
11336,18
11336,23
11336,26
11336,29
11336,55
11336,102
7158,1
7158,5
7158,8
7158,35
7158,37
7158,41
14177,35
14177,49
14177,74
14177,97
14177,120
9259,18
9259,19
9259,35
9259,39
9259,55
9259,63
9259,72
9259,102
8122,1
8122,9
8122,35
8122,52
8122,54
8122,55
8122,63
8122,72
8122,102
4476,18
4476,19
4476,24
4476,34
4476,35
4476,42
4476,48
4476,52
4476,55
4476,63
4476,72
4476,102
6839,1
6839,4
6839,35
6839,77
6839,97
6839,101
10383,18
10383,21
10383,24
10383,31
10383,55
10383,63
10383,72
10383,102
7848,1
7848,6
7848,55
7848,91
7848,96
7848,102
12904,18
12904,34
12904,35
12904,47
12904,55
12904,62
10450,18
10450,21
10450,26
10450,34
10450,35
10450,41
10450,55
10450,102
3526,18
3526,20
3526,27
3526,55
3526,63
3526,72
3526,102
13342,35
13342,37
13342,41
13342,42
13342,55
13342,62
13342,79
5861,1
5861,3
5861,4
5861,55
5861,63
5861,72
5861,77
5861,97
5861,102
14173,35
14173,49
14173,63
14173,72
14173,80
14173,81
10313,18
10313,21
10313,22
10313,25
10313,35
10313,48
10313,49
10313,55
10313,102
6172,1
6172,3
6172,18
6172,23
6172,35
6172,52
10293,18
10293,20
10293,80
10293,83
10808,18
10808,22
10808,23
10808,35
10808,37
10808,42
10808,48
10808,55
10808,62
10808,63
10808,72
10808,77
10808,97
7136,1
7136,5
7136,8
7136,18
7136,27
7136,35
7136,43
7136,48
7136,55
7136,62
7136,80
7136,83
5944,1
5944,3
5944,5
5944,18
5944,34
8888,18
8888,19
8888,22
8888,30
8888,35
8888,48
8888,55
8888,102
9961,18
9961,20
9961,34
9961,35
9961,38
9961,41
9961,55
9961,63
9961,72
9961,102
14125,35
14125,48
14125,55
14125,62
14125,79
14125,80
14125,83
6105,1
6105,3
6105,18
6105,20
6105,35
6105,43
6105,55
6105,63
6105,72
6105,102
10756,18
10756,22
10756,23
10756,29
10756,35
10756,41
10756,52
10756,55
10756,102
8549,18
8549,19
8549,20
8549,21
8549,24
8549,29
8549,34
8549,35
8549,38
8549,41
8549,42
8549,48
8549,52
8549,63
8549,72
9738,18
9738,20
9738,24
9738,34
9738,35
9738,40
9738,42
9738,48
9738,52
9738,55
9738,63
9738,72
9738,102
4080,1
4080,3
4080,35
4080,43
4080,54
4080,55
4080,102
6484,1
6484,4
6484,5
6484,35
6484,37
6484,55
6484,62
6484,75
6484,97
6484,118
8927,18
8927,19
8927,22
8927,35
8927,48
8927,52
11420,18
11420,23
11420,34
11420,35
11420,41
11420,43
11420,48
11420,63
11420,72
8127,1
8127,9
8127,55
8127,57
6246,1
6246,3
6246,18
6246,35
6246,41
6246,43
6246,55
6246,100
6246,102
11279,18
11279,23
11279,24
11279,34
11279,35
11279,41
11279,42
11279,43
11279,48
11279,55
11279,63
11279,72
11279,80
11279,83
11279,102
11378,18
11378,23
11378,29
11378,34
11378,35
11378,52
6860,1
6860,4
6860,55
6860,63
6860,67
6860,102
12070,18
12070,27
12070,29
12070,35
12070,52
7524,1
7524,5
7524,63
7524,67
7524,91
7524,96
13564,35
13564,37
13564,74
13564,75
13564,79
13564,80
13564,83
13564,97
13564,112
13564,113
13564,118
13564,120
12428,18
12428,30
12428,34
12428,35
12428,41
12428,42
11046,18
11046,22
11046,34
11046,35
11046,37
11046,43
11046,55
11046,77
11046,97
11046,102
8634,18
8634,19
8634,20
8634,23
8634,35
8634,41
8634,48
8634,55
8634,63
8634,72
8634,102
4385,1
4385,10
4385,18
4385,19
4385,55
4385,63
4385,72
4385,102
10932,18
10932,22
10932,27
10932,34
10932,35
10932,48
10932,52
10932,55
10932,62
10932,63
10932,72
12721,18
12721,34
12721,35
12721,38
12721,42
12721,55
12721,62
12721,80
12721,81
12103,18
12103,27
12103,34
12103,35
12103,48
12103,52
12103,55
12103,102
8213,1
8213,10
8213,35
8213,40
8213,42
8213,55
8213,62
8633,18
8633,19
8633,20
8633,23
8633,35
8633,37
8633,48
8633,55
8633,63
8633,72
8633,102
13529,35
13529,37
13529,55
13529,62
13529,74
13529,75
13529,97
13529,112
13529,113
13529,120
10318,18
10318,21
10318,22
10318,28
10318,55
10318,63
10318,72
10318,102
8891,18
8891,19
8891,22
8891,34
8891,35
8891,36
8891,37
8891,41
8891,42
8891,55
8891,63
8891,72
8891,102
12741,18
12741,34
12741,35
12741,39
12741,48
12741,55
12741,102
10599,18
10599,21
10599,35
10599,37
10599,49
10599,55
10599,102
14772,74
14772,79
14772,80
14772,83
14772,97
14772,120
14772,122
14772,124
8699,18
8699,19
8699,20
8699,34
8699,35
8699,41
8699,52
8699,55
8699,63
8699,72
8699,102
7170,1
7170,5
7170,8
7170,35
7170,39
8928,18
8928,19
8928,22
8928,35
8928,48
8928,52
8928,55
8928,102
7878,1
7878,6
7878,84
7878,87
11847,18
11847,25
11847,34
11847,35
11847,41
11847,48
11847,52
11847,55
11847,63
11847,72
11847,102
8269,1
8269,35
8269,37
8269,55
8269,62
8269,98
7103,1
7103,5
7103,8
7103,18
7103,19
7103,35
7103,55
7103,63
7103,72
7103,101
7103,102
8043,1
8043,8
8043,80
8043,82
6436,1
6436,4
6436,5
6436,6
6436,91
6436,96
9362,18
9362,19
9362,35
9362,52
9362,54
9362,55
9362,58
9362,63
9362,70
11721,18
11721,24
11721,35
11721,43
11721,48
11721,55
11721,102
4672,18
4672,21
4672,22
4672,35
4672,48
4672,52
7468,1
7468,5
7468,35
7468,43
7468,53
8655,18
8655,19
8655,20
8655,25
8655,35
8655,37
8655,40
8655,41
8655,48
8655,55
8655,62
8655,63
8655,70
8655,72
10420,18
10420,21
10420,25
10420,34
10420,35
10420,42
10420,52
10420,55
10420,63
10420,72
10420,102
13404,35
13404,37
13404,42
13404,43
13404,48
13030,18
13030,35
13030,37
13030,41
13030,48
13030,52
13030,55
13030,62
13030,74
13030,77
13030,79
13030,97
13030,100
13030,120
9300,18
9300,19
9300,35
9300,42
9300,48
9300,55
9300,62
9300,63
9300,72
11985,18
11985,25
11985,35
11985,48
11985,52
11985,55
11985,62
11985,63
11985,72
11985,80
11985,81
13815,35
13815,41
13815,49
13815,55
13815,58
13815,62
8814,18
8814,19
8814,21
8814,34
8814,63
8814,72
5467,55
5467,62
5467,74
5467,75
5467,79
5467,80
5467,81
5467,97
5467,112
5467,113
5467,120
5467,122
10978,18
10978,22
10978,29
10978,35
10978,37
8019,1
8019,8
8019,55
8019,76
8019,97
8019,102
8019,107
12474,18
12474,30
12474,54
6047,1
6047,3
6047,10
6047,35
6047,55
6047,101
6047,102
8901,18
8901,19
8901,22
8901,34
8901,35
8901,41
8901,48
8901,52
8901,55
8901,63
8901,72
8901,102
8193,1
8193,10
8193,18
8193,22
8193,35
8193,49
8143,1
8143,9
8143,55
8143,63
8143,72
8143,80
8143,81
8143,83
8143,102
6594,1
6594,4
6594,6
6594,63
6594,71
8924,18
8924,19
8924,22
8924,35
8924,43
8924,52
8924,55
8924,63
8924,72
8924,102
10615,18
10615,21
10615,35
10615,39
10615,48
10615,77
10615,97
10707,18
10707,22
10707,23
10707,24
10707,35
10707,52
10707,55
10707,102
10868,18
10868,22
10868,24
10868,35
10868,52
10868,55
10868,63
10868,72
10868,102
13735,35
13735,40
13735,53
13735,55
13735,58
9349,18
9349,19
9349,35
9349,48
9349,55
9349,58
5661,1
5661,2
5661,8
5661,13
5661,14
5661,55
5661,102
13678,35
13678,39
13678,52
13678,80
13678,83
10368,18
10368,21
10368,23
10368,35
10368,41
10368,63
10368,72
12322,18
12322,29
12322,35
12322,37
12322,42
12322,52
12322,63
12322,70
12419,18
12419,30
12419,31
12419,34
12419,35
12419,43
12419,48
12419,55
12419,102
10749,18
10749,22
10749,23
10749,29
10749,34
10749,35
10749,42
10749,52
10749,55
10749,102
11692,18
11692,24
11692,35
11692,41
11692,48
11692,55
11692,62
9650,18
9650,20
9650,23
9650,24
9650,35
9650,37
9650,38
9650,41
9650,48
9650,55
9650,62
9650,63
9650,72
7570,1
7570,6
7570,8
7570,18
7570,22
7570,35
7570,52
7570,55
7570,102
7925,1
7925,8
7925,18
7925,20
7925,35
7925,48
7925,55
7925,63
7925,72
7925,102
4199,1
4199,5
4199,6
4199,35
4199,48
4199,55
4199,102
10911,18
10911,22
10911,26
10911,34
10911,35
10911,46
10911,55
10911,63
10911,72
10911,102
5897,1
5897,3
5897,5
5897,8
5897,9
5897,10
5897,18
5897,19
5897,35
5897,37
5897,41
5897,52
5897,55
5897,62
5897,63
5897,72
5897,74
5897,79
5897,97
5897,120
6819,1
6819,4
6819,35
6819,48
6819,52
6819,54
6819,55
6819,62
5628,1
5628,2
5628,3
5628,5
5628,63
5628,72
8129,1
8129,9
8129,55
8129,62
8129,63
8129,71
8129,72
3971,75
3971,76
3971,97
3971,107
11697,18
11697,24
11697,35
11697,41
11697,52
11697,55
11697,63
11697,72
11697,102
6716,1
6716,4
6716,18
6716,20
6716,54
6716,55
6716,63
6716,72
6716,102
11346,18
11346,23
11346,27
11346,34
13386,35
13386,37
13386,41
13386,55
13386,62
13386,79
5309,35
5309,42
5309,43
5309,52
5309,55
5309,62
12865,18
12865,34
12865,35
12865,42
12865,52
12865,55
12865,62
12865,63
12865,72
12865,77
12865,97
6483,1
6483,4
6483,5
6483,35
6483,37
6483,52
6483,80
6483,83
11834,18
11834,25
11834,34
11834,35
11834,38
11834,40
11834,41
13091,18
13091,35
13091,40
13091,41
13091,49
13091,100
5694,1
5694,2
5694,55
5694,62
5694,63
5694,72
9233,18
9233,19
9233,35
9233,37
9233,42
9233,48
9233,52
9397,18
9397,20
9397,21
9397,22
9397,25
9397,27
9397,34
9397,35
9397,41
9397,42
9397,48
9397,55
9397,63
9397,72
9397,102
10033,18
10033,20
10033,35
10033,37
10033,38
10033,52
10033,63
10033,72
11403,18
11403,23
11403,31
11403,55
11403,102
12591,18
12591,34
12591,35
12591,36
12591,37
12591,41
12591,52
12591,55
12591,63
12591,72
12591,102
14692,74
14692,75
14692,97
14692,118
14692,120
14692,122
14692,124
14692,126
11173,18
11173,22
11173,35
11173,41
11173,48
11173,52
11173,55
11173,62
11173,80
11173,83
6561,1
6561,4
6561,6
6561,18
6561,19
6561,35
6561,52
6561,63
6561,72
5980,1
5980,3
5980,6
5980,10
5980,13
5980,14
7730,1
7730,6
7730,18
7730,34
7730,35
7730,36
7730,55
7730,63
7730,72
7730,102
11379,18
11379,23
11379,29
11379,34
11379,35
11379,101
13479,35
13479,37
13479,48
13479,74
13479,97
13479,120
13479,122
9256,18
9256,19
9256,35
9256,39
9256,43
9256,55
9256,102
10478,18
10478,21
10478,29
10478,34
10478,35
10478,41
10478,48
10478,52
10478,55
10478,102
7962,1
7962,8
7962,18
7962,34
7962,35
7962,48
7962,63
7962,72
7975,1
7975,8
7975,35
7975,37
7975,52
7975,55
7975,62
6358,1
6358,3
6358,35
6358,52
6358,55
6358,58
6358,77
6358,97
6682,1
6682,4
6682,18
6682,19
6682,23
6682,34
6682,35
6682,55
6682,63
6682,72
6682,101
6682,102
6005,1
6005,3
6005,6
6005,35
6005,52
6005,55
6005,102
10958,18
10958,22
10958,29
10958,30
10958,35
10958,52
10958,55
10958,102
7218,1
7218,5
7218,8
7218,55
7218,62
7218,79
12197,18
12197,28
12197,35
12197,37
12197,55
12197,102
9559,18
9559,20
9559,22
9559,24
9559,35
9559,48
9559,52
9559,63
9559,72
8437,13
8437,14
8437,18
8437,29
8437,35
8437,101
9567,18
9567,20
9567,22
9567,25
9567,34
9567,35
9567,42
9567,48
9567,52
9567,55
9567,63
9567,72
9567,102
10779,18
10779,22
10779,23
10779,34
10779,35
10779,37
10779,42
10779,48
10779,49
10779,52
10779,55
10779,62
7445,1
7445,5
7445,35
7445,41
7445,43
7445,48
7445,52
7445,55
7445,102
12476,18
12476,30
12476,55
12476,80
12476,81
12476,102
10290,18
10290,20
10290,74
10290,97
10290,120
10290,122
12056,18
12056,26
12056,35
12056,52
12056,55
12056,80
12056,81
12056,102
6032,1
6032,3
6032,8
6032,55
6032,63
6032,72
6032,102
2573,1
2573,6
2573,84
2573,105
10540,18
10540,21
10540,34
10540,35
10540,40
10540,52
10540,55
10540,62
7127,1
7127,5
7127,8
7127,18
7127,24
7127,35
7127,48
7127,52
12438,18
12438,30
12438,35
12438,37
12438,41
12438,52
12438,55
12438,62
10848,18
10848,22
10848,24
10848,29
10848,34
10848,35
10848,37
10848,48
10848,55
10848,102
13374,35
13374,37
13374,41
13374,52
13374,55
13374,62
13374,77
13374,80
13374,83
13374,97
12866,18
12866,34
12866,35
12866,42
12866,52
12866,55
12866,63
12866,72
12866,77
12866,97
12866,102
7023,1
7023,5
7023,6
7023,35
7023,48
7023,54
7023,55
7023,58
9453,18
9453,20
9453,21
9453,29
9453,34
9453,35
9453,41
9453,52
9453,55
9453,77
9453,97
9453,102
11095,18
11095,22
11095,34
11095,35
11095,50
10500,18
10500,21
10500,29
10500,35
10500,43
10500,52
10500,55
10500,102
7420,1
7420,5
7420,18
7420,35
7420,41
7420,55
7420,100
7420,102
6368,1
6368,3
6368,54
6368,77
6368,97
8675,18
8675,19
8675,20
8675,29
8675,33
8675,34
8675,35
8675,49
8675,52
8675,55
8675,63
8675,72
8675,102
12629,18
12629,34
12629,35
12629,37
12629,40
12629,41
12629,42
12629,49
12629,52
12629,55
12629,102
3314,1
3314,4
3314,5
3314,8
3314,35
3314,48
3314,52
7102,1
7102,5
7102,8
7102,18
7102,19
7102,35
7102,52
7102,63
7102,72
12817,18
12817,34
12817,35
12817,41
12817,49
12817,52
12817,55
12817,102
7094,1
7094,5
7094,8
7094,18
7094,19
7094,35
7094,43
7094,48
7094,63
7094,72
9577,18
9577,20
9577,22
9577,27
9577,34
9577,35
9577,52
9577,55
9577,63
9577,70
9577,72
9577,102
12655,18
12655,34
12655,35
12655,37
12655,41
12655,52
12655,54
12655,55
12655,63
12655,72
12655,102
7265,1
7265,5
7265,9
7265,35
7265,52
7265,55
7265,102
14172,35
14172,49
14172,63
14172,72
14172,77
14172,97
6865,1
6865,4
6865,55
6865,77
6865,97
6865,102
8448,13
8448,14
8448,18
8448,34
8448,55
8448,62
10765,18
10765,22
10765,23
10765,30
10765,34
10765,35
10765,41
10765,52
10765,55
10765,102
12458,18
12458,30
12458,35
12458,43
12458,55
12458,58
6096,1
6096,3
6096,18
6096,20
6096,34
6096,35
6096,49
6096,55
6096,63
6096,72
6096,102
6974,1
6974,5
6974,6
6974,18
6974,22
7426,1
7426,5
7426,35
7426,37
7426,40
7426,42
7426,55
7426,63
7426,72
7426,102
9407,18
9407,20
9407,21
9407,22
9407,35
9407,41
9407,52
5468,55
5468,62
5468,74
5468,75
5468,79
5468,80
5468,83
5468,97
5468,112
5468,113
5468,120
5468,122
10893,18
10893,22
10893,25
10893,35
10893,37
10893,41
10893,42
10893,52
10893,63
10893,72
6811,1
6811,4
6811,35
6811,43
6811,63
6811,70
6811,72
10768,18
10768,22
10768,23
10768,30
10768,34
10768,55
10768,102
12578,18
12578,33
12578,35
12578,41
12578,52
14910,89
14910,93
14910,96
4976,18
4976,29
4976,34
4976,35
4976,42
14582,74
14582,75
14582,76
14582,79
14582,97
14582,107
14582,112
14582,113
14582,120
14582,122
7417,1
7417,5
7417,18
7417,35
7417,37
7417,52
7417,55
7417,100
7417,102
13070,18
13070,35
13070,38
13070,42
13070,52
13070,55
13070,62
13070,100
12198,18
12198,28
12198,35
12198,38
12198,55
12198,102
13725,35
13725,40
13725,48
13725,52
13725,55
13725,62
13725,63
13725,72
5681,1
5681,2
5681,35
5681,37
5681,48
5681,55
5681,102
7771,1
7771,6
7771,35
7771,43
7771,48
7771,52
7771,55
7771,63
7771,72
7771,76
7771,77
7771,97
7771,102
7771,111
12867,18
12867,34
12867,35
12867,42
12867,52
12867,63
12867,72
12867,77
12867,97
11467,18
11467,23
11467,35
11467,37
11467,55
11467,74
11467,97
11467,102
11467,120
11256,18
11256,22
11256,55
11256,63
11256,71
11256,102
9970,18
9970,20
9970,34
9970,35
9970,40
9970,42
9970,55
9970,63
9970,72
9970,102
6426,1
6426,4
6426,5
6426,6
6426,55
6426,62
6426,76
6426,97
6426,107
6846,1
6846,4
6846,55
6846,56
6846,63
6846,70
12225,18
12225,29
12225,30
12225,34
12225,35
12225,55
12225,101
12225,102
11389,18
11389,23
11389,29
11389,35
11389,49
13333,35
13333,37
13333,40
13333,77
13333,97
4768,18
4768,22
4768,34
4768,35
4768,50
4768,55
4768,102
7818,1
7818,6
7818,35
7818,55
7818,63
7818,72
7818,101
7818,102
12658,18
12658,34
12658,35
12658,37
12658,41
12658,52
12658,55
12658,63
12658,72
12658,102
12223,18
12223,29
12223,30
12223,34
12223,35
12223,48
11361,18
11361,23
11361,29
11361,30
11361,31
11361,34
11361,35
11361,41
11361,42
11361,52
11361,55
11361,102
10959,18
10959,22
10959,29
10959,33
10959,34
10959,35
10959,41
10959,55
10959,63
10959,70
10959,102
13921,35
13921,42
13921,55
13921,62
13921,63
13921,70
5689,1
5689,2
5689,35
5689,48
5689,55
5689,62
5689,63
5689,69
10141,18
10141,20
10141,35
10141,41
10141,43
10141,52
10141,55
10141,63
10141,72
10141,102
11651,18
11651,24
11651,34
11651,55
11651,58
11172,18
11172,22
11172,35
11172,41
11172,48
11172,52
14131,35
14131,48
14131,63
14131,70
14131,76
14131,97
14131,107
13670,35
13670,39
13670,49
13670,52
13670,54
13670,55
13670,62
13670,63
13670,70
8588,18
8588,19
8588,20
8588,22
8588,24
8588,34
8588,35
8588,40
8588,52
8588,55
8588,63
8588,72
8588,102
10915,18
10915,22
10915,26
10915,35
10915,41
10915,48
10915,55
10915,102
10888,18
10888,22
10888,25
10888,34
10888,35
10888,41
10888,48
10888,76
10888,77
10888,97
10888,111
7120,1
7120,5
7120,8
7120,18
7120,22
7120,35
7120,41
7120,42
7120,55
7120,102
6230,1
6230,3
6230,18
6230,34
6230,35
6230,48
6230,52
6400,1
6400,4
6400,5
6400,6
6400,8
6400,35
6400,36
6400,43
6400,48
6400,52
6400,55
6400,62
8008,1
8008,8
8008,35
8008,55
8008,63
8008,72
8008,101
8008,102
11586,18
11586,24
11586,28
11586,35
11586,52
9034,18
9034,19
9034,24
9034,35
9034,48
9034,52
9034,55
9034,63
9034,72
9034,102
14592,74
14592,75
14592,76
14592,97
14592,107
14592,111
14592,118
14592,120
6886,1
6886,5
6886,6
6886,8
6886,9
6886,90
6886,91
6886,96
8937,18
8937,19
8937,22
8937,55
8937,63
8937,72
8937,80
8937,81
8937,102
6465,1
6465,4
6465,5
6465,9
6465,77
6465,97
6370,1
6370,3
6370,55
6370,61
3004,18
3004,21
3004,35
3004,52
3004,55
3004,63
3004,72
3004,102
5508,63
5508,67
5508,91
5508,96
10717,18
10717,22
10717,23
10717,26
10717,55
10717,102
14907,84
14907,105
14466,55
14466,63
14466,72
14466,76
14466,77
14466,97
14466,102
14466,107
14466,111
4622,18
4622,20
4622,35
4622,36
8878,18
8878,19
8878,22
8878,29
8878,34
8878,35
8878,36
8878,77
8878,97
9493,18
9493,20
9493,21
9493,35
9493,38
9340,18
9340,19
9340,35
9340,48
9340,49
9340,63
9340,72
10892,18
10892,22
10892,25
10892,35
10892,37
10892,38
10892,42
10892,48
10892,55
10892,63
10892,72
10892,80
10892,83
10892,102
12564,18
12564,32
12564,35
12564,47
12564,63
12564,72
13080,18
13080,35
13080,39
13080,41
13080,52
13080,100
14370,55
14370,62
14370,63
14370,72
14370,76
14370,97
14370,107
14370,111
5538,74
5538,75
5538,78
5538,97
5538,118
5538,120
5538,131
11417,18
11417,23
11417,34
11417,35
11417,41
11417,42
11417,52
11417,55
11417,63
11417,72
11417,102
6651,1
6651,4
6651,10
6651,35
6651,52
13258,35
13258,36
13258,43
13258,48
13258,52
13258,63
13258,72
7465,1
7465,5
7465,35
7465,43
7465,52
7465,55
7465,62
8768,18
8768,19
8768,20
8768,35
8768,48
8768,55
8768,102
12314,18
12314,29
12314,35
12314,37
12314,38
12314,55
12314,102
7440,1
7440,5
7440,35
7440,38
7440,55
7440,102
9666,18
9666,20
9666,23
9666,26
9666,35
9666,55
9666,58
9666,63
9666,72
9666,101
14241,35
14241,52
14241,74
14241,97
14241,122
7437,1
7437,5
7437,35
7437,37
7437,79
7437,80
7437,83
5690,1
5690,2
5690,54
5690,55
5690,102
10461,18
10461,21
10461,27
10461,63
10461,72
7297,1
7297,5
7297,13
7297,15
7297,55
7297,102
7376,1
7376,5
7376,18
7376,25
7376,35
7376,52
7376,63
7376,72
6013,1
6013,3
6013,6
6013,80
6013,81
6757,1
6757,4
6757,18
6757,34
6757,35
6757,48
6757,55
6757,102
7259,1
7259,5
7259,9
7259,35
7259,43
7259,52
6536,1
6536,4
6536,6
6536,8
6536,84
6536,86
7313,1
7313,5
7313,18
7313,19
7313,35
7313,38
7313,42
7313,43
7313,55
7313,63
7313,72
7313,102
6753,1
6753,4
6753,18
6753,34
6753,35
6753,43
6753,52
6753,55
6753,63
6753,72
6753,102
9016,18
9016,19
9016,24
9016,34
9016,35
9016,52
9016,63
9016,72
6585,1
6585,4
6585,6
6585,54
6585,55
6585,102
4677,18
4677,21
4677,25
4677,35
4677,52
4677,55
4677,63
4677,72
4677,102
9692,18
9692,20
9692,23
9692,34
9692,35
9692,42
9692,48
9692,63
9692,72
14643,74
14643,75
14643,79
14643,80
14643,81
14643,97
14643,112
14643,113
14643,120
14643,122
9029,18
9029,19
9029,24
9029,35
9029,41
9029,43
9029,48
9029,52
9029,55
9029,58
9029,63
9029,72
13825,35
13825,41
13825,52
13825,55
13825,58
13825,63
13825,72
13825,77
13825,97
7323,1
7323,5
7323,18
7323,19
7323,55
7323,77
7323,97
7323,102
8024,1
8024,8
8024,63
8024,67
5880,1
5880,3
5880,5
5880,6
5880,13
5880,14
5880,55
5880,102
7209,1
7209,5
7209,8
7209,35
7209,52
7209,55
7209,62
7209,63
7209,72
10121,18
10121,20
10121,35
10121,39
10121,52
10337,18
10337,21
10337,22
10337,34
10337,35
10337,52
10337,55
10337,102
11099,18
11099,22
11099,34
11099,35
11099,52
11099,54
11099,55
11099,58
11099,62
5811,1
5811,3
5811,4
5811,18
5811,22
5811,35
5811,43
5811,77
5811,97
9687,18
9687,20
9687,23
9687,34
9687,35
9687,37
9687,52
9687,55
9687,63
9687,72
9687,102
5829,1
5829,3
5829,4
5829,35
5829,37
5829,63
5829,72
8223,1
8223,10
8223,35
8223,52
8223,63
8223,72
8223,76
8223,97
8223,111
14204,35
14204,52
14204,53
14204,77
14204,97
8189,1
8189,10
8189,18
8189,20
8189,54
8189,55
8189,58
8189,63
8189,72
7936,1
7936,8
7936,18
7936,22
7936,34
7936,35
7936,52
7936,55
7936,102
14095,35
14095,48
14095,52
14095,55
14095,76
14095,77
14095,97
14095,102
14095,107
14095,111
5684,1
5684,2
5684,35
5684,37
5684,55
5684,63
5684,72
5684,102
12498,18
12498,31
12498,35
12498,36
5930,1
5930,3
5930,5
5930,18
5930,20
4616,18
4616,20
4616,34
4616,35
4616,48
4616,52
7844,1
7844,6
7844,55
7844,89
7844,90
7844,95
7844,96
7844,102
9937,18
9937,20
9937,33
9937,55
9937,63
9937,72
9937,102
13174,18
13174,35
13174,42
13174,48
13174,52
13174,63
13174,72
13174,77
13174,97
13174,100
10196,18
10196,20
10196,35
10196,43
10196,52
10196,55
10196,63
10196,72
10196,77
10196,97
10196,102
7266,1
7266,5
7266,9
7266,54
7480,1
7480,5
7480,35
7480,48
7480,52
7480,54
7480,55
7480,62
11181,18
11181,22
11181,35
11181,41
11181,55
11181,62
11181,63
11181,72
13680,35
13680,39
13680,54
13680,55
13680,63
13680,70
13680,102
12700,18
12700,34
12700,35
12700,37
12700,80
12700,83
12472,18
12472,30
12472,35
12472,52
12472,80
12472,81
12472,83
12942,18
12942,34
12942,35
12942,50
12942,52
12942,63
12942,72
6236,1
6236,3
6236,18
6236,34
6236,35
6236,49
6236,63
6236,72
7460,1
7460,5
7460,35
7460,43
7460,48
7460,52
7460,55
7460,102
7354,1
7354,5
7354,18
7354,22
7354,35
7354,48
7354,55
7354,63
7354,70
7354,77
7354,97
7354,102
9654,18
9654,20
9654,23
9654,25
9654,27
9654,34
9654,35
9654,49
9654,52
9654,55
9654,63
9654,72
9654,102
9574,18
9574,20
9574,22
9574,26
9574,34
9574,55
9574,63
9574,72
9574,102
14801,75
14801,76
14801,78
14801,97
14801,107
14801,111
14801,119
14801,132
10244,18
10244,20
10244,35
10244,50
10244,55
10244,62
8647,18
8647,19
8647,20
8647,25
8647,29
8647,34
8647,35
8647,41
8647,42
8647,48
8647,63
8647,72
11082,18
11082,22
11082,34
11082,35
11082,44
11082,47
11082,48
11082,50
11082,55
11082,102
11360,18
11360,23
11360,28
11360,35
11360,52
11360,55
11360,102
11235,18
11235,22
11235,35
11235,48
11235,55
11235,77
11235,97
11235,102
13396,35
13396,37
13396,41
13396,74
13396,79
13396,80
13396,83
13396,97
13396,122
8698,18
8698,19
8698,20
8698,34
8698,35
8698,41
8698,48
8698,54
8698,55
8698,62
8698,63
8698,70
8698,72
8698,74
8698,97
8698,120
5194,35
5194,37
5194,41
5194,55
5194,62
5194,74
5194,97
5194,120
7422,1
7422,5
7422,18
7422,35
7422,48
7422,52
7422,100
7657,1
7657,6
7657,13
7657,14
7657,18
7657,25
7657,35
7657,48
10229,18
10229,20
10229,35
10229,48
10229,55
10229,63
10229,70
10229,72
10229,102
10035,18
10035,20
10035,35
10035,37
10035,38
10035,55
10035,63
10035,72
10035,102
5895,1
5895,3
5895,5
5895,7
10108,18
10108,20
10108,35
10108,38
10108,42
10108,47
10108,63
10108,72
8396,13
8396,14
8396,18
8396,21
8396,25
8396,35
8396,48
8396,49
8396,55
8396,62
8396,63
8396,72
11720,18
11720,24
11720,35
11720,43
11720,48
11720,55
11720,62
11720,63
11720,72
11675,18
11675,24
11675,35
11675,38
11675,42
6432,1
6432,4
6432,5
6432,6
6432,63
6432,70
6432,89
6432,96
11142,18
11142,22
11142,35
11142,37
11142,49
11142,55
11142,63
11142,72
11142,102
11430,18
11430,23
11430,34
11430,35
11430,42
11430,49
11430,52
11430,55
11430,102
11760,18
11760,24
11760,63
11760,71
14647,74
14647,75
14647,79
14647,80
14647,83
14647,97
14647,112
14647,113
14647,120
14647,124
4917,18
4917,25
4917,35
4917,43
4917,48
12861,18
12861,34
12861,35
12861,42
12861,49
12861,52
12861,63
12861,70
12861,72
10939,18
10939,22
10939,27
10939,35
10939,48
10939,55
10939,62
9321,18
9321,19
9321,35
9321,43
9321,52
13285,35
13285,37
13285,38
13285,39
13285,40
13285,48
13285,49
9318,18
9318,19
9318,35
9318,43
9318,48
9318,55
9318,58
9318,63
9318,72
11212,18
11212,22
11212,35
11212,44
11212,50
14162,35
14162,49
14162,55
14162,62
14162,74
14162,75
14162,97
14162,118
14162,120
14045,35
14045,46
14045,54
5902,1
5902,3
5902,5
5902,8
5902,18
5902,20
5902,55
5902,63
5902,72
5902,102
8931,18
8931,19
8931,22
8931,35
8931,48
8931,55
8931,102
6438,1
6438,4
6438,5
6438,8
6438,9
6438,35
6438,48
6438,55
6438,63
6438,70
6438,102
9569,18
9569,20
9569,22
9569,25
9569,35
9569,41
9569,55
9569,63
9569,72
9569,102
4006,1
4006,3
4006,4
4006,5
4006,35
4006,43
4006,48
13360,35
13360,37
13360,41
13360,48
13360,52
13360,55
13360,62
13360,74
13360,79
13360,97
13360,120
10849,18
10849,22
10849,24
10849,29
10849,34
10849,35
10849,48
10849,55
10849,62
11199,18
11199,22
11199,35
11199,42
11199,52
11199,55
11199,77
11199,97
11199,102
11853,18
11853,25
11853,34
11853,35
11853,42
11853,48
11853,49
11853,55
11853,63
11853,72
11853,102
11902,18
11902,25
11902,35
11902,37
11902,42
11902,52
11902,55
11902,62
11902,63
11902,72
11611,18
11611,24
11611,31
11611,34
11611,35
11611,41
11611,48
11611,52
11611,55
11611,58
11611,63
11611,72
11611,77
11611,97
9972,18
9972,20
9972,34
9972,35
9972,41
9972,42
9972,43
9972,48
9972,52
9972,55
9972,62
9972,63
9972,72
9382,18
9382,19
9382,55
9382,59
9382,63
9382,72
11428,18
11428,23
11428,34
11428,35
11428,42
11428,48
11428,49
11428,52
11428,55
11428,102
6741,1
6741,4
6741,18
6741,29
6741,34
6741,35
6741,40
6741,41
6741,42
6741,52
6741,55
6741,63
6741,72
6741,102
9908,18
9908,20
9908,29
9908,35
9908,49
9908,52
9908,55
9908,102
5485,55
5485,63
5485,70
5485,77
5485,97
5485,102
12148,18
12148,27
12148,35
12148,52
12148,55
12148,63
12148,72
12148,102
8009,1
8009,8
8009,54
8009,63
8009,71
6421,1
6421,4
6421,5
6421,6
6421,35
6421,43
6421,48
6421,52
7221,1
7221,5
7221,8
7221,55
7221,62
7221,80
7221,83
8353,13
8353,14
8353,15
8353,18
8353,25
8353,55
8353,63
8353,72
8353,102
4968,18
4968,28
4968,35
4968,49
10837,18
10837,22
10837,23
10837,35
10837,49
10837,52
7804,1
7804,6
7804,35
7804,52
7804,55
7804,58
13139,18
13139,35
13139,41
13139,52
13139,55
13139,58
13139,63
13139,72
13139,100
8497,13
8497,15
8497,18
8497,33
10464,18
10464,21
10464,28
10464,30
10464,35
10464,48
10243,18
10243,20
10243,35
10243,50
7190,1
7190,5
7190,8
7190,35
7190,43
7190,52
7190,55
7190,58
12412,18
12412,29
12412,55
12412,62
12412,63
12412,70
5654,1
5654,2
5654,5
5654,91
5654,96
12632,18
12632,34
12632,35
12632,37
12632,40
12632,42
12632,55
12632,102
12918,18
12918,34
12918,35
12918,48
12918,52
12918,55
12918,58
12324,18
12324,29
12324,35
12324,37
12324,42
12324,55
12324,102
13811,35
13811,41
13811,49
13811,52
13811,54
13811,55
13811,58
13811,80
13811,83
13715,35
13715,40
13715,42
13715,55
13715,62
12888,18
12888,34
12888,35
12888,43
12888,52
12888,55
12888,58
12888,63
12888,72
8382,13
8382,14
8382,18
8382,20
8382,35
8382,37
8382,41
8382,63
8382,72
9941,18
9941,20
9941,34
9941,35
9941,37
9941,38
9941,63
9941,72
9941,80
9941,81
8263,1
8263,35
8263,37
8263,43
8263,63
8263,72
8263,98
10247,18
10247,20
10247,35
10247,52
10247,55
10247,58
6495,1
6495,4
6495,5
6495,35
6495,48
6495,52
6495,55
6495,102
9224,18
9224,19
9224,35
9224,37
9224,41
9224,48
9224,55
9224,58
9224,62
9224,63
9224,72
5713,1
5713,3
5713,4
5713,5
5713,6
5713,8
5713,91
5713,96
12725,18
12725,34
12725,35
12725,38
12725,48
12725,55
12725,102
8986,18
8986,19
8986,24
8986,25
8986,35
8986,48
8986,52
8986,55
8986,58
8986,63
8986,72
14232,35
14232,52
14232,63
14232,65
6127,1
6127,3
6127,18
6127,22
6127,23
6127,31
6127,34
6127,35
6127,43
6127,48
6127,52
6127,55
6127,58
13902,35
13902,42
13902,49
13902,55
13902,62
13902,74
13902,76
13902,79
13902,97
13902,107
13902,120
9139,18
9139,19
9139,34
9139,35
9139,37
9139,41
9139,42
9139,55
9139,63
9139,72
9139,77
9139,97
9139,102
11609,18
11609,24
11609,30
11609,35
11609,52
9928,18
9928,20
9928,31
9928,35
9928,55
9928,63
9928,72
9928,101
9928,102
7289,1
7289,5
7289,13
7289,14
7289,55
7289,62
5714,1
5714,3
5714,4
5714,5
5714,6
5714,9
5714,55
5714,62
5714,63
5714,72
8134,1
8134,9
8134,55
8134,62
8134,74
8134,75
8134,79
8134,97
8134,112
8134,113
8134,120
8134,122
13172,18
13172,35
13172,42
13172,48
13172,52
13172,55
13172,77
13172,97
13172,100
13172,102
12916,18
12916,34
12916,35
12916,48
12916,52
12916,53
7574,1
7574,6
7574,8
7574,18
7574,34
7574,35
7574,52
9593,18
9593,20
9593,22
9593,30
9593,31
9593,35
9593,37
9593,48
9593,52
9593,55
9593,58
9593,63
9593,72
7175,1
7175,5
7175,8
7175,35
7175,41
7175,52
7175,55
7175,102
12964,18
12964,34
12964,35
12964,55
12964,77
12964,97
12964,101
12964,102
6763,1
6763,4
6763,18
6763,35
6763,41
6763,52
6763,100
12306,18
12306,29
12306,34
12306,63
12306,70
10459,18
10459,21
10459,27
10459,35
10459,52
7397,1
7397,5
7397,18
7397,32
7397,55
7397,102
7256,1
7256,5
7256,9
7256,35
7256,38
7256,55
7256,62
13409,35
13409,37
13409,42
13409,48
13409,52
13409,55
13409,62
5266,35
5266,40
5266,41
5266,55
5266,58
12341,18
12341,29
12341,35
12341,38
12341,42
12341,48
12341,52
12341,55
12341,63
12341,72
12341,102
8842,18
8842,19
8842,22
8842,23
8842,29
8842,34
8842,35
8842,37
8842,42
8842,55
8842,62
10535,18
10535,21
10535,34
10535,35
10535,38
10535,48
10535,49
10535,52
10535,55
10535,80
10535,81
10535,102
10460,18
10460,21
10460,27
10460,35
10460,52
10460,55
10460,63
10460,72
10460,102
7542,1
7542,5
7542,80
7542,81
7542,83
7326,1
7326,5
7326,18
7326,20
7326,22
7326,29
7326,34
7326,35
7326,37
7326,41
7326,42
7326,55
7326,62
7326,63
7326,72
8703,18
8703,19
8703,20
8703,34
8703,35
8703,42
8703,48
8703,52
8703,55
8703,63
8703,72
8703,77
8703,97
8703,102
8746,18
8746,19
8746,20
8746,35
8746,42
8746,48
8746,63
8746,72
9100,18
9100,19
9100,29
9100,34
9100,35
9100,52
9100,55
9100,63
9100,72
9100,77
9100,97
9100,102
6179,1
6179,3
6179,18
6179,24
6179,35
6179,42
6179,43
6179,52
6179,53
6179,55
6179,77
6179,97
6179,102
13171,18
13171,35
13171,42
13171,48
13171,52
13171,55
13171,62
13171,100
10930,18
10930,22
10930,27
10930,34
10930,35
10930,42
10930,48
10930,55
10930,63
10930,72
10930,102
8097,1
8097,9
8097,18
8097,34
8097,35
8097,52
8097,63
8097,72
14317,55
14317,56
14317,57
14317,63
14317,70
6081,1
6081,3
6081,18
6081,19
6081,35
6081,48
6081,54
6081,55
6081,63
6081,72
6081,102
13090,18
13090,35
13090,40
13090,41
13090,48
13090,100
13262,35
13262,36
13262,43
13262,54
13262,55
13262,102
1749,74
1749,75
1749,97
1749,118
7070,1
7070,5
7070,8
7070,9
7070,18
7070,20
7070,35
7070,37
7070,63
7070,72
10895,18
10895,22
10895,25
10895,35
10895,37
10895,55
10895,63
10895,72
10895,102
9238,18
9238,19
9238,35
9238,37
9238,43
9238,55
9238,58
9238,63
9238,72
7336,1
7336,5
7336,18
7336,20
7336,35
7336,48
7336,55
7336,62
13126,18
13126,35
13126,41
13126,47
13126,49
13126,100
12258,18
12258,29
12258,34
12258,35
12258,41
12258,48
12258,52
12258,55
12258,63
12258,72
12258,77
12258,97
12258,102
5651,1
5651,2
5651,5
5651,35
5651,43
10665,18
10665,21
10665,35
10665,43
10665,55
10665,63
10665,72
10665,102
12008,18
12008,25
12008,63
12008,69
8275,1
8275,35
8275,39
8275,55
8275,98
8275,102
12507,18
12507,31
12507,35
12507,40
12507,42
5905,1
5905,3
5905,5
5905,8
5905,18
5905,22
5905,55
5905,77
5905,97
5905,102
11795,18
11795,25
11795,29
11795,34
11795,35
11795,52
11795,55
11795,62
11795,63
11795,72
13577,35
13577,37
13577,74
13577,75
13577,97
13577,112
13577,113
13577,120
10078,18
10078,20
10078,35
10078,37
10078,48
10078,52
10078,55
10078,63
10078,72
10078,102
13154,18
13154,35
13154,41
13154,55
13154,79
13154,100
13154,102
11603,18
11603,24
11603,30
11603,34
8299,1
8299,54
8299,55
8299,58
8299,62
8299,98
8130,1
8130,9
8130,55
8130,62
8130,63
8130,71
8130,74
8130,79
8130,97
8130,120
10630,18
10630,21
10630,35
10630,41
10630,43
7274,1
7274,5
7274,9
7274,63
7274,67
13840,35
13840,41
13840,55
13840,59
6844,1
6844,4
6844,54
6844,55
6844,77
6844,97
6844,102
13259,35
13259,36
13259,43
13259,49
13723,35
13723,40
13723,43
13723,53
13736,35
13736,40
13736,53
13736,55
13736,102
7829,1
7829,6
7829,55
7829,62
7829,63
7829,72
7829,80
7829,83
6475,1
6475,4
6475,5
6475,18
6475,22
6475,35
6475,48
14573,74
14573,75
14573,76
14573,77
14573,97
14573,107
14573,118
14573,120
14573,122
7267,1
7267,5
7267,9
7267,55
7267,62
7267,63
7267,70
7267,80
7267,83
7607,1
7607,6
7607,8
7607,63
7607,72
7607,74
7607,97
7607,120
14268,35
14268,74
14268,97
14268,101
14268,120
7322,1
7322,5
7322,18
7322,19
7322,35
7322,52
7322,63
7322,72
9342,18
9342,19
9342,35
9342,48
9342,52
9342,55
9342,62
11869,18
11869,25
11869,34
11869,35
11869,48
11869,52
11869,55
11869,62
11869,63
11869,72
13548,35
13548,37
13548,55
13548,74
13548,75
13548,80
13548,83
13548,97
13548,102
13548,112
13548,113
13548,120
13548,122
11028,18
11028,22
11028,31
11028,55
11028,102
6422,1
6422,4
6422,5
6422,6
6422,35
6422,48
6422,52
7214,1
7214,5
7214,8
7214,54
7214,55
7214,63
7214,72
7214,102
6891,1
6891,5
6891,6
6891,8
6891,18
6891,19
6891,35
6891,43
6891,48
6891,52
6891,55
6891,63
6891,72
6891,102
6163,1
6163,3
6163,18
6163,23
6163,29
6163,35
6163,43
6163,63
6163,72
10046,18
10046,20
10046,35
10046,37
10046,41
10046,48
10046,52
10046,55
10046,62
10046,63
10046,72
9209,18
9209,19
9209,34
9209,55
9209,63
9209,72
9209,77
9209,97
9209,102
12268,18
12268,29
12268,34
12268,35
12268,42
12268,48
12268,49
12268,52
12268,55
12268,102
9531,18
9531,20
9531,22
9531,23
9531,34
9531,35
9531,37
9531,41
9531,42
9531,43
9531,48
9531,52
9531,55
9531,63
9531,72
9531,102
5802,1
5802,3
5802,4
5802,18
5802,20
5802,35
5802,52
10271,18
10271,20
10271,55
10271,58
10271,63
10271,70
10271,72
14034,35
14034,45
14034,50
14034,54
11751,18
11751,24
11751,35
11751,63
11751,72
11751,77
11751,97
11751,101
11451,18
11451,23
11451,35
11451,37
11451,41
9680,18
9680,20
9680,23
9680,29
9680,35
9680,55
9680,63
9680,72
9680,101
9680,102
6607,1
6607,4
6607,8
6607,18
6607,20
6607,55
6607,63
6607,72
6607,102
6728,1
6728,4
6728,18
6728,23
6728,35
6728,48
6728,52
10770,18
10770,22
10770,23
10770,31
10770,34
10770,35
10770,48
10770,55
10770,77
10770,97
10770,102
6506,1
6506,4
6506,5
6506,63
6506,67
6284,1
6284,3
6284,35
6284,39
6284,63
6284,72
11483,18
11483,23
11483,35
11483,41
11483,42
11483,55
11483,63
11483,72
11483,102
10545,18
10545,21
10545,34
10545,35
10545,41
10545,42
10545,55
10545,58
10545,63
10545,72
6089,1
6089,3
6089,18
6089,20
6089,23
6089,24
6089,34
6089,35
6089,41
6089,48
6089,52
6089,55
6089,63
6089,72
6089,102
11138,18
11138,22
11138,35
11138,37
11138,48
11138,55
11138,62
11138,63
11138,70
11661,18
11661,24
11661,35
11661,37
11661,42
11661,46
11661,48
11661,55
11661,62
11661,79
9778,18
9778,20
9778,25
9778,29
9778,35
9778,42
9778,55
9778,63
9778,72
9778,102
9737,18
9737,20
9737,24
9737,34
9737,35
9737,38
9737,41
9737,42
9737,48
9737,52
9737,55
9737,63
9737,72
9737,102
10294,18
10294,21
10294,22
10294,23
10294,24
10294,29
10294,30
10294,34
10294,35
10294,41
10294,42
10294,48
10294,52
10294,55
10294,62
14442,55
14442,62
14442,80
14442,82
14442,83
11711,18
11711,24
11711,35
11711,42
11711,55
11711,62
6505,1
6505,4
6505,5
6505,55
6505,76
6505,97
6505,102
6505,111
7616,1
7616,6
7616,9
7616,10
7950,1
7950,8
7950,18
7950,25
7950,63
7950,72
6363,1
6363,3
6363,35
6363,54
6363,55
6363,58
6363,62
6363,101
9123,18
9123,19
9123,31
9123,34
9123,35
9123,38
9123,40
9123,42
9123,48
9123,52
9123,55
9123,62
9123,63
9123,72
11727,18
11727,24
11727,35
11727,43
11727,55
11727,62
7960,1
7960,8
7960,18
7960,34
7960,35
7960,43
7960,55
7960,102
9048,18
9048,19
9048,25
9048,28
9048,63
9048,72
9517,18
9517,20
9517,22
9517,23
9517,27
9517,28
9517,29
9517,30
9517,34
9517,35
9517,52
9517,55
9517,63
9517,72
9517,77
9517,97
9517,102
9216,18
9216,19
9216,35
9216,36
9216,43
9216,48
13248,35
13248,36
13248,41
13248,55
13248,62
11218,18
11218,22
11218,35
11218,47
11218,52
11218,55
11218,62
14298,54
14298,55
14298,63
14298,64
14298,102
6384,1
6384,3
6384,63
6384,72
6384,76
6384,97
6384,111
14724,74
14724,76
14724,97
14724,107
14724,111
14724,124
12521,18
12521,31
12521,35
12521,42
12521,55
12521,58
12521,63
12521,72
10385,18
10385,21
10385,24
10385,34
10385,35
10385,37
10385,41
10385,55
10385,62
10385,63
10385,72
10385,80
10385,83
14418,55
14418,62
14418,74
14418,97
14418,120
14418,122
14418,126
10022,18
10022,20
10022,34
10022,63
10022,69
10022,72
14107,35
14107,48
14107,53
14107,55
14107,58
8461,13
8461,14
8461,35
8461,37
8461,55
8461,63
8461,72
8461,102
6805,1
6805,4
6805,35
6805,43
6805,52
6805,55
6805,80
6805,81
6805,102
5486,55
5486,63
5486,71
5486,77
5486,97
5486,102
10016,18
10016,20
10016,34
10016,35
10016,49
10016,55
10016,62
10016,79
4662,18
4662,20
4662,35
4662,52
4662,63
4662,72
4662,77
4662,97
10763,18
10763,22
10763,23
10763,29
10763,35
10763,52
10763,55
10763,62
11666,18
11666,24
11666,35
11666,37
11666,48
11666,52
11666,55
11666,62
6578,1
6578,4
6578,6
6578,35
6578,48
6578,55
6578,62
13040,18
13040,35
13040,37
13040,41
13040,55
13040,62
13040,74
13040,79
13040,97
13040,100
13040,120
10565,18
10565,21
10565,34
10565,35
10565,48
10565,55
10565,63
10565,72
10565,102
13253,35
13253,36
13253,42
13253,52
10560,18
10560,21
10560,34
10560,35
10560,44
5995,1
5995,3
5995,6
5995,35
5995,37
5995,42
11644,18
11644,24
11644,34
11644,35
11644,43
11644,52
11644,55
11644,63
11644,72
11644,102
12044,18
12044,26
12044,35
12044,42
12044,43
9981,18
9981,20
9981,34
9981,35
9981,41
9981,42
9981,55
9981,80
9981,83
9981,102
11966,18
11966,25
11966,35
11966,42
11966,52
11966,55
11966,62
11966,63
11966,72
4532,18
4532,19
4532,35
4532,48
4532,54
13009,18
13009,35
13009,37
13009,38
13009,41
13009,52
13009,55
13009,100
13009,102
9620,18
9620,20
9620,22
9620,35
9620,41
9620,48
9620,49
9620,55
9620,63
9620,72
9620,102
7424,1
7424,5
7424,35
7424,36
8080,1
8080,9
8080,18
8080,25
8080,35
8080,38
8080,55
8080,62
8080,79
6171,1
6171,3
6171,18
6171,23
6171,35
6171,43
6171,52
6171,55
6171,102
5941,1
5941,3
5941,5
5941,18
5941,25
5941,35
5941,43
5941,63
5941,72
10819,18
10819,22
10819,23
10819,35
10819,41
10819,52
10819,55
10819,102
5772,1
5772,3
5772,4
5772,6
5772,55
5772,62
5772,63
5772,72
7812,1
7812,6
7812,35
7812,52
7812,77
7812,97
7775,1
7775,6
7775,35
7775,43
7775,49
7775,55
7775,102
9696,18
9696,20
9696,23
9696,34
9696,35
9696,49
9696,52
9696,55
9696,63
9696,72
9696,102
7721,1
7721,6
7721,18
7721,27
7721,55
7721,62
13791,35
13791,41
13791,43
13791,55
13791,77
13791,97
13791,102
12748,18
12748,34
12748,35
12748,40
12748,41
12748,42
12748,48
12748,49
12748,55
12748,62
12748,63
12748,72
10068,18
10068,20
10068,35
10068,37
10068,43
10068,48
10068,52
10068,55
10068,63
10068,72
10068,74
10068,97
10068,102
10068,120
10068,122
11080,18
11080,22
11080,34
11080,35
11080,42
11080,55
11080,62
11080,63
11080,72
8912,18
8912,19
8912,22
8912,35
8912,37
8912,42
8912,55
8912,63
8912,72
8912,74
8912,97
8912,102
8912,122
9958,18
9958,20
9958,34
9958,35
9958,37
9958,49
9958,50
9958,52
9958,55
9958,102
13927,35
13927,42
13927,55
13927,63
13927,72
13927,80
13927,81
13927,102
11038,18
11038,22
11038,34
11038,35
11038,37
11038,41
11038,42
11038,52
11038,55
11038,102
8439,13
8439,14
8439,18
8439,31
8439,63
8439,71
8439,72
9020,18
9020,19
9020,24
9020,35
9020,37
9020,38
9020,41
9020,52
9020,54
9020,55
9020,62
9020,63
9020,72
9020,79
8261,1
8261,18
8261,34
8261,35
8261,42
8261,52
8261,54
8261,55
8261,63
8261,72
8261,98
8261,102
12925,18
12925,34
12925,35
12925,48
12925,55
12925,62
12925,74
12925,75
12925,97
12925,112
12925,113
12925,120
7792,1
7792,6
7792,35
7792,48
7792,52
7792,77
7792,97
12619,18
12619,34
12619,35
12619,37
12619,38
12619,48
12619,55
12619,58
12619,62
12619,63
12619,72
5915,1
5915,3
5915,5
5915,8
5915,35
5915,101
10080,18
10080,20
10080,35
10080,37
10080,48
10080,55
10080,62
10080,63
10080,72
10080,74
10080,97
10080,120
10080,122
6204,1
6204,3
6204,18
6204,29
6204,35
6204,43
6204,55
6204,62
12580,18
12580,33
12580,35
12580,42
12239,18
12239,29
12239,34
12239,35
12239,37
12239,38
12239,55
12239,77
12239,80
12239,81
12239,97
12239,102
13772,35
13772,41
13772,43
13772,48
13772,52
13772,55
13772,62
10991,18
10991,22
10991,29
10991,35
10991,42
10991,52
10991,55
10991,102
14470,55
14470,74
14470,76
14470,77
14470,97
14470,102
14470,111
14470,120
10065,18
10065,20
10065,35
10065,37
10065,42
10065,48
10065,63
10065,72
11927,18
11927,25
11927,35
11927,38
11927,55
11927,62
13602,35
13602,38
13602,41
13602,52
13602,55
13602,102
12628,18
12628,34
12628,35
12628,37
12628,39
12628,41
12628,55
12628,102
6868,1
6868,4
6868,63
6868,68
6868,80
6868,81
7456,1
7456,5
7456,35
7456,42
7456,48
7456,55
7456,77
7456,97
7456,102
6908,1
6908,5
6908,6
6908,8
6908,35
6908,41
6908,43
13002,18
13002,35
13002,36
13002,41
13002,52
13002,100
13982,35
13982,43
13982,52
13982,63
13982,72
13982,80
13982,83
7715,1
7715,6
7715,18
7715,25
9670,18
9670,20
9670,23
9670,27
9670,35
9670,52
9670,55
9670,63
9670,72
9670,102
9645,18
9645,20
9645,23
9645,24
9645,27
9645,35
9645,43
9645,48
9645,52
9645,55
9645,63
9645,72
9645,102
13814,35
13814,41
13814,49
13814,55
13814,58
7525,1
7525,5
7525,63
7525,69
7525,71
13824,35
13824,41
13824,52
13824,55
13824,58
13824,63
13824,72
7142,1
7142,5
7142,8
7142,18
7142,34
7418,1
7418,5
7418,18
7418,35
7418,41
7418,42
7418,52
7418,55
7418,100
7418,102
12126,18
12126,27
12126,35
12126,42
12126,48
12126,55
12126,62
12126,63
12126,72
12990,18
12990,35
12990,36
12990,37
12990,38
12990,41
12990,49
12990,52
12990,55
12990,100
12990,102
8243,1
8243,12
8243,63
8243,72
8492,13
8492,14
8492,63
8492,71
8492,77
8492,78
8492,97
8492,132
9146,18
9146,19
9146,34
9146,35
9146,38
9146,41
9146,48
9146,55
9146,63
9146,72
9146,102
13387,35
13387,37
13387,41
13387,55
13387,62
13387,79
13387,80
13387,81
13731,35
13731,40
13731,49
13731,52
13731,63
13731,72
13740,35
13740,40
13740,63
13740,72
13740,80
13740,83
7587,1
7587,6
7587,8
7587,35
7587,52
14509,63
14509,67
14509,89
14509,96
14488,55
14488,78
14488,97
14488,102
14488,127
14629,74
14629,75
14629,78
14629,97
14629,112
14629,113
14629,122
14629,131
14629,132
11700,18
11700,24
11700,35
11700,42
11700,48
11942,18
11942,25
11942,35
11942,41
11942,48
11942,49
11942,55
11942,63
11942,72
11942,102
8336,1
8336,74
8336,75
8336,79
8336,80
8336,83
8336,97
8336,98
8336,112
8336,113
8336,120
12319,18
12319,29
12319,35
12319,37
12319,41
12319,48
12319,55
12319,63
12319,72
12319,102
12302,18
12302,29
12302,34
12302,55
12302,62
12302,80
12302,83
11514,18
11514,23
11514,35
11514,45
11514,55
11514,102
7339,1
7339,5
7339,18
7339,21
11154,18
11154,22
11154,35
11154,38
11154,55
11154,62
13029,18
13029,35
13029,37
13029,41
13029,43
13029,55
13029,62
13029,63
13029,72
13029,80
13029,81
13029,100
11809,18
11809,25
11809,30
11809,34
11809,35
11809,48
11809,52
11809,55
11809,63
11809,72
11809,102
6551,1
6551,4
6551,6
6551,10
6551,63
6551,72
6551,76
6551,97
6551,111
11270,18
11270,23
11270,24
11270,28
11270,35
11270,40
11270,43
11270,48
11270,55
11270,77
11270,97
11270,102
8053,1
8053,9
8053,18
8053,19
8053,34
8053,55
8053,63
8053,72
8053,102
6459,1
6459,4
6459,5
6459,8
6459,79
13516,35
13516,37
13516,55
13516,59
13516,63
13516,70
9535,18
9535,20
9535,22
9535,23
9535,34
9535,35
9535,48
9535,55
9535,62
9535,63
9535,72
9843,18
9843,20
9843,25
9843,55
9843,63
9843,72
9843,77
9843,97
9843,102
8081,1
8081,9
8081,18
8081,25
8081,35
8081,43
8081,55
8081,63
8081,72
8081,102
10518,18
10518,21
10518,33
10518,34
10518,35
10518,52
11524,18
11524,23
11524,35
11524,48
11524,52
11524,55
11524,63
11524,72
11524,102
9676,18
9676,20
9676,23
9676,29
9676,34
9676,35
9676,36
9676,48
9676,52
9676,55
9676,63
9676,72
9676,102
13848,35
13848,41
13848,55
13848,62
13848,75
13848,97
13848,118
13613,35
13613,38
13613,43
13613,55
13613,102
10502,18
10502,21
10502,29
10502,35
10502,50
10502,55
10502,102
6424,1
6424,4
6424,5
6424,6
6424,35
6424,48
6424,55
6424,62
6424,77
6424,97
11445,18
11445,23
11445,34
11445,35
11445,55
11445,77
11445,97
11445,101
11445,102
10249,18
10249,20
10249,35
10249,52
10249,55
10249,62
10249,63
10249,70
7029,1
7029,5
7029,6
7029,35
7029,52
7029,55
7029,62
5952,1
5952,3
5952,5
5952,35
5952,42
5952,55
5952,102
6489,1
6489,4
6489,5
6489,35
6489,42
6489,48
6489,49
10426,18
10426,21
10426,25
10426,34
10426,35
10426,49
10426,63
10426,72
7490,1
7490,5
7490,35
7490,52
7490,55
7490,62
6173,1
6173,3
6173,18
6173,23
6173,55
6173,58
7196,1
7196,5
7196,8
7196,35
7196,43
7196,63
7196,70
10272,18
10272,20
10272,55
10272,58
10272,63
10272,72
10272,77
10272,97
10224,18
10224,20
10224,35
10224,48
10224,55
10224,62
10224,63
10224,70
10224,72
5770,1
5770,3
5770,4
5770,6
5770,35
5770,55
5770,58
5770,101
7421,1
7421,5
7421,18
7421,35
7421,42
7421,43
7421,48
7421,52
7421,55
7421,63
7421,72
7421,100
7421,102
7040,1
7040,5
7040,6
7040,55
7040,63
7040,72
7040,76
7040,77
7040,97
7040,102
7040,111
12136,18
12136,27
12136,35
12136,48
12136,49
7947,1
7947,8
7947,18
7947,25
7947,35
7947,41
7947,48
7947,55
7947,63
7947,72
7947,102
11852,18
11852,25
11852,34
11852,35
11852,42
11852,48
11852,49
11852,52
11852,55
11852,62
11852,63
11852,72
11852,77
11852,97
5827,1
5827,3
5827,4
5827,35
5827,37
5827,52
5827,63
5827,72
13604,35
13604,38
13604,41
13604,55
13604,63
13604,72
13604,102
6967,1
6967,5
6967,6
6967,18
6967,19
6967,22
6967,35
6967,52
6967,54
6967,55
6967,63
6967,72
6967,102
13455,35
13455,37
13455,47
8280,1
8280,35
8280,43
8280,49
8280,98
13138,18
13138,35
13138,41
13138,52
13138,55
13138,58
13138,62
13138,100
13527,35
13527,37
13527,55
13527,62
13527,74
13527,75
13527,79
13527,97
13527,112
13527,113
13527,120
10513,18
10513,21
10513,31
10513,55
10513,63
10513,72
10513,102
9237,18
9237,19
9237,35
9237,37
9237,43
9237,52
9237,55
9237,63
9237,72
9237,102
6099,1
6099,3
6099,18
6099,20
6099,35
6099,42
6099,43
6099,48
6099,63
6099,72
6487,1
6487,4
6487,5
6487,35
6487,41
3993,1
3993,2
3993,18
3993,20
3993,63
3993,72
7883,1
7883,7
7883,35
7883,43
7883,55
7883,102
13066,18
13066,35
13066,38
13066,42
13066,43
13066,52
13066,63
13066,72
13066,100
5877,1
5877,3
5877,5
5877,6
5877,8
5877,55
5877,102
12931,18
12931,34
12931,35
12931,49
12931,50
12931,52
12931,55
12931,102
10685,18
10685,21
10685,55
10685,58
10685,63
10685,72
12463,18
12463,30
12463,35
12463,48
12463,52
12463,55
12463,63
12463,72
12463,102
10867,18
10867,22
10867,24
10867,35
10867,48
10867,55
10867,102
6800,1
6800,4
6800,35
6800,42
6800,48
6800,63
6800,72
13597,35
13597,38
13597,41
13597,43
13597,48
13597,52
12469,18
12469,30
12469,35
12469,48
12469,63
12469,72
8449,13
8449,14
8449,18
8449,34
8449,55
8449,77
8449,97
8449,102
14203,35
14203,52
14203,53
14203,63
14203,72
6419,1
6419,4
6419,5
6419,6
6419,18
6419,20
6419,55
6419,63
6419,72
6419,80
6419,81
6419,102
10177,18
10177,20
10177,35
10177,42
10177,48
10177,52
10177,55
10177,63
10177,72
10177,77
10177,97
10177,102
13605,35
13605,38
13605,41
13605,55
13605,77
13605,97
13605,102
7923,1
7923,8
7923,18
7923,20
7923,35
7923,41
7923,55
7923,63
7923,72
7923,102
9014,18
9014,19
9014,24
9014,34
9014,35
9014,48
9014,52
9014,63
9014,72
7576,1
7576,6
7576,8
7576,35
7576,37
7576,38
7576,41
7576,55
7576,62
7576,77
7576,97
12045,18
12045,26
12045,35
12045,42
12045,43
12045,48
12045,49
6509,1
6509,4
6509,5
6509,79
10588,18
10588,21
10588,35
10588,37
10588,41
10588,55
10588,77
10588,97
10588,102
11824,18
11824,25
11824,32
5954,1
5954,3
5954,5
5954,35
5954,43
5954,48
5954,52
5954,55
5954,58
14557,63
14557,71
14557,91
14557,95
14557,96
11710,18
11710,24
11710,35
11710,42
11710,55
11710,58
11710,63
11710,72
6228,1
6228,3
6228,18
6228,34
6228,35
6228,43
6228,55
6228,63
6228,72
6228,102
6768,1
6768,4
6768,35
6768,37
6768,41
6768,52
6768,55
6768,62
13377,35
13377,37
13377,41
13377,52
13377,55
13377,77
13377,97
13377,102
12872,18
12872,34
12872,35
12872,42
12872,55
12872,62
12872,63
12872,72
12872,79
5889,1
5889,3
5889,5
5889,6
5889,35
5889,43
5889,55
5889,76
5889,77
5889,97
5889,102
5889,111
8568,18
8568,19
8568,20
8568,21
8568,34
8568,35
8568,42
8568,52
8568,55
8568,63
8568,72
8568,102
10251,18
10251,20
10251,35
10251,52
10251,55
10251,62
10251,63
10251,72
10251,80
10251,81
11541,18
11541,23
11541,55
11541,62
11541,63
11541,72
11903,18
11903,25
11903,35
11903,37
11903,42
11903,55
11903,62
11455,18
11455,23
11455,35
11455,37
11455,42
11455,48
11455,49
11455,52
11455,55
11455,102
7411,1
7411,5
7411,18
7411,34
7411,35
7411,49
7411,55
7411,102
8281,1
8281,35
8281,43
8281,52
8281,98
13335,35
13335,37
13335,41
13335,42
13335,48
13335,49
13335,63
13335,72
5767,1
5767,3
5767,4
5767,6
5767,18
5767,34
5767,35
5767,55
5767,101
5767,102
12491,18
12491,31
12491,34
12491,35
12491,52
12491,55
12491,102
13286,35
13286,37
13286,38
13286,39
13286,41
5958,1
5958,3
5958,5
5958,35
5958,43
5958,53
5958,55
5958,102
11103,18
11103,22
11103,34
11103,35
11103,52
11103,55
11103,77
11103,97
11103,102
10472,18
10472,21
10472,29
10472,34
10472,35
10472,37
10472,41
10472,52
10472,55
10472,63
10472,72
10472,102
8734,18
8734,19
8734,20
8734,35
8734,41
8734,42
8734,48
8734,63
8734,72
8734,77
8734,97
11872,18
11872,25
11872,34
11872,35
11872,48
11872,55
11872,102
5784,1
5784,3
5784,4
5784,9
5784,55
5784,102
7986,1
7986,8
7986,35
7986,42
7986,63
7986,72
14767,74
14767,78
14767,97
14767,124
14767,128
4701,18
4701,21
4701,35
4701,38
4701,55
4701,102
7778,1
7778,6
7778,35
7778,43
7778,55
7778,62
7778,76
7778,97
7778,111
8732,18
8732,19
8732,20
8732,35
8732,40
8732,48
8732,49
11161,18
11161,22
11161,35
11161,40
11161,63
11161,72
6781,1
6781,4
6781,35
6781,37
6781,55
6781,102
13782,35
13782,41
13782,43
13782,52
13782,55
13782,58
13782,77
13782,97
12431,18
12431,30
12431,34
12431,35
12431,43
12431,48
12431,50
12431,52
8329,1
8329,63
8329,70
8329,74
8329,79
8329,97
8329,98
8329,120
8329,122
7009,1
7009,5
7009,6
7009,35
7009,42
7009,52
7009,63
7009,72
7048,1
7048,5
7048,6
7048,63
7048,72
7048,76
7048,97
7048,111
10159,18
10159,20
10159,35
10159,41
10159,55
10159,62
14354,55
14354,62
14354,63
14354,70
14354,74
14354,75
14354,97
14354,118
14354,120
10553,18
10553,21
10553,34
10553,35
10553,42
10553,48
10553,52
10553,55
10553,63
10553,72
10553,102
10690,18
10690,21
10690,76
10690,77
10690,97
10690,111
12255,18
12255,29
12255,34
12255,35
12255,41
12255,42
12255,48
12255,52
6511,1
6511,4
6511,5
6511,91
6511,96
13073,18
13073,35
13073,38
13073,48
13073,63
13073,72
13073,100
11166,18
11166,22
11166,35
11166,41
11166,42
11166,55
11166,102
12849,18
12849,34
12849,35
12849,42
12849,48
12849,49
12849,52
12849,55
12849,63
12849,72
12849,102
7095,1
7095,5
7095,8
7095,18
7095,19
7095,35
7095,43
7095,55
7095,63
7095,72
7095,102
14081,35
14081,48
14081,52
14081,54
14081,55
14081,58
14081,62
7007,1
7007,5
7007,6
7007,35
7007,42
11944,18
11944,25
11944,35
11944,41
11944,48
11944,52
11944,55
11944,102
10776,18
10776,22
10776,23
10776,31
10776,55
10776,80
10776,81
10776,102
7567,1
7567,6
7567,8
7567,18
7567,21
7567,63
7567,72
5758,1
5758,3
5758,4
5758,6
5758,8
5758,55
5758,102
12105,18
12105,27
12105,34
12105,35
12105,52
12105,55
12105,63
12105,72
12105,102
8686,18
8686,19
8686,20
8686,34
8686,35
8686,37
8686,38
8686,41
8686,52
8686,55
8686,63
8686,72
8686,102
10488,18
10488,21
10488,29
10488,35
10488,37
10488,41
10488,52
10488,63
10488,72
14260,35
14260,55
14260,62
14260,79
14260,101
6267,1
6267,3
6267,35
6267,37
6267,43
6267,55
6267,62
5816,1
5816,3
5816,4
5816,18
5816,26
5816,29
5816,35
5816,48
7431,1
7431,5
7431,35
7431,37
7431,48
7431,52
12490,18
12490,31
12490,34
12490,35
12490,42
12490,63
12490,72
10744,18
10744,22
10744,23
10744,29
10744,34
10744,35
10744,37
10744,41
10744,55
10744,63
10744,70
10744,72
10744,102
12767,18
12767,34
12767,35
12767,41
12767,42
12767,48
12767,49
12767,55
12767,63
12767,72
12767,102
8409,13
8409,14
8409,18
8409,22
8409,35
8409,48
8409,63
8409,71
9184,18
9184,19
9184,34
9184,35
9184,42
9184,52
9184,55
9184,77
9184,97
9184,102
11125,18
11125,22
11125,35
11125,37
11125,41
11125,52
11125,55
11125,63
11125,72
11125,102
9409,18
9409,20
9409,21
9409,23
9409,24
9409,25
9409,29
9409,35
9409,42
9409,48
9409,52
9409,55
9409,63
9409,72
9409,102
10973,18
10973,22
10973,29
10973,34
10973,35
10973,48
10973,52
10973,55
10973,102
9472,18
9472,20
9472,21
9472,34
9472,35
9472,42
9472,48
9472,52
9472,55
9472,63
9472,72
9472,102
11801,18
11801,25
11801,29
11801,35
11801,42
11801,52
11801,63
11801,72
6042,1
6042,3
6042,10
6042,18
6042,20
6042,63
6042,72
12210,18
12210,28
12210,35
12210,49
12210,52
12210,55
12210,102
12093,18
12093,27
12093,34
12093,35
12093,42
12093,52
12093,63
12093,72
12093,77
12093,97
5650,1
5650,2
5650,5
5650,8
5650,9
5650,35
5650,37
5650,43
5650,52
5650,55
5650,62
10657,18
10657,21
10657,35
10657,43
10657,48
10657,52
10657,55
10657,58
10657,63
10657,72
13821,35
13821,41
13821,52
13821,54
14270,35
14270,79
14270,101
13028,18
13028,35
13028,37
13028,41
13028,43
13028,48
13028,52
13028,55
13028,58
13028,63
13028,72
13028,100
12181,18
12181,28
12181,33
12181,34
12181,55
12181,102
7519,1
7519,5
7519,55
7519,79
7519,102
7580,1
7580,6
7580,8
7580,35
7580,43
7580,55
7580,63
7580,72
7580,102
7220,1
7220,5
7220,8
7220,55
7220,62
7220,79
7220,80
7220,83
10289,18
10289,20
10289,74
10289,79
10289,97
10289,120
10289,122
5971,1
5971,3
5971,5
5971,55
5971,80
5971,81
5971,102
12864,18
12864,34
12864,35
12864,42
12864,52
12864,55
12864,62
12864,63
12864,72
8548,18
8548,19
8548,20
8548,21
8548,23
8548,34
8548,35
8548,37
8548,41
8548,43
8548,48
8548,55
8548,62
8548,63
8548,72
6798,1
6798,4
6798,35
6798,42
6798,43
5094,18
5094,34
5094,35
5094,52
5094,54
5094,55
5094,102
7667,1
7667,6
7667,18
7667,19
7667,22
7667,34
7667,35
7667,48
7667,52
7667,55
7667,63
7667,72
7667,102
6118,1
6118,3
6118,18
6118,21
6118,35
6118,37
6118,41
6118,52
6118,55
6118,102
7748,1
7748,6
7748,35
7748,37
7748,48
7748,55
7748,63
7748,71
7748,72
7748,102
13737,35
13737,40
13737,55
13737,77
13737,97
13737,102
7834,1
7834,6
7834,55
7834,63
7834,69
7834,102
10555,18
10555,21
10555,34
10555,35
10555,42
10555,52
13724,35
13724,40
13724,45
4933,18
4933,26
4933,35
4933,42
11330,18
11330,23
11330,25
11330,35
11330,41
11330,43
11330,52
11330,55
11330,63
11330,72
11330,102
11413,18
11413,23
11413,34
11413,35
11413,37
11413,55
11413,102
9307,18
9307,19
9307,35
9307,42
9307,54
9307,77
9307,97
13205,18
13205,35
13205,48
13205,63
13205,70
13205,100
14902,78
14902,79
14902,80
14902,83
14902,97
14902,127
13429,35
13429,37
13429,43
13429,48
13429,55
13429,58
13429,63
13429,72
7319,1
7319,5
7319,18
7319,19
7319,35
7319,48
7319,52
7319,63
7319,72
7703,1
7703,6
7703,18
7703,22
7703,34
7703,35
7703,55
7703,63
7703,72
7703,101
7703,102
13142,18
13142,35
13142,41
13142,53
13142,100
14123,35
14123,48
14123,55
14123,62
14123,76
14123,97
14123,111
7830,1
7830,6
7830,55
7830,62
7830,76
7830,77
7830,97
7830,107
7830,111
10302,18
10302,21
10302,22
10302,23
10302,29
10302,30
10302,31
10302,34
10302,35
10302,41
10302,55
10302,62
5674,1
5674,2
5674,18
5674,20
13508,35
13508,37
13508,54
13508,55
13508,74
13508,97
13508,102
13508,122
9152,18
9152,19
9152,34
9152,35
9152,38
9152,63
9152,72
12367,18
12367,29
12367,35
12367,41
12367,52
12367,63
12367,72
9911,18
9911,20
9911,29
9911,35
9911,52
9911,55
9911,58
9911,63
9911,72
12520,18
12520,31
12520,35
12520,42
12520,52
12520,63
12520,72
6697,1
6697,4
6697,18
6697,19
6697,55
6697,63
6697,72
6697,77
6697,97
6697,102
5845,1
5845,3
5845,4
5845,35
5845,48
5845,55
5845,62
5845,80
5845,83
8604,18
8604,19
8604,20
8604,22
8604,34
8604,35
8604,41
8604,42
8604,55
8604,63
8604,72
8604,102
10308,18
10308,21
10308,22
10308,23
10308,34
10308,35
10308,48
11318,18
11318,23
11318,25
11318,30
11318,34
11318,35
11318,38
11318,40
11318,41
11318,48
11318,52
11318,55
11318,62
6321,1
6321,3
6321,35
6321,43
6321,49
6321,52
6321,55
6321,102
13339,35
13339,37
13339,41
13339,42
13339,52
13339,55
13339,63
13339,72
13339,102
5985,1
5985,3
5985,6
5985,10
5985,55
5985,63
5985,70
5985,102
12222,18
12222,29
12222,30
7115,1
7115,5
7115,8
7115,18
7115,22
7115,29
7115,34
7115,35
7115,42
7115,52
7115,63
7115,72
11267,18
11267,23
11267,24
11267,26
11267,35
11267,48
11267,55
11267,58
11267,63
11267,72
12485,18
12485,31
12485,34
12485,35
12485,40
12485,52
12150,18
12150,27
12150,35
12150,55
12150,58
12150,101
6613,1
6613,4
6613,8
6613,35
6613,37
14219,35
14219,52
14219,55
14219,62
14219,63
14219,70
14219,80
14219,83
12467,18
12467,30
12467,35
12467,48
12467,55
12467,63
12467,72
12467,102
8188,1
8188,10
8188,18
8188,20
8188,54
8188,55
8188,58
11535,18
11535,23
11535,35
11535,52
11535,55
11535,80
11535,81
11535,102
7924,1
7924,8
7924,18
7924,20
7924,35
7924,43
7924,63
7924,72
9624,18
9624,20
9624,22
9624,35
9624,41
9624,52
9624,55
9624,63
9624,72
9624,102
8212,1
8212,10
8212,35
8212,37
8212,80
8212,83
8491,13
8491,14
8491,63
8491,70
8491,78
8491,97
8491,132
14431,55
14431,62
14431,75
14431,80
14431,83
14431,97
14431,112
14431,114
8865,18
8865,19
8865,22
8865,24
8865,34
8865,35
8865,42
8865,52
8865,55
8865,63
8865,72
8865,77
8865,97
8865,102
10378,18
10378,21
10378,24
10378,27
10378,34
10378,35
10378,52
10378,55
10378,102
5977,1
5977,3
5977,6
5977,8
5977,55
5977,62
5977,63
5977,72
5977,79
12071,18
12071,27
12071,30
6519,1
6519,4
6519,6
6519,8
6519,35
6519,43
6519,52
9798,18
9798,20
9798,25
9798,34
9798,35
9798,47
9798,48
9798,55
9798,63
9798,72
9798,102
12138,18
12138,27
12138,35
12138,48
12138,52
12138,77
12138,97
14903,78
14903,79
14903,97
14903,132
11352,18
11352,23
11352,27
11352,35
11352,52
14596,74
14596,75
14596,76
14596,97
14596,107
14596,112
14596,113
14596,120
14596,124
8007,1
8007,8
8007,35
8007,54
8007,55
8007,63
8007,70
8007,101
8007,102
9719,18
9719,20
9719,23
9719,35
9719,52
9719,55
9719,62
9719,63
9719,72
12577,18
12577,33
12577,34
12577,63
12577,72
9568,18
9568,20
9568,22
9568,25
9568,34
9568,55
9568,63
9568,72
9568,102
11107,18
11107,22
11107,34
11107,55
11107,62
11107,63
11107,72
14600,74
14600,75
14600,76
14600,97
14600,107
14600,118
14600,120
14600,122
14600,124
10562,18
10562,21
10562,34
10562,35
10562,48
10562,52
10562,63
10562,72
8508,13
8508,15
8508,55
8508,63
8508,69
8508,102
7742,1
7742,6
7742,35
7742,37
7742,41
7742,48
7742,55
7742,62
7742,63
7742,72
8534,18
8534,19
8534,20
8534,21
8534,22
8534,27
8534,34
8534,35
8534,37
8534,41
8534,42
8534,52
8534,55
8534,63
8534,72
8534,102
9782,18
9782,20
9782,25
9782,31
9782,34
9782,55
9782,63
9782,72
9782,102
8363,13
8363,14
8363,18
8363,19
8363,25
8363,35
8363,37
8363,63
8363,72
5946,1
5946,3
5946,5
5946,18
5946,34
5946,35
5946,52
5946,55
5946,102
8859,18
8859,19
8859,22
8859,23
8859,35
8859,48
8859,52
8859,55
8859,102
13011,18
13011,35
13011,37
13011,38
13011,49
13011,52
13011,55
13011,100
13011,102
12892,18
12892,34
12892,35
12892,44
12892,48
12892,52
9916,18
9916,20
9916,30
9916,34
9916,35
9916,37
9916,42
9916,48
9916,52
9916,55
9916,63
9916,72
9916,102
9482,18
9482,20
9482,21
9482,34
9482,35
9482,52
9482,55
9482,63
9482,72
9482,102
11067,18
11067,22
11067,34
11067,35
11067,41
11067,48
11067,52
11067,55
11067,77
11067,97
11067,102
5776,1
5776,3
5776,4
5776,8
5776,10
5776,35
5776,37
5776,52
5776,54
5776,55
5776,62
5776,63
5776,70
10663,18
10663,21
10663,35
10663,43
10663,52
10663,63
10663,72
14243,35
14243,52
14243,76
14243,77
14243,97
14243,107
14243,111
14661,74
14661,75
14661,80
14661,83
14661,97
14661,119
14661,122
8877,18
8877,19
8877,22
8877,29
10407,18
10407,21
10407,25
10407,29
10407,34
10407,35
10407,52
10407,55
10407,63
10407,72
10407,102
10346,18
10346,21
10346,22
10346,35
10346,52
10346,55
10346,102
6503,1
6503,4
6503,5
6503,55
6503,63
6503,70
6503,102
12565,18
12565,32
12565,35
12565,48
12565,52
10499,18
10499,21
10499,29
10499,35
10499,42
13872,35
13872,42
13872,43
13872,52
13872,63
13872,72
13316,35
13316,37
13316,39
13316,49
13179,18
13179,35
13179,42
13179,52
13179,55
13179,58
13179,100
8190,1
8190,10
8190,18
8190,20
8190,55
8190,63
8190,72
8190,102
14890,76
14890,80
14890,81
14890,97
14890,111
8957,18
8957,19
8957,23
8957,32
10207,18
10207,20
10207,35
10207,47
10207,52
12511,18
12511,31
12511,35
12511,41
12511,52
5641,1
5641,2
5641,4
5641,8
13390,35
13390,37
13390,41
13390,55
13390,74
13390,75
13390,97
13390,102
13390,112
13390,113
13390,120
13390,122
6984,1
6984,5
6984,6
6984,18
6984,25
6984,63
6984,72
7113,1
7113,5
7113,8
7113,18
7113,21
7113,63
7113,72
7579,1
7579,6
7579,8
7579,35
7579,43
7579,52
11045,18
11045,22
11045,34
11045,35
11045,37
11045,42
11045,52
11045,55
11045,63
11045,72
11045,102
6473,1
6473,4
6473,5
6473,18
6473,21
7589,1
7589,6
7589,8
7589,35
7589,52
7589,55
7589,62
7589,63
7589,72
5663,1
5663,2
5663,8
5663,55
5663,102
12081,18
12081,27
12081,34
12081,35
12081,36
12081,49
8992,18
8992,19
8992,24
8992,27
8992,35
8992,48
8992,63
8992,72
13022,18
13022,35
13022,37
13022,40
13022,41
13022,52
13022,55
13022,100
13022,102
7184,1
7184,5
7184,8
7184,35
7184,43
7184,48
7184,52
14677,74
14677,75
14677,97
14677,112
14677,113
14677,119
14677,122
13738,35
13738,40
13738,55
13738,80
13738,83
13738,102
6244,1
6244,3
6244,18
6244,35
6244,41
6244,43
6244,52
6244,100
6872,1
6872,4
6872,63
6872,70
6872,72
12021,18
12021,26
12021,30
5469,55
5469,62
5469,74
5469,75
5469,79
5469,97
5469,112
5469,113
5469,120
9476,18
9476,20
9476,21
9476,34
9476,35
9476,42
9476,52
9476,63
9476,72
13569,35
13569,37
13569,74
13569,75
13569,79
13569,97
13569,112
13569,113
13569,120
11974,18
11974,25
11974,35
11974,43
11974,52
11974,55
11974,63
11974,72
11974,102
6555,1
6555,4
6555,6
6555,13
6555,14
6555,18
6555,20
6555,35
6555,37
6555,63
6555,72
6555,79
13278,35
13278,36
13278,52
13278,63
13278,70
10142,18
10142,20
10142,35
10142,41
10142,43
10142,52
10142,63
10142,72
12729,18
12729,34
12729,35
12729,38
12729,52
12729,55
12729,62
12729,63
12729,72
14548,63
14548,70
14548,90
14548,91
14548,96
6184,1
6184,3
6184,18
6184,25
6184,26
6184,34
6184,35
6184,52
6184,55
6184,63
6184,72
6184,102
9704,18
9704,20
9704,23
9704,35
9704,41
9704,42
9704,48
9704,52
9704,63
9704,72
5019,18
5019,31
5019,35
5019,52
5019,55
5019,63
5019,72
5019,102
8704,18
8704,19
8704,20
8704,34
8704,35
8704,42
8704,48
8704,52
8704,63
8704,72
12962,18
12962,34
12962,35
12962,55
12962,63
12962,72
12962,77
12962,97
12962,101
12962,102
6628,1
6628,4
6628,8
6628,35
6628,63
6628,72
6628,101
12227,18
12227,29
12227,30
12227,35
12227,38
12227,52
12227,55
12227,63
12227,72
12227,102
7596,1
7596,6
7596,8
7596,55
7596,62
7596,76
7596,97
7596,111
9419,18
9419,20
9419,21
9419,25
9419,27
9419,34
9419,35
9419,41
9419,42
9419,52
9419,55
9419,62
9419,63
9419,72
7634,1
7634,6
7634,10
7634,18
7634,34
7634,54
7634,55
7634,63
7634,72
7634,102
8560,18
8560,19
8560,20
8560,21
8560,29
8560,34
8560,35
8560,37
8560,39
8560,41
8560,42
8560,52
8560,55
8560,62
8560,63
8560,72
8220,1
8220,10
8220,35
8220,43
8220,52
6530,1
6530,4
6530,6
6530,8
6530,55
6530,62
6530,63
6530,72
7987,1
7987,8
7987,35
7987,43
7987,45
10662,18
10662,21
10662,35
10662,43
10662,52
10662,55
10662,63
10662,72
10662,102
12129,18
12129,27
12129,35
12129,43
12129,48
12129,52
7492,1
7492,5
7492,35
7492,52
7492,77
7492,97
13266,35
13266,36
13266,48
13266,52
13266,55
13266,102
10125,18
10125,20
10125,35
10125,40
10125,42
10125,55
10125,62
10125,63
10125,72
8475,13
8475,14
8475,35
8475,63
8475,70
8475,101
8531,18
8531,19
8531,20
8531,21
8531,22
8531,23
8531,34
8531,35
8531,37
8531,41
8531,52
8531,55
8531,62
8531,63
8531,72
6612,1
6612,4
6612,8
6612,35
6612,36
10898,18
10898,22
10898,25
10898,35
10898,41
10898,55
10898,102
10703,18
10703,22
10703,23
10703,24
10703,34
10703,35
10703,41
10703,55
10703,63
10703,72
10703,102
13083,18
13083,35
13083,39
13083,52
13083,100
6469,1
6469,4
6469,5
6469,13
6469,14
6469,63
6469,71
8707,18
8707,19
8707,20
8707,34
8707,35
8707,42
8707,52
8707,55
8707,63
8707,72
8707,102
11145,18
11145,22
11145,35
11145,37
11145,52
11145,55
11145,102
8993,18
8993,19
8993,24
8993,27
8993,63
8993,72
11237,18
11237,22
11237,35
11237,48
11237,63
11237,72
11237,77
11237,97
9610,18
9610,20
9610,22
9610,34
9610,35
9610,52
9610,63
9610,72
12519,18
12519,31
12519,35
12519,42
12519,52
12616,18
12616,34
12616,35
12616,37
12616,38
12616,42
12616,52
6704,1
6704,4
6704,18
6704,20
6704,34
6704,35
6704,38
6704,40
6704,55
6704,63
6704,72
6704,102
10594,18
10594,21
10594,35
10594,37
10594,42
10594,52
10594,55
10594,62
10594,63
10594,72
10594,75
10594,77
10594,97
10594,118
11679,18
11679,24
11679,35
11679,41
11679,42
11679,43
11679,52
11679,55
11679,63
11679,72
11679,102
12781,18
12781,34
12781,35
12781,41
12781,42
12781,52
12781,55
12781,58
12781,62
12781,63
12781,72
5646,1
5646,2
5646,4
5646,35
5646,52
14146,35
14146,49
14146,52
14146,54
14146,55
14146,58
13560,35
13560,37
13560,63
13560,72
13560,77
13560,97
6453,1
6453,4
6453,5
6453,8
6453,35
6453,43
6453,55
6453,102
10786,18
10786,22
10786,23
10786,34
10786,35
10786,41
10786,55
10786,102
8298,1
8298,35
8298,54
8298,98
8298,101
8849,18
8849,19
8849,22
8849,23
8849,34
8849,35
8849,38
8849,42
8849,52
8849,63
8849,72
14367,55
14367,62
14367,63
14367,71
14367,74
14367,75
14367,97
14367,112
14367,113
14367,120
9541,18
9541,20
9541,22
9541,23
9541,35
9541,41
9541,52
9541,55
9541,102
9208,18
9208,19
9208,34
9208,55
9208,62
10139,18
10139,20
10139,35
10139,41
10139,43
10139,48
10139,55
10139,62
10139,63
10139,72
10139,77
10139,97
11196,18
11196,22
11196,35
11196,42
11196,49
11196,55
11196,102
5882,1
5882,3
5882,5
5882,6
5882,18
5882,20
5882,35
5882,48
5882,63
5882,72
6683,1
6683,4
6683,18
6683,19
6683,24
6683,35
6683,52
6323,1
6323,3
6323,35
6323,43
6323,52
6323,53
5852,1
5852,3
5852,4
5852,35
5852,77
5852,97
5852,101
13352,35
13352,37
13352,41
13352,43
13352,52
13352,55
13352,63
13352,72
13352,102
8069,1
8069,9
8069,18
8069,22
8069,34
8069,35
8069,41
8069,52
8069,55
8069,63
8069,72
8069,102
7419,1
7419,5
7419,18
7419,35
7419,41
7419,52
7419,55
7419,77
7419,97
7419,100
7419,102
9180,18
9180,19
9180,34
9180,35
9180,42
9180,48
9180,52
9180,55
9180,62
9180,77
9180,97
11418,18
11418,23
11418,34
11418,35
11418,41
11418,42
11418,52
11418,63
11418,72
8587,18
8587,19
8587,20
8587,22
8587,24
8587,34
8587,35
8587,38
8587,52
8587,55
8587,63
8587,72
8587,102
8553,18
8553,19
8553,20
8553,21
8553,25
8553,31
8553,34
8553,35
8553,52
8553,55
8553,63
8553,72
8553,102
13504,35
13504,37
13504,54
13504,55
13504,62
13504,63
13504,70
13057,18
13057,35
13057,37
13057,74
13057,97
13057,100
13057,120
6973,1
6973,5
6973,6
6973,18
6973,21
6973,55
6973,63
6973,72
6973,102
13180,18
13180,35
13180,42
13180,52
13180,55
13180,62
13180,63
13180,72
13180,100
6283,1
6283,3
6283,35
6283,39
6283,52
6283,55
6283,102
7415,1
7415,5
7415,18
7415,34
7415,55
7415,63
7415,72
7415,102
8091,1
8091,9
8091,18
8091,29
8091,35
8091,52
8091,55
8091,102
12885,18
12885,34
12885,35
12885,43
12885,49
12885,52
12885,55
12885,63
12885,72
12885,102
8571,18
8571,19
8571,20
8571,21
8571,35
8571,42
8571,48
8571,52
8571,63
8571,72
10921,18
10921,22
10921,27
10921,28
10921,34
10921,35
10921,52
10921,55
10921,102
14911,90
14911,91
14911,95
14911,96
7516,1
7516,5
7516,55
7516,76
7516,97
7516,102
7516,107
7516,111
11722,18
11722,24
11722,35
11722,43
11722,52
13521,35
13521,37
13521,55
13521,62
13521,63
13521,71
13521,79
13340,35
13340,37
13340,41
13340,42
13340,52
13340,55
13340,102
5701,1
5701,2
5701,74
5701,75
5701,97
5701,112
5701,113
5701,120
9369,18
9369,19
9369,35
9369,52
9369,63
9369,71
13097,18
13097,35
13097,40
13097,42
13097,52
13097,100
8935,18
8935,19
8935,22
8935,35
8935,63
8935,72
8935,101
13694,35
13694,40
13694,41
13694,48
13694,55
13694,63
13694,72
13694,102
10812,18
10812,22
10812,23
10812,35
10812,39
10812,52
10812,55
10812,102
13283,35
13283,36
13283,63
13283,71
11345,18
11345,23
11345,27
11345,31
11345,35
11345,48
11345,52
11345,55
11345,62
9763,18
9763,20
9763,24
9763,55
9763,102
6770,1
6770,4
6770,35
6770,37
6770,42
6770,55
6770,62
6577,1
6577,4
6577,6
6577,35
6577,48
6577,52
6577,63
6577,72
9920,18
9920,20
9920,30
9920,35
9920,42
9920,52
9920,63
9920,72
6644,1
6644,4
6644,9
6644,76
6644,97
6644,111
13004,18
13004,35
13004,36
13004,100
9077,18
9077,19
9077,27
4571,18
4571,20
4571,23
4571,35
4571,52
4571,63
4571,72
10578,18
10578,21
10578,35
10578,36
10578,55
10578,102
11160,18
11160,22
11160,35
11160,40
11160,55
11160,102
10736,18
10736,22
10736,23
10736,28
10736,31
10736,34
10736,55
10736,102
8384,13
8384,14
8384,18
8384,20
8384,35
8384,37
8384,63
8384,71
8384,72
13653,35
13653,39
13653,41
13653,43
13369,35
13369,37
13369,41
13369,49
13369,55
13369,63
13369,72
13369,102
8321,1
8321,63
8321,68
8321,70
8321,98
14167,35
14167,49
14167,55
14167,76
14167,97
14167,102
14167,111
7820,1
7820,6
7820,35
7820,77
7820,97
7820,101
9505,18
9505,20
9505,21
9505,35
9505,42
9505,52
9505,63
9505,72
9505,77
9505,97
7253,1
7253,5
7253,9
7253,18
7253,100
12862,18
12862,34
12862,35
12862,42
12862,49
12862,52
12862,63
12862,72
14430,55
14430,62
14430,75
14430,80
14430,83
14430,97
14430,112
14430,113
14430,118
14349,55
14349,62
14349,63
14349,69
14349,76
14349,97
14349,107
14349,111
10344,18
10344,21
10344,22
10344,35
10344,42
10344,77
10344,97
7301,1
7301,5
7301,18
7301,19
7301,21
7301,25
7301,34
7301,35
7301,42
7301,52
7301,55
7301,63
7301,72
7301,102
12215,18
12215,28
12215,35
12215,52
12215,63
12215,72
10257,18
10257,20
10257,35
10257,52
10257,80
10257,81
13498,35
13498,37
13498,52
13498,55
13498,62
13498,77
13498,97
9834,18
9834,20
9834,25
9834,35
9834,47
9834,55
9834,63
9834,72
9834,102
9164,18
9164,19
9164,34
9164,35
9164,41
9164,42
9164,48
9164,52
9164,55
9164,63
9164,72
9164,102
4378,1
4378,9
4378,76
4378,97
4378,107
4378,111
6264,1
6264,3
6264,35
6264,37
6264,43
6264,48
6264,52
6264,55
6264,62
6264,63
6264,72
14231,35
14231,52
14231,55
14231,78
14231,97
14231,102
14231,132
14704,74
14704,76
14704,77
14704,97
14704,111
14704,120
14704,126
8057,1
8057,9
8057,18
8057,20
8057,22
8057,33
8057,35
8057,52
8057,55
8057,63
8057,72
8057,102
8498,13
8498,15
8498,18
8498,34
9333,18
9333,19
9333,35
9333,45
9333,55
9333,63
9333,72
9333,102
6299,1
6299,3
6299,35
6299,41
6299,52
9448,18
9448,20
9448,21
9448,28
9448,29
9448,34
9448,35
9448,41
9448,52
9448,55
9448,63
9448,72
9448,102
10122,18
10122,20
10122,35
10122,39
10122,52
10122,55
10122,102
10858,18
10858,22
10858,24
10858,34
10858,35
10858,52
10858,55
10858,63
10858,72
10858,102
7766,1
7766,6
7766,35
7766,41
7766,55
7766,62
7008,1
7008,5
7008,6
7008,35
7008,42
7008,48
7008,52
11536,18
11536,23
11536,35
11536,52
11536,63
11536,69
11536,72
13513,35
13513,37
13513,55
13513,58
13513,74
13513,75
13513,97
13513,112
13513,113
13513,120
13513,122
12762,18
12762,34
12762,35
12762,40
12762,52
12762,63
12762,72
12762,77
12762,97
7412,1
7412,5
7412,18
7412,34
7412,35
7412,52
13501,35
13501,37
13501,52
13501,74
13501,97
13501,120
11918,18
11918,25
11918,35
11918,38
11918,40
11918,63
11918,72
10946,18
10946,22
10946,28
10946,29
10946,55
10946,102
5691,1
5691,2
5691,54
5691,63
5691,70
10537,18
10537,21
10537,34
10537,35
10537,39
10537,40
10537,41
10537,42
10537,52
10537,55
10537,102
6863,1
6863,4
6863,55
6863,63
6863,70
6863,72
6863,102
12890,18
12890,34
12890,35
12890,43
12890,55
12890,77
12890,97
12890,102
6764,1
6764,4
6764,18
6764,35
6764,41
6764,55
6764,100
6764,102
6527,1
6527,4
6527,6
6527,8
6527,35
6527,52
14854,75
14854,79
14854,80
14854,81
14854,97
14854,118
14401,55
14401,62
14401,74
14401,75
14401,97
14401,118
14401,119
14401,122
5920,1
5920,3
5920,5
5920,8
5920,63
5920,70
7755,1
7755,6
7755,35
7755,38
7755,43
10408,18
10408,21
10408,25
10408,29
10408,34
10408,35
10408,63
10408,72
10408,101
11358,18
11358,23
11358,28
11358,31
11358,55
11358,102
5975,1
5975,3
5975,6
5975,8
5975,35
5975,43
13656,35
13656,39
13656,41
13656,49
12886,18
12886,34
12886,35
12886,43
12886,50
7591,1
7591,6
7591,8
7591,35
7591,52
7591,63
7591,72
11638,18
11638,24
11638,34
11638,35
11638,42
11638,52
11384,18
11384,23
11384,29
11384,35
11384,41
11384,52
6113,1
6113,3
6113,18
6113,21
8518,13
8518,16
8518,63
8518,66
8518,70
14267,35
14267,74
14267,77
14267,97
14267,101
14267,120
9006,18
9006,19
9006,24
9006,34
9006,35
9006,42
9006,52
9006,55
9006,58
9006,63
9006,72
10767,18
10767,22
10767,23
10767,30
10767,34
10767,35
10767,52
10767,55
10767,102
9276,18
9276,19
9276,35
9276,41
9276,47
9276,48
9276,52
9276,55
9276,58
9276,63
9276,72
12785,18
12785,34
12785,35
12785,41
12785,42
12785,52
12785,63
12785,72
13646,35
13646,38
13646,74
13646,79
13646,97
13646,120
12955,18
12955,34
12955,35
12955,52
12955,79
8311,1
8311,55
8311,62
8311,63
8311,72
8311,74
8311,97
8311,98
8311,120
6866,1
6866,4
6866,55
6866,80
6866,81
6866,102
13961,35
13961,43
13961,49
13961,52
13961,55
13961,77
13961,97
13961,102
6153,1
6153,3
6153,18
6153,22
6153,35
6153,52
7564,1
7564,6
7564,8
7564,18
7564,19
7564,55
7564,62
7564,63
7564,72
14619,74
14619,75
14619,77
14619,97
14619,112
14619,114
14619,120
14371,55
14371,62
14371,63
14371,72
14371,76
14371,97
14371,111
14154,35
14154,49
14154,52
14154,63
14154,70
14154,71
14340,55
14340,61
14340,62
14340,63
14340,70
14581,74
14581,75
14581,76
14581,79
14581,97
14581,107
14581,112
14581,113
14581,120
14799,75
14799,76
14799,78
14799,97
14799,107
14799,111
14799,112
14799,113
14799,132
5658,1
5658,2
5658,6
5658,63
5658,72
11332,18
11332,23
11332,25
11332,35
11332,52
11332,63
11332,72
7683,1
7683,6
7683,18
7683,19
7683,55
7683,63
7683,72
7683,102
9338,18
9338,19
9338,35
9338,47
9338,52
9338,55
9338,63
9338,72
9338,102
11495,18
11495,23
11495,35
11495,42
11495,52
7033,1
7033,5
7033,6
7033,55
7033,62
7033,63
7033,70
7866,1
7866,6
7866,75
7866,97
7866,112
7866,113
13708,35
13708,40
13708,42
13708,48
13708,55
13708,102
5823,1
5823,3
5823,4
5823,18
5823,34
5823,55
5823,102
14299,54
14299,55
14299,63
14299,66
14299,102
6766,1
6766,4
6766,18
6766,35
6766,41
6766,100
11563,18
11563,24
11563,25
11563,35
11563,41
11563,52
11563,55
11563,63
11563,72
11563,102
10558,18
10558,21
10558,34
10558,35
10558,43
10558,52
10558,53
10558,55
10558,63
10558,72
10558,102
10792,18
10792,22
10792,23
10792,34
10792,35
10792,43
10792,52
10792,55
10792,102
9272,18
9272,19
9272,35
9272,41
9272,43
9272,52
9272,55
9272,63
9272,72
9272,102
8946,18
8946,19
8946,23
8946,24
8946,35
8946,42
8946,52
8946,63
8946,72
11321,18
11321,23
11321,25
11321,31
11321,55
11321,62
11321,75
11321,97
11321,118
13761,35
13761,41
13761,42
13761,52
13761,55
13761,62
7005,1
7005,5
7005,6
7005,35
7005,41
7005,48
7005,52
7005,55
7005,63
7005,72
7005,102
6976,1
6976,5
6976,6
6976,18
6976,22
6976,35
6976,41
6976,43
6976,52
6976,55
6976,63
6976,72
6976,102
10688,18
10688,21
10688,63
10688,69
10688,72
12554,18
12554,32
12554,34
12554,35
12554,45
14044,35
14044,46
14044,52
14044,63
14044,72
10914,18
10914,22
10914,26
10914,35
10914,37
10914,52
10914,55
10914,102
11150,18
11150,22
11150,35
11150,38
11150,42
11150,55
11150,102
12030,18
12030,26
12030,35
12030,37
11981,18
11981,25
11981,35
11981,48
11981,49
8234,1
8234,10
8234,63
8234,70
8234,76
8234,97
8234,111
14500,63
14500,66
14500,76
14500,97
14500,107
9304,18
9304,19
9304,35
9304,42
9304,49
8344,1
8344,76
8344,77
8344,97
8344,98
8344,107
11468,18
11468,23
11468,35
11468,37
11468,63
11468,72
12671,18
12671,34
12671,35
12671,37
12671,42
12671,52
12671,63
12671,72
5825,1
5825,3
5825,4
5825,35
5825,37
5825,41
5825,52
13968,35
13968,43
13968,50
13968,54
13831,35
13831,41
13831,52
13831,63
13831,69
12488,18
12488,31
12488,34
12488,35
12488,42
13221,18
13221,76
13221,97
13221,100
13221,111
6659,1
6659,4
6659,10
6659,55
6659,63
6659,70
6659,102
12509,18
12509,31
12509,35
12509,40
12509,52
14476,55
14476,74
14476,97
14476,102
14476,122
14476,124
7814,1
7814,6
7814,35
7814,54
7814,101
6518,1
6518,4
6518,6
6518,8
6518,35
6518,43
6518,48
6518,63
6518,72
14665,74
14665,75
14665,97
14665,112
14665,113
14665,114
14665,124
14013,35
14013,44
14013,47
10061,18
10061,20
10061,35
10061,37
10061,41
10061,63
10061,72
10061,80
10061,83
6695,1
6695,4
6695,18
6695,19
6695,54
6695,55
6695,63
6695,72
6695,102
4901,18
4901,25
4901,35
4901,37
4901,38
4901,52
4901,55
4901,63
4901,72
4901,102
