date_key,date,year,quarter,year_quarter,month,month_name,month_name_cs,year_month,month_start,day,day_of_week,day_name,day_name_cs,day_of_year,iso_week,iso_year,is_weekend
20120101,2012-01-01,2012,1,2012-Q1,1,January,leden,2012-01,2012-01-01,1,7,Sunday,neděle,1,52,2011,True
20120102,2012-01-02,2012,1,2012-Q1,1,January,leden,2012-01,2012-01-01,2,1,Monday,pondělí,2,1,2012,False
20120103,2012-01-03,2012,1,2012-Q1,1,January,leden,2012-01,2012-01-01,3,2,Tuesday,úterý,3,1,2012,False
20120104,2012-01-04,2012,1,2012-Q1,1,January,leden,2012-01,2012-01-01,4,3,Wednesday,středa,4,1,2012,False
20120105,2012-01-05,2012,1,2012-Q1,1,January,leden,2012-01,2012-01-01,5,4,Thursday,čtvrtek,5,1,2012,False
20120106,2012-01-06,2012,1,2012-Q1,1,January,leden,2012-01,2012-01-01,6,5,Friday,pátek,6,1,2012,False
20120107,2012-01-07,2012,1,2012-Q1,1,January,leden,2012-01,2012-01-01,7,6,Saturday,sobota,7,1,2012,True
20120108,2012-01-08,2012,1,2012-Q1,1,January,leden,2012-01,2012-01-01,8,7,Sunday,neděle,8,1,2012,True
20120109,2012-01-09,2012,1,2012-Q1,1,January,leden,2012-01,2012-01-01,9,1,Monday,pondělí,9,2,2012,False
20120110,2012-01-10,2012,1,2012-Q1,1,January,leden,2012-01,2012-01-01,10,2,Tuesday,úterý,10,2,2012,False
20120111,2012-01-11,2012,1,2012-Q1,1,January,leden,2012-01,2012-01-01,11,3,Wednesday,středa,11,2,2012,False
20120112,2012-01-12,2012,1,2012-Q1,1,January,leden,2012-01,2012-01-01,12,4,Thursday,čtvrtek,12,2,2012,False
20120113,2012-01-13,2012,1,2012-Q1,1,January,leden,2012-01,2012-01-01,13,5,Friday,pátek,13,2,2012,False
20120114,2012-01-14,2012,1,2012-Q1,1,January,leden,2012-01,2012-01-01,14,6,Saturday,sobota,14,2,2012,True
20120115,2012-01-15,2012,1,2012-Q1,1,January,leden,2012-01,2012-01-01,15,7,Sunday,neděle,15,2,2012,True
20120116,2012-01-16,2012,1,2012-Q1,1,January,leden,2012-01,2012-01-01,16,1,Monday,pondělí,16,3,2012,False
20120117,2012-01-17,2012,1,2012-Q1,1,January,leden,2012-01,2012-01-01,17,2,Tuesday,úterý,17,3,2012,False
20120118,2012-01-18,2012,1,2012-Q1,1,January,leden,2012-01,2012-01-01,18,3,Wednesday,středa,18,3,2012,False
20120119,2012-01-19,2012,1,2012-Q1,1,January,leden,2012-01,2012-01-01,19,4,Thursday,čtvrtek,19,3,2012,False
20120120,2012-01-20,2012,1,2012-Q1,1,January,leden,2012-01,2012-01-01,20,5,Friday,pátek,20,3,2012,False
20120121,2012-01-21,2012,1,2012-Q1,1,January,leden,2012-01,2012-01-01,21,6,Saturday,sobota,21,3,2012,True
20120122,2012-01-22,2012,1,2012-Q1,1,January,leden,2012-01,2012-01-01,22,7,Sunday,neděle,22,3,2012,True
20120123,2012-01-23,2012,1,2012-Q1,1,January,leden,2012-01,2012-01-01,23,1,Monday,pondělí,23,4,2012,False
20120124,2012-01-24,2012,1,2012-Q1,1,January,leden,2012-01,2012-01-01,24,2,Tuesday,úterý,24,4,2012,False
20120125,2012-01-25,2012,1,2012-Q1,1,January,leden,2012-01,2012-01-01,25,3,Wednesday,středa,25,4,2012,False
20120126,2012-01-26,2012,1,2012-Q1,1,January,leden,2012-01,2012-01-01,26,4,Thursday,čtvrtek,26,4,2012,False
20120127,2012-01-27,2012,1,2012-Q1,1,January,leden,2012-01,2012-01-01,27,5,Friday,pátek,27,4,2012,False
20120128,2012-01-28,2012,1,2012-Q1,1,January,leden,2012-01,2012-01-01,28,6,Saturday,sobota,28,4,2012,True
20120129,2012-01-29,2012,1,2012-Q1,1,January,leden,2012-01,2012-01-01,29,7,Sunday,neděle,29,4,2012,True
20120130,2012-01-30,2012,1,2012-Q1,1,January,leden,2012-01,2012-01-01,30,1,Monday,pondělí,30,5,2012,False
20120131,2012-01-31,2012,1,2012-Q1,1,January,leden,2012-01,2012-01-01,31,2,Tuesday,úterý,31,5,2012,False
20120201,2012-02-01,2012,1,2012-Q1,2,February,únor,2012-02,2012-02-01,1,3,Wednesday,středa,32,5,2012,False
20120202,2012-02-02,2012,1,2012-Q1,2,February,únor,2012-02,2012-02-01,2,4,Thursday,čtvrtek,33,5,2012,False
20120203,2012-02-03,2012,1,2012-Q1,2,February,únor,2012-02,2012-02-01,3,5,Friday,pátek,34,5,2012,False
20120204,2012-02-04,2012,1,2012-Q1,2,February,únor,2012-02,2012-02-01,4,6,Saturday,sobota,35,5,2012,True
20120205,2012-02-05,2012,1,2012-Q1,2,February,únor,2012-02,2012-02-01,5,7,Sunday,neděle,36,5,2012,True
20120206,2012-02-06,2012,1,2012-Q1,2,February,únor,2012-02,2012-02-01,6,1,Monday,pondělí,37,6,2012,False
20120207,2012-02-07,2012,1,2012-Q1,2,February,únor,2012-02,2012-02-01,7,2,Tuesday,úterý,38,6,2012,False
20120208,2012-02-08,2012,1,2012-Q1,2,February,únor,2012-02,2012-02-01,8,3,Wednesday,středa,39,6,2012,False
20120209,2012-02-09,2012,1,2012-Q1,2,February,únor,2012-02,2012-02-01,9,4,Thursday,čtvrtek,40,6,2012,False
20120210,2012-02-10,2012,1,2012-Q1,2,February,únor,2012-02,2012-02-01,10,5,Friday,pátek,41,6,2012,False
20120211,2012-02-11,2012,1,2012-Q1,2,February,únor,2012-02,2012-02-01,11,6,Saturday,sobota,42,6,2012,True
20120212,2012-02-12,2012,1,2012-Q1,2,February,únor,2012-02,2012-02-01,12,7,Sunday,neděle,43,6,2012,True
20120213,2012-02-13,2012,1,2012-Q1,2,February,únor,2012-02,2012-02-01,13,1,Monday,pondělí,44,7,2012,False
20120214,2012-02-14,2012,1,2012-Q1,2,February,únor,2012-02,2012-02-01,14,2,Tuesday,úterý,45,7,2012,False
20120215,2012-02-15,2012,1,2012-Q1,2,February,únor,2012-02,2012-02-01,15,3,Wednesday,středa,46,7,2012,False
20120216,2012-02-16,2012,1,2012-Q1,2,February,únor,2012-02,2012-02-01,16,4,Thursday,čtvrtek,47,7,2012,False
20120217,2012-02-17,2012,1,2012-Q1,2,February,únor,2012-02,2012-02-01,17,5,Friday,pátek,48,7,2012,False
20120218,2012-02-18,2012,1,2012-Q1,2,February,únor,2012-02,2012-02-01,18,6,Saturday,sobota,49,7,2012,True
20120219,2012-02-19,2012,1,2012-Q1,2,February,únor,2012-02,2012-02-01,19,7,Sunday,neděle,50,7,2012,True
20120220,2012-02-20,2012,1,2012-Q1,2,February,únor,2012-02,2012-02-01,20,1,Monday,pondělí,51,8,2012,False
20120221,2012-02-21,2012,1,2012-Q1,2,February,únor,2012-02,2012-02-01,21,2,Tuesday,úterý,52,8,2012,False
20120222,2012-02-22,2012,1,2012-Q1,2,February,únor,2012-02,2012-02-01,22,3,Wednesday,středa,53,8,2012,False
20120223,2012-02-23,2012,1,2012-Q1,2,February,únor,2012-02,2012-02-01,23,4,Thursday,čtvrtek,54,8,2012,False
20120224,2012-02-24,2012,1,2012-Q1,2,February,únor,2012-02,2012-02-01,24,5,Friday,pátek,55,8,2012,False
20120225,2012-02-25,2012,1,2012-Q1,2,February,únor,2012-02,2012-02-01,25,6,Saturday,sobota,56,8,2012,True
20120226,2012-02-26,2012,1,2012-Q1,2,February,únor,2012-02,2012-02-01,26,7,Sunday,neděle,57,8,2012,True
20120227,2012-02-27,2012,1,2012-Q1,2,February,únor,2012-02,2012-02-01,27,1,Monday,pondělí,58,9,2012,False
20120228,2012-02-28,2012,1,2012-Q1,2,February,únor,2012-02,2012-02-01,28,2,Tuesday,úterý,59,9,2012,False
20120229,2012-02-29,2012,1,2012-Q1,2,February,únor,2012-02,2012-02-01,29,3,Wednesday,středa,60,9,2012,False
20120301,2012-03-01,2012,1,2012-Q1,3,March,březen,2012-03,2012-03-01,1,4,Thursday,čtvrtek,61,9,2012,False
20120302,2012-03-02,2012,1,2012-Q1,3,March,březen,2012-03,2012-03-01,2,5,Friday,pátek,62,9,2012,False
20120303,2012-03-03,2012,1,2012-Q1,3,March,březen,2012-03,2012-03-01,3,6,Saturday,sobota,63,9,2012,True
20120304,2012-03-04,2012,1,2012-Q1,3,March,březen,2012-03,2012-03-01,4,7,Sunday,neděle,64,9,2012,True
20120305,2012-03-05,2012,1,2012-Q1,3,March,březen,2012-03,2012-03-01,5,1,Monday,pondělí,65,10,2012,False
20120306,2012-03-06,2012,1,2012-Q1,3,March,březen,2012-03,2012-03-01,6,2,Tuesday,úterý,66,10,2012,False
20120307,2012-03-07,2012,1,2012-Q1,3,March,březen,2012-03,2012-03-01,7,3,Wednesday,středa,67,10,2012,False
20120308,2012-03-08,2012,1,2012-Q1,3,March,březen,2012-03,2012-03-01,8,4,Thursday,čtvrtek,68,10,2012,False
20120309,2012-03-09,2012,1,2012-Q1,3,March,březen,2012-03,2012-03-01,9,5,Friday,pátek,69,10,2012,False
20120310,2012-03-10,2012,1,2012-Q1,3,March,březen,2012-03,2012-03-01,10,6,Saturday,sobota,70,10,2012,True
20120311,2012-03-11,2012,1,2012-Q1,3,March,březen,2012-03,2012-03-01,11,7,Sunday,neděle,71,10,2012,True
20120312,2012-03-12,2012,1,2012-Q1,3,March,březen,2012-03,2012-03-01,12,1,Monday,pondělí,72,11,2012,False
20120313,2012-03-13,2012,1,2012-Q1,3,March,březen,2012-03,2012-03-01,13,2,Tuesday,úterý,73,11,2012,False
20120314,2012-03-14,2012,1,2012-Q1,3,March,březen,2012-03,2012-03-01,14,3,Wednesday,středa,74,11,2012,False
20120315,2012-03-15,2012,1,2012-Q1,3,March,březen,2012-03,2012-03-01,15,4,Thursday,čtvrtek,75,11,2012,False
20120316,2012-03-16,2012,1,2012-Q1,3,March,březen,2012-03,2012-03-01,16,5,Friday,pátek,76,11,2012,False
20120317,2012-03-17,2012,1,2012-Q1,3,March,březen,2012-03,2012-03-01,17,6,Saturday,sobota,77,11,2012,True
20120318,2012-03-18,2012,1,2012-Q1,3,March,březen,2012-03,2012-03-01,18,7,Sunday,neděle,78,11,2012,True
20120319,2012-03-19,2012,1,2012-Q1,3,March,březen,2012-03,2012-03-01,19,1,Monday,pondělí,79,12,2012,False
20120320,2012-03-20,2012,1,2012-Q1,3,March,březen,2012-03,2012-03-01,20,2,Tuesday,úterý,80,12,2012,False
20120321,2012-03-21,2012,1,2012-Q1,3,March,březen,2012-03,2012-03-01,21,3,Wednesday,středa,81,12,2012,False
20120322,2012-03-22,2012,1,2012-Q1,3,March,březen,2012-03,2012-03-01,22,4,Thursday,čtvrtek,82,12,2012,False
20120323,2012-03-23,2012,1,2012-Q1,3,March,březen,2012-03,2012-03-01,23,5,Friday,pátek,83,12,2012,False
20120324,2012-03-24,2012,1,2012-Q1,3,March,březen,2012-03,2012-03-01,24,6,Saturday,sobota,84,12,2012,True
20120325,2012-03-25,2012,1,2012-Q1,3,March,březen,2012-03,2012-03-01,25,7,Sunday,neděle,85,12,2012,True
20120326,2012-03-26,2012,1,2012-Q1,3,March,březen,2012-03,2012-03-01,26,1,Monday,pondělí,86,13,2012,False
20120327,2012-03-27,2012,1,2012-Q1,3,March,březen,2012-03,2012-03-01,27,2,Tuesday,úterý,87,13,2012,False
20120328,2012-03-28,2012,1,2012-Q1,3,March,březen,2012-03,2012-03-01,28,3,Wednesday,středa,88,13,2012,False
20120329,2012-03-29,2012,1,2012-Q1,3,March,březen,2012-03,2012-03-01,29,4,Thursday,čtvrtek,89,13,2012,False
20120330,2012-03-30,2012,1,2012-Q1,3,March,březen,2012-03,2012-03-01,30,5,Friday,pátek,90,13,2012,False
20120331,2012-03-31,2012,1,2012-Q1,3,March,březen,2012-03,2012-03-01,31,6,Saturday,sobota,91,13,2012,True
20120401,2012-04-01,2012,2,2012-Q2,4,April,duben,2012-04,2012-04-01,1,7,Sunday,neděle,92,13,2012,True
20120402,2012-04-02,2012,2,2012-Q2,4,April,duben,2012-04,2012-04-01,2,1,Monday,pondělí,93,14,2012,False
20120403,2012-04-03,2012,2,2012-Q2,4,April,duben,2012-04,2012-04-01,3,2,Tuesday,úterý,94,14,2012,False
20120404,2012-04-04,2012,2,2012-Q2,4,April,duben,2012-04,2012-04-01,4,3,Wednesday,středa,95,14,2012,False
20120405,2012-04-05,2012,2,2012-Q2,4,April,duben,2012-04,2012-04-01,5,4,Thursday,čtvrtek,96,14,2012,False
20120406,2012-04-06,2012,2,2012-Q2,4,April,duben,2012-04,2012-04-01,6,5,Friday,pátek,97,14,2012,False
20120407,2012-04-07,2012,2,2012-Q2,4,April,duben,2012-04,2012-04-01,7,6,Saturday,sobota,98,14,2012,True
20120408,2012-04-08,2012,2,2012-Q2,4,April,duben,2012-04,2012-04-01,8,7,Sunday,neděle,99,14,2012,True
20120409,2012-04-09,2012,2,2012-Q2,4,April,duben,2012-04,2012-04-01,9,1,Monday,pondělí,100,15,2012,False
20120410,2012-04-10,2012,2,2012-Q2,4,April,duben,2012-04,2012-04-01,10,2,Tuesday,úterý,101,15,2012,False
20120411,2012-04-11,2012,2,2012-Q2,4,April,duben,2012-04,2012-04-01,11,3,Wednesday,středa,102,15,2012,False
20120412,2012-04-12,2012,2,2012-Q2,4,April,duben,2012-04,2012-04-01,12,4,Thursday,čtvrtek,103,15,2012,False
20120413,2012-04-13,2012,2,2012-Q2,4,April,duben,2012-04,2012-04-01,13,5,Friday,pátek,104,15,2012,False
20120414,2012-04-14,2012,2,2012-Q2,4,April,duben,2012-04,2012-04-01,14,6,Saturday,sobota,105,15,2012,True
20120415,2012-04-15,2012,2,2012-Q2,4,April,duben,2012-04,2012-04-01,15,7,Sunday,neděle,106,15,2012,True
20120416,2012-04-16,2012,2,2012-Q2,4,April,duben,2012-04,2012-04-01,16,1,Monday,pondělí,107,16,2012,False
20120417,2012-04-17,2012,2,2012-Q2,4,April,duben,2012-04,2012-04-01,17,2,Tuesday,úterý,108,16,2012,False
20120418,2012-04-18,2012,2,2012-Q2,4,April,duben,2012-04,2012-04-01,18,3,Wednesday,středa,109,16,2012,False
20120419,2012-04-19,2012,2,2012-Q2,4,April,duben,2012-04,2012-04-01,19,4,Thursday,čtvrtek,110,16,2012,False
20120420,2012-04-20,2012,2,2012-Q2,4,April,duben,2012-04,2012-04-01,20,5,Friday,pátek,111,16,2012,False
20120421,2012-04-21,2012,2,2012-Q2,4,April,duben,2012-04,2012-04-01,21,6,Saturday,sobota,112,16,2012,True
20120422,2012-04-22,2012,2,2012-Q2,4,April,duben,2012-04,2012-04-01,22,7,Sunday,neděle,113,16,2012,True
20120423,2012-04-23,2012,2,2012-Q2,4,April,duben,2012-04,2012-04-01,23,1,Monday,pondělí,114,17,2012,False
20120424,2012-04-24,2012,2,2012-Q2,4,April,duben,2012-04,2012-04-01,24,2,Tuesday,úterý,115,17,2012,False
20120425,2012-04-25,2012,2,2012-Q2,4,April,duben,2012-04,2012-04-01,25,3,Wednesday,středa,116,17,2012,False
20120426,2012-04-26,2012,2,2012-Q2,4,April,duben,2012-04,2012-04-01,26,4,Thursday,čtvrtek,117,17,2012,False
20120427,2012-04-27,2012,2,2012-Q2,4,April,duben,2012-04,2012-04-01,27,5,Friday,pátek,118,17,2012,False
20120428,2012-04-28,2012,2,2012-Q2,4,April,duben,2012-04,2012-04-01,28,6,Saturday,sobota,119,17,2012,True
20120429,2012-04-29,2012,2,2012-Q2,4,April,duben,2012-04,2012-04-01,29,7,Sunday,neděle,120,17,2012,True
20120430,2012-04-30,2012,2,2012-Q2,4,April,duben,2012-04,2012-04-01,30,1,Monday,pondělí,121,18,2012,False
20120501,2012-05-01,2012,2,2012-Q2,5,May,květen,2012-05,2012-05-01,1,2,Tuesday,úterý,122,18,2012,False
20120502,2012-05-02,2012,2,2012-Q2,5,May,květen,2012-05,2012-05-01,2,3,Wednesday,středa,123,18,2012,False
20120503,2012-05-03,2012,2,2012-Q2,5,May,květen,2012-05,2012-05-01,3,4,Thursday,čtvrtek,124,18,2012,False
20120504,2012-05-04,2012,2,2012-Q2,5,May,květen,2012-05,2012-05-01,4,5,Friday,pátek,125,18,2012,False
20120505,2012-05-05,2012,2,2012-Q2,5,May,květen,2012-05,2012-05-01,5,6,Saturday,sobota,126,18,2012,True
20120506,2012-05-06,2012,2,2012-Q2,5,May,květen,2012-05,2012-05-01,6,7,Sunday,neděle,127,18,2012,True
20120507,2012-05-07,2012,2,2012-Q2,5,May,květen,2012-05,2012-05-01,7,1,Monday,pondělí,128,19,2012,False
20120508,2012-05-08,2012,2,2012-Q2,5,May,květen,2012-05,2012-05-01,8,2,Tuesday,úterý,129,19,2012,False
20120509,2012-05-09,2012,2,2012-Q2,5,May,květen,2012-05,2012-05-01,9,3,Wednesday,středa,130,19,2012,False
20120510,2012-05-10,2012,2,2012-Q2,5,May,květen,2012-05,2012-05-01,10,4,Thursday,čtvrtek,131,19,2012,False
20120511,2012-05-11,2012,2,2012-Q2,5,May,květen,2012-05,2012-05-01,11,5,Friday,pátek,132,19,2012,False
20120512,2012-05-12,2012,2,2012-Q2,5,May,květen,2012-05,2012-05-01,12,6,Saturday,sobota,133,19,2012,True
20120513,2012-05-13,2012,2,2012-Q2,5,May,květen,2012-05,2012-05-01,13,7,Sunday,neděle,134,19,2012,True
20120514,2012-05-14,2012,2,2012-Q2,5,May,květen,2012-05,2012-05-01,14,1,Monday,pondělí,135,20,2012,False
20120515,2012-05-15,2012,2,2012-Q2,5,May,květen,2012-05,2012-05-01,15,2,Tuesday,úterý,136,20,2012,False
20120516,2012-05-16,2012,2,2012-Q2,5,May,květen,2012-05,2012-05-01,16,3,Wednesday,středa,137,20,2012,False
20120517,2012-05-17,2012,2,2012-Q2,5,May,květen,2012-05,2012-05-01,17,4,Thursday,čtvrtek,138,20,2012,False
20120518,2012-05-18,2012,2,2012-Q2,5,May,květen,2012-05,2012-05-01,18,5,Friday,pátek,139,20,2012,False
20120519,2012-05-19,2012,2,2012-Q2,5,May,květen,2012-05,2012-05-01,19,6,Saturday,sobota,140,20,2012,True
20120520,2012-05-20,2012,2,2012-Q2,5,May,květen,2012-05,2012-05-01,20,7,Sunday,neděle,141,20,2012,True
20120521,2012-05-21,2012,2,2012-Q2,5,May,květen,2012-05,2012-05-01,21,1,Monday,pondělí,142,21,2012,False
20120522,2012-05-22,2012,2,2012-Q2,5,May,květen,2012-05,2012-05-01,22,2,Tuesday,úterý,143,21,2012,False
20120523,2012-05-23,2012,2,2012-Q2,5,May,květen,2012-05,2012-05-01,23,3,Wednesday,středa,144,21,2012,False
20120524,2012-05-24,2012,2,2012-Q2,5,May,květen,2012-05,2012-05-01,24,4,Thursday,čtvrtek,145,21,2012,False
20120525,2012-05-25,2012,2,2012-Q2,5,May,květen,2012-05,2012-05-01,25,5,Friday,pátek,146,21,2012,False
20120526,2012-05-26,2012,2,2012-Q2,5,May,květen,2012-05,2012-05-01,26,6,Saturday,sobota,147,21,2012,True
20120527,2012-05-27,2012,2,2012-Q2,5,May,květen,2012-05,2012-05-01,27,7,Sunday,neděle,148,21,2012,True
20120528,2012-05-28,2012,2,2012-Q2,5,May,květen,2012-05,2012-05-01,28,1,Monday,pondělí,149,22,2012,False
20120529,2012-05-29,2012,2,2012-Q2,5,May,květen,2012-05,2012-05-01,29,2,Tuesday,úterý,150,22,2012,False
20120530,2012-05-30,2012,2,2012-Q2,5,May,květen,2012-05,2012-05-01,30,3,Wednesday,středa,151,22,2012,False
20120531,2012-05-31,2012,2,2012-Q2,5,May,květen,2012-05,2012-05-01,31,4,Thursday,čtvrtek,152,22,2012,False
20120601,2012-06-01,2012,2,2012-Q2,6,June,červen,2012-06,2012-06-01,1,5,Friday,pátek,153,22,2012,False
20120602,2012-06-02,2012,2,2012-Q2,6,June,červen,2012-06,2012-06-01,2,6,Saturday,sobota,154,22,2012,True
20120603,2012-06-03,2012,2,2012-Q2,6,June,červen,2012-06,2012-06-01,3,7,Sunday,neděle,155,22,2012,True
20120604,2012-06-04,2012,2,2012-Q2,6,June,červen,2012-06,2012-06-01,4,1,Monday,pondělí,156,23,2012,False
20120605,2012-06-05,2012,2,2012-Q2,6,June,červen,2012-06,2012-06-01,5,2,Tuesday,úterý,157,23,2012,False
20120606,2012-06-06,2012,2,2012-Q2,6,June,červen,2012-06,2012-06-01,6,3,Wednesday,středa,158,23,2012,False
20120607,2012-06-07,2012,2,2012-Q2,6,June,červen,2012-06,2012-06-01,7,4,Thursday,čtvrtek,159,23,2012,False
20120608,2012-06-08,2012,2,2012-Q2,6,June,červen,2012-06,2012-06-01,8,5,Friday,pátek,160,23,2012,False
20120609,2012-06-09,2012,2,2012-Q2,6,June,červen,2012-06,2012-06-01,9,6,Saturday,sobota,161,23,2012,True
20120610,2012-06-10,2012,2,2012-Q2,6,June,červen,2012-06,2012-06-01,10,7,Sunday,neděle,162,23,2012,True
20120611,2012-06-11,2012,2,2012-Q2,6,June,červen,2012-06,2012-06-01,11,1,Monday,pondělí,163,24,2012,False
20120612,2012-06-12,2012,2,2012-Q2,6,June,červen,2012-06,2012-06-01,12,2,Tuesday,úterý,164,24,2012,False
20120613,2012-06-13,2012,2,2012-Q2,6,June,červen,2012-06,2012-06-01,13,3,Wednesday,středa,165,24,2012,False
20120614,2012-06-14,2012,2,2012-Q2,6,June,červen,2012-06,2012-06-01,14,4,Thursday,čtvrtek,166,24,2012,False
20120615,2012-06-15,2012,2,2012-Q2,6,June,červen,2012-06,2012-06-01,15,5,Friday,pátek,167,24,2012,False
20120616,2012-06-16,2012,2,2012-Q2,6,June,červen,2012-06,2012-06-01,16,6,Saturday,sobota,168,24,2012,True
20120617,2012-06-17,2012,2,2012-Q2,6,June,červen,2012-06,2012-06-01,17,7,Sunday,neděle,169,24,2012,True
20120618,2012-06-18,2012,2,2012-Q2,6,June,červen,2012-06,2012-06-01,18,1,Monday,pondělí,170,25,2012,False
20120619,2012-06-19,2012,2,2012-Q2,6,June,červen,2012-06,2012-06-01,19,2,Tuesday,úterý,171,25,2012,False
20120620,2012-06-20,2012,2,2012-Q2,6,June,červen,2012-06,2012-06-01,20,3,Wednesday,středa,172,25,2012,False
20120621,2012-06-21,2012,2,2012-Q2,6,June,červen,2012-06,2012-06-01,21,4,Thursday,čtvrtek,173,25,2012,False
20120622,2012-06-22,2012,2,2012-Q2,6,June,červen,2012-06,2012-06-01,22,5,Friday,pátek,174,25,2012,False
20120623,2012-06-23,2012,2,2012-Q2,6,June,červen,2012-06,2012-06-01,23,6,Saturday,sobota,175,25,2012,True
20120624,2012-06-24,2012,2,2012-Q2,6,June,červen,2012-06,2012-06-01,24,7,Sunday,neděle,176,25,2012,True
20120625,2012-06-25,2012,2,2012-Q2,6,June,červen,2012-06,2012-06-01,25,1,Monday,pondělí,177,26,2012,False
20120626,2012-06-26,2012,2,2012-Q2,6,June,červen,2012-06,2012-06-01,26,2,Tuesday,úterý,178,26,2012,False
20120627,2012-06-27,2012,2,2012-Q2,6,June,červen,2012-06,2012-06-01,27,3,Wednesday,středa,179,26,2012,False
20120628,2012-06-28,2012,2,2012-Q2,6,June,červen,2012-06,2012-06-01,28,4,Thursday,čtvrtek,180,26,2012,False
20120629,2012-06-29,2012,2,2012-Q2,6,June,červen,2012-06,2012-06-01,29,5,Friday,pátek,181,26,2012,False
20120630,2012-06-30,2012,2,2012-Q2,6,June,červen,2012-06,2012-06-01,30,6,Saturday,sobota,182,26,2012,True
20120701,2012-07-01,2012,3,2012-Q3,7,July,červenec,2012-07,2012-07-01,1,7,Sunday,neděle,183,26,2012,True
20120702,2012-07-02,2012,3,2012-Q3,7,July,červenec,2012-07,2012-07-01,2,1,Monday,pondělí,184,27,2012,False
20120703,2012-07-03,2012,3,2012-Q3,7,July,červenec,2012-07,2012-07-01,3,2,Tuesday,úterý,185,27,2012,False
20120704,2012-07-04,2012,3,2012-Q3,7,July,červenec,2012-07,2012-07-01,4,3,Wednesday,středa,186,27,2012,False
20120705,2012-07-05,2012,3,2012-Q3,7,July,červenec,2012-07,2012-07-01,5,4,Thursday,čtvrtek,187,27,2012,False
20120706,2012-07-06,2012,3,2012-Q3,7,July,červenec,2012-07,2012-07-01,6,5,Friday,pátek,188,27,2012,False
20120707,2012-07-07,2012,3,2012-Q3,7,July,červenec,2012-07,2012-07-01,7,6,Saturday,sobota,189,27,2012,True
20120708,2012-07-08,2012,3,2012-Q3,7,July,červenec,2012-07,2012-07-01,8,7,Sunday,neděle,190,27,2012,True
20120709,2012-07-09,2012,3,2012-Q3,7,July,červenec,2012-07,2012-07-01,9,1,Monday,pondělí,191,28,2012,False
20120710,2012-07-10,2012,3,2012-Q3,7,July,červenec,2012-07,2012-07-01,10,2,Tuesday,úterý,192,28,2012,False
20120711,2012-07-11,2012,3,2012-Q3,7,July,červenec,2012-07,2012-07-01,11,3,Wednesday,středa,193,28,2012,False
20120712,2012-07-12,2012,3,2012-Q3,7,July,červenec,2012-07,2012-07-01,12,4,Thursday,čtvrtek,194,28,2012,False
20120713,2012-07-13,2012,3,2012-Q3,7,July,červenec,2012-07,2012-07-01,13,5,Friday,pátek,195,28,2012,False
20120714,2012-07-14,2012,3,2012-Q3,7,July,červenec,2012-07,2012-07-01,14,6,Saturday,sobota,196,28,2012,True
20120715,2012-07-15,2012,3,2012-Q3,7,July,červenec,2012-07,2012-07-01,15,7,Sunday,neděle,197,28,2012,True
20120716,2012-07-16,2012,3,2012-Q3,7,July,červenec,2012-07,2012-07-01,16,1,Monday,pondělí,198,29,2012,False
20120717,2012-07-17,2012,3,2012-Q3,7,July,červenec,2012-07,2012-07-01,17,2,Tuesday,úterý,199,29,2012,False
20120718,2012-07-18,2012,3,2012-Q3,7,July,červenec,2012-07,2012-07-01,18,3,Wednesday,středa,200,29,2012,False
20120719,2012-07-19,2012,3,2012-Q3,7,July,červenec,2012-07,2012-07-01,19,4,Thursday,čtvrtek,201,29,2012,False
20120720,2012-07-20,2012,3,2012-Q3,7,July,červenec,2012-07,2012-07-01,20,5,Friday,pátek,202,29,2012,False
20120721,2012-07-21,2012,3,2012-Q3,7,July,červenec,2012-07,2012-07-01,21,6,Saturday,sobota,203,29,2012,True
20120722,2012-07-22,2012,3,2012-Q3,7,July,červenec,2012-07,2012-07-01,22,7,Sunday,neděle,204,29,2012,True
20120723,2012-07-23,2012,3,2012-Q3,7,July,červenec,2012-07,2012-07-01,23,1,Monday,pondělí,205,30,2012,False
20120724,2012-07-24,2012,3,2012-Q3,7,July,červenec,2012-07,2012-07-01,24,2,Tuesday,úterý,206,30,2012,False
20120725,2012-07-25,2012,3,2012-Q3,7,July,červenec,2012-07,2012-07-01,25,3,Wednesday,středa,207,30,2012,False
20120726,2012-07-26,2012,3,2012-Q3,7,July,červenec,2012-07,2012-07-01,26,4,Thursday,čtvrtek,208,30,2012,False
20120727,2012-07-27,2012,3,2012-Q3,7,July,červenec,2012-07,2012-07-01,27,5,Friday,pátek,209,30,2012,False
20120728,2012-07-28,2012,3,2012-Q3,7,July,červenec,2012-07,2012-07-01,28,6,Saturday,sobota,210,30,2012,True
20120729,2012-07-29,2012,3,2012-Q3,7,July,červenec,2012-07,2012-07-01,29,7,Sunday,neděle,211,30,2012,True
20120730,2012-07-30,2012,3,2012-Q3,7,July,červenec,2012-07,2012-07-01,30,1,Monday,pondělí,212,31,2012,False
20120731,2012-07-31,2012,3,2012-Q3,7,July,červenec,2012-07,2012-07-01,31,2,Tuesday,úterý,213,31,2012,False
20120801,2012-08-01,2012,3,2012-Q3,8,August,srpen,2012-08,2012-08-01,1,3,Wednesday,středa,214,31,2012,False
20120802,2012-08-02,2012,3,2012-Q3,8,August,srpen,2012-08,2012-08-01,2,4,Thursday,čtvrtek,215,31,2012,False
20120803,2012-08-03,2012,3,2012-Q3,8,August,srpen,2012-08,2012-08-01,3,5,Friday,pátek,216,31,2012,False
20120804,2012-08-04,2012,3,2012-Q3,8,August,srpen,2012-08,2012-08-01,4,6,Saturday,sobota,217,31,2012,True
20120805,2012-08-05,2012,3,2012-Q3,8,August,srpen,2012-08,2012-08-01,5,7,Sunday,neděle,218,31,2012,True
20120806,2012-08-06,2012,3,2012-Q3,8,August,srpen,2012-08,2012-08-01,6,1,Monday,pondělí,219,32,2012,False
20120807,2012-08-07,2012,3,2012-Q3,8,August,srpen,2012-08,2012-08-01,7,2,Tuesday,úterý,220,32,2012,False
20120808,2012-08-08,2012,3,2012-Q3,8,August,srpen,2012-08,2012-08-01,8,3,Wednesday,středa,221,32,2012,False
20120809,2012-08-09,2012,3,2012-Q3,8,August,srpen,2012-08,2012-08-01,9,4,Thursday,čtvrtek,222,32,2012,False
20120810,2012-08-10,2012,3,2012-Q3,8,August,srpen,2012-08,2012-08-01,10,5,Friday,pátek,223,32,2012,False
20120811,2012-08-11,2012,3,2012-Q3,8,August,srpen,2012-08,2012-08-01,11,6,Saturday,sobota,224,32,2012,True
20120812,2012-08-12,2012,3,2012-Q3,8,August,srpen,2012-08,2012-08-01,12,7,Sunday,neděle,225,32,2012,True
20120813,2012-08-13,2012,3,2012-Q3,8,August,srpen,2012-08,2012-08-01,13,1,Monday,pondělí,226,33,2012,False
20120814,2012-08-14,2012,3,2012-Q3,8,August,srpen,2012-08,2012-08-01,14,2,Tuesday,úterý,227,33,2012,False
20120815,2012-08-15,2012,3,2012-Q3,8,August,srpen,2012-08,2012-08-01,15,3,Wednesday,středa,228,33,2012,False
20120816,2012-08-16,2012,3,2012-Q3,8,August,srpen,2012-08,2012-08-01,16,4,Thursday,čtvrtek,229,33,2012,False
20120817,2012-08-17,2012,3,2012-Q3,8,August,srpen,2012-08,2012-08-01,17,5,Friday,pátek,230,33,2012,False
20120818,2012-08-18,2012,3,2012-Q3,8,August,srpen,2012-08,2012-08-01,18,6,Saturday,sobota,231,33,2012,True
20120819,2012-08-19,2012,3,2012-Q3,8,August,srpen,2012-08,2012-08-01,19,7,Sunday,neděle,232,33,2012,True
20120820,2012-08-20,2012,3,2012-Q3,8,August,srpen,2012-08,2012-08-01,20,1,Monday,pondělí,233,34,2012,False
20120821,2012-08-21,2012,3,2012-Q3,8,August,srpen,2012-08,2012-08-01,21,2,Tuesday,úterý,234,34,2012,False
20120822,2012-08-22,2012,3,2012-Q3,8,August,srpen,2012-08,2012-08-01,22,3,Wednesday,středa,235,34,2012,False
20120823,2012-08-23,2012,3,2012-Q3,8,August,srpen,2012-08,2012-08-01,23,4,Thursday,čtvrtek,236,34,2012,False
20120824,2012-08-24,2012,3,2012-Q3,8,August,srpen,2012-08,2012-08-01,24,5,Friday,pátek,237,34,2012,False
20120825,2012-08-25,2012,3,2012-Q3,8,August,srpen,2012-08,2012-08-01,25,6,Saturday,sobota,238,34,2012,True
20120826,2012-08-26,2012,3,2012-Q3,8,August,srpen,2012-08,2012-08-01,26,7,Sunday,neděle,239,34,2012,True
20120827,2012-08-27,2012,3,2012-Q3,8,August,srpen,2012-08,2012-08-01,27,1,Monday,pondělí,240,35,2012,False
20120828,2012-08-28,2012,3,2012-Q3,8,August,srpen,2012-08,2012-08-01,28,2,Tuesday,úterý,241,35,2012,False
20120829,2012-08-29,2012,3,2012-Q3,8,August,srpen,2012-08,2012-08-01,29,3,Wednesday,středa,242,35,2012,False
20120830,2012-08-30,2012,3,2012-Q3,8,August,srpen,2012-08,2012-08-01,30,4,Thursday,čtvrtek,243,35,2012,False
20120831,2012-08-31,2012,3,2012-Q3,8,August,srpen,2012-08,2012-08-01,31,5,Friday,pátek,244,35,2012,False
20120901,2012-09-01,2012,3,2012-Q3,9,September,září,2012-09,2012-09-01,1,6,Saturday,sobota,245,35,2012,True
20120902,2012-09-02,2012,3,2012-Q3,9,September,září,2012-09,2012-09-01,2,7,Sunday,neděle,246,35,2012,True
20120903,2012-09-03,2012,3,2012-Q3,9,September,září,2012-09,2012-09-01,3,1,Monday,pondělí,247,36,2012,False
20120904,2012-09-04,2012,3,2012-Q3,9,September,září,2012-09,2012-09-01,4,2,Tuesday,úterý,248,36,2012,False
20120905,2012-09-05,2012,3,2012-Q3,9,September,září,2012-09,2012-09-01,5,3,Wednesday,středa,249,36,2012,False
20120906,2012-09-06,2012,3,2012-Q3,9,September,září,2012-09,2012-09-01,6,4,Thursday,čtvrtek,250,36,2012,False
20120907,2012-09-07,2012,3,2012-Q3,9,September,září,2012-09,2012-09-01,7,5,Friday,pátek,251,36,2012,False
20120908,2012-09-08,2012,3,2012-Q3,9,September,září,2012-09,2012-09-01,8,6,Saturday,sobota,252,36,2012,True
20120909,2012-09-09,2012,3,2012-Q3,9,September,září,2012-09,2012-09-01,9,7,Sunday,neděle,253,36,2012,True
20120910,2012-09-10,2012,3,2012-Q3,9,September,září,2012-09,2012-09-01,10,1,Monday,pondělí,254,37,2012,False
20120911,2012-09-11,2012,3,2012-Q3,9,September,září,2012-09,2012-09-01,11,2,Tuesday,úterý,255,37,2012,False
20120912,2012-09-12,2012,3,2012-Q3,9,September,září,2012-09,2012-09-01,12,3,Wednesday,středa,256,37,2012,False
20120913,2012-09-13,2012,3,2012-Q3,9,September,září,2012-09,2012-09-01,13,4,Thursday,čtvrtek,257,37,2012,False
20120914,2012-09-14,2012,3,2012-Q3,9,September,září,2012-09,2012-09-01,14,5,Friday,pátek,258,37,2012,False
20120915,2012-09-15,2012,3,2012-Q3,9,September,září,2012-09,2012-09-01,15,6,Saturday,sobota,259,37,2012,True
20120916,2012-09-16,2012,3,2012-Q3,9,September,září,2012-09,2012-09-01,16,7,Sunday,neděle,260,37,2012,True
20120917,2012-09-17,2012,3,2012-Q3,9,September,září,2012-09,2012-09-01,17,1,Monday,pondělí,261,38,2012,False
20120918,2012-09-18,2012,3,2012-Q3,9,September,září,2012-09,2012-09-01,18,2,Tuesday,úterý,262,38,2012,False
20120919,2012-09-19,2012,3,2012-Q3,9,September,září,2012-09,2012-09-01,19,3,Wednesday,středa,263,38,2012,False
20120920,2012-09-20,2012,3,2012-Q3,9,September,září,2012-09,2012-09-01,20,4,Thursday,čtvrtek,264,38,2012,False
20120921,2012-09-21,2012,3,2012-Q3,9,September,září,2012-09,2012-09-01,21,5,Friday,pátek,265,38,2012,False
20120922,2012-09-22,2012,3,2012-Q3,9,September,září,2012-09,2012-09-01,22,6,Saturday,sobota,266,38,2012,True
20120923,2012-09-23,2012,3,2012-Q3,9,September,září,2012-09,2012-09-01,23,7,Sunday,neděle,267,38,2012,True
20120924,2012-09-24,2012,3,2012-Q3,9,September,září,2012-09,2012-09-01,24,1,Monday,pondělí,268,39,2012,False
20120925,2012-09-25,2012,3,2012-Q3,9,September,září,2012-09,2012-09-01,25,2,Tuesday,úterý,269,39,2012,False
20120926,2012-09-26,2012,3,2012-Q3,9,September,září,2012-09,2012-09-01,26,3,Wednesday,středa,270,39,2012,False
20120927,2012-09-27,2012,3,2012-Q3,9,September,září,2012-09,2012-09-01,27,4,Thursday,čtvrtek,271,39,2012,False
20120928,2012-09-28,2012,3,2012-Q3,9,September,září,2012-09,2012-09-01,28,5,Friday,pátek,272,39,2012,False
20120929,2012-09-29,2012,3,2012-Q3,9,September,září,2012-09,2012-09-01,29,6,Saturday,sobota,273,39,2012,True
20120930,2012-09-30,2012,3,2012-Q3,9,September,září,2012-09,2012-09-01,30,7,Sunday,neděle,274,39,2012,True
20121001,2012-10-01,2012,4,2012-Q4,10,October,říjen,2012-10,2012-10-01,1,1,Monday,pondělí,275,40,2012,False
20121002,2012-10-02,2012,4,2012-Q4,10,October,říjen,2012-10,2012-10-01,2,2,Tuesday,úterý,276,40,2012,False
20121003,2012-10-03,2012,4,2012-Q4,10,October,říjen,2012-10,2012-10-01,3,3,Wednesday,středa,277,40,2012,False
20121004,2012-10-04,2012,4,2012-Q4,10,October,říjen,2012-10,2012-10-01,4,4,Thursday,čtvrtek,278,40,2012,False
20121005,2012-10-05,2012,4,2012-Q4,10,October,říjen,2012-10,2012-10-01,5,5,Friday,pátek,279,40,2012,False
20121006,2012-10-06,2012,4,2012-Q4,10,October,říjen,2012-10,2012-10-01,6,6,Saturday,sobota,280,40,2012,True
20121007,2012-10-07,2012,4,2012-Q4,10,October,říjen,2012-10,2012-10-01,7,7,Sunday,neděle,281,40,2012,True
20121008,2012-10-08,2012,4,2012-Q4,10,October,říjen,2012-10,2012-10-01,8,1,Monday,pondělí,282,41,2012,False
20121009,2012-10-09,2012,4,2012-Q4,10,October,říjen,2012-10,2012-10-01,9,2,Tuesday,úterý,283,41,2012,False
20121010,2012-10-10,2012,4,2012-Q4,10,October,říjen,2012-10,2012-10-01,10,3,Wednesday,středa,284,41,2012,False
20121011,2012-10-11,2012,4,2012-Q4,10,October,říjen,2012-10,2012-10-01,11,4,Thursday,čtvrtek,285,41,2012,False
20121012,2012-10-12,2012,4,2012-Q4,10,October,říjen,2012-10,2012-10-01,12,5,Friday,pátek,286,41,2012,False
20121013,2012-10-13,2012,4,2012-Q4,10,October,říjen,2012-10,2012-10-01,13,6,Saturday,sobota,287,41,2012,True
20121014,2012-10-14,2012,4,2012-Q4,10,October,říjen,2012-10,2012-10-01,14,7,Sunday,neděle,288,41,2012,True
20121015,2012-10-15,2012,4,2012-Q4,10,October,říjen,2012-10,2012-10-01,15,1,Monday,pondělí,289,42,2012,False
20121016,2012-10-16,2012,4,2012-Q4,10,October,říjen,2012-10,2012-10-01,16,2,Tuesday,úterý,290,42,2012,False
20121017,2012-10-17,2012,4,2012-Q4,10,October,říjen,2012-10,2012-10-01,17,3,Wednesday,středa,291,42,2012,False
20121018,2012-10-18,2012,4,2012-Q4,10,October,říjen,2012-10,2012-10-01,18,4,Thursday,čtvrtek,292,42,2012,False
20121019,2012-10-19,2012,4,2012-Q4,10,October,říjen,2012-10,2012-10-01,19,5,Friday,pátek,293,42,2012,False
20121020,2012-10-20,2012,4,2012-Q4,10,October,říjen,2012-10,2012-10-01,20,6,Saturday,sobota,294,42,2012,True
20121021,2012-10-21,2012,4,2012-Q4,10,October,říjen,2012-10,2012-10-01,21,7,Sunday,neděle,295,42,2012,True
20121022,2012-10-22,2012,4,2012-Q4,10,October,říjen,2012-10,2012-10-01,22,1,Monday,pondělí,296,43,2012,False
20121023,2012-10-23,2012,4,2012-Q4,10,October,říjen,2012-10,2012-10-01,23,2,Tuesday,úterý,297,43,2012,False
20121024,2012-10-24,2012,4,2012-Q4,10,October,říjen,2012-10,2012-10-01,24,3,Wednesday,středa,298,43,2012,False
20121025,2012-10-25,2012,4,2012-Q4,10,October,říjen,2012-10,2012-10-01,25,4,Thursday,čtvrtek,299,43,2012,False
20121026,2012-10-26,2012,4,2012-Q4,10,October,říjen,2012-10,2012-10-01,26,5,Friday,pátek,300,43,2012,False
20121027,2012-10-27,2012,4,2012-Q4,10,October,říjen,2012-10,2012-10-01,27,6,Saturday,sobota,301,43,2012,True
20121028,2012-10-28,2012,4,2012-Q4,10,October,říjen,2012-10,2012-10-01,28,7,Sunday,neděle,302,43,2012,True
20121029,2012-10-29,2012,4,2012-Q4,10,October,říjen,2012-10,2012-10-01,29,1,Monday,pondělí,303,44,2012,False
20121030,2012-10-30,2012,4,2012-Q4,10,October,říjen,2012-10,2012-10-01,30,2,Tuesday,úterý,304,44,2012,False
20121031,2012-10-31,2012,4,2012-Q4,10,October,říjen,2012-10,2012-10-01,31,3,Wednesday,středa,305,44,2012,False
20121101,2012-11-01,2012,4,2012-Q4,11,November,listopad,2012-11,2012-11-01,1,4,Thursday,čtvrtek,306,44,2012,False
20121102,2012-11-02,2012,4,2012-Q4,11,November,listopad,2012-11,2012-11-01,2,5,Friday,pátek,307,44,2012,False
20121103,2012-11-03,2012,4,2012-Q4,11,November,listopad,2012-11,2012-11-01,3,6,Saturday,sobota,308,44,2012,True
20121104,2012-11-04,2012,4,2012-Q4,11,November,listopad,2012-11,2012-11-01,4,7,Sunday,neděle,309,44,2012,True
20121105,2012-11-05,2012,4,2012-Q4,11,November,listopad,2012-11,2012-11-01,5,1,Monday,pondělí,310,45,2012,False
20121106,2012-11-06,2012,4,2012-Q4,11,November,listopad,2012-11,2012-11-01,6,2,Tuesday,úterý,311,45,2012,False
20121107,2012-11-07,2012,4,2012-Q4,11,November,listopad,2012-11,2012-11-01,7,3,Wednesday,středa,312,45,2012,False
20121108,2012-11-08,2012,4,2012-Q4,11,November,listopad,2012-11,2012-11-01,8,4,Thursday,čtvrtek,313,45,2012,False
20121109,2012-11-09,2012,4,2012-Q4,11,November,listopad,2012-11,2012-11-01,9,5,Friday,pátek,314,45,2012,False
20121110,2012-11-10,2012,4,2012-Q4,11,November,listopad,2012-11,2012-11-01,10,6,Saturday,sobota,315,45,2012,True
20121111,2012-11-11,2012,4,2012-Q4,11,November,listopad,2012-11,2012-11-01,11,7,Sunday,neděle,316,45,2012,True
20121112,2012-11-12,2012,4,2012-Q4,11,November,listopad,2012-11,2012-11-01,12,1,Monday,pondělí,317,46,2012,False
20121113,2012-11-13,2012,4,2012-Q4,11,November,listopad,2012-11,2012-11-01,13,2,Tuesday,úterý,318,46,2012,False
20121114,2012-11-14,2012,4,2012-Q4,11,November,listopad,2012-11,2012-11-01,14,3,Wednesday,středa,319,46,2012,False
20121115,2012-11-15,2012,4,2012-Q4,11,November,listopad,2012-11,2012-11-01,15,4,Thursday,čtvrtek,320,46,2012,False
20121116,2012-11-16,2012,4,2012-Q4,11,November,listopad,2012-11,2012-11-01,16,5,Friday,pátek,321,46,2012,False
20121117,2012-11-17,2012,4,2012-Q4,11,November,listopad,2012-11,2012-11-01,17,6,Saturday,sobota,322,46,2012,True
20121118,2012-11-18,2012,4,2012-Q4,11,November,listopad,2012-11,2012-11-01,18,7,Sunday,neděle,323,46,2012,True
20121119,2012-11-19,2012,4,2012-Q4,11,November,listopad,2012-11,2012-11-01,19,1,Monday,pondělí,324,47,2012,False
20121120,2012-11-20,2012,4,2012-Q4,11,November,listopad,2012-11,2012-11-01,20,2,Tuesday,úterý,325,47,2012,False
20121121,2012-11-21,2012,4,2012-Q4,11,November,listopad,2012-11,2012-11-01,21,3,Wednesday,středa,326,47,2012,False
20121122,2012-11-22,2012,4,2012-Q4,11,November,listopad,2012-11,2012-11-01,22,4,Thursday,čtvrtek,327,47,2012,False
20121123,2012-11-23,2012,4,2012-Q4,11,November,listopad,2012-11,2012-11-01,23,5,Friday,pátek,328,47,2012,False
20121124,2012-11-24,2012,4,2012-Q4,11,November,listopad,2012-11,2012-11-01,24,6,Saturday,sobota,329,47,2012,True
20121125,2012-11-25,2012,4,2012-Q4,11,November,listopad,2012-11,2012-11-01,25,7,Sunday,neděle,330,47,2012,True
20121126,2012-11-26,2012,4,2012-Q4,11,November,listopad,2012-11,2012-11-01,26,1,Monday,pondělí,331,48,2012,False
20121127,2012-11-27,2012,4,2012-Q4,11,November,listopad,2012-11,2012-11-01,27,2,Tuesday,úterý,332,48,2012,False
20121128,2012-11-28,2012,4,2012-Q4,11,November,listopad,2012-11,2012-11-01,28,3,Wednesday,středa,333,48,2012,False
20121129,2012-11-29,2012,4,2012-Q4,11,November,listopad,2012-11,2012-11-01,29,4,Thursday,čtvrtek,334,48,2012,False
20121130,2012-11-30,2012,4,2012-Q4,11,November,listopad,2012-11,2012-11-01,30,5,Friday,pátek,335,48,2012,False
20121201,2012-12-01,2012,4,2012-Q4,12,December,prosinec,2012-12,2012-12-01,1,6,Saturday,sobota,336,48,2012,True
20121202,2012-12-02,2012,4,2012-Q4,12,December,prosinec,2012-12,2012-12-01,2,7,Sunday,neděle,337,48,2012,True
20121203,2012-12-03,2012,4,2012-Q4,12,December,prosinec,2012-12,2012-12-01,3,1,Monday,pondělí,338,49,2012,False
20121204,2012-12-04,2012,4,2012-Q4,12,December,prosinec,2012-12,2012-12-01,4,2,Tuesday,úterý,339,49,2012,False
20121205,2012-12-05,2012,4,2012-Q4,12,December,prosinec,2012-12,2012-12-01,5,3,Wednesday,středa,340,49,2012,False
20121206,2012-12-06,2012,4,2012-Q4,12,December,prosinec,2012-12,2012-12-01,6,4,Thursday,čtvrtek,341,49,2012,False
20121207,2012-12-07,2012,4,2012-Q4,12,December,prosinec,2012-12,2012-12-01,7,5,Friday,pátek,342,49,2012,False
20121208,2012-12-08,2012,4,2012-Q4,12,December,prosinec,2012-12,2012-12-01,8,6,Saturday,sobota,343,49,2012,True
20121209,2012-12-09,2012,4,2012-Q4,12,December,prosinec,2012-12,2012-12-01,9,7,Sunday,neděle,344,49,2012,True
20121210,2012-12-10,2012,4,2012-Q4,12,December,prosinec,2012-12,2012-12-01,10,1,Monday,pondělí,345,50,2012,False
20121211,2012-12-11,2012,4,2012-Q4,12,December,prosinec,2012-12,2012-12-01,11,2,Tuesday,úterý,346,50,2012,False
20121212,2012-12-12,2012,4,2012-Q4,12,December,prosinec,2012-12,2012-12-01,12,3,Wednesday,středa,347,50,2012,False
20121213,2012-12-13,2012,4,2012-Q4,12,December,prosinec,2012-12,2012-12-01,13,4,Thursday,čtvrtek,348,50,2012,False
20121214,2012-12-14,2012,4,2012-Q4,12,December,prosinec,2012-12,2012-12-01,14,5,Friday,pátek,349,50,2012,False
20121215,2012-12-15,2012,4,2012-Q4,12,December,prosinec,2012-12,2012-12-01,15,6,Saturday,sobota,350,50,2012,True
20121216,2012-12-16,2012,4,2012-Q4,12,December,prosinec,2012-12,2012-12-01,16,7,Sunday,neděle,351,50,2012,True
20121217,2012-12-17,2012,4,2012-Q4,12,December,prosinec,2012-12,2012-12-01,17,1,Monday,pondělí,352,51,2012,False
20121218,2012-12-18,2012,4,2012-Q4,12,December,prosinec,2012-12,2012-12-01,18,2,Tuesday,úterý,353,51,2012,False
20121219,2012-12-19,2012,4,2012-Q4,12,December,prosinec,2012-12,2012-12-01,19,3,Wednesday,středa,354,51,2012,False
20121220,2012-12-20,2012,4,2012-Q4,12,December,prosinec,2012-12,2012-12-01,20,4,Thursday,čtvrtek,355,51,2012,False
20121221,2012-12-21,2012,4,2012-Q4,12,December,prosinec,2012-12,2012-12-01,21,5,Friday,pátek,356,51,2012,False
20121222,2012-12-22,2012,4,2012-Q4,12,December,prosinec,2012-12,2012-12-01,22,6,Saturday,sobota,357,51,2012,True
20121223,2012-12-23,2012,4,2012-Q4,12,December,prosinec,2012-12,2012-12-01,23,7,Sunday,neděle,358,51,2012,True
20121224,2012-12-24,2012,4,2012-Q4,12,December,prosinec,2012-12,2012-12-01,24,1,Monday,pondělí,359,52,2012,False
20121225,2012-12-25,2012,4,2012-Q4,12,December,prosinec,2012-12,2012-12-01,25,2,Tuesday,úterý,360,52,2012,False
20121226,2012-12-26,2012,4,2012-Q4,12,December,prosinec,2012-12,2012-12-01,26,3,Wednesday,středa,361,52,2012,False
20121227,2012-12-27,2012,4,2012-Q4,12,December,prosinec,2012-12,2012-12-01,27,4,Thursday,čtvrtek,362,52,2012,False
20121228,2012-12-28,2012,4,2012-Q4,12,December,prosinec,2012-12,2012-12-01,28,5,Friday,pátek,363,52,2012,False
20121229,2012-12-29,2012,4,2012-Q4,12,December,prosinec,2012-12,2012-12-01,29,6,Saturday,sobota,364,52,2012,True
20121230,2012-12-30,2012,4,2012-Q4,12,December,prosinec,2012-12,2012-12-01,30,7,Sunday,neděle,365,52,2012,True
20121231,2012-12-31,2012,4,2012-Q4,12,December,prosinec,2012-12,2012-12-01,31,1,Monday,pondělí,366,1,2013,False
20130101,2013-01-01,2013,1,2013-Q1,1,January,leden,2013-01,2013-01-01,1,2,Tuesday,úterý,1,1,2013,False
20130102,2013-01-02,2013,1,2013-Q1,1,January,leden,2013-01,2013-01-01,2,3,Wednesday,středa,2,1,2013,False
20130103,2013-01-03,2013,1,2013-Q1,1,January,leden,2013-01,2013-01-01,3,4,Thursday,čtvrtek,3,1,2013,False
20130104,2013-01-04,2013,1,2013-Q1,1,January,leden,2013-01,2013-01-01,4,5,Friday,pátek,4,1,2013,False
20130105,2013-01-05,2013,1,2013-Q1,1,January,leden,2013-01,2013-01-01,5,6,Saturday,sobota,5,1,2013,True
20130106,2013-01-06,2013,1,2013-Q1,1,January,leden,2013-01,2013-01-01,6,7,Sunday,neděle,6,1,2013,True
20130107,2013-01-07,2013,1,2013-Q1,1,January,leden,2013-01,2013-01-01,7,1,Monday,pondělí,7,2,2013,False
20130108,2013-01-08,2013,1,2013-Q1,1,January,leden,2013-01,2013-01-01,8,2,Tuesday,úterý,8,2,2013,False
20130109,2013-01-09,2013,1,2013-Q1,1,January,leden,2013-01,2013-01-01,9,3,Wednesday,středa,9,2,2013,False
20130110,2013-01-10,2013,1,2013-Q1,1,January,leden,2013-01,2013-01-01,10,4,Thursday,čtvrtek,10,2,2013,False
20130111,2013-01-11,2013,1,2013-Q1,1,January,leden,2013-01,2013-01-01,11,5,Friday,pátek,11,2,2013,False
20130112,2013-01-12,2013,1,2013-Q1,1,January,leden,2013-01,2013-01-01,12,6,Saturday,sobota,12,2,2013,True
20130113,2013-01-13,2013,1,2013-Q1,1,January,leden,2013-01,2013-01-01,13,7,Sunday,neděle,13,2,2013,True
20130114,2013-01-14,2013,1,2013-Q1,1,January,leden,2013-01,2013-01-01,14,1,Monday,pondělí,14,3,2013,False
20130115,2013-01-15,2013,1,2013-Q1,1,January,leden,2013-01,2013-01-01,15,2,Tuesday,úterý,15,3,2013,False
20130116,2013-01-16,2013,1,2013-Q1,1,January,leden,2013-01,2013-01-01,16,3,Wednesday,středa,16,3,2013,False
20130117,2013-01-17,2013,1,2013-Q1,1,January,leden,2013-01,2013-01-01,17,4,Thursday,čtvrtek,17,3,2013,False
20130118,2013-01-18,2013,1,2013-Q1,1,January,leden,2013-01,2013-01-01,18,5,Friday,pátek,18,3,2013,False
20130119,2013-01-19,2013,1,2013-Q1,1,January,leden,2013-01,2013-01-01,19,6,Saturday,sobota,19,3,2013,True
20130120,2013-01-20,2013,1,2013-Q1,1,January,leden,2013-01,2013-01-01,20,7,Sunday,neděle,20,3,2013,True
20130121,2013-01-21,2013,1,2013-Q1,1,January,leden,2013-01,2013-01-01,21,1,Monday,pondělí,21,4,2013,False
20130122,2013-01-22,2013,1,2013-Q1,1,January,leden,2013-01,2013-01-01,22,2,Tuesday,úterý,22,4,2013,False
20130123,2013-01-23,2013,1,2013-Q1,1,January,leden,2013-01,2013-01-01,23,3,Wednesday,středa,23,4,2013,False
20130124,2013-01-24,2013,1,2013-Q1,1,January,leden,2013-01,2013-01-01,24,4,Thursday,čtvrtek,24,4,2013,False
20130125,2013-01-25,2013,1,2013-Q1,1,January,leden,2013-01,2013-01-01,25,5,Friday,pátek,25,4,2013,False
20130126,2013-01-26,2013,1,2013-Q1,1,January,leden,2013-01,2013-01-01,26,6,Saturday,sobota,26,4,2013,True
20130127,2013-01-27,2013,1,2013-Q1,1,January,leden,2013-01,2013-01-01,27,7,Sunday,neděle,27,4,2013,True
20130128,2013-01-28,2013,1,2013-Q1,1,January,leden,2013-01,2013-01-01,28,1,Monday,pondělí,28,5,2013,False
20130129,2013-01-29,2013,1,2013-Q1,1,January,leden,2013-01,2013-01-01,29,2,Tuesday,úterý,29,5,2013,False
20130130,2013-01-30,2013,1,2013-Q1,1,January,leden,2013-01,2013-01-01,30,3,Wednesday,středa,30,5,2013,False
20130131,2013-01-31,2013,1,2013-Q1,1,January,leden,2013-01,2013-01-01,31,4,Thursday,čtvrtek,31,5,2013,False
20130201,2013-02-01,2013,1,2013-Q1,2,February,únor,2013-02,2013-02-01,1,5,Friday,pátek,32,5,2013,False
20130202,2013-02-02,2013,1,2013-Q1,2,February,únor,2013-02,2013-02-01,2,6,Saturday,sobota,33,5,2013,True
20130203,2013-02-03,2013,1,2013-Q1,2,February,únor,2013-02,2013-02-01,3,7,Sunday,neděle,34,5,2013,True
20130204,2013-02-04,2013,1,2013-Q1,2,February,únor,2013-02,2013-02-01,4,1,Monday,pondělí,35,6,2013,False
20130205,2013-02-05,2013,1,2013-Q1,2,February,únor,2013-02,2013-02-01,5,2,Tuesday,úterý,36,6,2013,False
20130206,2013-02-06,2013,1,2013-Q1,2,February,únor,2013-02,2013-02-01,6,3,Wednesday,středa,37,6,2013,False
20130207,2013-02-07,2013,1,2013-Q1,2,February,únor,2013-02,2013-02-01,7,4,Thursday,čtvrtek,38,6,2013,False
20130208,2013-02-08,2013,1,2013-Q1,2,February,únor,2013-02,2013-02-01,8,5,Friday,pátek,39,6,2013,False
20130209,2013-02-09,2013,1,2013-Q1,2,February,únor,2013-02,2013-02-01,9,6,Saturday,sobota,40,6,2013,True
20130210,2013-02-10,2013,1,2013-Q1,2,February,únor,2013-02,2013-02-01,10,7,Sunday,neděle,41,6,2013,True
20130211,2013-02-11,2013,1,2013-Q1,2,February,únor,2013-02,2013-02-01,11,1,Monday,pondělí,42,7,2013,False
20130212,2013-02-12,2013,1,2013-Q1,2,February,únor,2013-02,2013-02-01,12,2,Tuesday,úterý,43,7,2013,False
20130213,2013-02-13,2013,1,2013-Q1,2,February,únor,2013-02,2013-02-01,13,3,Wednesday,středa,44,7,2013,False
20130214,2013-02-14,2013,1,2013-Q1,2,February,únor,2013-02,2013-02-01,14,4,Thursday,čtvrtek,45,7,2013,False
20130215,2013-02-15,2013,1,2013-Q1,2,February,únor,2013-02,2013-02-01,15,5,Friday,pátek,46,7,2013,False
20130216,2013-02-16,2013,1,2013-Q1,2,February,únor,2013-02,2013-02-01,16,6,Saturday,sobota,47,7,2013,True
20130217,2013-02-17,2013,1,2013-Q1,2,February,únor,2013-02,2013-02-01,17,7,Sunday,neděle,48,7,2013,True
20130218,2013-02-18,2013,1,2013-Q1,2,February,únor,2013-02,2013-02-01,18,1,Monday,pondělí,49,8,2013,False
20130219,2013-02-19,2013,1,2013-Q1,2,February,únor,2013-02,2013-02-01,19,2,Tuesday,úterý,50,8,2013,False
20130220,2013-02-20,2013,1,2013-Q1,2,February,únor,2013-02,2013-02-01,20,3,Wednesday,středa,51,8,2013,False
20130221,2013-02-21,2013,1,2013-Q1,2,February,únor,2013-02,2013-02-01,21,4,Thursday,čtvrtek,52,8,2013,False
20130222,2013-02-22,2013,1,2013-Q1,2,February,únor,2013-02,2013-02-01,22,5,Friday,pátek,53,8,2013,False
20130223,2013-02-23,2013,1,2013-Q1,2,February,únor,2013-02,2013-02-01,23,6,Saturday,sobota,54,8,2013,True
20130224,2013-02-24,2013,1,2013-Q1,2,February,únor,2013-02,2013-02-01,24,7,Sunday,neděle,55,8,2013,True
20130225,2013-02-25,2013,1,2013-Q1,2,February,únor,2013-02,2013-02-01,25,1,Monday,pondělí,56,9,2013,False
20130226,2013-02-26,2013,1,2013-Q1,2,February,únor,2013-02,2013-02-01,26,2,Tuesday,úterý,57,9,2013,False
20130227,2013-02-27,2013,1,2013-Q1,2,February,únor,2013-02,2013-02-01,27,3,Wednesday,středa,58,9,2013,False
20130228,2013-02-28,2013,1,2013-Q1,2,February,únor,2013-02,2013-02-01,28,4,Thursday,čtvrtek,59,9,2013,False
20130301,2013-03-01,2013,1,2013-Q1,3,March,březen,2013-03,2013-03-01,1,5,Friday,pátek,60,9,2013,False
20130302,2013-03-02,2013,1,2013-Q1,3,March,březen,2013-03,2013-03-01,2,6,Saturday,sobota,61,9,2013,True
20130303,2013-03-03,2013,1,2013-Q1,3,March,březen,2013-03,2013-03-01,3,7,Sunday,neděle,62,9,2013,True
20130304,2013-03-04,2013,1,2013-Q1,3,March,březen,2013-03,2013-03-01,4,1,Monday,pondělí,63,10,2013,False
20130305,2013-03-05,2013,1,2013-Q1,3,March,březen,2013-03,2013-03-01,5,2,Tuesday,úterý,64,10,2013,False
20130306,2013-03-06,2013,1,2013-Q1,3,March,březen,2013-03,2013-03-01,6,3,Wednesday,středa,65,10,2013,False
20130307,2013-03-07,2013,1,2013-Q1,3,March,březen,2013-03,2013-03-01,7,4,Thursday,čtvrtek,66,10,2013,False
20130308,2013-03-08,2013,1,2013-Q1,3,March,březen,2013-03,2013-03-01,8,5,Friday,pátek,67,10,2013,False
20130309,2013-03-09,2013,1,2013-Q1,3,March,březen,2013-03,2013-03-01,9,6,Saturday,sobota,68,10,2013,True
20130310,2013-03-10,2013,1,2013-Q1,3,March,březen,2013-03,2013-03-01,10,7,Sunday,neděle,69,10,2013,True
20130311,2013-03-11,2013,1,2013-Q1,3,March,březen,2013-03,2013-03-01,11,1,Monday,pondělí,70,11,2013,False
20130312,2013-03-12,2013,1,2013-Q1,3,March,březen,2013-03,2013-03-01,12,2,Tuesday,úterý,71,11,2013,False
20130313,2013-03-13,2013,1,2013-Q1,3,March,březen,2013-03,2013-03-01,13,3,Wednesday,středa,72,11,2013,False
20130314,2013-03-14,2013,1,2013-Q1,3,March,březen,2013-03,2013-03-01,14,4,Thursday,čtvrtek,73,11,2013,False
20130315,2013-03-15,2013,1,2013-Q1,3,March,březen,2013-03,2013-03-01,15,5,Friday,pátek,74,11,2013,False
20130316,2013-03-16,2013,1,2013-Q1,3,March,březen,2013-03,2013-03-01,16,6,Saturday,sobota,75,11,2013,True
20130317,2013-03-17,2013,1,2013-Q1,3,March,březen,2013-03,2013-03-01,17,7,Sunday,neděle,76,11,2013,True
20130318,2013-03-18,2013,1,2013-Q1,3,March,březen,2013-03,2013-03-01,18,1,Monday,pondělí,77,12,2013,False
20130319,2013-03-19,2013,1,2013-Q1,3,March,březen,2013-03,2013-03-01,19,2,Tuesday,úterý,78,12,2013,False
20130320,2013-03-20,2013,1,2013-Q1,3,March,březen,2013-03,2013-03-01,20,3,Wednesday,středa,79,12,2013,False
20130321,2013-03-21,2013,1,2013-Q1,3,March,březen,2013-03,2013-03-01,21,4,Thursday,čtvrtek,80,12,2013,False
20130322,2013-03-22,2013,1,2013-Q1,3,March,březen,2013-03,2013-03-01,22,5,Friday,pátek,81,12,2013,False
20130323,2013-03-23,2013,1,2013-Q1,3,March,březen,2013-03,2013-03-01,23,6,Saturday,sobota,82,12,2013,True
20130324,2013-03-24,2013,1,2013-Q1,3,March,březen,2013-03,2013-03-01,24,7,Sunday,neděle,83,12,2013,True
20130325,2013-03-25,2013,1,2013-Q1,3,March,březen,2013-03,2013-03-01,25,1,Monday,pondělí,84,13,2013,False
20130326,2013-03-26,2013,1,2013-Q1,3,March,březen,2013-03,2013-03-01,26,2,Tuesday,úterý,85,13,2013,False
20130327,2013-03-27,2013,1,2013-Q1,3,March,březen,2013-03,2013-03-01,27,3,Wednesday,středa,86,13,2013,False
20130328,2013-03-28,2013,1,2013-Q1,3,March,březen,2013-03,2013-03-01,28,4,Thursday,čtvrtek,87,13,2013,False
20130329,2013-03-29,2013,1,2013-Q1,3,March,březen,2013-03,2013-03-01,29,5,Friday,pátek,88,13,2013,False
20130330,2013-03-30,2013,1,2013-Q1,3,March,březen,2013-03,2013-03-01,30,6,Saturday,sobota,89,13,2013,True
20130331,2013-03-31,2013,1,2013-Q1,3,March,březen,2013-03,2013-03-01,31,7,Sunday,neděle,90,13,2013,True
20130401,2013-04-01,2013,2,2013-Q2,4,April,duben,2013-04,2013-04-01,1,1,Monday,pondělí,91,14,2013,False
20130402,2013-04-02,2013,2,2013-Q2,4,April,duben,2013-04,2013-04-01,2,2,Tuesday,úterý,92,14,2013,False
20130403,2013-04-03,2013,2,2013-Q2,4,April,duben,2013-04,2013-04-01,3,3,Wednesday,středa,93,14,2013,False
20130404,2013-04-04,2013,2,2013-Q2,4,April,duben,2013-04,2013-04-01,4,4,Thursday,čtvrtek,94,14,2013,False
20130405,2013-04-05,2013,2,2013-Q2,4,April,duben,2013-04,2013-04-01,5,5,Friday,pátek,95,14,2013,False
20130406,2013-04-06,2013,2,2013-Q2,4,April,duben,2013-04,2013-04-01,6,6,Saturday,sobota,96,14,2013,True
20130407,2013-04-07,2013,2,2013-Q2,4,April,duben,2013-04,2013-04-01,7,7,Sunday,neděle,97,14,2013,True
20130408,2013-04-08,2013,2,2013-Q2,4,April,duben,2013-04,2013-04-01,8,1,Monday,pondělí,98,15,2013,False
20130409,2013-04-09,2013,2,2013-Q2,4,April,duben,2013-04,2013-04-01,9,2,Tuesday,úterý,99,15,2013,False
20130410,2013-04-10,2013,2,2013-Q2,4,April,duben,2013-04,2013-04-01,10,3,Wednesday,středa,100,15,2013,False
20130411,2013-04-11,2013,2,2013-Q2,4,April,duben,2013-04,2013-04-01,11,4,Thursday,čtvrtek,101,15,2013,False
20130412,2013-04-12,2013,2,2013-Q2,4,April,duben,2013-04,2013-04-01,12,5,Friday,pátek,102,15,2013,False
20130413,2013-04-13,2013,2,2013-Q2,4,April,duben,2013-04,2013-04-01,13,6,Saturday,sobota,103,15,2013,True
20130414,2013-04-14,2013,2,2013-Q2,4,April,duben,2013-04,2013-04-01,14,7,Sunday,neděle,104,15,2013,True
20130415,2013-04-15,2013,2,2013-Q2,4,April,duben,2013-04,2013-04-01,15,1,Monday,pondělí,105,16,2013,False
20130416,2013-04-16,2013,2,2013-Q2,4,April,duben,2013-04,2013-04-01,16,2,Tuesday,úterý,106,16,2013,False
20130417,2013-04-17,2013,2,2013-Q2,4,April,duben,2013-04,2013-04-01,17,3,Wednesday,středa,107,16,2013,False
20130418,2013-04-18,2013,2,2013-Q2,4,April,duben,2013-04,2013-04-01,18,4,Thursday,čtvrtek,108,16,2013,False
20130419,2013-04-19,2013,2,2013-Q2,4,April,duben,2013-04,2013-04-01,19,5,Friday,pátek,109,16,2013,False
20130420,2013-04-20,2013,2,2013-Q2,4,April,duben,2013-04,2013-04-01,20,6,Saturday,sobota,110,16,2013,True
20130421,2013-04-21,2013,2,2013-Q2,4,April,duben,2013-04,2013-04-01,21,7,Sunday,neděle,111,16,2013,True
20130422,2013-04-22,2013,2,2013-Q2,4,April,duben,2013-04,2013-04-01,22,1,Monday,pondělí,112,17,2013,False
20130423,2013-04-23,2013,2,2013-Q2,4,April,duben,2013-04,2013-04-01,23,2,Tuesday,úterý,113,17,2013,False
20130424,2013-04-24,2013,2,2013-Q2,4,April,duben,2013-04,2013-04-01,24,3,Wednesday,středa,114,17,2013,False
20130425,2013-04-25,2013,2,2013-Q2,4,April,duben,2013-04,2013-04-01,25,4,Thursday,čtvrtek,115,17,2013,False
20130426,2013-04-26,2013,2,2013-Q2,4,April,duben,2013-04,2013-04-01,26,5,Friday,pátek,116,17,2013,False
20130427,2013-04-27,2013,2,2013-Q2,4,April,duben,2013-04,2013-04-01,27,6,Saturday,sobota,117,17,2013,True
20130428,2013-04-28,2013,2,2013-Q2,4,April,duben,2013-04,2013-04-01,28,7,Sunday,neděle,118,17,2013,True
20130429,2013-04-29,2013,2,2013-Q2,4,April,duben,2013-04,2013-04-01,29,1,Monday,pondělí,119,18,2013,False
20130430,2013-04-30,2013,2,2013-Q2,4,April,duben,2013-04,2013-04-01,30,2,Tuesday,úterý,120,18,2013,False
20130501,2013-05-01,2013,2,2013-Q2,5,May,květen,2013-05,2013-05-01,1,3,Wednesday,středa,121,18,2013,False
20130502,2013-05-02,2013,2,2013-Q2,5,May,květen,2013-05,2013-05-01,2,4,Thursday,čtvrtek,122,18,2013,False
20130503,2013-05-03,2013,2,2013-Q2,5,May,květen,2013-05,2013-05-01,3,5,Friday,pátek,123,18,2013,False
20130504,2013-05-04,2013,2,2013-Q2,5,May,květen,2013-05,2013-05-01,4,6,Saturday,sobota,124,18,2013,True
20130505,2013-05-05,2013,2,2013-Q2,5,May,květen,2013-05,2013-05-01,5,7,Sunday,neděle,125,18,2013,True
20130506,2013-05-06,2013,2,2013-Q2,5,May,květen,2013-05,2013-05-01,6,1,Monday,pondělí,126,19,2013,False
20130507,2013-05-07,2013,2,2013-Q2,5,May,květen,2013-05,2013-05-01,7,2,Tuesday,úterý,127,19,2013,False
20130508,2013-05-08,2013,2,2013-Q2,5,May,květen,2013-05,2013-05-01,8,3,Wednesday,středa,128,19,2013,False
20130509,2013-05-09,2013,2,2013-Q2,5,May,květen,2013-05,2013-05-01,9,4,Thursday,čtvrtek,129,19,2013,False
20130510,2013-05-10,2013,2,2013-Q2,5,May,květen,2013-05,2013-05-01,10,5,Friday,pátek,130,19,2013,False
20130511,2013-05-11,2013,2,2013-Q2,5,May,květen,2013-05,2013-05-01,11,6,Saturday,sobota,131,19,2013,True
20130512,2013-05-12,2013,2,2013-Q2,5,May,květen,2013-05,2013-05-01,12,7,Sunday,neděle,132,19,2013,True
20130513,2013-05-13,2013,2,2013-Q2,5,May,květen,2013-05,2013-05-01,13,1,Monday,pondělí,133,20,2013,False
20130514,2013-05-14,2013,2,2013-Q2,5,May,květen,2013-05,2013-05-01,14,2,Tuesday,úterý,134,20,2013,False
20130515,2013-05-15,2013,2,2013-Q2,5,May,květen,2013-05,2013-05-01,15,3,Wednesday,středa,135,20,2013,False
20130516,2013-05-16,2013,2,2013-Q2,5,May,květen,2013-05,2013-05-01,16,4,Thursday,čtvrtek,136,20,2013,False
20130517,2013-05-17,2013,2,2013-Q2,5,May,květen,2013-05,2013-05-01,17,5,Friday,pátek,137,20,2013,False
20130518,2013-05-18,2013,2,2013-Q2,5,May,květen,2013-05,2013-05-01,18,6,Saturday,sobota,138,20,2013,True
20130519,2013-05-19,2013,2,2013-Q2,5,May,květen,2013-05,2013-05-01,19,7,Sunday,neděle,139,20,2013,True
20130520,2013-05-20,2013,2,2013-Q2,5,May,květen,2013-05,2013-05-01,20,1,Monday,pondělí,140,21,2013,False
20130521,2013-05-21,2013,2,2013-Q2,5,May,květen,2013-05,2013-05-01,21,2,Tuesday,úterý,141,21,2013,False
20130522,2013-05-22,2013,2,2013-Q2,5,May,květen,2013-05,2013-05-01,22,3,Wednesday,středa,142,21,2013,False
20130523,2013-05-23,2013,2,2013-Q2,5,May,květen,2013-05,2013-05-01,23,4,Thursday,čtvrtek,143,21,2013,False
20130524,2013-05-24,2013,2,2013-Q2,5,May,květen,2013-05,2013-05-01,24,5,Friday,pátek,144,21,2013,False
20130525,2013-05-25,2013,2,2013-Q2,5,May,květen,2013-05,2013-05-01,25,6,Saturday,sobota,145,21,2013,True
20130526,2013-05-26,2013,2,2013-Q2,5,May,květen,2013-05,2013-05-01,26,7,Sunday,neděle,146,21,2013,True
20130527,2013-05-27,2013,2,2013-Q2,5,May,květen,2013-05,2013-05-01,27,1,Monday,pondělí,147,22,2013,False
20130528,2013-05-28,2013,2,2013-Q2,5,May,květen,2013-05,2013-05-01,28,2,Tuesday,úterý,148,22,2013,False
20130529,2013-05-29,2013,2,2013-Q2,5,May,květen,2013-05,2013-05-01,29,3,Wednesday,středa,149,22,2013,False
20130530,2013-05-30,2013,2,2013-Q2,5,May,květen,2013-05,2013-05-01,30,4,Thursday,čtvrtek,150,22,2013,False
20130531,2013-05-31,2013,2,2013-Q2,5,May,květen,2013-05,2013-05-01,31,5,Friday,pátek,151,22,2013,False
20130601,2013-06-01,2013,2,2013-Q2,6,June,červen,2013-06,2013-06-01,1,6,Saturday,sobota,152,22,2013,True
20130602,2013-06-02,2013,2,2013-Q2,6,June,červen,2013-06,2013-06-01,2,7,Sunday,neděle,153,22,2013,True
20130603,2013-06-03,2013,2,2013-Q2,6,June,červen,2013-06,2013-06-01,3,1,Monday,pondělí,154,23,2013,False
20130604,2013-06-04,2013,2,2013-Q2,6,June,červen,2013-06,2013-06-01,4,2,Tuesday,úterý,155,23,2013,False
20130605,2013-06-05,2013,2,2013-Q2,6,June,červen,2013-06,2013-06-01,5,3,Wednesday,středa,156,23,2013,False
20130606,2013-06-06,2013,2,2013-Q2,6,June,červen,2013-06,2013-06-01,6,4,Thursday,čtvrtek,157,23,2013,False
20130607,2013-06-07,2013,2,2013-Q2,6,June,červen,2013-06,2013-06-01,7,5,Friday,pátek,158,23,2013,False
20130608,2013-06-08,2013,2,2013-Q2,6,June,červen,2013-06,2013-06-01,8,6,Saturday,sobota,159,23,2013,True
20130609,2013-06-09,2013,2,2013-Q2,6,June,červen,2013-06,2013-06-01,9,7,Sunday,neděle,160,23,2013,True
20130610,2013-06-10,2013,2,2013-Q2,6,June,červen,2013-06,2013-06-01,10,1,Monday,pondělí,161,24,2013,False
20130611,2013-06-11,2013,2,2013-Q2,6,June,červen,2013-06,2013-06-01,11,2,Tuesday,úterý,162,24,2013,False
20130612,2013-06-12,2013,2,2013-Q2,6,June,červen,2013-06,2013-06-01,12,3,Wednesday,středa,163,24,2013,False
20130613,2013-06-13,2013,2,2013-Q2,6,June,červen,2013-06,2013-06-01,13,4,Thursday,čtvrtek,164,24,2013,False
20130614,2013-06-14,2013,2,2013-Q2,6,June,červen,2013-06,2013-06-01,14,5,Friday,pátek,165,24,2013,False
20130615,2013-06-15,2013,2,2013-Q2,6,June,červen,2013-06,2013-06-01,15,6,Saturday,sobota,166,24,2013,True
20130616,2013-06-16,2013,2,2013-Q2,6,June,červen,2013-06,2013-06-01,16,7,Sunday,neděle,167,24,2013,True
20130617,2013-06-17,2013,2,2013-Q2,6,June,červen,2013-06,2013-06-01,17,1,Monday,pondělí,168,25,2013,False
20130618,2013-06-18,2013,2,2013-Q2,6,June,červen,2013-06,2013-06-01,18,2,Tuesday,úterý,169,25,2013,False
20130619,2013-06-19,2013,2,2013-Q2,6,June,červen,2013-06,2013-06-01,19,3,Wednesday,středa,170,25,2013,False
20130620,2013-06-20,2013,2,2013-Q2,6,June,červen,2013-06,2013-06-01,20,4,Thursday,čtvrtek,171,25,2013,False
20130621,2013-06-21,2013,2,2013-Q2,6,June,červen,2013-06,2013-06-01,21,5,Friday,pátek,172,25,2013,False
20130622,2013-06-22,2013,2,2013-Q2,6,June,červen,2013-06,2013-06-01,22,6,Saturday,sobota,173,25,2013,True
20130623,2013-06-23,2013,2,2013-Q2,6,June,červen,2013-06,2013-06-01,23,7,Sunday,neděle,174,25,2013,True
20130624,2013-06-24,2013,2,2013-Q2,6,June,červen,2013-06,2013-06-01,24,1,Monday,pondělí,175,26,2013,False
20130625,2013-06-25,2013,2,2013-Q2,6,June,červen,2013-06,2013-06-01,25,2,Tuesday,úterý,176,26,2013,False
20130626,2013-06-26,2013,2,2013-Q2,6,June,červen,2013-06,2013-06-01,26,3,Wednesday,středa,177,26,2013,False
20130627,2013-06-27,2013,2,2013-Q2,6,June,červen,2013-06,2013-06-01,27,4,Thursday,čtvrtek,178,26,2013,False
20130628,2013-06-28,2013,2,2013-Q2,6,June,červen,2013-06,2013-06-01,28,5,Friday,pátek,179,26,2013,False
20130629,2013-06-29,2013,2,2013-Q2,6,June,červen,2013-06,2013-06-01,29,6,Saturday,sobota,180,26,2013,True
20130630,2013-06-30,2013,2,2013-Q2,6,June,červen,2013-06,2013-06-01,30,7,Sunday,neděle,181,26,2013,True
20130701,2013-07-01,2013,3,2013-Q3,7,July,červenec,2013-07,2013-07-01,1,1,Monday,pondělí,182,27,2013,False
20130702,2013-07-02,2013,3,2013-Q3,7,July,červenec,2013-07,2013-07-01,2,2,Tuesday,úterý,183,27,2013,False
20130703,2013-07-03,2013,3,2013-Q3,7,July,červenec,2013-07,2013-07-01,3,3,Wednesday,středa,184,27,2013,False
20130704,2013-07-04,2013,3,2013-Q3,7,July,červenec,2013-07,2013-07-01,4,4,Thursday,čtvrtek,185,27,2013,False
20130705,2013-07-05,2013,3,2013-Q3,7,July,červenec,2013-07,2013-07-01,5,5,Friday,pátek,186,27,2013,False
20130706,2013-07-06,2013,3,2013-Q3,7,July,červenec,2013-07,2013-07-01,6,6,Saturday,sobota,187,27,2013,True
20130707,2013-07-07,2013,3,2013-Q3,7,July,červenec,2013-07,2013-07-01,7,7,Sunday,neděle,188,27,2013,True
20130708,2013-07-08,2013,3,2013-Q3,7,July,červenec,2013-07,2013-07-01,8,1,Monday,pondělí,189,28,2013,False
20130709,2013-07-09,2013,3,2013-Q3,7,July,červenec,2013-07,2013-07-01,9,2,Tuesday,úterý,190,28,2013,False
20130710,2013-07-10,2013,3,2013-Q3,7,July,červenec,2013-07,2013-07-01,10,3,Wednesday,středa,191,28,2013,False
20130711,2013-07-11,2013,3,2013-Q3,7,July,červenec,2013-07,2013-07-01,11,4,Thursday,čtvrtek,192,28,2013,False
20130712,2013-07-12,2013,3,2013-Q3,7,July,červenec,2013-07,2013-07-01,12,5,Friday,pátek,193,28,2013,False
20130713,2013-07-13,2013,3,2013-Q3,7,July,červenec,2013-07,2013-07-01,13,6,Saturday,sobota,194,28,2013,True
20130714,2013-07-14,2013,3,2013-Q3,7,July,červenec,2013-07,2013-07-01,14,7,Sunday,neděle,195,28,2013,True
20130715,2013-07-15,2013,3,2013-Q3,7,July,červenec,2013-07,2013-07-01,15,1,Monday,pondělí,196,29,2013,False
20130716,2013-07-16,2013,3,2013-Q3,7,July,červenec,2013-07,2013-07-01,16,2,Tuesday,úterý,197,29,2013,False
20130717,2013-07-17,2013,3,2013-Q3,7,July,červenec,2013-07,2013-07-01,17,3,Wednesday,středa,198,29,2013,False
20130718,2013-07-18,2013,3,2013-Q3,7,July,červenec,2013-07,2013-07-01,18,4,Thursday,čtvrtek,199,29,2013,False
20130719,2013-07-19,2013,3,2013-Q3,7,July,červenec,2013-07,2013-07-01,19,5,Friday,pátek,200,29,2013,False
20130720,2013-07-20,2013,3,2013-Q3,7,July,červenec,2013-07,2013-07-01,20,6,Saturday,sobota,201,29,2013,True
20130721,2013-07-21,2013,3,2013-Q3,7,July,červenec,2013-07,2013-07-01,21,7,Sunday,neděle,202,29,2013,True
20130722,2013-07-22,2013,3,2013-Q3,7,July,červenec,2013-07,2013-07-01,22,1,Monday,pondělí,203,30,2013,False
20130723,2013-07-23,2013,3,2013-Q3,7,July,červenec,2013-07,2013-07-01,23,2,Tuesday,úterý,204,30,2013,False
20130724,2013-07-24,2013,3,2013-Q3,7,July,červenec,2013-07,2013-07-01,24,3,Wednesday,středa,205,30,2013,False
20130725,2013-07-25,2013,3,2013-Q3,7,July,červenec,2013-07,2013-07-01,25,4,Thursday,čtvrtek,206,30,2013,False
20130726,2013-07-26,2013,3,2013-Q3,7,July,červenec,2013-07,2013-07-01,26,5,Friday,pátek,207,30,2013,False
20130727,2013-07-27,2013,3,2013-Q3,7,July,červenec,2013-07,2013-07-01,27,6,Saturday,sobota,208,30,2013,True
20130728,2013-07-28,2013,3,2013-Q3,7,July,červenec,2013-07,2013-07-01,28,7,Sunday,neděle,209,30,2013,True
20130729,2013-07-29,2013,3,2013-Q3,7,July,červenec,2013-07,2013-07-01,29,1,Monday,pondělí,210,31,2013,False
20130730,2013-07-30,2013,3,2013-Q3,7,July,červenec,2013-07,2013-07-01,30,2,Tuesday,úterý,211,31,2013,False
20130731,2013-07-31,2013,3,2013-Q3,7,July,červenec,2013-07,2013-07-01,31,3,Wednesday,středa,212,31,2013,False
20130801,2013-08-01,2013,3,2013-Q3,8,August,srpen,2013-08,2013-08-01,1,4,Thursday,čtvrtek,213,31,2013,False
20130802,2013-08-02,2013,3,2013-Q3,8,August,srpen,2013-08,2013-08-01,2,5,Friday,pátek,214,31,2013,False
20130803,2013-08-03,2013,3,2013-Q3,8,August,srpen,2013-08,2013-08-01,3,6,Saturday,sobota,215,31,2013,True
20130804,2013-08-04,2013,3,2013-Q3,8,August,srpen,2013-08,2013-08-01,4,7,Sunday,neděle,216,31,2013,True
20130805,2013-08-05,2013,3,2013-Q3,8,August,srpen,2013-08,2013-08-01,5,1,Monday,pondělí,217,32,2013,False
20130806,2013-08-06,2013,3,2013-Q3,8,August,srpen,2013-08,2013-08-01,6,2,Tuesday,úterý,218,32,2013,False
20130807,2013-08-07,2013,3,2013-Q3,8,August,srpen,2013-08,2013-08-01,7,3,Wednesday,středa,219,32,2013,False
20130808,2013-08-08,2013,3,2013-Q3,8,August,srpen,2013-08,2013-08-01,8,4,Thursday,čtvrtek,220,32,2013,False
20130809,2013-08-09,2013,3,2013-Q3,8,August,srpen,2013-08,2013-08-01,9,5,Friday,pátek,221,32,2013,False
20130810,2013-08-10,2013,3,2013-Q3,8,August,srpen,2013-08,2013-08-01,10,6,Saturday,sobota,222,32,2013,True
20130811,2013-08-11,2013,3,2013-Q3,8,August,srpen,2013-08,2013-08-01,11,7,Sunday,neděle,223,32,2013,True
20130812,2013-08-12,2013,3,2013-Q3,8,August,srpen,2013-08,2013-08-01,12,1,Monday,pondělí,224,33,2013,False
20130813,2013-08-13,2013,3,2013-Q3,8,August,srpen,2013-08,2013-08-01,13,2,Tuesday,úterý,225,33,2013,False
20130814,2013-08-14,2013,3,2013-Q3,8,August,srpen,2013-08,2013-08-01,14,3,Wednesday,středa,226,33,2013,False
20130815,2013-08-15,2013,3,2013-Q3,8,August,srpen,2013-08,2013-08-01,15,4,Thursday,čtvrtek,227,33,2013,False
20130816,2013-08-16,2013,3,2013-Q3,8,August,srpen,2013-08,2013-08-01,16,5,Friday,pátek,228,33,2013,False
20130817,2013-08-17,2013,3,2013-Q3,8,August,srpen,2013-08,2013-08-01,17,6,Saturday,sobota,229,33,2013,True
20130818,2013-08-18,2013,3,2013-Q3,8,August,srpen,2013-08,2013-08-01,18,7,Sunday,neděle,230,33,2013,True
20130819,2013-08-19,2013,3,2013-Q3,8,August,srpen,2013-08,2013-08-01,19,1,Monday,pondělí,231,34,2013,False
20130820,2013-08-20,2013,3,2013-Q3,8,August,srpen,2013-08,2013-08-01,20,2,Tuesday,úterý,232,34,2013,False
20130821,2013-08-21,2013,3,2013-Q3,8,August,srpen,2013-08,2013-08-01,21,3,Wednesday,středa,233,34,2013,False
20130822,2013-08-22,2013,3,2013-Q3,8,August,srpen,2013-08,2013-08-01,22,4,Thursday,čtvrtek,234,34,2013,False
20130823,2013-08-23,2013,3,2013-Q3,8,August,srpen,2013-08,2013-08-01,23,5,Friday,pátek,235,34,2013,False
20130824,2013-08-24,2013,3,2013-Q3,8,August,srpen,2013-08,2013-08-01,24,6,Saturday,sobota,236,34,2013,True
20130825,2013-08-25,2013,3,2013-Q3,8,August,srpen,2013-08,2013-08-01,25,7,Sunday,neděle,237,34,2013,True
20130826,2013-08-26,2013,3,2013-Q3,8,August,srpen,2013-08,2013-08-01,26,1,Monday,pondělí,238,35,2013,False
20130827,2013-08-27,2013,3,2013-Q3,8,August,srpen,2013-08,2013-08-01,27,2,Tuesday,úterý,239,35,2013,False
20130828,2013-08-28,2013,3,2013-Q3,8,August,srpen,2013-08,2013-08-01,28,3,Wednesday,středa,240,35,2013,False
20130829,2013-08-29,2013,3,2013-Q3,8,August,srpen,2013-08,2013-08-01,29,4,Thursday,čtvrtek,241,35,2013,False
20130830,2013-08-30,2013,3,2013-Q3,8,August,srpen,2013-08,2013-08-01,30,5,Friday,pátek,242,35,2013,False
20130831,2013-08-31,2013,3,2013-Q3,8,August,srpen,2013-08,2013-08-01,31,6,Saturday,sobota,243,35,2013,True
20130901,2013-09-01,2013,3,2013-Q3,9,September,září,2013-09,2013-09-01,1,7,Sunday,neděle,244,35,2013,True
20130902,2013-09-02,2013,3,2013-Q3,9,September,září,2013-09,2013-09-01,2,1,Monday,pondělí,245,36,2013,False
20130903,2013-09-03,2013,3,2013-Q3,9,September,září,2013-09,2013-09-01,3,2,Tuesday,úterý,246,36,2013,False
20130904,2013-09-04,2013,3,2013-Q3,9,September,září,2013-09,2013-09-01,4,3,Wednesday,středa,247,36,2013,False
20130905,2013-09-05,2013,3,2013-Q3,9,September,září,2013-09,2013-09-01,5,4,Thursday,čtvrtek,248,36,2013,False
20130906,2013-09-06,2013,3,2013-Q3,9,September,září,2013-09,2013-09-01,6,5,Friday,pátek,249,36,2013,False
20130907,2013-09-07,2013,3,2013-Q3,9,September,září,2013-09,2013-09-01,7,6,Saturday,sobota,250,36,2013,True
20130908,2013-09-08,2013,3,2013-Q3,9,September,září,2013-09,2013-09-01,8,7,Sunday,neděle,251,36,2013,True
20130909,2013-09-09,2013,3,2013-Q3,9,September,září,2013-09,2013-09-01,9,1,Monday,pondělí,252,37,2013,False
20130910,2013-09-10,2013,3,2013-Q3,9,September,září,2013-09,2013-09-01,10,2,Tuesday,úterý,253,37,2013,False
20130911,2013-09-11,2013,3,2013-Q3,9,September,září,2013-09,2013-09-01,11,3,Wednesday,středa,254,37,2013,False
20130912,2013-09-12,2013,3,2013-Q3,9,September,září,2013-09,2013-09-01,12,4,Thursday,čtvrtek,255,37,2013,False
20130913,2013-09-13,2013,3,2013-Q3,9,September,září,2013-09,2013-09-01,13,5,Friday,pátek,256,37,2013,False
20130914,2013-09-14,2013,3,2013-Q3,9,September,září,2013-09,2013-09-01,14,6,Saturday,sobota,257,37,2013,True
20130915,2013-09-15,2013,3,2013-Q3,9,September,září,2013-09,2013-09-01,15,7,Sunday,neděle,258,37,2013,True
20130916,2013-09-16,2013,3,2013-Q3,9,September,září,2013-09,2013-09-01,16,1,Monday,pondělí,259,38,2013,False
20130917,2013-09-17,2013,3,2013-Q3,9,September,září,2013-09,2013-09-01,17,2,Tuesday,úterý,260,38,2013,False
20130918,2013-09-18,2013,3,2013-Q3,9,September,září,2013-09,2013-09-01,18,3,Wednesday,středa,261,38,2013,False
20130919,2013-09-19,2013,3,2013-Q3,9,September,září,2013-09,2013-09-01,19,4,Thursday,čtvrtek,262,38,2013,False
20130920,2013-09-20,2013,3,2013-Q3,9,September,září,2013-09,2013-09-01,20,5,Friday,pátek,263,38,2013,False
20130921,2013-09-21,2013,3,2013-Q3,9,September,září,2013-09,2013-09-01,21,6,Saturday,sobota,264,38,2013,True
20130922,2013-09-22,2013,3,2013-Q3,9,September,září,2013-09,2013-09-01,22,7,Sunday,neděle,265,38,2013,True
20130923,2013-09-23,2013,3,2013-Q3,9,September,září,2013-09,2013-09-01,23,1,Monday,pondělí,266,39,2013,False
20130924,2013-09-24,2013,3,2013-Q3,9,September,září,2013-09,2013-09-01,24,2,Tuesday,úterý,267,39,2013,False
20130925,2013-09-25,2013,3,2013-Q3,9,September,září,2013-09,2013-09-01,25,3,Wednesday,středa,268,39,2013,False
20130926,2013-09-26,2013,3,2013-Q3,9,September,září,2013-09,2013-09-01,26,4,Thursday,čtvrtek,269,39,2013,False
20130927,2013-09-27,2013,3,2013-Q3,9,September,září,2013-09,2013-09-01,27,5,Friday,pátek,270,39,2013,False
20130928,2013-09-28,2013,3,2013-Q3,9,September,září,2013-09,2013-09-01,28,6,Saturday,sobota,271,39,2013,True
20130929,2013-09-29,2013,3,2013-Q3,9,September,září,2013-09,2013-09-01,29,7,Sunday,neděle,272,39,2013,True
20130930,2013-09-30,2013,3,2013-Q3,9,September,září,2013-09,2013-09-01,30,1,Monday,pondělí,273,40,2013,False
20131001,2013-10-01,2013,4,2013-Q4,10,October,říjen,2013-10,2013-10-01,1,2,Tuesday,úterý,274,40,2013,False
20131002,2013-10-02,2013,4,2013-Q4,10,October,říjen,2013-10,2013-10-01,2,3,Wednesday,středa,275,40,2013,False
20131003,2013-10-03,2013,4,2013-Q4,10,October,říjen,2013-10,2013-10-01,3,4,Thursday,čtvrtek,276,40,2013,False
20131004,2013-10-04,2013,4,2013-Q4,10,October,říjen,2013-10,2013-10-01,4,5,Friday,pátek,277,40,2013,False
20131005,2013-10-05,2013,4,2013-Q4,10,October,říjen,2013-10,2013-10-01,5,6,Saturday,sobota,278,40,2013,True
20131006,2013-10-06,2013,4,2013-Q4,10,October,říjen,2013-10,2013-10-01,6,7,Sunday,neděle,279,40,2013,True
20131007,2013-10-07,2013,4,2013-Q4,10,October,říjen,2013-10,2013-10-01,7,1,Monday,pondělí,280,41,2013,False
20131008,2013-10-08,2013,4,2013-Q4,10,October,říjen,2013-10,2013-10-01,8,2,Tuesday,úterý,281,41,2013,False
20131009,2013-10-09,2013,4,2013-Q4,10,October,říjen,2013-10,2013-10-01,9,3,Wednesday,středa,282,41,2013,False
20131010,2013-10-10,2013,4,2013-Q4,10,October,říjen,2013-10,2013-10-01,10,4,Thursday,čtvrtek,283,41,2013,False
20131011,2013-10-11,2013,4,2013-Q4,10,October,říjen,2013-10,2013-10-01,11,5,Friday,pátek,284,41,2013,False
20131012,2013-10-12,2013,4,2013-Q4,10,October,říjen,2013-10,2013-10-01,12,6,Saturday,sobota,285,41,2013,True
20131013,2013-10-13,2013,4,2013-Q4,10,October,říjen,2013-10,2013-10-01,13,7,Sunday,neděle,286,41,2013,True
20131014,2013-10-14,2013,4,2013-Q4,10,October,říjen,2013-10,2013-10-01,14,1,Monday,pondělí,287,42,2013,False
20131015,2013-10-15,2013,4,2013-Q4,10,October,říjen,2013-10,2013-10-01,15,2,Tuesday,úterý,288,42,2013,False
20131016,2013-10-16,2013,4,2013-Q4,10,October,říjen,2013-10,2013-10-01,16,3,Wednesday,středa,289,42,2013,False
20131017,2013-10-17,2013,4,2013-Q4,10,October,říjen,2013-10,2013-10-01,17,4,Thursday,čtvrtek,290,42,2013,False
20131018,2013-10-18,2013,4,2013-Q4,10,October,říjen,2013-10,2013-10-01,18,5,Friday,pátek,291,42,2013,False
20131019,2013-10-19,2013,4,2013-Q4,10,October,říjen,2013-10,2013-10-01,19,6,Saturday,sobota,292,42,2013,True
20131020,2013-10-20,2013,4,2013-Q4,10,October,říjen,2013-10,2013-10-01,20,7,Sunday,neděle,293,42,2013,True
20131021,2013-10-21,2013,4,2013-Q4,10,October,říjen,2013-10,2013-10-01,21,1,Monday,pondělí,294,43,2013,False
20131022,2013-10-22,2013,4,2013-Q4,10,October,říjen,2013-10,2013-10-01,22,2,Tuesday,úterý,295,43,2013,False
20131023,2013-10-23,2013,4,2013-Q4,10,October,říjen,2013-10,2013-10-01,23,3,Wednesday,středa,296,43,2013,False
20131024,2013-10-24,2013,4,2013-Q4,10,October,říjen,2013-10,2013-10-01,24,4,Thursday,čtvrtek,297,43,2013,False
20131025,2013-10-25,2013,4,2013-Q4,10,October,říjen,2013-10,2013-10-01,25,5,Friday,pátek,298,43,2013,False
20131026,2013-10-26,2013,4,2013-Q4,10,October,říjen,2013-10,2013-10-01,26,6,Saturday,sobota,299,43,2013,True
20131027,2013-10-27,2013,4,2013-Q4,10,October,říjen,2013-10,2013-10-01,27,7,Sunday,neděle,300,43,2013,True
20131028,2013-10-28,2013,4,2013-Q4,10,October,říjen,2013-10,2013-10-01,28,1,Monday,pondělí,301,44,2013,False
20131029,2013-10-29,2013,4,2013-Q4,10,October,říjen,2013-10,2013-10-01,29,2,Tuesday,úterý,302,44,2013,False
20131030,2013-10-30,2013,4,2013-Q4,10,October,říjen,2013-10,2013-10-01,30,3,Wednesday,středa,303,44,2013,False
20131031,2013-10-31,2013,4,2013-Q4,10,October,říjen,2013-10,2013-10-01,31,4,Thursday,čtvrtek,304,44,2013,False
20131101,2013-11-01,2013,4,2013-Q4,11,November,listopad,2013-11,2013-11-01,1,5,Friday,pátek,305,44,2013,False
20131102,2013-11-02,2013,4,2013-Q4,11,November,listopad,2013-11,2013-11-01,2,6,Saturday,sobota,306,44,2013,True
20131103,2013-11-03,2013,4,2013-Q4,11,November,listopad,2013-11,2013-11-01,3,7,Sunday,neděle,307,44,2013,True
20131104,2013-11-04,2013,4,2013-Q4,11,November,listopad,2013-11,2013-11-01,4,1,Monday,pondělí,308,45,2013,False
20131105,2013-11-05,2013,4,2013-Q4,11,November,listopad,2013-11,2013-11-01,5,2,Tuesday,úterý,309,45,2013,False
20131106,2013-11-06,2013,4,2013-Q4,11,November,listopad,2013-11,2013-11-01,6,3,Wednesday,středa,310,45,2013,False
20131107,2013-11-07,2013,4,2013-Q4,11,November,listopad,2013-11,2013-11-01,7,4,Thursday,čtvrtek,311,45,2013,False
20131108,2013-11-08,2013,4,2013-Q4,11,November,listopad,2013-11,2013-11-01,8,5,Friday,pátek,312,45,2013,False
20131109,2013-11-09,2013,4,2013-Q4,11,November,listopad,2013-11,2013-11-01,9,6,Saturday,sobota,313,45,2013,True
20131110,2013-11-10,2013,4,2013-Q4,11,November,listopad,2013-11,2013-11-01,10,7,Sunday,neděle,314,45,2013,True
20131111,2013-11-11,2013,4,2013-Q4,11,November,listopad,2013-11,2013-11-01,11,1,Monday,pondělí,315,46,2013,False
20131112,2013-11-12,2013,4,2013-Q4,11,November,listopad,2013-11,2013-11-01,12,2,Tuesday,úterý,316,46,2013,False
20131113,2013-11-13,2013,4,2013-Q4,11,November,listopad,2013-11,2013-11-01,13,3,Wednesday,středa,317,46,2013,False
20131114,2013-11-14,2013,4,2013-Q4,11,November,listopad,2013-11,2013-11-01,14,4,Thursday,čtvrtek,318,46,2013,False
20131115,2013-11-15,2013,4,2013-Q4,11,November,listopad,2013-11,2013-11-01,15,5,Friday,pátek,319,46,2013,False
20131116,2013-11-16,2013,4,2013-Q4,11,November,listopad,2013-11,2013-11-01,16,6,Saturday,sobota,320,46,2013,True
20131117,2013-11-17,2013,4,2013-Q4,11,November,listopad,2013-11,2013-11-01,17,7,Sunday,neděle,321,46,2013,True
20131118,2013-11-18,2013,4,2013-Q4,11,November,listopad,2013-11,2013-11-01,18,1,Monday,pondělí,322,47,2013,False
20131119,2013-11-19,2013,4,2013-Q4,11,November,listopad,2013-11,2013-11-01,19,2,Tuesday,úterý,323,47,2013,False
20131120,2013-11-20,2013,4,2013-Q4,11,November,listopad,2013-11,2013-11-01,20,3,Wednesday,středa,324,47,2013,False
20131121,2013-11-21,2013,4,2013-Q4,11,November,listopad,2013-11,2013-11-01,21,4,Thursday,čtvrtek,325,47,2013,False
20131122,2013-11-22,2013,4,2013-Q4,11,November,listopad,2013-11,2013-11-01,22,5,Friday,pátek,326,47,2013,False
20131123,2013-11-23,2013,4,2013-Q4,11,November,listopad,2013-11,2013-11-01,23,6,Saturday,sobota,327,47,2013,True
20131124,2013-11-24,2013,4,2013-Q4,11,November,listopad,2013-11,2013-11-01,24,7,Sunday,neděle,328,47,2013,True
20131125,2013-11-25,2013,4,2013-Q4,11,November,listopad,2013-11,2013-11-01,25,1,Monday,pondělí,329,48,2013,False
20131126,2013-11-26,2013,4,2013-Q4,11,November,listopad,2013-11,2013-11-01,26,2,Tuesday,úterý,330,48,2013,False
20131127,2013-11-27,2013,4,2013-Q4,11,November,listopad,2013-11,2013-11-01,27,3,Wednesday,středa,331,48,2013,False
20131128,2013-11-28,2013,4,2013-Q4,11,November,listopad,2013-11,2013-11-01,28,4,Thursday,čtvrtek,332,48,2013,False
20131129,2013-11-29,2013,4,2013-Q4,11,November,listopad,2013-11,2013-11-01,29,5,Friday,pátek,333,48,2013,False
20131130,2013-11-30,2013,4,2013-Q4,11,November,listopad,2013-11,2013-11-01,30,6,Saturday,sobota,334,48,2013,True
20131201,2013-12-01,2013,4,2013-Q4,12,December,prosinec,2013-12,2013-12-01,1,7,Sunday,neděle,335,48,2013,True
20131202,2013-12-02,2013,4,2013-Q4,12,December,prosinec,2013-12,2013-12-01,2,1,Monday,pondělí,336,49,2013,False
20131203,2013-12-03,2013,4,2013-Q4,12,December,prosinec,2013-12,2013-12-01,3,2,Tuesday,úterý,337,49,2013,False
20131204,2013-12-04,2013,4,2013-Q4,12,December,prosinec,2013-12,2013-12-01,4,3,Wednesday,středa,338,49,2013,False
20131205,2013-12-05,2013,4,2013-Q4,12,December,prosinec,2013-12,2013-12-01,5,4,Thursday,čtvrtek,339,49,2013,False
20131206,2013-12-06,2013,4,2013-Q4,12,December,prosinec,2013-12,2013-12-01,6,5,Friday,pátek,340,49,2013,False
20131207,2013-12-07,2013,4,2013-Q4,12,December,prosinec,2013-12,2013-12-01,7,6,Saturday,sobota,341,49,2013,True
20131208,2013-12-08,2013,4,2013-Q4,12,December,prosinec,2013-12,2013-12-01,8,7,Sunday,neděle,342,49,2013,True
20131209,2013-12-09,2013,4,2013-Q4,12,December,prosinec,2013-12,2013-12-01,9,1,Monday,pondělí,343,50,2013,False
20131210,2013-12-10,2013,4,2013-Q4,12,December,prosinec,2013-12,2013-12-01,10,2,Tuesday,úterý,344,50,2013,False
20131211,2013-12-11,2013,4,2013-Q4,12,December,prosinec,2013-12,2013-12-01,11,3,Wednesday,středa,345,50,2013,False
20131212,2013-12-12,2013,4,2013-Q4,12,December,prosinec,2013-12,2013-12-01,12,4,Thursday,čtvrtek,346,50,2013,False
20131213,2013-12-13,2013,4,2013-Q4,12,December,prosinec,2013-12,2013-12-01,13,5,Friday,pátek,347,50,2013,False
20131214,2013-12-14,2013,4,2013-Q4,12,December,prosinec,2013-12,2013-12-01,14,6,Saturday,sobota,348,50,2013,True
20131215,2013-12-15,2013,4,2013-Q4,12,December,prosinec,2013-12,2013-12-01,15,7,Sunday,neděle,349,50,2013,True
20131216,2013-12-16,2013,4,2013-Q4,12,December,prosinec,2013-12,2013-12-01,16,1,Monday,pondělí,350,51,2013,False
20131217,2013-12-17,2013,4,2013-Q4,12,December,prosinec,2013-12,2013-12-01,17,2,Tuesday,úterý,351,51,2013,False
20131218,2013-12-18,2013,4,2013-Q4,12,December,prosinec,2013-12,2013-12-01,18,3,Wednesday,středa,352,51,2013,False
20131219,2013-12-19,2013,4,2013-Q4,12,December,prosinec,2013-12,2013-12-01,19,4,Thursday,čtvrtek,353,51,2013,False
20131220,2013-12-20,2013,4,2013-Q4,12,December,prosinec,2013-12,2013-12-01,20,5,Friday,pátek,354,51,2013,False
20131221,2013-12-21,2013,4,2013-Q4,12,December,prosinec,2013-12,2013-12-01,21,6,Saturday,sobota,355,51,2013,True
20131222,2013-12-22,2013,4,2013-Q4,12,December,prosinec,2013-12,2013-12-01,22,7,Sunday,neděle,356,51,2013,True
20131223,2013-12-23,2013,4,2013-Q4,12,December,prosinec,2013-12,2013-12-01,23,1,Monday,pondělí,357,52,2013,False
20131224,2013-12-24,2013,4,2013-Q4,12,December,prosinec,2013-12,2013-12-01,24,2,Tuesday,úterý,358,52,2013,False
20131225,2013-12-25,2013,4,2013-Q4,12,December,prosinec,2013-12,2013-12-01,25,3,Wednesday,středa,359,52,2013,False
20131226,2013-12-26,2013,4,2013-Q4,12,December,prosinec,2013-12,2013-12-01,26,4,Thursday,čtvrtek,360,52,2013,False
20131227,2013-12-27,2013,4,2013-Q4,12,December,prosinec,2013-12,2013-12-01,27,5,Friday,pátek,361,52,2013,False
20131228,2013-12-28,2013,4,2013-Q4,12,December,prosinec,2013-12,2013-12-01,28,6,Saturday,sobota,362,52,2013,True
20131229,2013-12-29,2013,4,2013-Q4,12,December,prosinec,2013-12,2013-12-01,29,7,Sunday,neděle,363,52,2013,True
20131230,2013-12-30,2013,4,2013-Q4,12,December,prosinec,2013-12,2013-12-01,30,1,Monday,pondělí,364,1,2014,False
20131231,2013-12-31,2013,4,2013-Q4,12,December,prosinec,2013-12,2013-12-01,31,2,Tuesday,úterý,365,1,2014,False
20140101,2014-01-01,2014,1,2014-Q1,1,January,leden,2014-01,2014-01-01,1,3,Wednesday,středa,1,1,2014,False
20140102,2014-01-02,2014,1,2014-Q1,1,January,leden,2014-01,2014-01-01,2,4,Thursday,čtvrtek,2,1,2014,False
20140103,2014-01-03,2014,1,2014-Q1,1,January,leden,2014-01,2014-01-01,3,5,Friday,pátek,3,1,2014,False
20140104,2014-01-04,2014,1,2014-Q1,1,January,leden,2014-01,2014-01-01,4,6,Saturday,sobota,4,1,2014,True
20140105,2014-01-05,2014,1,2014-Q1,1,January,leden,2014-01,2014-01-01,5,7,Sunday,neděle,5,1,2014,True
20140106,2014-01-06,2014,1,2014-Q1,1,January,leden,2014-01,2014-01-01,6,1,Monday,pondělí,6,2,2014,False
20140107,2014-01-07,2014,1,2014-Q1,1,January,leden,2014-01,2014-01-01,7,2,Tuesday,úterý,7,2,2014,False
20140108,2014-01-08,2014,1,2014-Q1,1,January,leden,2014-01,2014-01-01,8,3,Wednesday,středa,8,2,2014,False
20140109,2014-01-09,2014,1,2014-Q1,1,January,leden,2014-01,2014-01-01,9,4,Thursday,čtvrtek,9,2,2014,False
20140110,2014-01-10,2014,1,2014-Q1,1,January,leden,2014-01,2014-01-01,10,5,Friday,pátek,10,2,2014,False
20140111,2014-01-11,2014,1,2014-Q1,1,January,leden,2014-01,2014-01-01,11,6,Saturday,sobota,11,2,2014,True
20140112,2014-01-12,2014,1,2014-Q1,1,January,leden,2014-01,2014-01-01,12,7,Sunday,neděle,12,2,2014,True
20140113,2014-01-13,2014,1,2014-Q1,1,January,leden,2014-01,2014-01-01,13,1,Monday,pondělí,13,3,2014,False
20140114,2014-01-14,2014,1,2014-Q1,1,January,leden,2014-01,2014-01-01,14,2,Tuesday,úterý,14,3,2014,False
20140115,2014-01-15,2014,1,2014-Q1,1,January,leden,2014-01,2014-01-01,15,3,Wednesday,středa,15,3,2014,False
20140116,2014-01-16,2014,1,2014-Q1,1,January,leden,2014-01,2014-01-01,16,4,Thursday,čtvrtek,16,3,2014,False
20140117,2014-01-17,2014,1,2014-Q1,1,January,leden,2014-01,2014-01-01,17,5,Friday,pátek,17,3,2014,False
20140118,2014-01-18,2014,1,2014-Q1,1,January,leden,2014-01,2014-01-01,18,6,Saturday,sobota,18,3,2014,True
20140119,2014-01-19,2014,1,2014-Q1,1,January,leden,2014-01,2014-01-01,19,7,Sunday,neděle,19,3,2014,True
20140120,2014-01-20,2014,1,2014-Q1,1,January,leden,2014-01,2014-01-01,20,1,Monday,pondělí,20,4,2014,False
20140121,2014-01-21,2014,1,2014-Q1,1,January,leden,2014-01,2014-01-01,21,2,Tuesday,úterý,21,4,2014,False
20140122,2014-01-22,2014,1,2014-Q1,1,January,leden,2014-01,2014-01-01,22,3,Wednesday,středa,22,4,2014,False
20140123,2014-01-23,2014,1,2014-Q1,1,January,leden,2014-01,2014-01-01,23,4,Thursday,čtvrtek,23,4,2014,False
20140124,2014-01-24,2014,1,2014-Q1,1,January,leden,2014-01,2014-01-01,24,5,Friday,pátek,24,4,2014,False
20140125,2014-01-25,2014,1,2014-Q1,1,January,leden,2014-01,2014-01-01,25,6,Saturday,sobota,25,4,2014,True
20140126,2014-01-26,2014,1,2014-Q1,1,January,leden,2014-01,2014-01-01,26,7,Sunday,neděle,26,4,2014,True
20140127,2014-01-27,2014,1,2014-Q1,1,January,leden,2014-01,2014-01-01,27,1,Monday,pondělí,27,5,2014,False
20140128,2014-01-28,2014,1,2014-Q1,1,January,leden,2014-01,2014-01-01,28,2,Tuesday,úterý,28,5,2014,False
20140129,2014-01-29,2014,1,2014-Q1,1,January,leden,2014-01,2014-01-01,29,3,Wednesday,středa,29,5,2014,False
20140130,2014-01-30,2014,1,2014-Q1,1,January,leden,2014-01,2014-01-01,30,4,Thursday,čtvrtek,30,5,2014,False
20140131,2014-01-31,2014,1,2014-Q1,1,January,leden,2014-01,2014-01-01,31,5,Friday,pátek,31,5,2014,False
20140201,2014-02-01,2014,1,2014-Q1,2,February,únor,2014-02,2014-02-01,1,6,Saturday,sobota,32,5,2014,True
20140202,2014-02-02,2014,1,2014-Q1,2,February,únor,2014-02,2014-02-01,2,7,Sunday,neděle,33,5,2014,True
20140203,2014-02-03,2014,1,2014-Q1,2,February,únor,2014-02,2014-02-01,3,1,Monday,pondělí,34,6,2014,False
20140204,2014-02-04,2014,1,2014-Q1,2,February,únor,2014-02,2014-02-01,4,2,Tuesday,úterý,35,6,2014,False
20140205,2014-02-05,2014,1,2014-Q1,2,February,únor,2014-02,2014-02-01,5,3,Wednesday,středa,36,6,2014,False
20140206,2014-02-06,2014,1,2014-Q1,2,February,únor,2014-02,2014-02-01,6,4,Thursday,čtvrtek,37,6,2014,False
20140207,2014-02-07,2014,1,2014-Q1,2,February,únor,2014-02,2014-02-01,7,5,Friday,pátek,38,6,2014,False
20140208,2014-02-08,2014,1,2014-Q1,2,February,únor,2014-02,2014-02-01,8,6,Saturday,sobota,39,6,2014,True
20140209,2014-02-09,2014,1,2014-Q1,2,February,únor,2014-02,2014-02-01,9,7,Sunday,neděle,40,6,2014,True
20140210,2014-02-10,2014,1,2014-Q1,2,February,únor,2014-02,2014-02-01,10,1,Monday,pondělí,41,7,2014,False
20140211,2014-02-11,2014,1,2014-Q1,2,February,únor,2014-02,2014-02-01,11,2,Tuesday,úterý,42,7,2014,False
20140212,2014-02-12,2014,1,2014-Q1,2,February,únor,2014-02,2014-02-01,12,3,Wednesday,středa,43,7,2014,False
20140213,2014-02-13,2014,1,2014-Q1,2,February,únor,2014-02,2014-02-01,13,4,Thursday,čtvrtek,44,7,2014,False
20140214,2014-02-14,2014,1,2014-Q1,2,February,únor,2014-02,2014-02-01,14,5,Friday,pátek,45,7,2014,False
20140215,2014-02-15,2014,1,2014-Q1,2,February,únor,2014-02,2014-02-01,15,6,Saturday,sobota,46,7,2014,True
20140216,2014-02-16,2014,1,2014-Q1,2,February,únor,2014-02,2014-02-01,16,7,Sunday,neděle,47,7,2014,True
20140217,2014-02-17,2014,1,2014-Q1,2,February,únor,2014-02,2014-02-01,17,1,Monday,pondělí,48,8,2014,False
20140218,2014-02-18,2014,1,2014-Q1,2,February,únor,2014-02,2014-02-01,18,2,Tuesday,úterý,49,8,2014,False
20140219,2014-02-19,2014,1,2014-Q1,2,February,únor,2014-02,2014-02-01,19,3,Wednesday,středa,50,8,2014,False
20140220,2014-02-20,2014,1,2014-Q1,2,February,únor,2014-02,2014-02-01,20,4,Thursday,čtvrtek,51,8,2014,False
20140221,2014-02-21,2014,1,2014-Q1,2,February,únor,2014-02,2014-02-01,21,5,Friday,pátek,52,8,2014,False
20140222,2014-02-22,2014,1,2014-Q1,2,February,únor,2014-02,2014-02-01,22,6,Saturday,sobota,53,8,2014,True
20140223,2014-02-23,2014,1,2014-Q1,2,February,únor,2014-02,2014-02-01,23,7,Sunday,neděle,54,8,2014,True
20140224,2014-02-24,2014,1,2014-Q1,2,February,únor,2014-02,2014-02-01,24,1,Monday,pondělí,55,9,2014,False
20140225,2014-02-25,2014,1,2014-Q1,2,February,únor,2014-02,2014-02-01,25,2,Tuesday,úterý,56,9,2014,False
20140226,2014-02-26,2014,1,2014-Q1,2,February,únor,2014-02,2014-02-01,26,3,Wednesday,středa,57,9,2014,False
20140227,2014-02-27,2014,1,2014-Q1,2,February,únor,2014-02,2014-02-01,27,4,Thursday,čtvrtek,58,9,2014,False
20140228,2014-02-28,2014,1,2014-Q1,2,February,únor,2014-02,2014-02-01,28,5,Friday,pátek,59,9,2014,False
20140301,2014-03-01,2014,1,2014-Q1,3,March,březen,2014-03,2014-03-01,1,6,Saturday,sobota,60,9,2014,True
20140302,2014-03-02,2014,1,2014-Q1,3,March,březen,2014-03,2014-03-01,2,7,Sunday,neděle,61,9,2014,True
20140303,2014-03-03,2014,1,2014-Q1,3,March,březen,2014-03,2014-03-01,3,1,Monday,pondělí,62,10,2014,False
20140304,2014-03-04,2014,1,2014-Q1,3,March,březen,2014-03,2014-03-01,4,2,Tuesday,úterý,63,10,2014,False
20140305,2014-03-05,2014,1,2014-Q1,3,March,březen,2014-03,2014-03-01,5,3,Wednesday,středa,64,10,2014,False
20140306,2014-03-06,2014,1,2014-Q1,3,March,březen,2014-03,2014-03-01,6,4,Thursday,čtvrtek,65,10,2014,False
20140307,2014-03-07,2014,1,2014-Q1,3,March,březen,2014-03,2014-03-01,7,5,Friday,pátek,66,10,2014,False
20140308,2014-03-08,2014,1,2014-Q1,3,March,březen,2014-03,2014-03-01,8,6,Saturday,sobota,67,10,2014,True
20140309,2014-03-09,2014,1,2014-Q1,3,March,březen,2014-03,2014-03-01,9,7,Sunday,neděle,68,10,2014,True
20140310,2014-03-10,2014,1,2014-Q1,3,March,březen,2014-03,2014-03-01,10,1,Monday,pondělí,69,11,2014,False
20140311,2014-03-11,2014,1,2014-Q1,3,March,březen,2014-03,2014-03-01,11,2,Tuesday,úterý,70,11,2014,False
20140312,2014-03-12,2014,1,2014-Q1,3,March,březen,2014-03,2014-03-01,12,3,Wednesday,středa,71,11,2014,False
20140313,2014-03-13,2014,1,2014-Q1,3,March,březen,2014-03,2014-03-01,13,4,Thursday,čtvrtek,72,11,2014,False
20140314,2014-03-14,2014,1,2014-Q1,3,March,březen,2014-03,2014-03-01,14,5,Friday,pátek,73,11,2014,False
20140315,2014-03-15,2014,1,2014-Q1,3,March,březen,2014-03,2014-03-01,15,6,Saturday,sobota,74,11,2014,True
20140316,2014-03-16,2014,1,2014-Q1,3,March,březen,2014-03,2014-03-01,16,7,Sunday,neděle,75,11,2014,True
20140317,2014-03-17,2014,1,2014-Q1,3,March,březen,2014-03,2014-03-01,17,1,Monday,pondělí,76,12,2014,False
20140318,2014-03-18,2014,1,2014-Q1,3,March,březen,2014-03,2014-03-01,18,2,Tuesday,úterý,77,12,2014,False
20140319,2014-03-19,2014,1,2014-Q1,3,March,březen,2014-03,2014-03-01,19,3,Wednesday,středa,78,12,2014,False
20140320,2014-03-20,2014,1,2014-Q1,3,March,březen,2014-03,2014-03-01,20,4,Thursday,čtvrtek,79,12,2014,False
20140321,2014-03-21,2014,1,2014-Q1,3,March,březen,2014-03,2014-03-01,21,5,Friday,pátek,80,12,2014,False
20140322,2014-03-22,2014,1,2014-Q1,3,March,březen,2014-03,2014-03-01,22,6,Saturday,sobota,81,12,2014,True
20140323,2014-03-23,2014,1,2014-Q1,3,March,březen,2014-03,2014-03-01,23,7,Sunday,neděle,82,12,2014,True
20140324,2014-03-24,2014,1,2014-Q1,3,March,březen,2014-03,2014-03-01,24,1,Monday,pondělí,83,13,2014,False
20140325,2014-03-25,2014,1,2014-Q1,3,March,březen,2014-03,2014-03-01,25,2,Tuesday,úterý,84,13,2014,False
20140326,2014-03-26,2014,1,2014-Q1,3,March,březen,2014-03,2014-03-01,26,3,Wednesday,středa,85,13,2014,False
20140327,2014-03-27,2014,1,2014-Q1,3,March,březen,2014-03,2014-03-01,27,4,Thursday,čtvrtek,86,13,2014,False
20140328,2014-03-28,2014,1,2014-Q1,3,March,březen,2014-03,2014-03-01,28,5,Friday,pátek,87,13,2014,False
20140329,2014-03-29,2014,1,2014-Q1,3,March,březen,2014-03,2014-03-01,29,6,Saturday,sobota,88,13,2014,True
20140330,2014-03-30,2014,1,2014-Q1,3,March,březen,2014-03,2014-03-01,30,7,Sunday,neděle,89,13,2014,True
20140331,2014-03-31,2014,1,2014-Q1,3,March,březen,2014-03,2014-03-01,31,1,Monday,pondělí,90,14,2014,False
20140401,2014-04-01,2014,2,2014-Q2,4,April,duben,2014-04,2014-04-01,1,2,Tuesday,úterý,91,14,2014,False
20140402,2014-04-02,2014,2,2014-Q2,4,April,duben,2014-04,2014-04-01,2,3,Wednesday,středa,92,14,2014,False
20140403,2014-04-03,2014,2,2014-Q2,4,April,duben,2014-04,2014-04-01,3,4,Thursday,čtvrtek,93,14,2014,False
20140404,2014-04-04,2014,2,2014-Q2,4,April,duben,2014-04,2014-04-01,4,5,Friday,pátek,94,14,2014,False
20140405,2014-04-05,2014,2,2014-Q2,4,April,duben,2014-04,2014-04-01,5,6,Saturday,sobota,95,14,2014,True
20140406,2014-04-06,2014,2,2014-Q2,4,April,duben,2014-04,2014-04-01,6,7,Sunday,neděle,96,14,2014,True
20140407,2014-04-07,2014,2,2014-Q2,4,April,duben,2014-04,2014-04-01,7,1,Monday,pondělí,97,15,2014,False
20140408,2014-04-08,2014,2,2014-Q2,4,April,duben,2014-04,2014-04-01,8,2,Tuesday,úterý,98,15,2014,False
20140409,2014-04-09,2014,2,2014-Q2,4,April,duben,2014-04,2014-04-01,9,3,Wednesday,středa,99,15,2014,False
20140410,2014-04-10,2014,2,2014-Q2,4,April,duben,2014-04,2014-04-01,10,4,Thursday,čtvrtek,100,15,2014,False
20140411,2014-04-11,2014,2,2014-Q2,4,April,duben,2014-04,2014-04-01,11,5,Friday,pátek,101,15,2014,False
20140412,2014-04-12,2014,2,2014-Q2,4,April,duben,2014-04,2014-04-01,12,6,Saturday,sobota,102,15,2014,True
20140413,2014-04-13,2014,2,2014-Q2,4,April,duben,2014-04,2014-04-01,13,7,Sunday,neděle,103,15,2014,True
20140414,2014-04-14,2014,2,2014-Q2,4,April,duben,2014-04,2014-04-01,14,1,Monday,pondělí,104,16,2014,False
20140415,2014-04-15,2014,2,2014-Q2,4,April,duben,2014-04,2014-04-01,15,2,Tuesday,úterý,105,16,2014,False
20140416,2014-04-16,2014,2,2014-Q2,4,April,duben,2014-04,2014-04-01,16,3,Wednesday,středa,106,16,2014,False
20140417,2014-04-17,2014,2,2014-Q2,4,April,duben,2014-04,2014-04-01,17,4,Thursday,čtvrtek,107,16,2014,False
20140418,2014-04-18,2014,2,2014-Q2,4,April,duben,2014-04,2014-04-01,18,5,Friday,pátek,108,16,2014,False
20140419,2014-04-19,2014,2,2014-Q2,4,April,duben,2014-04,2014-04-01,19,6,Saturday,sobota,109,16,2014,True
20140420,2014-04-20,2014,2,2014-Q2,4,April,duben,2014-04,2014-04-01,20,7,Sunday,neděle,110,16,2014,True
20140421,2014-04-21,2014,2,2014-Q2,4,April,duben,2014-04,2014-04-01,21,1,Monday,pondělí,111,17,2014,False
20140422,2014-04-22,2014,2,2014-Q2,4,April,duben,2014-04,2014-04-01,22,2,Tuesday,úterý,112,17,2014,False
20140423,2014-04-23,2014,2,2014-Q2,4,April,duben,2014-04,2014-04-01,23,3,Wednesday,středa,113,17,2014,False
20140424,2014-04-24,2014,2,2014-Q2,4,April,duben,2014-04,2014-04-01,24,4,Thursday,čtvrtek,114,17,2014,False
20140425,2014-04-25,2014,2,2014-Q2,4,April,duben,2014-04,2014-04-01,25,5,Friday,pátek,115,17,2014,False
20140426,2014-04-26,2014,2,2014-Q2,4,April,duben,2014-04,2014-04-01,26,6,Saturday,sobota,116,17,2014,True
20140427,2014-04-27,2014,2,2014-Q2,4,April,duben,2014-04,2014-04-01,27,7,Sunday,neděle,117,17,2014,True
20140428,2014-04-28,2014,2,2014-Q2,4,April,duben,2014-04,2014-04-01,28,1,Monday,pondělí,118,18,2014,False
20140429,2014-04-29,2014,2,2014-Q2,4,April,duben,2014-04,2014-04-01,29,2,Tuesday,úterý,119,18,2014,False
20140430,2014-04-30,2014,2,2014-Q2,4,April,duben,2014-04,2014-04-01,30,3,Wednesday,středa,120,18,2014,False
20140501,2014-05-01,2014,2,2014-Q2,5,May,květen,2014-05,2014-05-01,1,4,Thursday,čtvrtek,121,18,2014,False
20140502,2014-05-02,2014,2,2014-Q2,5,May,květen,2014-05,2014-05-01,2,5,Friday,pátek,122,18,2014,False
20140503,2014-05-03,2014,2,2014-Q2,5,May,květen,2014-05,2014-05-01,3,6,Saturday,sobota,123,18,2014,True
20140504,2014-05-04,2014,2,2014-Q2,5,May,květen,2014-05,2014-05-01,4,7,Sunday,neděle,124,18,2014,True
20140505,2014-05-05,2014,2,2014-Q2,5,May,květen,2014-05,2014-05-01,5,1,Monday,pondělí,125,19,2014,False
20140506,2014-05-06,2014,2,2014-Q2,5,May,květen,2014-05,2014-05-01,6,2,Tuesday,úterý,126,19,2014,False
20140507,2014-05-07,2014,2,2014-Q2,5,May,květen,2014-05,2014-05-01,7,3,Wednesday,středa,127,19,2014,False
20140508,2014-05-08,2014,2,2014-Q2,5,May,květen,2014-05,2014-05-01,8,4,Thursday,čtvrtek,128,19,2014,False
20140509,2014-05-09,2014,2,2014-Q2,5,May,květen,2014-05,2014-05-01,9,5,Friday,pátek,129,19,2014,False
20140510,2014-05-10,2014,2,2014-Q2,5,May,květen,2014-05,2014-05-01,10,6,Saturday,sobota,130,19,2014,True
20140511,2014-05-11,2014,2,2014-Q2,5,May,květen,2014-05,2014-05-01,11,7,Sunday,neděle,131,19,2014,True
20140512,2014-05-12,2014,2,2014-Q2,5,May,květen,2014-05,2014-05-01,12,1,Monday,pondělí,132,20,2014,False
20140513,2014-05-13,2014,2,2014-Q2,5,May,květen,2014-05,2014-05-01,13,2,Tuesday,úterý,133,20,2014,False
20140514,2014-05-14,2014,2,2014-Q2,5,May,květen,2014-05,2014-05-01,14,3,Wednesday,středa,134,20,2014,False
20140515,2014-05-15,2014,2,2014-Q2,5,May,květen,2014-05,2014-05-01,15,4,Thursday,čtvrtek,135,20,2014,False
20140516,2014-05-16,2014,2,2014-Q2,5,May,květen,2014-05,2014-05-01,16,5,Friday,pátek,136,20,2014,False
20140517,2014-05-17,2014,2,2014-Q2,5,May,květen,2014-05,2014-05-01,17,6,Saturday,sobota,137,20,2014,True
20140518,2014-05-18,2014,2,2014-Q2,5,May,květen,2014-05,2014-05-01,18,7,Sunday,neděle,138,20,2014,True
20140519,2014-05-19,2014,2,2014-Q2,5,May,květen,2014-05,2014-05-01,19,1,Monday,pondělí,139,21,2014,False
20140520,2014-05-20,2014,2,2014-Q2,5,May,květen,2014-05,2014-05-01,20,2,Tuesday,úterý,140,21,2014,False
20140521,2014-05-21,2014,2,2014-Q2,5,May,květen,2014-05,2014-05-01,21,3,Wednesday,středa,141,21,2014,False
20140522,2014-05-22,2014,2,2014-Q2,5,May,květen,2014-05,2014-05-01,22,4,Thursday,čtvrtek,142,21,2014,False
20140523,2014-05-23,2014,2,2014-Q2,5,May,květen,2014-05,2014-05-01,23,5,Friday,pátek,143,21,2014,False
20140524,2014-05-24,2014,2,2014-Q2,5,May,květen,2014-05,2014-05-01,24,6,Saturday,sobota,144,21,2014,True
20140525,2014-05-25,2014,2,2014-Q2,5,May,květen,2014-05,2014-05-01,25,7,Sunday,neděle,145,21,2014,True
20140526,2014-05-26,2014,2,2014-Q2,5,May,květen,2014-05,2014-05-01,26,1,Monday,pondělí,146,22,2014,False
20140527,2014-05-27,2014,2,2014-Q2,5,May,květen,2014-05,2014-05-01,27,2,Tuesday,úterý,147,22,2014,False
20140528,2014-05-28,2014,2,2014-Q2,5,May,květen,2014-05,2014-05-01,28,3,Wednesday,středa,148,22,2014,False
20140529,2014-05-29,2014,2,2014-Q2,5,May,květen,2014-05,2014-05-01,29,4,Thursday,čtvrtek,149,22,2014,False
20140530,2014-05-30,2014,2,2014-Q2,5,May,květen,2014-05,2014-05-01,30,5,Friday,pátek,150,22,2014,False
20140531,2014-05-31,2014,2,2014-Q2,5,May,květen,2014-05,2014-05-01,31,6,Saturday,sobota,151,22,2014,True
20140601,2014-06-01,2014,2,2014-Q2,6,June,červen,2014-06,2014-06-01,1,7,Sunday,neděle,152,22,2014,True
20140602,2014-06-02,2014,2,2014-Q2,6,June,červen,2014-06,2014-06-01,2,1,Monday,pondělí,153,23,2014,False
20140603,2014-06-03,2014,2,2014-Q2,6,June,červen,2014-06,2014-06-01,3,2,Tuesday,úterý,154,23,2014,False
20140604,2014-06-04,2014,2,2014-Q2,6,June,červen,2014-06,2014-06-01,4,3,Wednesday,středa,155,23,2014,False
20140605,2014-06-05,2014,2,2014-Q2,6,June,červen,2014-06,2014-06-01,5,4,Thursday,čtvrtek,156,23,2014,False
20140606,2014-06-06,2014,2,2014-Q2,6,June,červen,2014-06,2014-06-01,6,5,Friday,pátek,157,23,2014,False
20140607,2014-06-07,2014,2,2014-Q2,6,June,červen,2014-06,2014-06-01,7,6,Saturday,sobota,158,23,2014,True
20140608,2014-06-08,2014,2,2014-Q2,6,June,červen,2014-06,2014-06-01,8,7,Sunday,neděle,159,23,2014,True
20140609,2014-06-09,2014,2,2014-Q2,6,June,červen,2014-06,2014-06-01,9,1,Monday,pondělí,160,24,2014,False
20140610,2014-06-10,2014,2,2014-Q2,6,June,červen,2014-06,2014-06-01,10,2,Tuesday,úterý,161,24,2014,False
20140611,2014-06-11,2014,2,2014-Q2,6,June,červen,2014-06,2014-06-01,11,3,Wednesday,středa,162,24,2014,False
20140612,2014-06-12,2014,2,2014-Q2,6,June,červen,2014-06,2014-06-01,12,4,Thursday,čtvrtek,163,24,2014,False
20140613,2014-06-13,2014,2,2014-Q2,6,June,červen,2014-06,2014-06-01,13,5,Friday,pátek,164,24,2014,False
20140614,2014-06-14,2014,2,2014-Q2,6,June,červen,2014-06,2014-06-01,14,6,Saturday,sobota,165,24,2014,True
20140615,2014-06-15,2014,2,2014-Q2,6,June,červen,2014-06,2014-06-01,15,7,Sunday,neděle,166,24,2014,True
20140616,2014-06-16,2014,2,2014-Q2,6,June,červen,2014-06,2014-06-01,16,1,Monday,pondělí,167,25,2014,False
20140617,2014-06-17,2014,2,2014-Q2,6,June,červen,2014-06,2014-06-01,17,2,Tuesday,úterý,168,25,2014,False
20140618,2014-06-18,2014,2,2014-Q2,6,June,červen,2014-06,2014-06-01,18,3,Wednesday,středa,169,25,2014,False
20140619,2014-06-19,2014,2,2014-Q2,6,June,červen,2014-06,2014-06-01,19,4,Thursday,čtvrtek,170,25,2014,False
20140620,2014-06-20,2014,2,2014-Q2,6,June,červen,2014-06,2014-06-01,20,5,Friday,pátek,171,25,2014,False
20140621,2014-06-21,2014,2,2014-Q2,6,June,červen,2014-06,2014-06-01,21,6,Saturday,sobota,172,25,2014,True
20140622,2014-06-22,2014,2,2014-Q2,6,June,červen,2014-06,2014-06-01,22,7,Sunday,neděle,173,25,2014,True
20140623,2014-06-23,2014,2,2014-Q2,6,June,červen,2014-06,2014-06-01,23,1,Monday,pondělí,174,26,2014,False
20140624,2014-06-24,2014,2,2014-Q2,6,June,červen,2014-06,2014-06-01,24,2,Tuesday,úterý,175,26,2014,False
20140625,2014-06-25,2014,2,2014-Q2,6,June,červen,2014-06,2014-06-01,25,3,Wednesday,středa,176,26,2014,False
20140626,2014-06-26,2014,2,2014-Q2,6,June,červen,2014-06,2014-06-01,26,4,Thursday,čtvrtek,177,26,2014,False
20140627,2014-06-27,2014,2,2014-Q2,6,June,červen,2014-06,2014-06-01,27,5,Friday,pátek,178,26,2014,False
20140628,2014-06-28,2014,2,2014-Q2,6,June,červen,2014-06,2014-06-01,28,6,Saturday,sobota,179,26,2014,True
20140629,2014-06-29,2014,2,2014-Q2,6,June,červen,2014-06,2014-06-01,29,7,Sunday,neděle,180,26,2014,True
20140630,2014-06-30,2014,2,2014-Q2,6,June,červen,2014-06,2014-06-01,30,1,Monday,pondělí,181,27,2014,False
20140701,2014-07-01,2014,3,2014-Q3,7,July,červenec,2014-07,2014-07-01,1,2,Tuesday,úterý,182,27,2014,False
20140702,2014-07-02,2014,3,2014-Q3,7,July,červenec,2014-07,2014-07-01,2,3,Wednesday,středa,183,27,2014,False
20140703,2014-07-03,2014,3,2014-Q3,7,July,červenec,2014-07,2014-07-01,3,4,Thursday,čtvrtek,184,27,2014,False
20140704,2014-07-04,2014,3,2014-Q3,7,July,červenec,2014-07,2014-07-01,4,5,Friday,pátek,185,27,2014,False
20140705,2014-07-05,2014,3,2014-Q3,7,July,červenec,2014-07,2014-07-01,5,6,Saturday,sobota,186,27,2014,True
20140706,2014-07-06,2014,3,2014-Q3,7,July,červenec,2014-07,2014-07-01,6,7,Sunday,neděle,187,27,2014,True
20140707,2014-07-07,2014,3,2014-Q3,7,July,červenec,2014-07,2014-07-01,7,1,Monday,pondělí,188,28,2014,False
20140708,2014-07-08,2014,3,2014-Q3,7,July,červenec,2014-07,2014-07-01,8,2,Tuesday,úterý,189,28,2014,False
20140709,2014-07-09,2014,3,2014-Q3,7,July,červenec,2014-07,2014-07-01,9,3,Wednesday,středa,190,28,2014,False
20140710,2014-07-10,2014,3,2014-Q3,7,July,červenec,2014-07,2014-07-01,10,4,Thursday,čtvrtek,191,28,2014,False
20140711,2014-07-11,2014,3,2014-Q3,7,July,červenec,2014-07,2014-07-01,11,5,Friday,pátek,192,28,2014,False
20140712,2014-07-12,2014,3,2014-Q3,7,July,červenec,2014-07,2014-07-01,12,6,Saturday,sobota,193,28,2014,True
20140713,2014-07-13,2014,3,2014-Q3,7,July,červenec,2014-07,2014-07-01,13,7,Sunday,neděle,194,28,2014,True
20140714,2014-07-14,2014,3,2014-Q3,7,July,červenec,2014-07,2014-07-01,14,1,Monday,pondělí,195,29,2014,False
20140715,2014-07-15,2014,3,2014-Q3,7,July,červenec,2014-07,2014-07-01,15,2,Tuesday,úterý,196,29,2014,False
20140716,2014-07-16,2014,3,2014-Q3,7,July,červenec,2014-07,2014-07-01,16,3,Wednesday,středa,197,29,2014,False
20140717,2014-07-17,2014,3,2014-Q3,7,July,červenec,2014-07,2014-07-01,17,4,Thursday,čtvrtek,198,29,2014,False
20140718,2014-07-18,2014,3,2014-Q3,7,July,červenec,2014-07,2014-07-01,18,5,Friday,pátek,199,29,2014,False
20140719,2014-07-19,2014,3,2014-Q3,7,July,červenec,2014-07,2014-07-01,19,6,Saturday,sobota,200,29,2014,True
20140720,2014-07-20,2014,3,2014-Q3,7,July,červenec,2014-07,2014-07-01,20,7,Sunday,neděle,201,29,2014,True
20140721,2014-07-21,2014,3,2014-Q3,7,July,červenec,2014-07,2014-07-01,21,1,Monday,pondělí,202,30,2014,False
20140722,2014-07-22,2014,3,2014-Q3,7,July,červenec,2014-07,2014-07-01,22,2,Tuesday,úterý,203,30,2014,False
20140723,2014-07-23,2014,3,2014-Q3,7,July,červenec,2014-07,2014-07-01,23,3,Wednesday,středa,204,30,2014,False
20140724,2014-07-24,2014,3,2014-Q3,7,July,červenec,2014-07,2014-07-01,24,4,Thursday,čtvrtek,205,30,2014,False
20140725,2014-07-25,2014,3,2014-Q3,7,July,červenec,2014-07,2014-07-01,25,5,Friday,pátek,206,30,2014,False
20140726,2014-07-26,2014,3,2014-Q3,7,July,červenec,2014-07,2014-07-01,26,6,Saturday,sobota,207,30,2014,True
20140727,2014-07-27,2014,3,2014-Q3,7,July,červenec,2014-07,2014-07-01,27,7,Sunday,neděle,208,30,2014,True
20140728,2014-07-28,2014,3,2014-Q3,7,July,červenec,2014-07,2014-07-01,28,1,Monday,pondělí,209,31,2014,False
20140729,2014-07-29,2014,3,2014-Q3,7,July,červenec,2014-07,2014-07-01,29,2,Tuesday,úterý,210,31,2014,False
20140730,2014-07-30,2014,3,2014-Q3,7,July,červenec,2014-07,2014-07-01,30,3,Wednesday,středa,211,31,2014,False
20140731,2014-07-31,2014,3,2014-Q3,7,July,červenec,2014-07,2014-07-01,31,4,Thursday,čtvrtek,212,31,2014,False
20140801,2014-08-01,2014,3,2014-Q3,8,August,srpen,2014-08,2014-08-01,1,5,Friday,pátek,213,31,2014,False
20140802,2014-08-02,2014,3,2014-Q3,8,August,srpen,2014-08,2014-08-01,2,6,Saturday,sobota,214,31,2014,True
20140803,2014-08-03,2014,3,2014-Q3,8,August,srpen,2014-08,2014-08-01,3,7,Sunday,neděle,215,31,2014,True
20140804,2014-08-04,2014,3,2014-Q3,8,August,srpen,2014-08,2014-08-01,4,1,Monday,pondělí,216,32,2014,False
20140805,2014-08-05,2014,3,2014-Q3,8,August,srpen,2014-08,2014-08-01,5,2,Tuesday,úterý,217,32,2014,False
20140806,2014-08-06,2014,3,2014-Q3,8,August,srpen,2014-08,2014-08-01,6,3,Wednesday,středa,218,32,2014,False
20140807,2014-08-07,2014,3,2014-Q3,8,August,srpen,2014-08,2014-08-01,7,4,Thursday,čtvrtek,219,32,2014,False
20140808,2014-08-08,2014,3,2014-Q3,8,August,srpen,2014-08,2014-08-01,8,5,Friday,pátek,220,32,2014,False
20140809,2014-08-09,2014,3,2014-Q3,8,August,srpen,2014-08,2014-08-01,9,6,Saturday,sobota,221,32,2014,True
20140810,2014-08-10,2014,3,2014-Q3,8,August,srpen,2014-08,2014-08-01,10,7,Sunday,neděle,222,32,2014,True
20140811,2014-08-11,2014,3,2014-Q3,8,August,srpen,2014-08,2014-08-01,11,1,Monday,pondělí,223,33,2014,False
20140812,2014-08-12,2014,3,2014-Q3,8,August,srpen,2014-08,2014-08-01,12,2,Tuesday,úterý,224,33,2014,False
20140813,2014-08-13,2014,3,2014-Q3,8,August,srpen,2014-08,2014-08-01,13,3,Wednesday,středa,225,33,2014,False
20140814,2014-08-14,2014,3,2014-Q3,8,August,srpen,2014-08,2014-08-01,14,4,Thursday,čtvrtek,226,33,2014,False
20140815,2014-08-15,2014,3,2014-Q3,8,August,srpen,2014-08,2014-08-01,15,5,Friday,pátek,227,33,2014,False
20140816,2014-08-16,2014,3,2014-Q3,8,August,srpen,2014-08,2014-08-01,16,6,Saturday,sobota,228,33,2014,True
20140817,2014-08-17,2014,3,2014-Q3,8,August,srpen,2014-08,2014-08-01,17,7,Sunday,neděle,229,33,2014,True
20140818,2014-08-18,2014,3,2014-Q3,8,August,srpen,2014-08,2014-08-01,18,1,Monday,pondělí,230,34,2014,False
20140819,2014-08-19,2014,3,2014-Q3,8,August,srpen,2014-08,2014-08-01,19,2,Tuesday,úterý,231,34,2014,False
20140820,2014-08-20,2014,3,2014-Q3,8,August,srpen,2014-08,2014-08-01,20,3,Wednesday,středa,232,34,2014,False
20140821,2014-08-21,2014,3,2014-Q3,8,August,srpen,2014-08,2014-08-01,21,4,Thursday,čtvrtek,233,34,2014,False
20140822,2014-08-22,2014,3,2014-Q3,8,August,srpen,2014-08,2014-08-01,22,5,Friday,pátek,234,34,2014,False
20140823,2014-08-23,2014,3,2014-Q3,8,August,srpen,2014-08,2014-08-01,23,6,Saturday,sobota,235,34,2014,True
20140824,2014-08-24,2014,3,2014-Q3,8,August,srpen,2014-08,2014-08-01,24,7,Sunday,neděle,236,34,2014,True
20140825,2014-08-25,2014,3,2014-Q3,8,August,srpen,2014-08,2014-08-01,25,1,Monday,pondělí,237,35,2014,False
20140826,2014-08-26,2014,3,2014-Q3,8,August,srpen,2014-08,2014-08-01,26,2,Tuesday,úterý,238,35,2014,False
20140827,2014-08-27,2014,3,2014-Q3,8,August,srpen,2014-08,2014-08-01,27,3,Wednesday,středa,239,35,2014,False
20140828,2014-08-28,2014,3,2014-Q3,8,August,srpen,2014-08,2014-08-01,28,4,Thursday,čtvrtek,240,35,2014,False
20140829,2014-08-29,2014,3,2014-Q3,8,August,srpen,2014-08,2014-08-01,29,5,Friday,pátek,241,35,2014,False
20140830,2014-08-30,2014,3,2014-Q3,8,August,srpen,2014-08,2014-08-01,30,6,Saturday,sobota,242,35,2014,True
20140831,2014-08-31,2014,3,2014-Q3,8,August,srpen,2014-08,2014-08-01,31,7,Sunday,neděle,243,35,2014,True
20140901,2014-09-01,2014,3,2014-Q3,9,September,září,2014-09,2014-09-01,1,1,Monday,pondělí,244,36,2014,False
20140902,2014-09-02,2014,3,2014-Q3,9,September,září,2014-09,2014-09-01,2,2,Tuesday,úterý,245,36,2014,False
20140903,2014-09-03,2014,3,2014-Q3,9,September,září,2014-09,2014-09-01,3,3,Wednesday,středa,246,36,2014,False
20140904,2014-09-04,2014,3,2014-Q3,9,September,září,2014-09,2014-09-01,4,4,Thursday,čtvrtek,247,36,2014,False
20140905,2014-09-05,2014,3,2014-Q3,9,September,září,2014-09,2014-09-01,5,5,Friday,pátek,248,36,2014,False
20140906,2014-09-06,2014,3,2014-Q3,9,September,září,2014-09,2014-09-01,6,6,Saturday,sobota,249,36,2014,True
20140907,2014-09-07,2014,3,2014-Q3,9,September,září,2014-09,2014-09-01,7,7,Sunday,neděle,250,36,2014,True
20140908,2014-09-08,2014,3,2014-Q3,9,September,září,2014-09,2014-09-01,8,1,Monday,pondělí,251,37,2014,False
20140909,2014-09-09,2014,3,2014-Q3,9,September,září,2014-09,2014-09-01,9,2,Tuesday,úterý,252,37,2014,False
20140910,2014-09-10,2014,3,2014-Q3,9,September,září,2014-09,2014-09-01,10,3,Wednesday,středa,253,37,2014,False
20140911,2014-09-11,2014,3,2014-Q3,9,September,září,2014-09,2014-09-01,11,4,Thursday,čtvrtek,254,37,2014,False
20140912,2014-09-12,2014,3,2014-Q3,9,September,září,2014-09,2014-09-01,12,5,Friday,pátek,255,37,2014,False
20140913,2014-09-13,2014,3,2014-Q3,9,September,září,2014-09,2014-09-01,13,6,Saturday,sobota,256,37,2014,True
20140914,2014-09-14,2014,3,2014-Q3,9,September,září,2014-09,2014-09-01,14,7,Sunday,neděle,257,37,2014,True
20140915,2014-09-15,2014,3,2014-Q3,9,September,září,2014-09,2014-09-01,15,1,Monday,pondělí,258,38,2014,False
20140916,2014-09-16,2014,3,2014-Q3,9,September,září,2014-09,2014-09-01,16,2,Tuesday,úterý,259,38,2014,False
20140917,2014-09-17,2014,3,2014-Q3,9,September,září,2014-09,2014-09-01,17,3,Wednesday,středa,260,38,2014,False
20140918,2014-09-18,2014,3,2014-Q3,9,September,září,2014-09,2014-09-01,18,4,Thursday,čtvrtek,261,38,2014,False
20140919,2014-09-19,2014,3,2014-Q3,9,September,září,2014-09,2014-09-01,19,5,Friday,pátek,262,38,2014,False
20140920,2014-09-20,2014,3,2014-Q3,9,September,září,2014-09,2014-09-01,20,6,Saturday,sobota,263,38,2014,True
20140921,2014-09-21,2014,3,2014-Q3,9,September,září,2014-09,2014-09-01,21,7,Sunday,neděle,264,38,2014,True
20140922,2014-09-22,2014,3,2014-Q3,9,September,září,2014-09,2014-09-01,22,1,Monday,pondělí,265,39,2014,False
20140923,2014-09-23,2014,3,2014-Q3,9,September,září,2014-09,2014-09-01,23,2,Tuesday,úterý,266,39,2014,False
20140924,2014-09-24,2014,3,2014-Q3,9,September,září,2014-09,2014-09-01,24,3,Wednesday,středa,267,39,2014,False
20140925,2014-09-25,2014,3,2014-Q3,9,September,září,2014-09,2014-09-01,25,4,Thursday,čtvrtek,268,39,2014,False
20140926,2014-09-26,2014,3,2014-Q3,9,September,září,2014-09,2014-09-01,26,5,Friday,pátek,269,39,2014,False
20140927,2014-09-27,2014,3,2014-Q3,9,September,září,2014-09,2014-09-01,27,6,Saturday,sobota,270,39,2014,True
20140928,2014-09-28,2014,3,2014-Q3,9,September,září,2014-09,2014-09-01,28,7,Sunday,neděle,271,39,2014,True
20140929,2014-09-29,2014,3,2014-Q3,9,September,září,2014-09,2014-09-01,29,1,Monday,pondělí,272,40,2014,False
20140930,2014-09-30,2014,3,2014-Q3,9,September,září,2014-09,2014-09-01,30,2,Tuesday,úterý,273,40,2014,False
20141001,2014-10-01,2014,4,2014-Q4,10,October,říjen,2014-10,2014-10-01,1,3,Wednesday,středa,274,40,2014,False
20141002,2014-10-02,2014,4,2014-Q4,10,October,říjen,2014-10,2014-10-01,2,4,Thursday,čtvrtek,275,40,2014,False
20141003,2014-10-03,2014,4,2014-Q4,10,October,říjen,2014-10,2014-10-01,3,5,Friday,pátek,276,40,2014,False
20141004,2014-10-04,2014,4,2014-Q4,10,October,říjen,2014-10,2014-10-01,4,6,Saturday,sobota,277,40,2014,True
20141005,2014-10-05,2014,4,2014-Q4,10,October,říjen,2014-10,2014-10-01,5,7,Sunday,neděle,278,40,2014,True
20141006,2014-10-06,2014,4,2014-Q4,10,October,říjen,2014-10,2014-10-01,6,1,Monday,pondělí,279,41,2014,False
20141007,2014-10-07,2014,4,2014-Q4,10,October,říjen,2014-10,2014-10-01,7,2,Tuesday,úterý,280,41,2014,False
20141008,2014-10-08,2014,4,2014-Q4,10,October,říjen,2014-10,2014-10-01,8,3,Wednesday,středa,281,41,2014,False
20141009,2014-10-09,2014,4,2014-Q4,10,October,říjen,2014-10,2014-10-01,9,4,Thursday,čtvrtek,282,41,2014,False
20141010,2014-10-10,2014,4,2014-Q4,10,October,říjen,2014-10,2014-10-01,10,5,Friday,pátek,283,41,2014,False
20141011,2014-10-11,2014,4,2014-Q4,10,October,říjen,2014-10,2014-10-01,11,6,Saturday,sobota,284,41,2014,True
20141012,2014-10-12,2014,4,2014-Q4,10,October,říjen,2014-10,2014-10-01,12,7,Sunday,neděle,285,41,2014,True
20141013,2014-10-13,2014,4,2014-Q4,10,October,říjen,2014-10,2014-10-01,13,1,Monday,pondělí,286,42,2014,False
20141014,2014-10-14,2014,4,2014-Q4,10,October,říjen,2014-10,2014-10-01,14,2,Tuesday,úterý,287,42,2014,False
20141015,2014-10-15,2014,4,2014-Q4,10,October,říjen,2014-10,2014-10-01,15,3,Wednesday,středa,288,42,2014,False
20141016,2014-10-16,2014,4,2014-Q4,10,October,říjen,2014-10,2014-10-01,16,4,Thursday,čtvrtek,289,42,2014,False
20141017,2014-10-17,2014,4,2014-Q4,10,October,říjen,2014-10,2014-10-01,17,5,Friday,pátek,290,42,2014,False
20141018,2014-10-18,2014,4,2014-Q4,10,October,říjen,2014-10,2014-10-01,18,6,Saturday,sobota,291,42,2014,True
20141019,2014-10-19,2014,4,2014-Q4,10,October,říjen,2014-10,2014-10-01,19,7,Sunday,neděle,292,42,2014,True
20141020,2014-10-20,2014,4,2014-Q4,10,October,říjen,2014-10,2014-10-01,20,1,Monday,pondělí,293,43,2014,False
20141021,2014-10-21,2014,4,2014-Q4,10,October,říjen,2014-10,2014-10-01,21,2,Tuesday,úterý,294,43,2014,False
20141022,2014-10-22,2014,4,2014-Q4,10,October,říjen,2014-10,2014-10-01,22,3,Wednesday,středa,295,43,2014,False
20141023,2014-10-23,2014,4,2014-Q4,10,October,říjen,2014-10,2014-10-01,23,4,Thursday,čtvrtek,296,43,2014,False
20141024,2014-10-24,2014,4,2014-Q4,10,October,říjen,2014-10,2014-10-01,24,5,Friday,pátek,297,43,2014,False
20141025,2014-10-25,2014,4,2014-Q4,10,October,říjen,2014-10,2014-10-01,25,6,Saturday,sobota,298,43,2014,True
20141026,2014-10-26,2014,4,2014-Q4,10,October,říjen,2014-10,2014-10-01,26,7,Sunday,neděle,299,43,2014,True
20141027,2014-10-27,2014,4,2014-Q4,10,October,říjen,2014-10,2014-10-01,27,1,Monday,pondělí,300,44,2014,False
20141028,2014-10-28,2014,4,2014-Q4,10,October,říjen,2014-10,2014-10-01,28,2,Tuesday,úterý,301,44,2014,False
20141029,2014-10-29,2014,4,2014-Q4,10,October,říjen,2014-10,2014-10-01,29,3,Wednesday,středa,302,44,2014,False
20141030,2014-10-30,2014,4,2014-Q4,10,October,říjen,2014-10,2014-10-01,30,4,Thursday,čtvrtek,303,44,2014,False
20141031,2014-10-31,2014,4,2014-Q4,10,October,říjen,2014-10,2014-10-01,31,5,Friday,pátek,304,44,2014,False
20141101,2014-11-01,2014,4,2014-Q4,11,November,listopad,2014-11,2014-11-01,1,6,Saturday,sobota,305,44,2014,True
20141102,2014-11-02,2014,4,2014-Q4,11,November,listopad,2014-11,2014-11-01,2,7,Sunday,neděle,306,44,2014,True
20141103,2014-11-03,2014,4,2014-Q4,11,November,listopad,2014-11,2014-11-01,3,1,Monday,pondělí,307,45,2014,False
20141104,2014-11-04,2014,4,2014-Q4,11,November,listopad,2014-11,2014-11-01,4,2,Tuesday,úterý,308,45,2014,False
20141105,2014-11-05,2014,4,2014-Q4,11,November,listopad,2014-11,2014-11-01,5,3,Wednesday,středa,309,45,2014,False
20141106,2014-11-06,2014,4,2014-Q4,11,November,listopad,2014-11,2014-11-01,6,4,Thursday,čtvrtek,310,45,2014,False
20141107,2014-11-07,2014,4,2014-Q4,11,November,listopad,2014-11,2014-11-01,7,5,Friday,pátek,311,45,2014,False
20141108,2014-11-08,2014,4,2014-Q4,11,November,listopad,2014-11,2014-11-01,8,6,Saturday,sobota,312,45,2014,True
20141109,2014-11-09,2014,4,2014-Q4,11,November,listopad,2014-11,2014-11-01,9,7,Sunday,neděle,313,45,2014,True
20141110,2014-11-10,2014,4,2014-Q4,11,November,listopad,2014-11,2014-11-01,10,1,Monday,pondělí,314,46,2014,False
20141111,2014-11-11,2014,4,2014-Q4,11,November,listopad,2014-11,2014-11-01,11,2,Tuesday,úterý,315,46,2014,False
20141112,2014-11-12,2014,4,2014-Q4,11,November,listopad,2014-11,2014-11-01,12,3,Wednesday,středa,316,46,2014,False
20141113,2014-11-13,2014,4,2014-Q4,11,November,listopad,2014-11,2014-11-01,13,4,Thursday,čtvrtek,317,46,2014,False
20141114,2014-11-14,2014,4,2014-Q4,11,November,listopad,2014-11,2014-11-01,14,5,Friday,pátek,318,46,2014,False
20141115,2014-11-15,2014,4,2014-Q4,11,November,listopad,2014-11,2014-11-01,15,6,Saturday,sobota,319,46,2014,True
20141116,2014-11-16,2014,4,2014-Q4,11,November,listopad,2014-11,2014-11-01,16,7,Sunday,neděle,320,46,2014,True
20141117,2014-11-17,2014,4,2014-Q4,11,November,listopad,2014-11,2014-11-01,17,1,Monday,pondělí,321,47,2014,False
20141118,2014-11-18,2014,4,2014-Q4,11,November,listopad,2014-11,2014-11-01,18,2,Tuesday,úterý,322,47,2014,False
20141119,2014-11-19,2014,4,2014-Q4,11,November,listopad,2014-11,2014-11-01,19,3,Wednesday,středa,323,47,2014,False
20141120,2014-11-20,2014,4,2014-Q4,11,November,listopad,2014-11,2014-11-01,20,4,Thursday,čtvrtek,324,47,2014,False
20141121,2014-11-21,2014,4,2014-Q4,11,November,listopad,2014-11,2014-11-01,21,5,Friday,pátek,325,47,2014,False
20141122,2014-11-22,2014,4,2014-Q4,11,November,listopad,2014-11,2014-11-01,22,6,Saturday,sobota,326,47,2014,True
20141123,2014-11-23,2014,4,2014-Q4,11,November,listopad,2014-11,2014-11-01,23,7,Sunday,neděle,327,47,2014,True
20141124,2014-11-24,2014,4,2014-Q4,11,November,listopad,2014-11,2014-11-01,24,1,Monday,pondělí,328,48,2014,False
20141125,2014-11-25,2014,4,2014-Q4,11,November,listopad,2014-11,2014-11-01,25,2,Tuesday,úterý,329,48,2014,False
20141126,2014-11-26,2014,4,2014-Q4,11,November,listopad,2014-11,2014-11-01,26,3,Wednesday,středa,330,48,2014,False
20141127,2014-11-27,2014,4,2014-Q4,11,November,listopad,2014-11,2014-11-01,27,4,Thursday,čtvrtek,331,48,2014,False
20141128,2014-11-28,2014,4,2014-Q4,11,November,listopad,2014-11,2014-11-01,28,5,Friday,pátek,332,48,2014,False
20141129,2014-11-29,2014,4,2014-Q4,11,November,listopad,2014-11,2014-11-01,29,6,Saturday,sobota,333,48,2014,True
20141130,2014-11-30,2014,4,2014-Q4,11,November,listopad,2014-11,2014-11-01,30,7,Sunday,neděle,334,48,2014,True
20141201,2014-12-01,2014,4,2014-Q4,12,December,prosinec,2014-12,2014-12-01,1,1,Monday,pondělí,335,49,2014,False
20141202,2014-12-02,2014,4,2014-Q4,12,December,prosinec,2014-12,2014-12-01,2,2,Tuesday,úterý,336,49,2014,False
20141203,2014-12-03,2014,4,2014-Q4,12,December,prosinec,2014-12,2014-12-01,3,3,Wednesday,středa,337,49,2014,False
20141204,2014-12-04,2014,4,2014-Q4,12,December,prosinec,2014-12,2014-12-01,4,4,Thursday,čtvrtek,338,49,2014,False
20141205,2014-12-05,2014,4,2014-Q4,12,December,prosinec,2014-12,2014-12-01,5,5,Friday,pátek,339,49,2014,False
20141206,2014-12-06,2014,4,2014-Q4,12,December,prosinec,2014-12,2014-12-01,6,6,Saturday,sobota,340,49,2014,True
20141207,2014-12-07,2014,4,2014-Q4,12,December,prosinec,2014-12,2014-12-01,7,7,Sunday,neděle,341,49,2014,True
20141208,2014-12-08,2014,4,2014-Q4,12,December,prosinec,2014-12,2014-12-01,8,1,Monday,pondělí,342,50,2014,False
20141209,2014-12-09,2014,4,2014-Q4,12,December,prosinec,2014-12,2014-12-01,9,2,Tuesday,úterý,343,50,2014,False
20141210,2014-12-10,2014,4,2014-Q4,12,December,prosinec,2014-12,2014-12-01,10,3,Wednesday,středa,344,50,2014,False
20141211,2014-12-11,2014,4,2014-Q4,12,December,prosinec,2014-12,2014-12-01,11,4,Thursday,čtvrtek,345,50,2014,False
20141212,2014-12-12,2014,4,2014-Q4,12,December,prosinec,2014-12,2014-12-01,12,5,Friday,pátek,346,50,2014,False
20141213,2014-12-13,2014,4,2014-Q4,12,December,prosinec,2014-12,2014-12-01,13,6,Saturday,sobota,347,50,2014,True
20141214,2014-12-14,2014,4,2014-Q4,12,December,prosinec,2014-12,2014-12-01,14,7,Sunday,neděle,348,50,2014,True
20141215,2014-12-15,2014,4,2014-Q4,12,December,prosinec,2014-12,2014-12-01,15,1,Monday,pondělí,349,51,2014,False
20141216,2014-12-16,2014,4,2014-Q4,12,December,prosinec,2014-12,2014-12-01,16,2,Tuesday,úterý,350,51,2014,False
20141217,2014-12-17,2014,4,2014-Q4,12,December,prosinec,2014-12,2014-12-01,17,3,Wednesday,středa,351,51,2014,False
20141218,2014-12-18,2014,4,2014-Q4,12,December,prosinec,2014-12,2014-12-01,18,4,Thursday,čtvrtek,352,51,2014,False
20141219,2014-12-19,2014,4,2014-Q4,12,December,prosinec,2014-12,2014-12-01,19,5,Friday,pátek,353,51,2014,False
20141220,2014-12-20,2014,4,2014-Q4,12,December,prosinec,2014-12,2014-12-01,20,6,Saturday,sobota,354,51,2014,True
20141221,2014-12-21,2014,4,2014-Q4,12,December,prosinec,2014-12,2014-12-01,21,7,Sunday,neděle,355,51,2014,True
20141222,2014-12-22,2014,4,2014-Q4,12,December,prosinec,2014-12,2014-12-01,22,1,Monday,pondělí,356,52,2014,False
20141223,2014-12-23,2014,4,2014-Q4,12,December,prosinec,2014-12,2014-12-01,23,2,Tuesday,úterý,357,52,2014,False
20141224,2014-12-24,2014,4,2014-Q4,12,December,prosinec,2014-12,2014-12-01,24,3,Wednesday,středa,358,52,2014,False
20141225,2014-12-25,2014,4,2014-Q4,12,December,prosinec,2014-12,2014-12-01,25,4,Thursday,čtvrtek,359,52,2014,False
20141226,2014-12-26,2014,4,2014-Q4,12,December,prosinec,2014-12,2014-12-01,26,5,Friday,pátek,360,52,2014,False
20141227,2014-12-27,2014,4,2014-Q4,12,December,prosinec,2014-12,2014-12-01,27,6,Saturday,sobota,361,52,2014,True
20141228,2014-12-28,2014,4,2014-Q4,12,December,prosinec,2014-12,2014-12-01,28,7,Sunday,neděle,362,52,2014,True
20141229,2014-12-29,2014,4,2014-Q4,12,December,prosinec,2014-12,2014-12-01,29,1,Monday,pondělí,363,1,2015,False
20141230,2014-12-30,2014,4,2014-Q4,12,December,prosinec,2014-12,2014-12-01,30,2,Tuesday,úterý,364,1,2015,False
20141231,2014-12-31,2014,4,2014-Q4,12,December,prosinec,2014-12,2014-12-01,31,3,Wednesday,středa,365,1,2015,False
20150101,2015-01-01,2015,1,2015-Q1,1,January,leden,2015-01,2015-01-01,1,4,Thursday,čtvrtek,1,1,2015,False
20150102,2015-01-02,2015,1,2015-Q1,1,January,leden,2015-01,2015-01-01,2,5,Friday,pátek,2,1,2015,False
20150103,2015-01-03,2015,1,2015-Q1,1,January,leden,2015-01,2015-01-01,3,6,Saturday,sobota,3,1,2015,True
20150104,2015-01-04,2015,1,2015-Q1,1,January,leden,2015-01,2015-01-01,4,7,Sunday,neděle,4,1,2015,True
20150105,2015-01-05,2015,1,2015-Q1,1,January,leden,2015-01,2015-01-01,5,1,Monday,pondělí,5,2,2015,False
20150106,2015-01-06,2015,1,2015-Q1,1,January,leden,2015-01,2015-01-01,6,2,Tuesday,úterý,6,2,2015,False
20150107,2015-01-07,2015,1,2015-Q1,1,January,leden,2015-01,2015-01-01,7,3,Wednesday,středa,7,2,2015,False
20150108,2015-01-08,2015,1,2015-Q1,1,January,leden,2015-01,2015-01-01,8,4,Thursday,čtvrtek,8,2,2015,False
20150109,2015-01-09,2015,1,2015-Q1,1,January,leden,2015-01,2015-01-01,9,5,Friday,pátek,9,2,2015,False
20150110,2015-01-10,2015,1,2015-Q1,1,January,leden,2015-01,2015-01-01,10,6,Saturday,sobota,10,2,2015,True
20150111,2015-01-11,2015,1,2015-Q1,1,January,leden,2015-01,2015-01-01,11,7,Sunday,neděle,11,2,2015,True
20150112,2015-01-12,2015,1,2015-Q1,1,January,leden,2015-01,2015-01-01,12,1,Monday,pondělí,12,3,2015,False
20150113,2015-01-13,2015,1,2015-Q1,1,January,leden,2015-01,2015-01-01,13,2,Tuesday,úterý,13,3,2015,False
20150114,2015-01-14,2015,1,2015-Q1,1,January,leden,2015-01,2015-01-01,14,3,Wednesday,středa,14,3,2015,False
20150115,2015-01-15,2015,1,2015-Q1,1,January,leden,2015-01,2015-01-01,15,4,Thursday,čtvrtek,15,3,2015,False
20150116,2015-01-16,2015,1,2015-Q1,1,January,leden,2015-01,2015-01-01,16,5,Friday,pátek,16,3,2015,False
20150117,2015-01-17,2015,1,2015-Q1,1,January,leden,2015-01,2015-01-01,17,6,Saturday,sobota,17,3,2015,True
20150118,2015-01-18,2015,1,2015-Q1,1,January,leden,2015-01,2015-01-01,18,7,Sunday,neděle,18,3,2015,True
20150119,2015-01-19,2015,1,2015-Q1,1,January,leden,2015-01,2015-01-01,19,1,Monday,pondělí,19,4,2015,False
20150120,2015-01-20,2015,1,2015-Q1,1,January,leden,2015-01,2015-01-01,20,2,Tuesday,úterý,20,4,2015,False
20150121,2015-01-21,2015,1,2015-Q1,1,January,leden,2015-01,2015-01-01,21,3,Wednesday,středa,21,4,2015,False
20150122,2015-01-22,2015,1,2015-Q1,1,January,leden,2015-01,2015-01-01,22,4,Thursday,čtvrtek,22,4,2015,False
20150123,2015-01-23,2015,1,2015-Q1,1,January,leden,2015-01,2015-01-01,23,5,Friday,pátek,23,4,2015,False
20150124,2015-01-24,2015,1,2015-Q1,1,January,leden,2015-01,2015-01-01,24,6,Saturday,sobota,24,4,2015,True
20150125,2015-01-25,2015,1,2015-Q1,1,January,leden,2015-01,2015-01-01,25,7,Sunday,neděle,25,4,2015,True
20150126,2015-01-26,2015,1,2015-Q1,1,January,leden,2015-01,2015-01-01,26,1,Monday,pondělí,26,5,2015,False
20150127,2015-01-27,2015,1,2015-Q1,1,January,leden,2015-01,2015-01-01,27,2,Tuesday,úterý,27,5,2015,False
20150128,2015-01-28,2015,1,2015-Q1,1,January,leden,2015-01,2015-01-01,28,3,Wednesday,středa,28,5,2015,False
20150129,2015-01-29,2015,1,2015-Q1,1,January,leden,2015-01,2015-01-01,29,4,Thursday,čtvrtek,29,5,2015,False
20150130,2015-01-30,2015,1,2015-Q1,1,January,leden,2015-01,2015-01-01,30,5,Friday,pátek,30,5,2015,False
20150131,2015-01-31,2015,1,2015-Q1,1,January,leden,2015-01,2015-01-01,31,6,Saturday,sobota,31,5,2015,True
20150201,2015-02-01,2015,1,2015-Q1,2,February,únor,2015-02,2015-02-01,1,7,Sunday,neděle,32,5,2015,True
20150202,2015-02-02,2015,1,2015-Q1,2,February,únor,2015-02,2015-02-01,2,1,Monday,pondělí,33,6,2015,False
20150203,2015-02-03,2015,1,2015-Q1,2,February,únor,2015-02,2015-02-01,3,2,Tuesday,úterý,34,6,2015,False
20150204,2015-02-04,2015,1,2015-Q1,2,February,únor,2015-02,2015-02-01,4,3,Wednesday,středa,35,6,2015,False
20150205,2015-02-05,2015,1,2015-Q1,2,February,únor,2015-02,2015-02-01,5,4,Thursday,čtvrtek,36,6,2015,False
20150206,2015-02-06,2015,1,2015-Q1,2,February,únor,2015-02,2015-02-01,6,5,Friday,pátek,37,6,2015,False
20150207,2015-02-07,2015,1,2015-Q1,2,February,únor,2015-02,2015-02-01,7,6,Saturday,sobota,38,6,2015,True
20150208,2015-02-08,2015,1,2015-Q1,2,February,únor,2015-02,2015-02-01,8,7,Sunday,neděle,39,6,2015,True
20150209,2015-02-09,2015,1,2015-Q1,2,February,únor,2015-02,2015-02-01,9,1,Monday,pondělí,40,7,2015,False
20150210,2015-02-10,2015,1,2015-Q1,2,February,únor,2015-02,2015-02-01,10,2,Tuesday,úterý,41,7,2015,False
20150211,2015-02-11,2015,1,2015-Q1,2,February,únor,2015-02,2015-02-01,11,3,Wednesday,středa,42,7,2015,False
20150212,2015-02-12,2015,1,2015-Q1,2,February,únor,2015-02,2015-02-01,12,4,Thursday,čtvrtek,43,7,2015,False
20150213,2015-02-13,2015,1,2015-Q1,2,February,únor,2015-02,2015-02-01,13,5,Friday,pátek,44,7,2015,False
20150214,2015-02-14,2015,1,2015-Q1,2,February,únor,2015-02,2015-02-01,14,6,Saturday,sobota,45,7,2015,True
20150215,2015-02-15,2015,1,2015-Q1,2,February,únor,2015-02,2015-02-01,15,7,Sunday,neděle,46,7,2015,True
20150216,2015-02-16,2015,1,2015-Q1,2,February,únor,2015-02,2015-02-01,16,1,Monday,pondělí,47,8,2015,False
20150217,2015-02-17,2015,1,2015-Q1,2,February,únor,2015-02,2015-02-01,17,2,Tuesday,úterý,48,8,2015,False
20150218,2015-02-18,2015,1,2015-Q1,2,February,únor,2015-02,2015-02-01,18,3,Wednesday,středa,49,8,2015,False
20150219,2015-02-19,2015,1,2015-Q1,2,February,únor,2015-02,2015-02-01,19,4,Thursday,čtvrtek,50,8,2015,False
20150220,2015-02-20,2015,1,2015-Q1,2,February,únor,2015-02,2015-02-01,20,5,Friday,pátek,51,8,2015,False
20150221,2015-02-21,2015,1,2015-Q1,2,February,únor,2015-02,2015-02-01,21,6,Saturday,sobota,52,8,2015,True
20150222,2015-02-22,2015,1,2015-Q1,2,February,únor,2015-02,2015-02-01,22,7,Sunday,neděle,53,8,2015,True
20150223,2015-02-23,2015,1,2015-Q1,2,February,únor,2015-02,2015-02-01,23,1,Monday,pondělí,54,9,2015,False
20150224,2015-02-24,2015,1,2015-Q1,2,February,únor,2015-02,2015-02-01,24,2,Tuesday,úterý,55,9,2015,False
20150225,2015-02-25,2015,1,2015-Q1,2,February,únor,2015-02,2015-02-01,25,3,Wednesday,středa,56,9,2015,False
20150226,2015-02-26,2015,1,2015-Q1,2,February,únor,2015-02,2015-02-01,26,4,Thursday,čtvrtek,57,9,2015,False
20150227,2015-02-27,2015,1,2015-Q1,2,February,únor,2015-02,2015-02-01,27,5,Friday,pátek,58,9,2015,False
20150228,2015-02-28,2015,1,2015-Q1,2,February,únor,2015-02,2015-02-01,28,6,Saturday,sobota,59,9,2015,True
20150301,2015-03-01,2015,1,2015-Q1,3,March,březen,2015-03,2015-03-01,1,7,Sunday,neděle,60,9,2015,True
20150302,2015-03-02,2015,1,2015-Q1,3,March,březen,2015-03,2015-03-01,2,1,Monday,pondělí,61,10,2015,False
20150303,2015-03-03,2015,1,2015-Q1,3,March,březen,2015-03,2015-03-01,3,2,Tuesday,úterý,62,10,2015,False
20150304,2015-03-04,2015,1,2015-Q1,3,March,březen,2015-03,2015-03-01,4,3,Wednesday,středa,63,10,2015,False
20150305,2015-03-05,2015,1,2015-Q1,3,March,březen,2015-03,2015-03-01,5,4,Thursday,čtvrtek,64,10,2015,False
20150306,2015-03-06,2015,1,2015-Q1,3,March,březen,2015-03,2015-03-01,6,5,Friday,pátek,65,10,2015,False
20150307,2015-03-07,2015,1,2015-Q1,3,March,březen,2015-03,2015-03-01,7,6,Saturday,sobota,66,10,2015,True
20150308,2015-03-08,2015,1,2015-Q1,3,March,březen,2015-03,2015-03-01,8,7,Sunday,neděle,67,10,2015,True
20150309,2015-03-09,2015,1,2015-Q1,3,March,březen,2015-03,2015-03-01,9,1,Monday,pondělí,68,11,2015,False
20150310,2015-03-10,2015,1,2015-Q1,3,March,březen,2015-03,2015-03-01,10,2,Tuesday,úterý,69,11,2015,False
20150311,2015-03-11,2015,1,2015-Q1,3,March,březen,2015-03,2015-03-01,11,3,Wednesday,středa,70,11,2015,False
20150312,2015-03-12,2015,1,2015-Q1,3,March,březen,2015-03,2015-03-01,12,4,Thursday,čtvrtek,71,11,2015,False
20150313,2015-03-13,2015,1,2015-Q1,3,March,březen,2015-03,2015-03-01,13,5,Friday,pátek,72,11,2015,False
20150314,2015-03-14,2015,1,2015-Q1,3,March,březen,2015-03,2015-03-01,14,6,Saturday,sobota,73,11,2015,True
20150315,2015-03-15,2015,1,2015-Q1,3,March,březen,2015-03,2015-03-01,15,7,Sunday,neděle,74,11,2015,True
20150316,2015-03-16,2015,1,2015-Q1,3,March,březen,2015-03,2015-03-01,16,1,Monday,pondělí,75,12,2015,False
20150317,2015-03-17,2015,1,2015-Q1,3,March,březen,2015-03,2015-03-01,17,2,Tuesday,úterý,76,12,2015,False
20150318,2015-03-18,2015,1,2015-Q1,3,March,březen,2015-03,2015-03-01,18,3,Wednesday,středa,77,12,2015,False
20150319,2015-03-19,2015,1,2015-Q1,3,March,březen,2015-03,2015-03-01,19,4,Thursday,čtvrtek,78,12,2015,False
20150320,2015-03-20,2015,1,2015-Q1,3,March,březen,2015-03,2015-03-01,20,5,Friday,pátek,79,12,2015,False
20150321,2015-03-21,2015,1,2015-Q1,3,March,březen,2015-03,2015-03-01,21,6,Saturday,sobota,80,12,2015,True
20150322,2015-03-22,2015,1,2015-Q1,3,March,březen,2015-03,2015-03-01,22,7,Sunday,neděle,81,12,2015,True
20150323,2015-03-23,2015,1,2015-Q1,3,March,březen,2015-03,2015-03-01,23,1,Monday,pondělí,82,13,2015,False
20150324,2015-03-24,2015,1,2015-Q1,3,March,březen,2015-03,2015-03-01,24,2,Tuesday,úterý,83,13,2015,False
20150325,2015-03-25,2015,1,2015-Q1,3,March,březen,2015-03,2015-03-01,25,3,Wednesday,středa,84,13,2015,False
20150326,2015-03-26,2015,1,2015-Q1,3,March,březen,2015-03,2015-03-01,26,4,Thursday,čtvrtek,85,13,2015,False
20150327,2015-03-27,2015,1,2015-Q1,3,March,březen,2015-03,2015-03-01,27,5,Friday,pátek,86,13,2015,False
20150328,2015-03-28,2015,1,2015-Q1,3,March,březen,2015-03,2015-03-01,28,6,Saturday,sobota,87,13,2015,True
20150329,2015-03-29,2015,1,2015-Q1,3,March,březen,2015-03,2015-03-01,29,7,Sunday,neděle,88,13,2015,True
20150330,2015-03-30,2015,1,2015-Q1,3,March,březen,2015-03,2015-03-01,30,1,Monday,pondělí,89,14,2015,False
20150331,2015-03-31,2015,1,2015-Q1,3,March,březen,2015-03,2015-03-01,31,2,Tuesday,úterý,90,14,2015,False
20150401,2015-04-01,2015,2,2015-Q2,4,April,duben,2015-04,2015-04-01,1,3,Wednesday,středa,91,14,2015,False
20150402,2015-04-02,2015,2,2015-Q2,4,April,duben,2015-04,2015-04-01,2,4,Thursday,čtvrtek,92,14,2015,False
20150403,2015-04-03,2015,2,2015-Q2,4,April,duben,2015-04,2015-04-01,3,5,Friday,pátek,93,14,2015,False
20150404,2015-04-04,2015,2,2015-Q2,4,April,duben,2015-04,2015-04-01,4,6,Saturday,sobota,94,14,2015,True
20150405,2015-04-05,2015,2,2015-Q2,4,April,duben,2015-04,2015-04-01,5,7,Sunday,neděle,95,14,2015,True
20150406,2015-04-06,2015,2,2015-Q2,4,April,duben,2015-04,2015-04-01,6,1,Monday,pondělí,96,15,2015,False
20150407,2015-04-07,2015,2,2015-Q2,4,April,duben,2015-04,2015-04-01,7,2,Tuesday,úterý,97,15,2015,False
20150408,2015-04-08,2015,2,2015-Q2,4,April,duben,2015-04,2015-04-01,8,3,Wednesday,středa,98,15,2015,False
20150409,2015-04-09,2015,2,2015-Q2,4,April,duben,2015-04,2015-04-01,9,4,Thursday,čtvrtek,99,15,2015,False
20150410,2015-04-10,2015,2,2015-Q2,4,April,duben,2015-04,2015-04-01,10,5,Friday,pátek,100,15,2015,False
20150411,2015-04-11,2015,2,2015-Q2,4,April,duben,2015-04,2015-04-01,11,6,Saturday,sobota,101,15,2015,True
20150412,2015-04-12,2015,2,2015-Q2,4,April,duben,2015-04,2015-04-01,12,7,Sunday,neděle,102,15,2015,True
20150413,2015-04-13,2015,2,2015-Q2,4,April,duben,2015-04,2015-04-01,13,1,Monday,pondělí,103,16,2015,False
20150414,2015-04-14,2015,2,2015-Q2,4,April,duben,2015-04,2015-04-01,14,2,Tuesday,úterý,104,16,2015,False
20150415,2015-04-15,2015,2,2015-Q2,4,April,duben,2015-04,2015-04-01,15,3,Wednesday,středa,105,16,2015,False
20150416,2015-04-16,2015,2,2015-Q2,4,April,duben,2015-04,2015-04-01,16,4,Thursday,čtvrtek,106,16,2015,False
20150417,2015-04-17,2015,2,2015-Q2,4,April,duben,2015-04,2015-04-01,17,5,Friday,pátek,107,16,2015,False
20150418,2015-04-18,2015,2,2015-Q2,4,April,duben,2015-04,2015-04-01,18,6,Saturday,sobota,108,16,2015,True
20150419,2015-04-19,2015,2,2015-Q2,4,April,duben,2015-04,2015-04-01,19,7,Sunday,neděle,109,16,2015,True
20150420,2015-04-20,2015,2,2015-Q2,4,April,duben,2015-04,2015-04-01,20,1,Monday,pondělí,110,17,2015,False
20150421,2015-04-21,2015,2,2015-Q2,4,April,duben,2015-04,2015-04-01,21,2,Tuesday,úterý,111,17,2015,False
20150422,2015-04-22,2015,2,2015-Q2,4,April,duben,2015-04,2015-04-01,22,3,Wednesday,středa,112,17,2015,False
20150423,2015-04-23,2015,2,2015-Q2,4,April,duben,2015-04,2015-04-01,23,4,Thursday,čtvrtek,113,17,2015,False
20150424,2015-04-24,2015,2,2015-Q2,4,April,duben,2015-04,2015-04-01,24,5,Friday,pátek,114,17,2015,False
20150425,2015-04-25,2015,2,2015-Q2,4,April,duben,2015-04,2015-04-01,25,6,Saturday,sobota,115,17,2015,True
20150426,2015-04-26,2015,2,2015-Q2,4,April,duben,2015-04,2015-04-01,26,7,Sunday,neděle,116,17,2015,True
20150427,2015-04-27,2015,2,2015-Q2,4,April,duben,2015-04,2015-04-01,27,1,Monday,pondělí,117,18,2015,False
20150428,2015-04-28,2015,2,2015-Q2,4,April,duben,2015-04,2015-04-01,28,2,Tuesday,úterý,118,18,2015,False
20150429,2015-04-29,2015,2,2015-Q2,4,April,duben,2015-04,2015-04-01,29,3,Wednesday,středa,119,18,2015,False
20150430,2015-04-30,2015,2,2015-Q2,4,April,duben,2015-04,2015-04-01,30,4,Thursday,čtvrtek,120,18,2015,False
20150501,2015-05-01,2015,2,2015-Q2,5,May,květen,2015-05,2015-05-01,1,5,Friday,pátek,121,18,2015,False
20150502,2015-05-02,2015,2,2015-Q2,5,May,květen,2015-05,2015-05-01,2,6,Saturday,sobota,122,18,2015,True
20150503,2015-05-03,2015,2,2015-Q2,5,May,květen,2015-05,2015-05-01,3,7,Sunday,neděle,123,18,2015,True
20150504,2015-05-04,2015,2,2015-Q2,5,May,květen,2015-05,2015-05-01,4,1,Monday,pondělí,124,19,2015,False
20150505,2015-05-05,2015,2,2015-Q2,5,May,květen,2015-05,2015-05-01,5,2,Tuesday,úterý,125,19,2015,False
20150506,2015-05-06,2015,2,2015-Q2,5,May,květen,2015-05,2015-05-01,6,3,Wednesday,středa,126,19,2015,False
20150507,2015-05-07,2015,2,2015-Q2,5,May,květen,2015-05,2015-05-01,7,4,Thursday,čtvrtek,127,19,2015,False
20150508,2015-05-08,2015,2,2015-Q2,5,May,květen,2015-05,2015-05-01,8,5,Friday,pátek,128,19,2015,False
20150509,2015-05-09,2015,2,2015-Q2,5,May,květen,2015-05,2015-05-01,9,6,Saturday,sobota,129,19,2015,True
20150510,2015-05-10,2015,2,2015-Q2,5,May,květen,2015-05,2015-05-01,10,7,Sunday,neděle,130,19,2015,True
20150511,2015-05-11,2015,2,2015-Q2,5,May,květen,2015-05,2015-05-01,11,1,Monday,pondělí,131,20,2015,False
20150512,2015-05-12,2015,2,2015-Q2,5,May,květen,2015-05,2015-05-01,12,2,Tuesday,úterý,132,20,2015,False
20150513,2015-05-13,2015,2,2015-Q2,5,May,květen,2015-05,2015-05-01,13,3,Wednesday,středa,133,20,2015,False
20150514,2015-05-14,2015,2,2015-Q2,5,May,květen,2015-05,2015-05-01,14,4,Thursday,čtvrtek,134,20,2015,False
20150515,2015-05-15,2015,2,2015-Q2,5,May,květen,2015-05,2015-05-01,15,5,Friday,pátek,135,20,2015,False
20150516,2015-05-16,2015,2,2015-Q2,5,May,květen,2015-05,2015-05-01,16,6,Saturday,sobota,136,20,2015,True
20150517,2015-05-17,2015,2,2015-Q2,5,May,květen,2015-05,2015-05-01,17,7,Sunday,neděle,137,20,2015,True
20150518,2015-05-18,2015,2,2015-Q2,5,May,květen,2015-05,2015-05-01,18,1,Monday,pondělí,138,21,2015,False
20150519,2015-05-19,2015,2,2015-Q2,5,May,květen,2015-05,2015-05-01,19,2,Tuesday,úterý,139,21,2015,False
20150520,2015-05-20,2015,2,2015-Q2,5,May,květen,2015-05,2015-05-01,20,3,Wednesday,středa,140,21,2015,False
20150521,2015-05-21,2015,2,2015-Q2,5,May,květen,2015-05,2015-05-01,21,4,Thursday,čtvrtek,141,21,2015,False
20150522,2015-05-22,2015,2,2015-Q2,5,May,květen,2015-05,2015-05-01,22,5,Friday,pátek,142,21,2015,False
20150523,2015-05-23,2015,2,2015-Q2,5,May,květen,2015-05,2015-05-01,23,6,Saturday,sobota,143,21,2015,True
20150524,2015-05-24,2015,2,2015-Q2,5,May,květen,2015-05,2015-05-01,24,7,Sunday,neděle,144,21,2015,True
20150525,2015-05-25,2015,2,2015-Q2,5,May,květen,2015-05,2015-05-01,25,1,Monday,pondělí,145,22,2015,False
20150526,2015-05-26,2015,2,2015-Q2,5,May,květen,2015-05,2015-05-01,26,2,Tuesday,úterý,146,22,2015,False
20150527,2015-05-27,2015,2,2015-Q2,5,May,květen,2015-05,2015-05-01,27,3,Wednesday,středa,147,22,2015,False
20150528,2015-05-28,2015,2,2015-Q2,5,May,květen,2015-05,2015-05-01,28,4,Thursday,čtvrtek,148,22,2015,False
20150529,2015-05-29,2015,2,2015-Q2,5,May,květen,2015-05,2015-05-01,29,5,Friday,pátek,149,22,2015,False
20150530,2015-05-30,2015,2,2015-Q2,5,May,květen,2015-05,2015-05-01,30,6,Saturday,sobota,150,22,2015,True
20150531,2015-05-31,2015,2,2015-Q2,5,May,květen,2015-05,2015-05-01,31,7,Sunday,neděle,151,22,2015,True
20150601,2015-06-01,2015,2,2015-Q2,6,June,červen,2015-06,2015-06-01,1,1,Monday,pondělí,152,23,2015,False
20150602,2015-06-02,2015,2,2015-Q2,6,June,červen,2015-06,2015-06-01,2,2,Tuesday,úterý,153,23,2015,False
20150603,2015-06-03,2015,2,2015-Q2,6,June,červen,2015-06,2015-06-01,3,3,Wednesday,středa,154,23,2015,False
20150604,2015-06-04,2015,2,2015-Q2,6,June,červen,2015-06,2015-06-01,4,4,Thursday,čtvrtek,155,23,2015,False
20150605,2015-06-05,2015,2,2015-Q2,6,June,červen,2015-06,2015-06-01,5,5,Friday,pátek,156,23,2015,False
20150606,2015-06-06,2015,2,2015-Q2,6,June,červen,2015-06,2015-06-01,6,6,Saturday,sobota,157,23,2015,True
20150607,2015-06-07,2015,2,2015-Q2,6,June,červen,2015-06,2015-06-01,7,7,Sunday,neděle,158,23,2015,True
20150608,2015-06-08,2015,2,2015-Q2,6,June,červen,2015-06,2015-06-01,8,1,Monday,pondělí,159,24,2015,False
20150609,2015-06-09,2015,2,2015-Q2,6,June,červen,2015-06,2015-06-01,9,2,Tuesday,úterý,160,24,2015,False
20150610,2015-06-10,2015,2,2015-Q2,6,June,červen,2015-06,2015-06-01,10,3,Wednesday,středa,161,24,2015,False
20150611,2015-06-11,2015,2,2015-Q2,6,June,červen,2015-06,2015-06-01,11,4,Thursday,čtvrtek,162,24,2015,False
20150612,2015-06-12,2015,2,2015-Q2,6,June,červen,2015-06,2015-06-01,12,5,Friday,pátek,163,24,2015,False
20150613,2015-06-13,2015,2,2015-Q2,6,June,červen,2015-06,2015-06-01,13,6,Saturday,sobota,164,24,2015,True
20150614,2015-06-14,2015,2,2015-Q2,6,June,červen,2015-06,2015-06-01,14,7,Sunday,neděle,165,24,2015,True
20150615,2015-06-15,2015,2,2015-Q2,6,June,červen,2015-06,2015-06-01,15,1,Monday,pondělí,166,25,2015,False
20150616,2015-06-16,2015,2,2015-Q2,6,June,červen,2015-06,2015-06-01,16,2,Tuesday,úterý,167,25,2015,False
20150617,2015-06-17,2015,2,2015-Q2,6,June,červen,2015-06,2015-06-01,17,3,Wednesday,středa,168,25,2015,False
20150618,2015-06-18,2015,2,2015-Q2,6,June,červen,2015-06,2015-06-01,18,4,Thursday,čtvrtek,169,25,2015,False
20150619,2015-06-19,2015,2,2015-Q2,6,June,červen,2015-06,2015-06-01,19,5,Friday,pátek,170,25,2015,False
20150620,2015-06-20,2015,2,2015-Q2,6,June,červen,2015-06,2015-06-01,20,6,Saturday,sobota,171,25,2015,True
20150621,2015-06-21,2015,2,2015-Q2,6,June,červen,2015-06,2015-06-01,21,7,Sunday,neděle,172,25,2015,True
20150622,2015-06-22,2015,2,2015-Q2,6,June,červen,2015-06,2015-06-01,22,1,Monday,pondělí,173,26,2015,False
20150623,2015-06-23,2015,2,2015-Q2,6,June,červen,2015-06,2015-06-01,23,2,Tuesday,úterý,174,26,2015,False
20150624,2015-06-24,2015,2,2015-Q2,6,June,červen,2015-06,2015-06-01,24,3,Wednesday,středa,175,26,2015,False
20150625,2015-06-25,2015,2,2015-Q2,6,June,červen,2015-06,2015-06-01,25,4,Thursday,čtvrtek,176,26,2015,False
20150626,2015-06-26,2015,2,2015-Q2,6,June,červen,2015-06,2015-06-01,26,5,Friday,pátek,177,26,2015,False
20150627,2015-06-27,2015,2,2015-Q2,6,June,červen,2015-06,2015-06-01,27,6,Saturday,sobota,178,26,2015,True
20150628,2015-06-28,2015,2,2015-Q2,6,June,červen,2015-06,2015-06-01,28,7,Sunday,neděle,179,26,2015,True
20150629,2015-06-29,2015,2,2015-Q2,6,June,červen,2015-06,2015-06-01,29,1,Monday,pondělí,180,27,2015,False
20150630,2015-06-30,2015,2,2015-Q2,6,June,červen,2015-06,2015-06-01,30,2,Tuesday,úterý,181,27,2015,False
20150701,2015-07-01,2015,3,2015-Q3,7,July,červenec,2015-07,2015-07-01,1,3,Wednesday,středa,182,27,2015,False
20150702,2015-07-02,2015,3,2015-Q3,7,July,červenec,2015-07,2015-07-01,2,4,Thursday,čtvrtek,183,27,2015,False
20150703,2015-07-03,2015,3,2015-Q3,7,July,červenec,2015-07,2015-07-01,3,5,Friday,pátek,184,27,2015,False
20150704,2015-07-04,2015,3,2015-Q3,7,July,červenec,2015-07,2015-07-01,4,6,Saturday,sobota,185,27,2015,True
20150705,2015-07-05,2015,3,2015-Q3,7,July,červenec,2015-07,2015-07-01,5,7,Sunday,neděle,186,27,2015,True
20150706,2015-07-06,2015,3,2015-Q3,7,July,červenec,2015-07,2015-07-01,6,1,Monday,pondělí,187,28,2015,False
20150707,2015-07-07,2015,3,2015-Q3,7,July,červenec,2015-07,2015-07-01,7,2,Tuesday,úterý,188,28,2015,False
20150708,2015-07-08,2015,3,2015-Q3,7,July,červenec,2015-07,2015-07-01,8,3,Wednesday,středa,189,28,2015,False
20150709,2015-07-09,2015,3,2015-Q3,7,July,červenec,2015-07,2015-07-01,9,4,Thursday,čtvrtek,190,28,2015,False
20150710,2015-07-10,2015,3,2015-Q3,7,July,červenec,2015-07,2015-07-01,10,5,Friday,pátek,191,28,2015,False
20150711,2015-07-11,2015,3,2015-Q3,7,July,červenec,2015-07,2015-07-01,11,6,Saturday,sobota,192,28,2015,True
20150712,2015-07-12,2015,3,2015-Q3,7,July,červenec,2015-07,2015-07-01,12,7,Sunday,neděle,193,28,2015,True
20150713,2015-07-13,2015,3,2015-Q3,7,July,červenec,2015-07,2015-07-01,13,1,Monday,pondělí,194,29,2015,False
20150714,2015-07-14,2015,3,2015-Q3,7,July,červenec,2015-07,2015-07-01,14,2,Tuesday,úterý,195,29,2015,False
20150715,2015-07-15,2015,3,2015-Q3,7,July,červenec,2015-07,2015-07-01,15,3,Wednesday,středa,196,29,2015,False
20150716,2015-07-16,2015,3,2015-Q3,7,July,červenec,2015-07,2015-07-01,16,4,Thursday,čtvrtek,197,29,2015,False
20150717,2015-07-17,2015,3,2015-Q3,7,July,červenec,2015-07,2015-07-01,17,5,Friday,pátek,198,29,2015,False
20150718,2015-07-18,2015,3,2015-Q3,7,July,červenec,2015-07,2015-07-01,18,6,Saturday,sobota,199,29,2015,True
20150719,2015-07-19,2015,3,2015-Q3,7,July,červenec,2015-07,2015-07-01,19,7,Sunday,neděle,200,29,2015,True
20150720,2015-07-20,2015,3,2015-Q3,7,July,červenec,2015-07,2015-07-01,20,1,Monday,pondělí,201,30,2015,False
20150721,2015-07-21,2015,3,2015-Q3,7,July,červenec,2015-07,2015-07-01,21,2,Tuesday,úterý,202,30,2015,False
20150722,2015-07-22,2015,3,2015-Q3,7,July,červenec,2015-07,2015-07-01,22,3,Wednesday,středa,203,30,2015,False
20150723,2015-07-23,2015,3,2015-Q3,7,July,červenec,2015-07,2015-07-01,23,4,Thursday,čtvrtek,204,30,2015,False
20150724,2015-07-24,2015,3,2015-Q3,7,July,červenec,2015-07,2015-07-01,24,5,Friday,pátek,205,30,2015,False
20150725,2015-07-25,2015,3,2015-Q3,7,July,červenec,2015-07,2015-07-01,25,6,Saturday,sobota,206,30,2015,True
20150726,2015-07-26,2015,3,2015-Q3,7,July,červenec,2015-07,2015-07-01,26,7,Sunday,neděle,207,30,2015,True
20150727,2015-07-27,2015,3,2015-Q3,7,July,červenec,2015-07,2015-07-01,27,1,Monday,pondělí,208,31,2015,False
20150728,2015-07-28,2015,3,2015-Q3,7,July,červenec,2015-07,2015-07-01,28,2,Tuesday,úterý,209,31,2015,False
20150729,2015-07-29,2015,3,2015-Q3,7,July,červenec,2015-07,2015-07-01,29,3,Wednesday,středa,210,31,2015,False
20150730,2015-07-30,2015,3,2015-Q3,7,July,červenec,2015-07,2015-07-01,30,4,Thursday,čtvrtek,211,31,2015,False
20150731,2015-07-31,2015,3,2015-Q3,7,July,červenec,2015-07,2015-07-01,31,5,Friday,pátek,212,31,2015,False
20150801,2015-08-01,2015,3,2015-Q3,8,August,srpen,2015-08,2015-08-01,1,6,Saturday,sobota,213,31,2015,True
20150802,2015-08-02,2015,3,2015-Q3,8,August,srpen,2015-08,2015-08-01,2,7,Sunday,neděle,214,31,2015,True
20150803,2015-08-03,2015,3,2015-Q3,8,August,srpen,2015-08,2015-08-01,3,1,Monday,pondělí,215,32,2015,False
20150804,2015-08-04,2015,3,2015-Q3,8,August,srpen,2015-08,2015-08-01,4,2,Tuesday,úterý,216,32,2015,False
20150805,2015-08-05,2015,3,2015-Q3,8,August,srpen,2015-08,2015-08-01,5,3,Wednesday,středa,217,32,2015,False
20150806,2015-08-06,2015,3,2015-Q3,8,August,srpen,2015-08,2015-08-01,6,4,Thursday,čtvrtek,218,32,2015,False
20150807,2015-08-07,2015,3,2015-Q3,8,August,srpen,2015-08,2015-08-01,7,5,Friday,pátek,219,32,2015,False
20150808,2015-08-08,2015,3,2015-Q3,8,August,srpen,2015-08,2015-08-01,8,6,Saturday,sobota,220,32,2015,True
20150809,2015-08-09,2015,3,2015-Q3,8,August,srpen,2015-08,2015-08-01,9,7,Sunday,neděle,221,32,2015,True
20150810,2015-08-10,2015,3,2015-Q3,8,August,srpen,2015-08,2015-08-01,10,1,Monday,pondělí,222,33,2015,False
20150811,2015-08-11,2015,3,2015-Q3,8,August,srpen,2015-08,2015-08-01,11,2,Tuesday,úterý,223,33,2015,False
20150812,2015-08-12,2015,3,2015-Q3,8,August,srpen,2015-08,2015-08-01,12,3,Wednesday,středa,224,33,2015,False
20150813,2015-08-13,2015,3,2015-Q3,8,August,srpen,2015-08,2015-08-01,13,4,Thursday,čtvrtek,225,33,2015,False
20150814,2015-08-14,2015,3,2015-Q3,8,August,srpen,2015-08,2015-08-01,14,5,Friday,pátek,226,33,2015,False
20150815,2015-08-15,2015,3,2015-Q3,8,August,srpen,2015-08,2015-08-01,15,6,Saturday,sobota,227,33,2015,True
20150816,2015-08-16,2015,3,2015-Q3,8,August,srpen,2015-08,2015-08-01,16,7,Sunday,neděle,228,33,2015,True
20150817,2015-08-17,2015,3,2015-Q3,8,August,srpen,2015-08,2015-08-01,17,1,Monday,pondělí,229,34,2015,False
20150818,2015-08-18,2015,3,2015-Q3,8,August,srpen,2015-08,2015-08-01,18,2,Tuesday,úterý,230,34,2015,False
20150819,2015-08-19,2015,3,2015-Q3,8,August,srpen,2015-08,2015-08-01,19,3,Wednesday,středa,231,34,2015,False
20150820,2015-08-20,2015,3,2015-Q3,8,August,srpen,2015-08,2015-08-01,20,4,Thursday,čtvrtek,232,34,2015,False
20150821,2015-08-21,2015,3,2015-Q3,8,August,srpen,2015-08,2015-08-01,21,5,Friday,pátek,233,34,2015,False
20150822,2015-08-22,2015,3,2015-Q3,8,August,srpen,2015-08,2015-08-01,22,6,Saturday,sobota,234,34,2015,True
20150823,2015-08-23,2015,3,2015-Q3,8,August,srpen,2015-08,2015-08-01,23,7,Sunday,neděle,235,34,2015,True
20150824,2015-08-24,2015,3,2015-Q3,8,August,srpen,2015-08,2015-08-01,24,1,Monday,pondělí,236,35,2015,False
20150825,2015-08-25,2015,3,2015-Q3,8,August,srpen,2015-08,2015-08-01,25,2,Tuesday,úterý,237,35,2015,False
20150826,2015-08-26,2015,3,2015-Q3,8,August,srpen,2015-08,2015-08-01,26,3,Wednesday,středa,238,35,2015,False
20150827,2015-08-27,2015,3,2015-Q3,8,August,srpen,2015-08,2015-08-01,27,4,Thursday,čtvrtek,239,35,2015,False
20150828,2015-08-28,2015,3,2015-Q3,8,August,srpen,2015-08,2015-08-01,28,5,Friday,pátek,240,35,2015,False
20150829,2015-08-29,2015,3,2015-Q3,8,August,srpen,2015-08,2015-08-01,29,6,Saturday,sobota,241,35,2015,True
20150830,2015-08-30,2015,3,2015-Q3,8,August,srpen,2015-08,2015-08-01,30,7,Sunday,neděle,242,35,2015,True
20150831,2015-08-31,2015,3,2015-Q3,8,August,srpen,2015-08,2015-08-01,31,1,Monday,pondělí,243,36,2015,False
20150901,2015-09-01,2015,3,2015-Q3,9,September,září,2015-09,2015-09-01,1,2,Tuesday,úterý,244,36,2015,False
20150902,2015-09-02,2015,3,2015-Q3,9,September,září,2015-09,2015-09-01,2,3,Wednesday,středa,245,36,2015,False
20150903,2015-09-03,2015,3,2015-Q3,9,September,září,2015-09,2015-09-01,3,4,Thursday,čtvrtek,246,36,2015,False
20150904,2015-09-04,2015,3,2015-Q3,9,September,září,2015-09,2015-09-01,4,5,Friday,pátek,247,36,2015,False
20150905,2015-09-05,2015,3,2015-Q3,9,September,září,2015-09,2015-09-01,5,6,Saturday,sobota,248,36,2015,True
20150906,2015-09-06,2015,3,2015-Q3,9,September,září,2015-09,2015-09-01,6,7,Sunday,neděle,249,36,2015,True
20150907,2015-09-07,2015,3,2015-Q3,9,September,září,2015-09,2015-09-01,7,1,Monday,pondělí,250,37,2015,False
20150908,2015-09-08,2015,3,2015-Q3,9,September,září,2015-09,2015-09-01,8,2,Tuesday,úterý,251,37,2015,False
20150909,2015-09-09,2015,3,2015-Q3,9,September,září,2015-09,2015-09-01,9,3,Wednesday,středa,252,37,2015,False
20150910,2015-09-10,2015,3,2015-Q3,9,September,září,2015-09,2015-09-01,10,4,Thursday,čtvrtek,253,37,2015,False
20150911,2015-09-11,2015,3,2015-Q3,9,September,září,2015-09,2015-09-01,11,5,Friday,pátek,254,37,2015,False
20150912,2015-09-12,2015,3,2015-Q3,9,September,září,2015-09,2015-09-01,12,6,Saturday,sobota,255,37,2015,True
20150913,2015-09-13,2015,3,2015-Q3,9,September,září,2015-09,2015-09-01,13,7,Sunday,neděle,256,37,2015,True
20150914,2015-09-14,2015,3,2015-Q3,9,September,září,2015-09,2015-09-01,14,1,Monday,pondělí,257,38,2015,False
20150915,2015-09-15,2015,3,2015-Q3,9,September,září,2015-09,2015-09-01,15,2,Tuesday,úterý,258,38,2015,False
20150916,2015-09-16,2015,3,2015-Q3,9,September,září,2015-09,2015-09-01,16,3,Wednesday,středa,259,38,2015,False
20150917,2015-09-17,2015,3,2015-Q3,9,September,září,2015-09,2015-09-01,17,4,Thursday,čtvrtek,260,38,2015,False
20150918,2015-09-18,2015,3,2015-Q3,9,September,září,2015-09,2015-09-01,18,5,Friday,pátek,261,38,2015,False
20150919,2015-09-19,2015,3,2015-Q3,9,September,září,2015-09,2015-09-01,19,6,Saturday,sobota,262,38,2015,True
20150920,2015-09-20,2015,3,2015-Q3,9,September,září,2015-09,2015-09-01,20,7,Sunday,neděle,263,38,2015,True
20150921,2015-09-21,2015,3,2015-Q3,9,September,září,2015-09,2015-09-01,21,1,Monday,pondělí,264,39,2015,False
20150922,2015-09-22,2015,3,2015-Q3,9,September,září,2015-09,2015-09-01,22,2,Tuesday,úterý,265,39,2015,False
20150923,2015-09-23,2015,3,2015-Q3,9,September,září,2015-09,2015-09-01,23,3,Wednesday,středa,266,39,2015,False
20150924,2015-09-24,2015,3,2015-Q3,9,September,září,2015-09,2015-09-01,24,4,Thursday,čtvrtek,267,39,2015,False
20150925,2015-09-25,2015,3,2015-Q3,9,September,září,2015-09,2015-09-01,25,5,Friday,pátek,268,39,2015,False
20150926,2015-09-26,2015,3,2015-Q3,9,September,září,2015-09,2015-09-01,26,6,Saturday,sobota,269,39,2015,True
20150927,2015-09-27,2015,3,2015-Q3,9,September,září,2015-09,2015-09-01,27,7,Sunday,neděle,270,39,2015,True
20150928,2015-09-28,2015,3,2015-Q3,9,September,září,2015-09,2015-09-01,28,1,Monday,pondělí,271,40,2015,False
20150929,2015-09-29,2015,3,2015-Q3,9,September,září,2015-09,2015-09-01,29,2,Tuesday,úterý,272,40,2015,False
20150930,2015-09-30,2015,3,2015-Q3,9,September,září,2015-09,2015-09-01,30,3,Wednesday,středa,273,40,2015,False
20151001,2015-10-01,2015,4,2015-Q4,10,October,říjen,2015-10,2015-10-01,1,4,Thursday,čtvrtek,274,40,2015,False
20151002,2015-10-02,2015,4,2015-Q4,10,October,říjen,2015-10,2015-10-01,2,5,Friday,pátek,275,40,2015,False
20151003,2015-10-03,2015,4,2015-Q4,10,October,říjen,2015-10,2015-10-01,3,6,Saturday,sobota,276,40,2015,True
20151004,2015-10-04,2015,4,2015-Q4,10,October,říjen,2015-10,2015-10-01,4,7,Sunday,neděle,277,40,2015,True
20151005,2015-10-05,2015,4,2015-Q4,10,October,říjen,2015-10,2015-10-01,5,1,Monday,pondělí,278,41,2015,False
20151006,2015-10-06,2015,4,2015-Q4,10,October,říjen,2015-10,2015-10-01,6,2,Tuesday,úterý,279,41,2015,False
20151007,2015-10-07,2015,4,2015-Q4,10,October,říjen,2015-10,2015-10-01,7,3,Wednesday,středa,280,41,2015,False
20151008,2015-10-08,2015,4,2015-Q4,10,October,říjen,2015-10,2015-10-01,8,4,Thursday,čtvrtek,281,41,2015,False
20151009,2015-10-09,2015,4,2015-Q4,10,October,říjen,2015-10,2015-10-01,9,5,Friday,pátek,282,41,2015,False
20151010,2015-10-10,2015,4,2015-Q4,10,October,říjen,2015-10,2015-10-01,10,6,Saturday,sobota,283,41,2015,True
20151011,2015-10-11,2015,4,2015-Q4,10,October,říjen,2015-10,2015-10-01,11,7,Sunday,neděle,284,41,2015,True
20151012,2015-10-12,2015,4,2015-Q4,10,October,říjen,2015-10,2015-10-01,12,1,Monday,pondělí,285,42,2015,False
20151013,2015-10-13,2015,4,2015-Q4,10,October,říjen,2015-10,2015-10-01,13,2,Tuesday,úterý,286,42,2015,False
20151014,2015-10-14,2015,4,2015-Q4,10,October,říjen,2015-10,2015-10-01,14,3,Wednesday,středa,287,42,2015,False
20151015,2015-10-15,2015,4,2015-Q4,10,October,říjen,2015-10,2015-10-01,15,4,Thursday,čtvrtek,288,42,2015,False
20151016,2015-10-16,2015,4,2015-Q4,10,October,říjen,2015-10,2015-10-01,16,5,Friday,pátek,289,42,2015,False
20151017,2015-10-17,2015,4,2015-Q4,10,October,říjen,2015-10,2015-10-01,17,6,Saturday,sobota,290,42,2015,True
20151018,2015-10-18,2015,4,2015-Q4,10,October,říjen,2015-10,2015-10-01,18,7,Sunday,neděle,291,42,2015,True
20151019,2015-10-19,2015,4,2015-Q4,10,October,říjen,2015-10,2015-10-01,19,1,Monday,pondělí,292,43,2015,False
20151020,2015-10-20,2015,4,2015-Q4,10,October,říjen,2015-10,2015-10-01,20,2,Tuesday,úterý,293,43,2015,False
20151021,2015-10-21,2015,4,2015-Q4,10,October,říjen,2015-10,2015-10-01,21,3,Wednesday,středa,294,43,2015,False
20151022,2015-10-22,2015,4,2015-Q4,10,October,říjen,2015-10,2015-10-01,22,4,Thursday,čtvrtek,295,43,2015,False
20151023,2015-10-23,2015,4,2015-Q4,10,October,říjen,2015-10,2015-10-01,23,5,Friday,pátek,296,43,2015,False
20151024,2015-10-24,2015,4,2015-Q4,10,October,říjen,2015-10,2015-10-01,24,6,Saturday,sobota,297,43,2015,True
20151025,2015-10-25,2015,4,2015-Q4,10,October,říjen,2015-10,2015-10-01,25,7,Sunday,neděle,298,43,2015,True
20151026,2015-10-26,2015,4,2015-Q4,10,October,říjen,2015-10,2015-10-01,26,1,Monday,pondělí,299,44,2015,False
20151027,2015-10-27,2015,4,2015-Q4,10,October,říjen,2015-10,2015-10-01,27,2,Tuesday,úterý,300,44,2015,False
20151028,2015-10-28,2015,4,2015-Q4,10,October,říjen,2015-10,2015-10-01,28,3,Wednesday,středa,301,44,2015,False
20151029,2015-10-29,2015,4,2015-Q4,10,October,říjen,2015-10,2015-10-01,29,4,Thursday,čtvrtek,302,44,2015,False
20151030,2015-10-30,2015,4,2015-Q4,10,October,říjen,2015-10,2015-10-01,30,5,Friday,pátek,303,44,2015,False
20151031,2015-10-31,2015,4,2015-Q4,10,October,říjen,2015-10,2015-10-01,31,6,Saturday,sobota,304,44,2015,True
20151101,2015-11-01,2015,4,2015-Q4,11,November,listopad,2015-11,2015-11-01,1,7,Sunday,neděle,305,44,2015,True
20151102,2015-11-02,2015,4,2015-Q4,11,November,listopad,2015-11,2015-11-01,2,1,Monday,pondělí,306,45,2015,False
20151103,2015-11-03,2015,4,2015-Q4,11,November,listopad,2015-11,2015-11-01,3,2,Tuesday,úterý,307,45,2015,False
20151104,2015-11-04,2015,4,2015-Q4,11,November,listopad,2015-11,2015-11-01,4,3,Wednesday,středa,308,45,2015,False
20151105,2015-11-05,2015,4,2015-Q4,11,November,listopad,2015-11,2015-11-01,5,4,Thursday,čtvrtek,309,45,2015,False
20151106,2015-11-06,2015,4,2015-Q4,11,November,listopad,2015-11,2015-11-01,6,5,Friday,pátek,310,45,2015,False
20151107,2015-11-07,2015,4,2015-Q4,11,November,listopad,2015-11,2015-11-01,7,6,Saturday,sobota,311,45,2015,True
20151108,2015-11-08,2015,4,2015-Q4,11,November,listopad,2015-11,2015-11-01,8,7,Sunday,neděle,312,45,2015,True
20151109,2015-11-09,2015,4,2015-Q4,11,November,listopad,2015-11,2015-11-01,9,1,Monday,pondělí,313,46,2015,False
20151110,2015-11-10,2015,4,2015-Q4,11,November,listopad,2015-11,2015-11-01,10,2,Tuesday,úterý,314,46,2015,False
20151111,2015-11-11,2015,4,2015-Q4,11,November,listopad,2015-11,2015-11-01,11,3,Wednesday,středa,315,46,2015,False
20151112,2015-11-12,2015,4,2015-Q4,11,November,listopad,2015-11,2015-11-01,12,4,Thursday,čtvrtek,316,46,2015,False
20151113,2015-11-13,2015,4,2015-Q4,11,November,listopad,2015-11,2015-11-01,13,5,Friday,pátek,317,46,2015,False
20151114,2015-11-14,2015,4,2015-Q4,11,November,listopad,2015-11,2015-11-01,14,6,Saturday,sobota,318,46,2015,True
20151115,2015-11-15,2015,4,2015-Q4,11,November,listopad,2015-11,2015-11-01,15,7,Sunday,neděle,319,46,2015,True
20151116,2015-11-16,2015,4,2015-Q4,11,November,listopad,2015-11,2015-11-01,16,1,Monday,pondělí,320,47,2015,False
20151117,2015-11-17,2015,4,2015-Q4,11,November,listopad,2015-11,2015-11-01,17,2,Tuesday,úterý,321,47,2015,False
20151118,2015-11-18,2015,4,2015-Q4,11,November,listopad,2015-11,2015-11-01,18,3,Wednesday,středa,322,47,2015,False
20151119,2015-11-19,2015,4,2015-Q4,11,November,listopad,2015-11,2015-11-01,19,4,Thursday,čtvrtek,323,47,2015,False
20151120,2015-11-20,2015,4,2015-Q4,11,November,listopad,2015-11,2015-11-01,20,5,Friday,pátek,324,47,2015,False
20151121,2015-11-21,2015,4,2015-Q4,11,November,listopad,2015-11,2015-11-01,21,6,Saturday,sobota,325,47,2015,True
20151122,2015-11-22,2015,4,2015-Q4,11,November,listopad,2015-11,2015-11-01,22,7,Sunday,neděle,326,47,2015,True
20151123,2015-11-23,2015,4,2015-Q4,11,November,listopad,2015-11,2015-11-01,23,1,Monday,pondělí,327,48,2015,False
20151124,2015-11-24,2015,4,2015-Q4,11,November,listopad,2015-11,2015-11-01,24,2,Tuesday,úterý,328,48,2015,False
20151125,2015-11-25,2015,4,2015-Q4,11,November,listopad,2015-11,2015-11-01,25,3,Wednesday,středa,329,48,2015,False
20151126,2015-11-26,2015,4,2015-Q4,11,November,listopad,2015-11,2015-11-01,26,4,Thursday,čtvrtek,330,48,2015,False
20151127,2015-11-27,2015,4,2015-Q4,11,November,listopad,2015-11,2015-11-01,27,5,Friday,pátek,331,48,2015,False
20151128,2015-11-28,2015,4,2015-Q4,11,November,listopad,2015-11,2015-11-01,28,6,Saturday,sobota,332,48,2015,True
20151129,2015-11-29,2015,4,2015-Q4,11,November,listopad,2015-11,2015-11-01,29,7,Sunday,neděle,333,48,2015,True
20151130,2015-11-30,2015,4,2015-Q4,11,November,listopad,2015-11,2015-11-01,30,1,Monday,pondělí,334,49,2015,False
20151201,2015-12-01,2015,4,2015-Q4,12,December,prosinec,2015-12,2015-12-01,1,2,Tuesday,úterý,335,49,2015,False
20151202,2015-12-02,2015,4,2015-Q4,12,December,prosinec,2015-12,2015-12-01,2,3,Wednesday,středa,336,49,2015,False
20151203,2015-12-03,2015,4,2015-Q4,12,December,prosinec,2015-12,2015-12-01,3,4,Thursday,čtvrtek,337,49,2015,False
20151204,2015-12-04,2015,4,2015-Q4,12,December,prosinec,2015-12,2015-12-01,4,5,Friday,pátek,338,49,2015,False
20151205,2015-12-05,2015,4,2015-Q4,12,December,prosinec,2015-12,2015-12-01,5,6,Saturday,sobota,339,49,2015,True
20151206,2015-12-06,2015,4,2015-Q4,12,December,prosinec,2015-12,2015-12-01,6,7,Sunday,neděle,340,49,2015,True
20151207,2015-12-07,2015,4,2015-Q4,12,December,prosinec,2015-12,2015-12-01,7,1,Monday,pondělí,341,50,2015,False
20151208,2015-12-08,2015,4,2015-Q4,12,December,prosinec,2015-12,2015-12-01,8,2,Tuesday,úterý,342,50,2015,False
20151209,2015-12-09,2015,4,2015-Q4,12,December,prosinec,2015-12,2015-12-01,9,3,Wednesday,středa,343,50,2015,False
20151210,2015-12-10,2015,4,2015-Q4,12,December,prosinec,2015-12,2015-12-01,10,4,Thursday,čtvrtek,344,50,2015,False
20151211,2015-12-11,2015,4,2015-Q4,12,December,prosinec,2015-12,2015-12-01,11,5,Friday,pátek,345,50,2015,False
20151212,2015-12-12,2015,4,2015-Q4,12,December,prosinec,2015-12,2015-12-01,12,6,Saturday,sobota,346,50,2015,True
20151213,2015-12-13,2015,4,2015-Q4,12,December,prosinec,2015-12,2015-12-01,13,7,Sunday,neděle,347,50,2015,True
20151214,2015-12-14,2015,4,2015-Q4,12,December,prosinec,2015-12,2015-12-01,14,1,Monday,pondělí,348,51,2015,False
20151215,2015-12-15,2015,4,2015-Q4,12,December,prosinec,2015-12,2015-12-01,15,2,Tuesday,úterý,349,51,2015,False
20151216,2015-12-16,2015,4,2015-Q4,12,December,prosinec,2015-12,2015-12-01,16,3,Wednesday,středa,350,51,2015,False
20151217,2015-12-17,2015,4,2015-Q4,12,December,prosinec,2015-12,2015-12-01,17,4,Thursday,čtvrtek,351,51,2015,False
20151218,2015-12-18,2015,4,2015-Q4,12,December,prosinec,2015-12,2015-12-01,18,5,Friday,pátek,352,51,2015,False
20151219,2015-12-19,2015,4,2015-Q4,12,December,prosinec,2015-12,2015-12-01,19,6,Saturday,sobota,353,51,2015,True
20151220,2015-12-20,2015,4,2015-Q4,12,December,prosinec,2015-12,2015-12-01,20,7,Sunday,neděle,354,51,2015,True
20151221,2015-12-21,2015,4,2015-Q4,12,December,prosinec,2015-12,2015-12-01,21,1,Monday,pondělí,355,52,2015,False
20151222,2015-12-22,2015,4,2015-Q4,12,December,prosinec,2015-12,2015-12-01,22,2,Tuesday,úterý,356,52,2015,False
20151223,2015-12-23,2015,4,2015-Q4,12,December,prosinec,2015-12,2015-12-01,23,3,Wednesday,středa,357,52,2015,False
20151224,2015-12-24,2015,4,2015-Q4,12,December,prosinec,2015-12,2015-12-01,24,4,Thursday,čtvrtek,358,52,2015,False
20151225,2015-12-25,2015,4,2015-Q4,12,December,prosinec,2015-12,2015-12-01,25,5,Friday,pátek,359,52,2015,False
20151226,2015-12-26,2015,4,2015-Q4,12,December,prosinec,2015-12,2015-12-01,26,6,Saturday,sobota,360,52,2015,True
20151227,2015-12-27,2015,4,2015-Q4,12,December,prosinec,2015-12,2015-12-01,27,7,Sunday,neděle,361,52,2015,True
20151228,2015-12-28,2015,4,2015-Q4,12,December,prosinec,2015-12,2015-12-01,28,1,Monday,pondělí,362,53,2015,False
20151229,2015-12-29,2015,4,2015-Q4,12,December,prosinec,2015-12,2015-12-01,29,2,Tuesday,úterý,363,53,2015,False
20151230,2015-12-30,2015,4,2015-Q4,12,December,prosinec,2015-12,2015-12-01,30,3,Wednesday,středa,364,53,2015,False
20151231,2015-12-31,2015,4,2015-Q4,12,December,prosinec,2015-12,2015-12-01,31,4,Thursday,čtvrtek,365,53,2015,False
20160101,2016-01-01,2016,1,2016-Q1,1,January,leden,2016-01,2016-01-01,1,5,Friday,pátek,1,53,2015,False
20160102,2016-01-02,2016,1,2016-Q1,1,January,leden,2016-01,2016-01-01,2,6,Saturday,sobota,2,53,2015,True
20160103,2016-01-03,2016,1,2016-Q1,1,January,leden,2016-01,2016-01-01,3,7,Sunday,neděle,3,53,2015,True
20160104,2016-01-04,2016,1,2016-Q1,1,January,leden,2016-01,2016-01-01,4,1,Monday,pondělí,4,1,2016,False
20160105,2016-01-05,2016,1,2016-Q1,1,January,leden,2016-01,2016-01-01,5,2,Tuesday,úterý,5,1,2016,False
20160106,2016-01-06,2016,1,2016-Q1,1,January,leden,2016-01,2016-01-01,6,3,Wednesday,středa,6,1,2016,False
20160107,2016-01-07,2016,1,2016-Q1,1,January,leden,2016-01,2016-01-01,7,4,Thursday,čtvrtek,7,1,2016,False
20160108,2016-01-08,2016,1,2016-Q1,1,January,leden,2016-01,2016-01-01,8,5,Friday,pátek,8,1,2016,False
20160109,2016-01-09,2016,1,2016-Q1,1,January,leden,2016-01,2016-01-01,9,6,Saturday,sobota,9,1,2016,True
20160110,2016-01-10,2016,1,2016-Q1,1,January,leden,2016-01,2016-01-01,10,7,Sunday,neděle,10,1,2016,True
20160111,2016-01-11,2016,1,2016-Q1,1,January,leden,2016-01,2016-01-01,11,1,Monday,pondělí,11,2,2016,False
20160112,2016-01-12,2016,1,2016-Q1,1,January,leden,2016-01,2016-01-01,12,2,Tuesday,úterý,12,2,2016,False
20160113,2016-01-13,2016,1,2016-Q1,1,January,leden,2016-01,2016-01-01,13,3,Wednesday,středa,13,2,2016,False
20160114,2016-01-14,2016,1,2016-Q1,1,January,leden,2016-01,2016-01-01,14,4,Thursday,čtvrtek,14,2,2016,False
20160115,2016-01-15,2016,1,2016-Q1,1,January,leden,2016-01,2016-01-01,15,5,Friday,pátek,15,2,2016,False
20160116,2016-01-16,2016,1,2016-Q1,1,January,leden,2016-01,2016-01-01,16,6,Saturday,sobota,16,2,2016,True
20160117,2016-01-17,2016,1,2016-Q1,1,January,leden,2016-01,2016-01-01,17,7,Sunday,neděle,17,2,2016,True
20160118,2016-01-18,2016,1,2016-Q1,1,January,leden,2016-01,2016-01-01,18,1,Monday,pondělí,18,3,2016,False
20160119,2016-01-19,2016,1,2016-Q1,1,January,leden,2016-01,2016-01-01,19,2,Tuesday,úterý,19,3,2016,False
20160120,2016-01-20,2016,1,2016-Q1,1,January,leden,2016-01,2016-01-01,20,3,Wednesday,středa,20,3,2016,False
20160121,2016-01-21,2016,1,2016-Q1,1,January,leden,2016-01,2016-01-01,21,4,Thursday,čtvrtek,21,3,2016,False
20160122,2016-01-22,2016,1,2016-Q1,1,January,leden,2016-01,2016-01-01,22,5,Friday,pátek,22,3,2016,False
20160123,2016-01-23,2016,1,2016-Q1,1,January,leden,2016-01,2016-01-01,23,6,Saturday,sobota,23,3,2016,True
20160124,2016-01-24,2016,1,2016-Q1,1,January,leden,2016-01,2016-01-01,24,7,Sunday,neděle,24,3,2016,True
20160125,2016-01-25,2016,1,2016-Q1,1,January,leden,2016-01,2016-01-01,25,1,Monday,pondělí,25,4,2016,False
20160126,2016-01-26,2016,1,2016-Q1,1,January,leden,2016-01,2016-01-01,26,2,Tuesday,úterý,26,4,2016,False
20160127,2016-01-27,2016,1,2016-Q1,1,January,leden,2016-01,2016-01-01,27,3,Wednesday,středa,27,4,2016,False
20160128,2016-01-28,2016,1,2016-Q1,1,January,leden,2016-01,2016-01-01,28,4,Thursday,čtvrtek,28,4,2016,False
20160129,2016-01-29,2016,1,2016-Q1,1,January,leden,2016-01,2016-01-01,29,5,Friday,pátek,29,4,2016,False
20160130,2016-01-30,2016,1,2016-Q1,1,January,leden,2016-01,2016-01-01,30,6,Saturday,sobota,30,4,2016,True
20160131,2016-01-31,2016,1,2016-Q1,1,January,leden,2016-01,2016-01-01,31,7,Sunday,neděle,31,4,2016,True
20160201,2016-02-01,2016,1,2016-Q1,2,February,únor,2016-02,2016-02-01,1,1,Monday,pondělí,32,5,2016,False
20160202,2016-02-02,2016,1,2016-Q1,2,February,únor,2016-02,2016-02-01,2,2,Tuesday,úterý,33,5,2016,False
20160203,2016-02-03,2016,1,2016-Q1,2,February,únor,2016-02,2016-02-01,3,3,Wednesday,středa,34,5,2016,False
20160204,2016-02-04,2016,1,2016-Q1,2,February,únor,2016-02,2016-02-01,4,4,Thursday,čtvrtek,35,5,2016,False
20160205,2016-02-05,2016,1,2016-Q1,2,February,únor,2016-02,2016-02-01,5,5,Friday,pátek,36,5,2016,False
20160206,2016-02-06,2016,1,2016-Q1,2,February,únor,2016-02,2016-02-01,6,6,Saturday,sobota,37,5,2016,True
20160207,2016-02-07,2016,1,2016-Q1,2,February,únor,2016-02,2016-02-01,7,7,Sunday,neděle,38,5,2016,True
20160208,2016-02-08,2016,1,2016-Q1,2,February,únor,2016-02,2016-02-01,8,1,Monday,pondělí,39,6,2016,False
20160209,2016-02-09,2016,1,2016-Q1,2,February,únor,2016-02,2016-02-01,9,2,Tuesday,úterý,40,6,2016,False
20160210,2016-02-10,2016,1,2016-Q1,2,February,únor,2016-02,2016-02-01,10,3,Wednesday,středa,41,6,2016,False
20160211,2016-02-11,2016,1,2016-Q1,2,February,únor,2016-02,2016-02-01,11,4,Thursday,čtvrtek,42,6,2016,False
20160212,2016-02-12,2016,1,2016-Q1,2,February,únor,2016-02,2016-02-01,12,5,Friday,pátek,43,6,2016,False
20160213,2016-02-13,2016,1,2016-Q1,2,February,únor,2016-02,2016-02-01,13,6,Saturday,sobota,44,6,2016,True
20160214,2016-02-14,2016,1,2016-Q1,2,February,únor,2016-02,2016-02-01,14,7,Sunday,neděle,45,6,2016,True
20160215,2016-02-15,2016,1,2016-Q1,2,February,únor,2016-02,2016-02-01,15,1,Monday,pondělí,46,7,2016,False
20160216,2016-02-16,2016,1,2016-Q1,2,February,únor,2016-02,2016-02-01,16,2,Tuesday,úterý,47,7,2016,False
20160217,2016-02-17,2016,1,2016-Q1,2,February,únor,2016-02,2016-02-01,17,3,Wednesday,středa,48,7,2016,False
20160218,2016-02-18,2016,1,2016-Q1,2,February,únor,2016-02,2016-02-01,18,4,Thursday,čtvrtek,49,7,2016,False
20160219,2016-02-19,2016,1,2016-Q1,2,February,únor,2016-02,2016-02-01,19,5,Friday,pátek,50,7,2016,False
20160220,2016-02-20,2016,1,2016-Q1,2,February,únor,2016-02,2016-02-01,20,6,Saturday,sobota,51,7,2016,True
20160221,2016-02-21,2016,1,2016-Q1,2,February,únor,2016-02,2016-02-01,21,7,Sunday,neděle,52,7,2016,True
20160222,2016-02-22,2016,1,2016-Q1,2,February,únor,2016-02,2016-02-01,22,1,Monday,pondělí,53,8,2016,False
20160223,2016-02-23,2016,1,2016-Q1,2,February,únor,2016-02,2016-02-01,23,2,Tuesday,úterý,54,8,2016,False
20160224,2016-02-24,2016,1,2016-Q1,2,February,únor,2016-02,2016-02-01,24,3,Wednesday,středa,55,8,2016,False
20160225,2016-02-25,2016,1,2016-Q1,2,February,únor,2016-02,2016-02-01,25,4,Thursday,čtvrtek,56,8,2016,False
20160226,2016-02-26,2016,1,2016-Q1,2,February,únor,2016-02,2016-02-01,26,5,Friday,pátek,57,8,2016,False
20160227,2016-02-27,2016,1,2016-Q1,2,February,únor,2016-02,2016-02-01,27,6,Saturday,sobota,58,8,2016,True
20160228,2016-02-28,2016,1,2016-Q1,2,February,únor,2016-02,2016-02-01,28,7,Sunday,neděle,59,8,2016,True
20160229,2016-02-29,2016,1,2016-Q1,2,February,únor,2016-02,2016-02-01,29,1,Monday,pondělí,60,9,2016,False
20160301,2016-03-01,2016,1,2016-Q1,3,March,březen,2016-03,2016-03-01,1,2,Tuesday,úterý,61,9,2016,False
20160302,2016-03-02,2016,1,2016-Q1,3,March,březen,2016-03,2016-03-01,2,3,Wednesday,středa,62,9,2016,False
20160303,2016-03-03,2016,1,2016-Q1,3,March,březen,2016-03,2016-03-01,3,4,Thursday,čtvrtek,63,9,2016,False
20160304,2016-03-04,2016,1,2016-Q1,3,March,březen,2016-03,2016-03-01,4,5,Friday,pátek,64,9,2016,False
20160305,2016-03-05,2016,1,2016-Q1,3,March,březen,2016-03,2016-03-01,5,6,Saturday,sobota,65,9,2016,True
20160306,2016-03-06,2016,1,2016-Q1,3,March,březen,2016-03,2016-03-01,6,7,Sunday,neděle,66,9,2016,True
20160307,2016-03-07,2016,1,2016-Q1,3,March,březen,2016-03,2016-03-01,7,1,Monday,pondělí,67,10,2016,False
20160308,2016-03-08,2016,1,2016-Q1,3,March,březen,2016-03,2016-03-01,8,2,Tuesday,úterý,68,10,2016,False
20160309,2016-03-09,2016,1,2016-Q1,3,March,březen,2016-03,2016-03-01,9,3,Wednesday,středa,69,10,2016,False
20160310,2016-03-10,2016,1,2016-Q1,3,March,březen,2016-03,2016-03-01,10,4,Thursday,čtvrtek,70,10,2016,False
20160311,2016-03-11,2016,1,2016-Q1,3,March,březen,2016-03,2016-03-01,11,5,Friday,pátek,71,10,2016,False
20160312,2016-03-12,2016,1,2016-Q1,3,March,březen,2016-03,2016-03-01,12,6,Saturday,sobota,72,10,2016,True
20160313,2016-03-13,2016,1,2016-Q1,3,March,březen,2016-03,2016-03-01,13,7,Sunday,neděle,73,10,2016,True
20160314,2016-03-14,2016,1,2016-Q1,3,March,březen,2016-03,2016-03-01,14,1,Monday,pondělí,74,11,2016,False
20160315,2016-03-15,2016,1,2016-Q1,3,March,březen,2016-03,2016-03-01,15,2,Tuesday,úterý,75,11,2016,False
20160316,2016-03-16,2016,1,2016-Q1,3,March,březen,2016-03,2016-03-01,16,3,Wednesday,středa,76,11,2016,False
20160317,2016-03-17,2016,1,2016-Q1,3,March,březen,2016-03,2016-03-01,17,4,Thursday,čtvrtek,77,11,2016,False
20160318,2016-03-18,2016,1,2016-Q1,3,March,březen,2016-03,2016-03-01,18,5,Friday,pátek,78,11,2016,False
20160319,2016-03-19,2016,1,2016-Q1,3,March,březen,2016-03,2016-03-01,19,6,Saturday,sobota,79,11,2016,True
20160320,2016-03-20,2016,1,2016-Q1,3,March,březen,2016-03,2016-03-01,20,7,Sunday,neděle,80,11,2016,True
20160321,2016-03-21,2016,1,2016-Q1,3,March,březen,2016-03,2016-03-01,21,1,Monday,pondělí,81,12,2016,False
20160322,2016-03-22,2016,1,2016-Q1,3,March,březen,2016-03,2016-03-01,22,2,Tuesday,úterý,82,12,2016,False
20160323,2016-03-23,2016,1,2016-Q1,3,March,březen,2016-03,2016-03-01,23,3,Wednesday,středa,83,12,2016,False
20160324,2016-03-24,2016,1,2016-Q1,3,March,březen,2016-03,2016-03-01,24,4,Thursday,čtvrtek,84,12,2016,False
20160325,2016-03-25,2016,1,2016-Q1,3,March,březen,2016-03,2016-03-01,25,5,Friday,pátek,85,12,2016,False
20160326,2016-03-26,2016,1,2016-Q1,3,March,březen,2016-03,2016-03-01,26,6,Saturday,sobota,86,12,2016,True
20160327,2016-03-27,2016,1,2016-Q1,3,March,březen,2016-03,2016-03-01,27,7,Sunday,neděle,87,12,2016,True
20160328,2016-03-28,2016,1,2016-Q1,3,March,březen,2016-03,2016-03-01,28,1,Monday,pondělí,88,13,2016,False
20160329,2016-03-29,2016,1,2016-Q1,3,March,březen,2016-03,2016-03-01,29,2,Tuesday,úterý,89,13,2016,False
20160330,2016-03-30,2016,1,2016-Q1,3,March,březen,2016-03,2016-03-01,30,3,Wednesday,středa,90,13,2016,False
20160331,2016-03-31,2016,1,2016-Q1,3,March,březen,2016-03,2016-03-01,31,4,Thursday,čtvrtek,91,13,2016,False
20160401,2016-04-01,2016,2,2016-Q2,4,April,duben,2016-04,2016-04-01,1,5,Friday,pátek,92,13,2016,False
20160402,2016-04-02,2016,2,2016-Q2,4,April,duben,2016-04,2016-04-01,2,6,Saturday,sobota,93,13,2016,True
20160403,2016-04-03,2016,2,2016-Q2,4,April,duben,2016-04,2016-04-01,3,7,Sunday,neděle,94,13,2016,True
20160404,2016-04-04,2016,2,2016-Q2,4,April,duben,2016-04,2016-04-01,4,1,Monday,pondělí,95,14,2016,False
20160405,2016-04-05,2016,2,2016-Q2,4,April,duben,2016-04,2016-04-01,5,2,Tuesday,úterý,96,14,2016,False
20160406,2016-04-06,2016,2,2016-Q2,4,April,duben,2016-04,2016-04-01,6,3,Wednesday,středa,97,14,2016,False
20160407,2016-04-07,2016,2,2016-Q2,4,April,duben,2016-04,2016-04-01,7,4,Thursday,čtvrtek,98,14,2016,False
20160408,2016-04-08,2016,2,2016-Q2,4,April,duben,2016-04,2016-04-01,8,5,Friday,pátek,99,14,2016,False
20160409,2016-04-09,2016,2,2016-Q2,4,April,duben,2016-04,2016-04-01,9,6,Saturday,sobota,100,14,2016,True
20160410,2016-04-10,2016,2,2016-Q2,4,April,duben,2016-04,2016-04-01,10,7,Sunday,neděle,101,14,2016,True
20160411,2016-04-11,2016,2,2016-Q2,4,April,duben,2016-04,2016-04-01,11,1,Monday,pondělí,102,15,2016,False
20160412,2016-04-12,2016,2,2016-Q2,4,April,duben,2016-04,2016-04-01,12,2,Tuesday,úterý,103,15,2016,False
20160413,2016-04-13,2016,2,2016-Q2,4,April,duben,2016-04,2016-04-01,13,3,Wednesday,středa,104,15,2016,False
20160414,2016-04-14,2016,2,2016-Q2,4,April,duben,2016-04,2016-04-01,14,4,Thursday,čtvrtek,105,15,2016,False
20160415,2016-04-15,2016,2,2016-Q2,4,April,duben,2016-04,2016-04-01,15,5,Friday,pátek,106,15,2016,False
20160416,2016-04-16,2016,2,2016-Q2,4,April,duben,2016-04,2016-04-01,16,6,Saturday,sobota,107,15,2016,True
20160417,2016-04-17,2016,2,2016-Q2,4,April,duben,2016-04,2016-04-01,17,7,Sunday,neděle,108,15,2016,True
20160418,2016-04-18,2016,2,2016-Q2,4,April,duben,2016-04,2016-04-01,18,1,Monday,pondělí,109,16,2016,False
20160419,2016-04-19,2016,2,2016-Q2,4,April,duben,2016-04,2016-04-01,19,2,Tuesday,úterý,110,16,2016,False
20160420,2016-04-20,2016,2,2016-Q2,4,April,duben,2016-04,2016-04-01,20,3,Wednesday,středa,111,16,2016,False
20160421,2016-04-21,2016,2,2016-Q2,4,April,duben,2016-04,2016-04-01,21,4,Thursday,čtvrtek,112,16,2016,False
20160422,2016-04-22,2016,2,2016-Q2,4,April,duben,2016-04,2016-04-01,22,5,Friday,pátek,113,16,2016,False
20160423,2016-04-23,2016,2,2016-Q2,4,April,duben,2016-04,2016-04-01,23,6,Saturday,sobota,114,16,2016,True
20160424,2016-04-24,2016,2,2016-Q2,4,April,duben,2016-04,2016-04-01,24,7,Sunday,neděle,115,16,2016,True
20160425,2016-04-25,2016,2,2016-Q2,4,April,duben,2016-04,2016-04-01,25,1,Monday,pondělí,116,17,2016,False
20160426,2016-04-26,2016,2,2016-Q2,4,April,duben,2016-04,2016-04-01,26,2,Tuesday,úterý,117,17,2016,False
20160427,2016-04-27,2016,2,2016-Q2,4,April,duben,2016-04,2016-04-01,27,3,Wednesday,středa,118,17,2016,False
20160428,2016-04-28,2016,2,2016-Q2,4,April,duben,2016-04,2016-04-01,28,4,Thursday,čtvrtek,119,17,2016,False
20160429,2016-04-29,2016,2,2016-Q2,4,April,duben,2016-04,2016-04-01,29,5,Friday,pátek,120,17,2016,False
20160430,2016-04-30,2016,2,2016-Q2,4,April,duben,2016-04,2016-04-01,30,6,Saturday,sobota,121,17,2016,True
20160501,2016-05-01,2016,2,2016-Q2,5,May,květen,2016-05,2016-05-01,1,7,Sunday,neděle,122,17,2016,True
20160502,2016-05-02,2016,2,2016-Q2,5,May,květen,2016-05,2016-05-01,2,1,Monday,pondělí,123,18,2016,False
20160503,2016-05-03,2016,2,2016-Q2,5,May,květen,2016-05,2016-05-01,3,2,Tuesday,úterý,124,18,2016,False
20160504,2016-05-04,2016,2,2016-Q2,5,May,květen,2016-05,2016-05-01,4,3,Wednesday,středa,125,18,2016,False
20160505,2016-05-05,2016,2,2016-Q2,5,May,květen,2016-05,2016-05-01,5,4,Thursday,čtvrtek,126,18,2016,False
20160506,2016-05-06,2016,2,2016-Q2,5,May,květen,2016-05,2016-05-01,6,5,Friday,pátek,127,18,2016,False
20160507,2016-05-07,2016,2,2016-Q2,5,May,květen,2016-05,2016-05-01,7,6,Saturday,sobota,128,18,2016,True
20160508,2016-05-08,2016,2,2016-Q2,5,May,květen,2016-05,2016-05-01,8,7,Sunday,neděle,129,18,2016,True
20160509,2016-05-09,2016,2,2016-Q2,5,May,květen,2016-05,2016-05-01,9,1,Monday,pondělí,130,19,2016,False
20160510,2016-05-10,2016,2,2016-Q2,5,May,květen,2016-05,2016-05-01,10,2,Tuesday,úterý,131,19,2016,False
20160511,2016-05-11,2016,2,2016-Q2,5,May,květen,2016-05,2016-05-01,11,3,Wednesday,středa,132,19,2016,False
20160512,2016-05-12,2016,2,2016-Q2,5,May,květen,2016-05,2016-05-01,12,4,Thursday,čtvrtek,133,19,2016,False
20160513,2016-05-13,2016,2,2016-Q2,5,May,květen,2016-05,2016-05-01,13,5,Friday,pátek,134,19,2016,False
20160514,2016-05-14,2016,2,2016-Q2,5,May,květen,2016-05,2016-05-01,14,6,Saturday,sobota,135,19,2016,True
20160515,2016-05-15,2016,2,2016-Q2,5,May,květen,2016-05,2016-05-01,15,7,Sunday,neděle,136,19,2016,True
20160516,2016-05-16,2016,2,2016-Q2,5,May,květen,2016-05,2016-05-01,16,1,Monday,pondělí,137,20,2016,False
20160517,2016-05-17,2016,2,2016-Q2,5,May,květen,2016-05,2016-05-01,17,2,Tuesday,úterý,138,20,2016,False
20160518,2016-05-18,2016,2,2016-Q2,5,May,květen,2016-05,2016-05-01,18,3,Wednesday,středa,139,20,2016,False
20160519,2016-05-19,2016,2,2016-Q2,5,May,květen,2016-05,2016-05-01,19,4,Thursday,čtvrtek,140,20,2016,False
20160520,2016-05-20,2016,2,2016-Q2,5,May,květen,2016-05,2016-05-01,20,5,Friday,pátek,141,20,2016,False
20160521,2016-05-21,2016,2,2016-Q2,5,May,květen,2016-05,2016-05-01,21,6,Saturday,sobota,142,20,2016,True
20160522,2016-05-22,2016,2,2016-Q2,5,May,květen,2016-05,2016-05-01,22,7,Sunday,neděle,143,20,2016,True
20160523,2016-05-23,2016,2,2016-Q2,5,May,květen,2016-05,2016-05-01,23,1,Monday,pondělí,144,21,2016,False
20160524,2016-05-24,2016,2,2016-Q2,5,May,květen,2016-05,2016-05-01,24,2,Tuesday,úterý,145,21,2016,False
20160525,2016-05-25,2016,2,2016-Q2,5,May,květen,2016-05,2016-05-01,25,3,Wednesday,středa,146,21,2016,False
20160526,2016-05-26,2016,2,2016-Q2,5,May,květen,2016-05,2016-05-01,26,4,Thursday,čtvrtek,147,21,2016,False
20160527,2016-05-27,2016,2,2016-Q2,5,May,květen,2016-05,2016-05-01,27,5,Friday,pátek,148,21,2016,False
20160528,2016-05-28,2016,2,2016-Q2,5,May,květen,2016-05,2016-05-01,28,6,Saturday,sobota,149,21,2016,True
20160529,2016-05-29,2016,2,2016-Q2,5,May,květen,2016-05,2016-05-01,29,7,Sunday,neděle,150,21,2016,True
20160530,2016-05-30,2016,2,2016-Q2,5,May,květen,2016-05,2016-05-01,30,1,Monday,pondělí,151,22,2016,False
20160531,2016-05-31,2016,2,2016-Q2,5,May,květen,2016-05,2016-05-01,31,2,Tuesday,úterý,152,22,2016,False
20160601,2016-06-01,2016,2,2016-Q2,6,June,červen,2016-06,2016-06-01,1,3,Wednesday,středa,153,22,2016,False
20160602,2016-06-02,2016,2,2016-Q2,6,June,červen,2016-06,2016-06-01,2,4,Thursday,čtvrtek,154,22,2016,False
20160603,2016-06-03,2016,2,2016-Q2,6,June,červen,2016-06,2016-06-01,3,5,Friday,pátek,155,22,2016,False
20160604,2016-06-04,2016,2,2016-Q2,6,June,červen,2016-06,2016-06-01,4,6,Saturday,sobota,156,22,2016,True
20160605,2016-06-05,2016,2,2016-Q2,6,June,červen,2016-06,2016-06-01,5,7,Sunday,neděle,157,22,2016,True
20160606,2016-06-06,2016,2,2016-Q2,6,June,červen,2016-06,2016-06-01,6,1,Monday,pondělí,158,23,2016,False
20160607,2016-06-07,2016,2,2016-Q2,6,June,červen,2016-06,2016-06-01,7,2,Tuesday,úterý,159,23,2016,False
20160608,2016-06-08,2016,2,2016-Q2,6,June,červen,2016-06,2016-06-01,8,3,Wednesday,středa,160,23,2016,False
20160609,2016-06-09,2016,2,2016-Q2,6,June,červen,2016-06,2016-06-01,9,4,Thursday,čtvrtek,161,23,2016,False
20160610,2016-06-10,2016,2,2016-Q2,6,June,červen,2016-06,2016-06-01,10,5,Friday,pátek,162,23,2016,False
20160611,2016-06-11,2016,2,2016-Q2,6,June,červen,2016-06,2016-06-01,11,6,Saturday,sobota,163,23,2016,True
20160612,2016-06-12,2016,2,2016-Q2,6,June,červen,2016-06,2016-06-01,12,7,Sunday,neděle,164,23,2016,True
20160613,2016-06-13,2016,2,2016-Q2,6,June,červen,2016-06,2016-06-01,13,1,Monday,pondělí,165,24,2016,False
20160614,2016-06-14,2016,2,2016-Q2,6,June,červen,2016-06,2016-06-01,14,2,Tuesday,úterý,166,24,2016,False
20160615,2016-06-15,2016,2,2016-Q2,6,June,červen,2016-06,2016-06-01,15,3,Wednesday,středa,167,24,2016,False
20160616,2016-06-16,2016,2,2016-Q2,6,June,červen,2016-06,2016-06-01,16,4,Thursday,čtvrtek,168,24,2016,False
20160617,2016-06-17,2016,2,2016-Q2,6,June,červen,2016-06,2016-06-01,17,5,Friday,pátek,169,24,2016,False
20160618,2016-06-18,2016,2,2016-Q2,6,June,červen,2016-06,2016-06-01,18,6,Saturday,sobota,170,24,2016,True
20160619,2016-06-19,2016,2,2016-Q2,6,June,červen,2016-06,2016-06-01,19,7,Sunday,neděle,171,24,2016,True
20160620,2016-06-20,2016,2,2016-Q2,6,June,červen,2016-06,2016-06-01,20,1,Monday,pondělí,172,25,2016,False
20160621,2016-06-21,2016,2,2016-Q2,6,June,červen,2016-06,2016-06-01,21,2,Tuesday,úterý,173,25,2016,False
20160622,2016-06-22,2016,2,2016-Q2,6,June,červen,2016-06,2016-06-01,22,3,Wednesday,středa,174,25,2016,False
20160623,2016-06-23,2016,2,2016-Q2,6,June,červen,2016-06,2016-06-01,23,4,Thursday,čtvrtek,175,25,2016,False
20160624,2016-06-24,2016,2,2016-Q2,6,June,červen,2016-06,2016-06-01,24,5,Friday,pátek,176,25,2016,False
20160625,2016-06-25,2016,2,2016-Q2,6,June,červen,2016-06,2016-06-01,25,6,Saturday,sobota,177,25,2016,True
20160626,2016-06-26,2016,2,2016-Q2,6,June,červen,2016-06,2016-06-01,26,7,Sunday,neděle,178,25,2016,True
20160627,2016-06-27,2016,2,2016-Q2,6,June,červen,2016-06,2016-06-01,27,1,Monday,pondělí,179,26,2016,False
20160628,2016-06-28,2016,2,2016-Q2,6,June,červen,2016-06,2016-06-01,28,2,Tuesday,úterý,180,26,2016,False
20160629,2016-06-29,2016,2,2016-Q2,6,June,červen,2016-06,2016-06-01,29,3,Wednesday,středa,181,26,2016,False
20160630,2016-06-30,2016,2,2016-Q2,6,June,červen,2016-06,2016-06-01,30,4,Thursday,čtvrtek,182,26,2016,False
20160701,2016-07-01,2016,3,2016-Q3,7,July,červenec,2016-07,2016-07-01,1,5,Friday,pátek,183,26,2016,False
20160702,2016-07-02,2016,3,2016-Q3,7,July,červenec,2016-07,2016-07-01,2,6,Saturday,sobota,184,26,2016,True
20160703,2016-07-03,2016,3,2016-Q3,7,July,červenec,2016-07,2016-07-01,3,7,Sunday,neděle,185,26,2016,True
20160704,2016-07-04,2016,3,2016-Q3,7,July,červenec,2016-07,2016-07-01,4,1,Monday,pondělí,186,27,2016,False
20160705,2016-07-05,2016,3,2016-Q3,7,July,červenec,2016-07,2016-07-01,5,2,Tuesday,úterý,187,27,2016,False
20160706,2016-07-06,2016,3,2016-Q3,7,July,červenec,2016-07,2016-07-01,6,3,Wednesday,středa,188,27,2016,False
20160707,2016-07-07,2016,3,2016-Q3,7,July,červenec,2016-07,2016-07-01,7,4,Thursday,čtvrtek,189,27,2016,False
20160708,2016-07-08,2016,3,2016-Q3,7,July,červenec,2016-07,2016-07-01,8,5,Friday,pátek,190,27,2016,False
20160709,2016-07-09,2016,3,2016-Q3,7,July,červenec,2016-07,2016-07-01,9,6,Saturday,sobota,191,27,2016,True
20160710,2016-07-10,2016,3,2016-Q3,7,July,červenec,2016-07,2016-07-01,10,7,Sunday,neděle,192,27,2016,True
20160711,2016-07-11,2016,3,2016-Q3,7,July,červenec,2016-07,2016-07-01,11,1,Monday,pondělí,193,28,2016,False
20160712,2016-07-12,2016,3,2016-Q3,7,July,červenec,2016-07,2016-07-01,12,2,Tuesday,úterý,194,28,2016,False
20160713,2016-07-13,2016,3,2016-Q3,7,July,červenec,2016-07,2016-07-01,13,3,Wednesday,středa,195,28,2016,False
20160714,2016-07-14,2016,3,2016-Q3,7,July,červenec,2016-07,2016-07-01,14,4,Thursday,čtvrtek,196,28,2016,False
20160715,2016-07-15,2016,3,2016-Q3,7,July,červenec,2016-07,2016-07-01,15,5,Friday,pátek,197,28,2016,False
20160716,2016-07-16,2016,3,2016-Q3,7,July,červenec,2016-07,2016-07-01,16,6,Saturday,sobota,198,28,2016,True
20160717,2016-07-17,2016,3,2016-Q3,7,July,červenec,2016-07,2016-07-01,17,7,Sunday,neděle,199,28,2016,True
20160718,2016-07-18,2016,3,2016-Q3,7,July,červenec,2016-07,2016-07-01,18,1,Monday,pondělí,200,29,2016,False
20160719,2016-07-19,2016,3,2016-Q3,7,July,červenec,2016-07,2016-07-01,19,2,Tuesday,úterý,201,29,2016,False
20160720,2016-07-20,2016,3,2016-Q3,7,July,červenec,2016-07,2016-07-01,20,3,Wednesday,středa,202,29,2016,False
20160721,2016-07-21,2016,3,2016-Q3,7,July,červenec,2016-07,2016-07-01,21,4,Thursday,čtvrtek,203,29,2016,False
20160722,2016-07-22,2016,3,2016-Q3,7,July,červenec,2016-07,2016-07-01,22,5,Friday,pátek,204,29,2016,False
20160723,2016-07-23,2016,3,2016-Q3,7,July,červenec,2016-07,2016-07-01,23,6,Saturday,sobota,205,29,2016,True
20160724,2016-07-24,2016,3,2016-Q3,7,July,červenec,2016-07,2016-07-01,24,7,Sunday,neděle,206,29,2016,True
20160725,2016-07-25,2016,3,2016-Q3,7,July,červenec,2016-07,2016-07-01,25,1,Monday,pondělí,207,30,2016,False
20160726,2016-07-26,2016,3,2016-Q3,7,July,červenec,2016-07,2016-07-01,26,2,Tuesday,úterý,208,30,2016,False
20160727,2016-07-27,2016,3,2016-Q3,7,July,červenec,2016-07,2016-07-01,27,3,Wednesday,středa,209,30,2016,False
20160728,2016-07-28,2016,3,2016-Q3,7,July,červenec,2016-07,2016-07-01,28,4,Thursday,čtvrtek,210,30,2016,False
20160729,2016-07-29,2016,3,2016-Q3,7,July,červenec,2016-07,2016-07-01,29,5,Friday,pátek,211,30,2016,False
20160730,2016-07-30,2016,3,2016-Q3,7,July,červenec,2016-07,2016-07-01,30,6,Saturday,sobota,212,30,2016,True
20160731,2016-07-31,2016,3,2016-Q3,7,July,červenec,2016-07,2016-07-01,31,7,Sunday,neděle,213,30,2016,True
20160801,2016-08-01,2016,3,2016-Q3,8,August,srpen,2016-08,2016-08-01,1,1,Monday,pondělí,214,31,2016,False
20160802,2016-08-02,2016,3,2016-Q3,8,August,srpen,2016-08,2016-08-01,2,2,Tuesday,úterý,215,31,2016,False
20160803,2016-08-03,2016,3,2016-Q3,8,August,srpen,2016-08,2016-08-01,3,3,Wednesday,středa,216,31,2016,False
20160804,2016-08-04,2016,3,2016-Q3,8,August,srpen,2016-08,2016-08-01,4,4,Thursday,čtvrtek,217,31,2016,False
20160805,2016-08-05,2016,3,2016-Q3,8,August,srpen,2016-08,2016-08-01,5,5,Friday,pátek,218,31,2016,False
20160806,2016-08-06,2016,3,2016-Q3,8,August,srpen,2016-08,2016-08-01,6,6,Saturday,sobota,219,31,2016,True
20160807,2016-08-07,2016,3,2016-Q3,8,August,srpen,2016-08,2016-08-01,7,7,Sunday,neděle,220,31,2016,True
20160808,2016-08-08,2016,3,2016-Q3,8,August,srpen,2016-08,2016-08-01,8,1,Monday,pondělí,221,32,2016,False
20160809,2016-08-09,2016,3,2016-Q3,8,August,srpen,2016-08,2016-08-01,9,2,Tuesday,úterý,222,32,2016,False
20160810,2016-08-10,2016,3,2016-Q3,8,August,srpen,2016-08,2016-08-01,10,3,Wednesday,středa,223,32,2016,False
20160811,2016-08-11,2016,3,2016-Q3,8,August,srpen,2016-08,2016-08-01,11,4,Thursday,čtvrtek,224,32,2016,False
20160812,2016-08-12,2016,3,2016-Q3,8,August,srpen,2016-08,2016-08-01,12,5,Friday,pátek,225,32,2016,False
20160813,2016-08-13,2016,3,2016-Q3,8,August,srpen,2016-08,2016-08-01,13,6,Saturday,sobota,226,32,2016,True
20160814,2016-08-14,2016,3,2016-Q3,8,August,srpen,2016-08,2016-08-01,14,7,Sunday,neděle,227,32,2016,True
20160815,2016-08-15,2016,3,2016-Q3,8,August,srpen,2016-08,2016-08-01,15,1,Monday,pondělí,228,33,2016,False
20160816,2016-08-16,2016,3,2016-Q3,8,August,srpen,2016-08,2016-08-01,16,2,Tuesday,úterý,229,33,2016,False
20160817,2016-08-17,2016,3,2016-Q3,8,August,srpen,2016-08,2016-08-01,17,3,Wednesday,středa,230,33,2016,False
20160818,2016-08-18,2016,3,2016-Q3,8,August,srpen,2016-08,2016-08-01,18,4,Thursday,čtvrtek,231,33,2016,False
20160819,2016-08-19,2016,3,2016-Q3,8,August,srpen,2016-08,2016-08-01,19,5,Friday,pátek,232,33,2016,False
20160820,2016-08-20,2016,3,2016-Q3,8,August,srpen,2016-08,2016-08-01,20,6,Saturday,sobota,233,33,2016,True
20160821,2016-08-21,2016,3,2016-Q3,8,August,srpen,2016-08,2016-08-01,21,7,Sunday,neděle,234,33,2016,True
20160822,2016-08-22,2016,3,2016-Q3,8,August,srpen,2016-08,2016-08-01,22,1,Monday,pondělí,235,34,2016,False
20160823,2016-08-23,2016,3,2016-Q3,8,August,srpen,2016-08,2016-08-01,23,2,Tuesday,úterý,236,34,2016,False
20160824,2016-08-24,2016,3,2016-Q3,8,August,srpen,2016-08,2016-08-01,24,3,Wednesday,středa,237,34,2016,False
20160825,2016-08-25,2016,3,2016-Q3,8,August,srpen,2016-08,2016-08-01,25,4,Thursday,čtvrtek,238,34,2016,False
20160826,2016-08-26,2016,3,2016-Q3,8,August,srpen,2016-08,2016-08-01,26,5,Friday,pátek,239,34,2016,False
20160827,2016-08-27,2016,3,2016-Q3,8,August,srpen,2016-08,2016-08-01,27,6,Saturday,sobota,240,34,2016,True
20160828,2016-08-28,2016,3,2016-Q3,8,August,srpen,2016-08,2016-08-01,28,7,Sunday,neděle,241,34,2016,True
20160829,2016-08-29,2016,3,2016-Q3,8,August,srpen,2016-08,2016-08-01,29,1,Monday,pondělí,242,35,2016,False
20160830,2016-08-30,2016,3,2016-Q3,8,August,srpen,2016-08,2016-08-01,30,2,Tuesday,úterý,243,35,2016,False
20160831,2016-08-31,2016,3,2016-Q3,8,August,srpen,2016-08,2016-08-01,31,3,Wednesday,středa,244,35,2016,False
20160901,2016-09-01,2016,3,2016-Q3,9,September,září,2016-09,2016-09-01,1,4,Thursday,čtvrtek,245,35,2016,False
20160902,2016-09-02,2016,3,2016-Q3,9,September,září,2016-09,2016-09-01,2,5,Friday,pátek,246,35,2016,False
20160903,2016-09-03,2016,3,2016-Q3,9,September,září,2016-09,2016-09-01,3,6,Saturday,sobota,247,35,2016,True
20160904,2016-09-04,2016,3,2016-Q3,9,September,září,2016-09,2016-09-01,4,7,Sunday,neděle,248,35,2016,True
20160905,2016-09-05,2016,3,2016-Q3,9,September,září,2016-09,2016-09-01,5,1,Monday,pondělí,249,36,2016,False
20160906,2016-09-06,2016,3,2016-Q3,9,September,září,2016-09,2016-09-01,6,2,Tuesday,úterý,250,36,2016,False
20160907,2016-09-07,2016,3,2016-Q3,9,September,září,2016-09,2016-09-01,7,3,Wednesday,středa,251,36,2016,False
20160908,2016-09-08,2016,3,2016-Q3,9,September,září,2016-09,2016-09-01,8,4,Thursday,čtvrtek,252,36,2016,False
20160909,2016-09-09,2016,3,2016-Q3,9,September,září,2016-09,2016-09-01,9,5,Friday,pátek,253,36,2016,False
20160910,2016-09-10,2016,3,2016-Q3,9,September,září,2016-09,2016-09-01,10,6,Saturday,sobota,254,36,2016,True
20160911,2016-09-11,2016,3,2016-Q3,9,September,září,2016-09,2016-09-01,11,7,Sunday,neděle,255,36,2016,True
20160912,2016-09-12,2016,3,2016-Q3,9,September,září,2016-09,2016-09-01,12,1,Monday,pondělí,256,37,2016,False
20160913,2016-09-13,2016,3,2016-Q3,9,September,září,2016-09,2016-09-01,13,2,Tuesday,úterý,257,37,2016,False
20160914,2016-09-14,2016,3,2016-Q3,9,September,září,2016-09,2016-09-01,14,3,Wednesday,středa,258,37,2016,False
20160915,2016-09-15,2016,3,2016-Q3,9,September,září,2016-09,2016-09-01,15,4,Thursday,čtvrtek,259,37,2016,False
20160916,2016-09-16,2016,3,2016-Q3,9,September,září,2016-09,2016-09-01,16,5,Friday,pátek,260,37,2016,False
20160917,2016-09-17,2016,3,2016-Q3,9,September,září,2016-09,2016-09-01,17,6,Saturday,sobota,261,37,2016,True
20160918,2016-09-18,2016,3,2016-Q3,9,September,září,2016-09,2016-09-01,18,7,Sunday,neděle,262,37,2016,True
20160919,2016-09-19,2016,3,2016-Q3,9,September,září,2016-09,2016-09-01,19,1,Monday,pondělí,263,38,2016,False
20160920,2016-09-20,2016,3,2016-Q3,9,September,září,2016-09,2016-09-01,20,2,Tuesday,úterý,264,38,2016,False
20160921,2016-09-21,2016,3,2016-Q3,9,September,září,2016-09,2016-09-01,21,3,Wednesday,středa,265,38,2016,False
20160922,2016-09-22,2016,3,2016-Q3,9,September,září,2016-09,2016-09-01,22,4,Thursday,čtvrtek,266,38,2016,False
20160923,2016-09-23,2016,3,2016-Q3,9,September,září,2016-09,2016-09-01,23,5,Friday,pátek,267,38,2016,False
20160924,2016-09-24,2016,3,2016-Q3,9,September,září,2016-09,2016-09-01,24,6,Saturday,sobota,268,38,2016,True
20160925,2016-09-25,2016,3,2016-Q3,9,September,září,2016-09,2016-09-01,25,7,Sunday,neděle,269,38,2016,True
20160926,2016-09-26,2016,3,2016-Q3,9,September,září,2016-09,2016-09-01,26,1,Monday,pondělí,270,39,2016,False
20160927,2016-09-27,2016,3,2016-Q3,9,September,září,2016-09,2016-09-01,27,2,Tuesday,úterý,271,39,2016,False
20160928,2016-09-28,2016,3,2016-Q3,9,September,září,2016-09,2016-09-01,28,3,Wednesday,středa,272,39,2016,False
20160929,2016-09-29,2016,3,2016-Q3,9,September,září,2016-09,2016-09-01,29,4,Thursday,čtvrtek,273,39,2016,False
20160930,2016-09-30,2016,3,2016-Q3,9,September,září,2016-09,2016-09-01,30,5,Friday,pátek,274,39,2016,False
20161001,2016-10-01,2016,4,2016-Q4,10,October,říjen,2016-10,2016-10-01,1,6,Saturday,sobota,275,39,2016,True
20161002,2016-10-02,2016,4,2016-Q4,10,October,říjen,2016-10,2016-10-01,2,7,Sunday,neděle,276,39,2016,True
20161003,2016-10-03,2016,4,2016-Q4,10,October,říjen,2016-10,2016-10-01,3,1,Monday,pondělí,277,40,2016,False
20161004,2016-10-04,2016,4,2016-Q4,10,October,říjen,2016-10,2016-10-01,4,2,Tuesday,úterý,278,40,2016,False
20161005,2016-10-05,2016,4,2016-Q4,10,October,říjen,2016-10,2016-10-01,5,3,Wednesday,středa,279,40,2016,False
20161006,2016-10-06,2016,4,2016-Q4,10,October,říjen,2016-10,2016-10-01,6,4,Thursday,čtvrtek,280,40,2016,False
20161007,2016-10-07,2016,4,2016-Q4,10,October,říjen,2016-10,2016-10-01,7,5,Friday,pátek,281,40,2016,False
20161008,2016-10-08,2016,4,2016-Q4,10,October,říjen,2016-10,2016-10-01,8,6,Saturday,sobota,282,40,2016,True
20161009,2016-10-09,2016,4,2016-Q4,10,October,říjen,2016-10,2016-10-01,9,7,Sunday,neděle,283,40,2016,True
20161010,2016-10-10,2016,4,2016-Q4,10,October,říjen,2016-10,2016-10-01,10,1,Monday,pondělí,284,41,2016,False
20161011,2016-10-11,2016,4,2016-Q4,10,October,říjen,2016-10,2016-10-01,11,2,Tuesday,úterý,285,41,2016,False
20161012,2016-10-12,2016,4,2016-Q4,10,October,říjen,2016-10,2016-10-01,12,3,Wednesday,středa,286,41,2016,False
20161013,2016-10-13,2016,4,2016-Q4,10,October,říjen,2016-10,2016-10-01,13,4,Thursday,čtvrtek,287,41,2016,False
20161014,2016-10-14,2016,4,2016-Q4,10,October,říjen,2016-10,2016-10-01,14,5,Friday,pátek,288,41,2016,False
20161015,2016-10-15,2016,4,2016-Q4,10,October,říjen,2016-10,2016-10-01,15,6,Saturday,sobota,289,41,2016,True
20161016,2016-10-16,2016,4,2016-Q4,10,October,říjen,2016-10,2016-10-01,16,7,Sunday,neděle,290,41,2016,True
20161017,2016-10-17,2016,4,2016-Q4,10,October,říjen,2016-10,2016-10-01,17,1,Monday,pondělí,291,42,2016,False
20161018,2016-10-18,2016,4,2016-Q4,10,October,říjen,2016-10,2016-10-01,18,2,Tuesday,úterý,292,42,2016,False
20161019,2016-10-19,2016,4,2016-Q4,10,October,říjen,2016-10,2016-10-01,19,3,Wednesday,středa,293,42,2016,False
20161020,2016-10-20,2016,4,2016-Q4,10,October,říjen,2016-10,2016-10-01,20,4,Thursday,čtvrtek,294,42,2016,False
20161021,2016-10-21,2016,4,2016-Q4,10,October,říjen,2016-10,2016-10-01,21,5,Friday,pátek,295,42,2016,False
20161022,2016-10-22,2016,4,2016-Q4,10,October,říjen,2016-10,2016-10-01,22,6,Saturday,sobota,296,42,2016,True
20161023,2016-10-23,2016,4,2016-Q4,10,October,říjen,2016-10,2016-10-01,23,7,Sunday,neděle,297,42,2016,True
20161024,2016-10-24,2016,4,2016-Q4,10,October,říjen,2016-10,2016-10-01,24,1,Monday,pondělí,298,43,2016,False
20161025,2016-10-25,2016,4,2016-Q4,10,October,říjen,2016-10,2016-10-01,25,2,Tuesday,úterý,299,43,2016,False
20161026,2016-10-26,2016,4,2016-Q4,10,October,říjen,2016-10,2016-10-01,26,3,Wednesday,středa,300,43,2016,False
20161027,2016-10-27,2016,4,2016-Q4,10,October,říjen,2016-10,2016-10-01,27,4,Thursday,čtvrtek,301,43,2016,False
20161028,2016-10-28,2016,4,2016-Q4,10,October,říjen,2016-10,2016-10-01,28,5,Friday,pátek,302,43,2016,False
20161029,2016-10-29,2016,4,2016-Q4,10,October,říjen,2016-10,2016-10-01,29,6,Saturday,sobota,303,43,2016,True
20161030,2016-10-30,2016,4,2016-Q4,10,October,říjen,2016-10,2016-10-01,30,7,Sunday,neděle,304,43,2016,True
20161031,2016-10-31,2016,4,2016-Q4,10,October,říjen,2016-10,2016-10-01,31,1,Monday,pondělí,305,44,2016,False
20161101,2016-11-01,2016,4,2016-Q4,11,November,listopad,2016-11,2016-11-01,1,2,Tuesday,úterý,306,44,2016,False
20161102,2016-11-02,2016,4,2016-Q4,11,November,listopad,2016-11,2016-11-01,2,3,Wednesday,středa,307,44,2016,False
20161103,2016-11-03,2016,4,2016-Q4,11,November,listopad,2016-11,2016-11-01,3,4,Thursday,čtvrtek,308,44,2016,False
20161104,2016-11-04,2016,4,2016-Q4,11,November,listopad,2016-11,2016-11-01,4,5,Friday,pátek,309,44,2016,False
20161105,2016-11-05,2016,4,2016-Q4,11,November,listopad,2016-11,2016-11-01,5,6,Saturday,sobota,310,44,2016,True
20161106,2016-11-06,2016,4,2016-Q4,11,November,listopad,2016-11,2016-11-01,6,7,Sunday,neděle,311,44,2016,True
20161107,2016-11-07,2016,4,2016-Q4,11,November,listopad,2016-11,2016-11-01,7,1,Monday,pondělí,312,45,2016,False
20161108,2016-11-08,2016,4,2016-Q4,11,November,listopad,2016-11,2016-11-01,8,2,Tuesday,úterý,313,45,2016,False
20161109,2016-11-09,2016,4,2016-Q4,11,November,listopad,2016-11,2016-11-01,9,3,Wednesday,středa,314,45,2016,False
20161110,2016-11-10,2016,4,2016-Q4,11,November,listopad,2016-11,2016-11-01,10,4,Thursday,čtvrtek,315,45,2016,False
20161111,2016-11-11,2016,4,2016-Q4,11,November,listopad,2016-11,2016-11-01,11,5,Friday,pátek,316,45,2016,False
20161112,2016-11-12,2016,4,2016-Q4,11,November,listopad,2016-11,2016-11-01,12,6,Saturday,sobota,317,45,2016,True
20161113,2016-11-13,2016,4,2016-Q4,11,November,listopad,2016-11,2016-11-01,13,7,Sunday,neděle,318,45,2016,True
20161114,2016-11-14,2016,4,2016-Q4,11,November,listopad,2016-11,2016-11-01,14,1,Monday,pondělí,319,46,2016,False
20161115,2016-11-15,2016,4,2016-Q4,11,November,listopad,2016-11,2016-11-01,15,2,Tuesday,úterý,320,46,2016,False
20161116,2016-11-16,2016,4,2016-Q4,11,November,listopad,2016-11,2016-11-01,16,3,Wednesday,středa,321,46,2016,False
20161117,2016-11-17,2016,4,2016-Q4,11,November,listopad,2016-11,2016-11-01,17,4,Thursday,čtvrtek,322,46,2016,False
20161118,2016-11-18,2016,4,2016-Q4,11,November,listopad,2016-11,2016-11-01,18,5,Friday,pátek,323,46,2016,False
20161119,2016-11-19,2016,4,2016-Q4,11,November,listopad,2016-11,2016-11-01,19,6,Saturday,sobota,324,46,2016,True
20161120,2016-11-20,2016,4,2016-Q4,11,November,listopad,2016-11,2016-11-01,20,7,Sunday,neděle,325,46,2016,True
20161121,2016-11-21,2016,4,2016-Q4,11,November,listopad,2016-11,2016-11-01,21,1,Monday,pondělí,326,47,2016,False
20161122,2016-11-22,2016,4,2016-Q4,11,November,listopad,2016-11,2016-11-01,22,2,Tuesday,úterý,327,47,2016,False
20161123,2016-11-23,2016,4,2016-Q4,11,November,listopad,2016-11,2016-11-01,23,3,Wednesday,středa,328,47,2016,False
20161124,2016-11-24,2016,4,2016-Q4,11,November,listopad,2016-11,2016-11-01,24,4,Thursday,čtvrtek,329,47,2016,False
20161125,2016-11-25,2016,4,2016-Q4,11,November,listopad,2016-11,2016-11-01,25,5,Friday,pátek,330,47,2016,False
20161126,2016-11-26,2016,4,2016-Q4,11,November,listopad,2016-11,2016-11-01,26,6,Saturday,sobota,331,47,2016,True
20161127,2016-11-27,2016,4,2016-Q4,11,November,listopad,2016-11,2016-11-01,27,7,Sunday,neděle,332,47,2016,True
20161128,2016-11-28,2016,4,2016-Q4,11,November,listopad,2016-11,2016-11-01,28,1,Monday,pondělí,333,48,2016,False
20161129,2016-11-29,2016,4,2016-Q4,11,November,listopad,2016-11,2016-11-01,29,2,Tuesday,úterý,334,48,2016,False
20161130,2016-11-30,2016,4,2016-Q4,11,November,listopad,2016-11,2016-11-01,30,3,Wednesday,středa,335,48,2016,False
20161201,2016-12-01,2016,4,2016-Q4,12,December,prosinec,2016-12,2016-12-01,1,4,Thursday,čtvrtek,336,48,2016,False
20161202,2016-12-02,2016,4,2016-Q4,12,December,prosinec,2016-12,2016-12-01,2,5,Friday,pátek,337,48,2016,False
20161203,2016-12-03,2016,4,2016-Q4,12,December,prosinec,2016-12,2016-12-01,3,6,Saturday,sobota,338,48,2016,True
20161204,2016-12-04,2016,4,2016-Q4,12,December,prosinec,2016-12,2016-12-01,4,7,Sunday,neděle,339,48,2016,True
20161205,2016-12-05,2016,4,2016-Q4,12,December,prosinec,2016-12,2016-12-01,5,1,Monday,pondělí,340,49,2016,False
20161206,2016-12-06,2016,4,2016-Q4,12,December,prosinec,2016-12,2016-12-01,6,2,Tuesday,úterý,341,49,2016,False
20161207,2016-12-07,2016,4,2016-Q4,12,December,prosinec,2016-12,2016-12-01,7,3,Wednesday,středa,342,49,2016,False
20161208,2016-12-08,2016,4,2016-Q4,12,December,prosinec,2016-12,2016-12-01,8,4,Thursday,čtvrtek,343,49,2016,False
20161209,2016-12-09,2016,4,2016-Q4,12,December,prosinec,2016-12,2016-12-01,9,5,Friday,pátek,344,49,2016,False
20161210,2016-12-10,2016,4,2016-Q4,12,December,prosinec,2016-12,2016-12-01,10,6,Saturday,sobota,345,49,2016,True
20161211,2016-12-11,2016,4,2016-Q4,12,December,prosinec,2016-12,2016-12-01,11,7,Sunday,neděle,346,49,2016,True
20161212,2016-12-12,2016,4,2016-Q4,12,December,prosinec,2016-12,2016-12-01,12,1,Monday,pondělí,347,50,2016,False
20161213,2016-12-13,2016,4,2016-Q4,12,December,prosinec,2016-12,2016-12-01,13,2,Tuesday,úterý,348,50,2016,False
20161214,2016-12-14,2016,4,2016-Q4,12,December,prosinec,2016-12,2016-12-01,14,3,Wednesday,středa,349,50,2016,False
20161215,2016-12-15,2016,4,2016-Q4,12,December,prosinec,2016-12,2016-12-01,15,4,Thursday,čtvrtek,350,50,2016,False
20161216,2016-12-16,2016,4,2016-Q4,12,December,prosinec,2016-12,2016-12-01,16,5,Friday,pátek,351,50,2016,False
20161217,2016-12-17,2016,4,2016-Q4,12,December,prosinec,2016-12,2016-12-01,17,6,Saturday,sobota,352,50,2016,True
20161218,2016-12-18,2016,4,2016-Q4,12,December,prosinec,2016-12,2016-12-01,18,7,Sunday,neděle,353,50,2016,True
20161219,2016-12-19,2016,4,2016-Q4,12,December,prosinec,2016-12,2016-12-01,19,1,Monday,pondělí,354,51,2016,False
20161220,2016-12-20,2016,4,2016-Q4,12,December,prosinec,2016-12,2016-12-01,20,2,Tuesday,úterý,355,51,2016,False
20161221,2016-12-21,2016,4,2016-Q4,12,December,prosinec,2016-12,2016-12-01,21,3,Wednesday,středa,356,51,2016,False
20161222,2016-12-22,2016,4,2016-Q4,12,December,prosinec,2016-12,2016-12-01,22,4,Thursday,čtvrtek,357,51,2016,False
20161223,2016-12-23,2016,4,2016-Q4,12,December,prosinec,2016-12,2016-12-01,23,5,Friday,pátek,358,51,2016,False
20161224,2016-12-24,2016,4,2016-Q4,12,December,prosinec,2016-12,2016-12-01,24,6,Saturday,sobota,359,51,2016,True
20161225,2016-12-25,2016,4,2016-Q4,12,December,prosinec,2016-12,2016-12-01,25,7,Sunday,neděle,360,51,2016,True
20161226,2016-12-26,2016,4,2016-Q4,12,December,prosinec,2016-12,2016-12-01,26,1,Monday,pondělí,361,52,2016,False
20161227,2016-12-27,2016,4,2016-Q4,12,December,prosinec,2016-12,2016-12-01,27,2,Tuesday,úterý,362,52,2016,False
20161228,2016-12-28,2016,4,2016-Q4,12,December,prosinec,2016-12,2016-12-01,28,3,Wednesday,středa,363,52,2016,False
20161229,2016-12-29,2016,4,2016-Q4,12,December,prosinec,2016-12,2016-12-01,29,4,Thursday,čtvrtek,364,52,2016,False
20161230,2016-12-30,2016,4,2016-Q4,12,December,prosinec,2016-12,2016-12-01,30,5,Friday,pátek,365,52,2016,False
20161231,2016-12-31,2016,4,2016-Q4,12,December,prosinec,2016-12,2016-12-01,31,6,Saturday,sobota,366,52,2016,True
20170101,2017-01-01,2017,1,2017-Q1,1,January,leden,2017-01,2017-01-01,1,7,Sunday,neděle,1,52,2016,True
20170102,2017-01-02,2017,1,2017-Q1,1,January,leden,2017-01,2017-01-01,2,1,Monday,pondělí,2,1,2017,False
20170103,2017-01-03,2017,1,2017-Q1,1,January,leden,2017-01,2017-01-01,3,2,Tuesday,úterý,3,1,2017,False
20170104,2017-01-04,2017,1,2017-Q1,1,January,leden,2017-01,2017-01-01,4,3,Wednesday,středa,4,1,2017,False
20170105,2017-01-05,2017,1,2017-Q1,1,January,leden,2017-01,2017-01-01,5,4,Thursday,čtvrtek,5,1,2017,False
20170106,2017-01-06,2017,1,2017-Q1,1,January,leden,2017-01,2017-01-01,6,5,Friday,pátek,6,1,2017,False
20170107,2017-01-07,2017,1,2017-Q1,1,January,leden,2017-01,2017-01-01,7,6,Saturday,sobota,7,1,2017,True
20170108,2017-01-08,2017,1,2017-Q1,1,January,leden,2017-01,2017-01-01,8,7,Sunday,neděle,8,1,2017,True
20170109,2017-01-09,2017,1,2017-Q1,1,January,leden,2017-01,2017-01-01,9,1,Monday,pondělí,9,2,2017,False
20170110,2017-01-10,2017,1,2017-Q1,1,January,leden,2017-01,2017-01-01,10,2,Tuesday,úterý,10,2,2017,False
20170111,2017-01-11,2017,1,2017-Q1,1,January,leden,2017-01,2017-01-01,11,3,Wednesday,středa,11,2,2017,False
20170112,2017-01-12,2017,1,2017-Q1,1,January,leden,2017-01,2017-01-01,12,4,Thursday,čtvrtek,12,2,2017,False
20170113,2017-01-13,2017,1,2017-Q1,1,January,leden,2017-01,2017-01-01,13,5,Friday,pátek,13,2,2017,False
20170114,2017-01-14,2017,1,2017-Q1,1,January,leden,2017-01,2017-01-01,14,6,Saturday,sobota,14,2,2017,True
20170115,2017-01-15,2017,1,2017-Q1,1,January,leden,2017-01,2017-01-01,15,7,Sunday,neděle,15,2,2017,True
20170116,2017-01-16,2017,1,2017-Q1,1,January,leden,2017-01,2017-01-01,16,1,Monday,pondělí,16,3,2017,False
20170117,2017-01-17,2017,1,2017-Q1,1,January,leden,2017-01,2017-01-01,17,2,Tuesday,úterý,17,3,2017,False
20170118,2017-01-18,2017,1,2017-Q1,1,January,leden,2017-01,2017-01-01,18,3,Wednesday,středa,18,3,2017,False
20170119,2017-01-19,2017,1,2017-Q1,1,January,leden,2017-01,2017-01-01,19,4,Thursday,čtvrtek,19,3,2017,False
20170120,2017-01-20,2017,1,2017-Q1,1,January,leden,2017-01,2017-01-01,20,5,Friday,pátek,20,3,2017,False
20170121,2017-01-21,2017,1,2017-Q1,1,January,leden,2017-01,2017-01-01,21,6,Saturday,sobota,21,3,2017,True
20170122,2017-01-22,2017,1,2017-Q1,1,January,leden,2017-01,2017-01-01,22,7,Sunday,neděle,22,3,2017,True
20170123,2017-01-23,2017,1,2017-Q1,1,January,leden,2017-01,2017-01-01,23,1,Monday,pondělí,23,4,2017,False
20170124,2017-01-24,2017,1,2017-Q1,1,January,leden,2017-01,2017-01-01,24,2,Tuesday,úterý,24,4,2017,False
20170125,2017-01-25,2017,1,2017-Q1,1,January,leden,2017-01,2017-01-01,25,3,Wednesday,středa,25,4,2017,False
20170126,2017-01-26,2017,1,2017-Q1,1,January,leden,2017-01,2017-01-01,26,4,Thursday,čtvrtek,26,4,2017,False
20170127,2017-01-27,2017,1,2017-Q1,1,January,leden,2017-01,2017-01-01,27,5,Friday,pátek,27,4,2017,False
20170128,2017-01-28,2017,1,2017-Q1,1,January,leden,2017-01,2017-01-01,28,6,Saturday,sobota,28,4,2017,True
20170129,2017-01-29,2017,1,2017-Q1,1,January,leden,2017-01,2017-01-01,29,7,Sunday,neděle,29,4,2017,True
20170130,2017-01-30,2017,1,2017-Q1,1,January,leden,2017-01,2017-01-01,30,1,Monday,pondělí,30,5,2017,False
20170131,2017-01-31,2017,1,2017-Q1,1,January,leden,2017-01,2017-01-01,31,2,Tuesday,úterý,31,5,2017,False
20170201,2017-02-01,2017,1,2017-Q1,2,February,únor,2017-02,2017-02-01,1,3,Wednesday,středa,32,5,2017,False
20170202,2017-02-02,2017,1,2017-Q1,2,February,únor,2017-02,2017-02-01,2,4,Thursday,čtvrtek,33,5,2017,False
20170203,2017-02-03,2017,1,2017-Q1,2,February,únor,2017-02,2017-02-01,3,5,Friday,pátek,34,5,2017,False
20170204,2017-02-04,2017,1,2017-Q1,2,February,únor,2017-02,2017-02-01,4,6,Saturday,sobota,35,5,2017,True
20170205,2017-02-05,2017,1,2017-Q1,2,February,únor,2017-02,2017-02-01,5,7,Sunday,neděle,36,5,2017,True
20170206,2017-02-06,2017,1,2017-Q1,2,February,únor,2017-02,2017-02-01,6,1,Monday,pondělí,37,6,2017,False
20170207,2017-02-07,2017,1,2017-Q1,2,February,únor,2017-02,2017-02-01,7,2,Tuesday,úterý,38,6,2017,False
20170208,2017-02-08,2017,1,2017-Q1,2,February,únor,2017-02,2017-02-01,8,3,Wednesday,středa,39,6,2017,False
20170209,2017-02-09,2017,1,2017-Q1,2,February,únor,2017-02,2017-02-01,9,4,Thursday,čtvrtek,40,6,2017,False
20170210,2017-02-10,2017,1,2017-Q1,2,February,únor,2017-02,2017-02-01,10,5,Friday,pátek,41,6,2017,False
20170211,2017-02-11,2017,1,2017-Q1,2,February,únor,2017-02,2017-02-01,11,6,Saturday,sobota,42,6,2017,True
20170212,2017-02-12,2017,1,2017-Q1,2,February,únor,2017-02,2017-02-01,12,7,Sunday,neděle,43,6,2017,True
20170213,2017-02-13,2017,1,2017-Q1,2,February,únor,2017-02,2017-02-01,13,1,Monday,pondělí,44,7,2017,False
20170214,2017-02-14,2017,1,2017-Q1,2,February,únor,2017-02,2017-02-01,14,2,Tuesday,úterý,45,7,2017,False
20170215,2017-02-15,2017,1,2017-Q1,2,February,únor,2017-02,2017-02-01,15,3,Wednesday,středa,46,7,2017,False
20170216,2017-02-16,2017,1,2017-Q1,2,February,únor,2017-02,2017-02-01,16,4,Thursday,čtvrtek,47,7,2017,False
20170217,2017-02-17,2017,1,2017-Q1,2,February,únor,2017-02,2017-02-01,17,5,Friday,pátek,48,7,2017,False
20170218,2017-02-18,2017,1,2017-Q1,2,February,únor,2017-02,2017-02-01,18,6,Saturday,sobota,49,7,2017,True
20170219,2017-02-19,2017,1,2017-Q1,2,February,únor,2017-02,2017-02-01,19,7,Sunday,neděle,50,7,2017,True
20170220,2017-02-20,2017,1,2017-Q1,2,February,únor,2017-02,2017-02-01,20,1,Monday,pondělí,51,8,2017,False
20170221,2017-02-21,2017,1,2017-Q1,2,February,únor,2017-02,2017-02-01,21,2,Tuesday,úterý,52,8,2017,False
20170222,2017-02-22,2017,1,2017-Q1,2,February,únor,2017-02,2017-02-01,22,3,Wednesday,středa,53,8,2017,False
20170223,2017-02-23,2017,1,2017-Q1,2,February,únor,2017-02,2017-02-01,23,4,Thursday,čtvrtek,54,8,2017,False
20170224,2017-02-24,2017,1,2017-Q1,2,February,únor,2017-02,2017-02-01,24,5,Friday,pátek,55,8,2017,False
20170225,2017-02-25,2017,1,2017-Q1,2,February,únor,2017-02,2017-02-01,25,6,Saturday,sobota,56,8,2017,True
20170226,2017-02-26,2017,1,2017-Q1,2,February,únor,2017-02,2017-02-01,26,7,Sunday,neděle,57,8,2017,True
20170227,2017-02-27,2017,1,2017-Q1,2,February,únor,2017-02,2017-02-01,27,1,Monday,pondělí,58,9,2017,False
20170228,2017-02-28,2017,1,2017-Q1,2,February,únor,2017-02,2017-02-01,28,2,Tuesday,úterý,59,9,2017,False
20170301,2017-03-01,2017,1,2017-Q1,3,March,březen,2017-03,2017-03-01,1,3,Wednesday,středa,60,9,2017,False
20170302,2017-03-02,2017,1,2017-Q1,3,March,březen,2017-03,2017-03-01,2,4,Thursday,čtvrtek,61,9,2017,False
20170303,2017-03-03,2017,1,2017-Q1,3,March,březen,2017-03,2017-03-01,3,5,Friday,pátek,62,9,2017,False
20170304,2017-03-04,2017,1,2017-Q1,3,March,březen,2017-03,2017-03-01,4,6,Saturday,sobota,63,9,2017,True
20170305,2017-03-05,2017,1,2017-Q1,3,March,březen,2017-03,2017-03-01,5,7,Sunday,neděle,64,9,2017,True
20170306,2017-03-06,2017,1,2017-Q1,3,March,březen,2017-03,2017-03-01,6,1,Monday,pondělí,65,10,2017,False
20170307,2017-03-07,2017,1,2017-Q1,3,March,březen,2017-03,2017-03-01,7,2,Tuesday,úterý,66,10,2017,False
20170308,2017-03-08,2017,1,2017-Q1,3,March,březen,2017-03,2017-03-01,8,3,Wednesday,středa,67,10,2017,False
20170309,2017-03-09,2017,1,2017-Q1,3,March,březen,2017-03,2017-03-01,9,4,Thursday,čtvrtek,68,10,2017,False
20170310,2017-03-10,2017,1,2017-Q1,3,March,březen,2017-03,2017-03-01,10,5,Friday,pátek,69,10,2017,False
20170311,2017-03-11,2017,1,2017-Q1,3,March,březen,2017-03,2017-03-01,11,6,Saturday,sobota,70,10,2017,True
20170312,2017-03-12,2017,1,2017-Q1,3,March,březen,2017-03,2017-03-01,12,7,Sunday,neděle,71,10,2017,True
20170313,2017-03-13,2017,1,2017-Q1,3,March,březen,2017-03,2017-03-01,13,1,Monday,pondělí,72,11,2017,False
20170314,2017-03-14,2017,1,2017-Q1,3,March,březen,2017-03,2017-03-01,14,2,Tuesday,úterý,73,11,2017,False
20170315,2017-03-15,2017,1,2017-Q1,3,March,březen,2017-03,2017-03-01,15,3,Wednesday,středa,74,11,2017,False
20170316,2017-03-16,2017,1,2017-Q1,3,March,březen,2017-03,2017-03-01,16,4,Thursday,čtvrtek,75,11,2017,False
20170317,2017-03-17,2017,1,2017-Q1,3,March,březen,2017-03,2017-03-01,17,5,Friday,pátek,76,11,2017,False
20170318,2017-03-18,2017,1,2017-Q1,3,March,březen,2017-03,2017-03-01,18,6,Saturday,sobota,77,11,2017,True
20170319,2017-03-19,2017,1,2017-Q1,3,March,březen,2017-03,2017-03-01,19,7,Sunday,neděle,78,11,2017,True
20170320,2017-03-20,2017,1,2017-Q1,3,March,březen,2017-03,2017-03-01,20,1,Monday,pondělí,79,12,2017,False
20170321,2017-03-21,2017,1,2017-Q1,3,March,březen,2017-03,2017-03-01,21,2,Tuesday,úterý,80,12,2017,False
20170322,2017-03-22,2017,1,2017-Q1,3,March,březen,2017-03,2017-03-01,22,3,Wednesday,středa,81,12,2017,False
20170323,2017-03-23,2017,1,2017-Q1,3,March,březen,2017-03,2017-03-01,23,4,Thursday,čtvrtek,82,12,2017,False
20170324,2017-03-24,2017,1,2017-Q1,3,March,březen,2017-03,2017-03-01,24,5,Friday,pátek,83,12,2017,False
20170325,2017-03-25,2017,1,2017-Q1,3,March,březen,2017-03,2017-03-01,25,6,Saturday,sobota,84,12,2017,True
20170326,2017-03-26,2017,1,2017-Q1,3,March,březen,2017-03,2017-03-01,26,7,Sunday,neděle,85,12,2017,True
20170327,2017-03-27,2017,1,2017-Q1,3,March,březen,2017-03,2017-03-01,27,1,Monday,pondělí,86,13,2017,False
20170328,2017-03-28,2017,1,2017-Q1,3,March,březen,2017-03,2017-03-01,28,2,Tuesday,úterý,87,13,2017,False
20170329,2017-03-29,2017,1,2017-Q1,3,March,březen,2017-03,2017-03-01,29,3,Wednesday,středa,88,13,2017,False
20170330,2017-03-30,2017,1,2017-Q1,3,March,březen,2017-03,2017-03-01,30,4,Thursday,čtvrtek,89,13,2017,False
20170331,2017-03-31,2017,1,2017-Q1,3,March,březen,2017-03,2017-03-01,31,5,Friday,pátek,90,13,2017,False
20170401,2017-04-01,2017,2,2017-Q2,4,April,duben,2017-04,2017-04-01,1,6,Saturday,sobota,91,13,2017,True
20170402,2017-04-02,2017,2,2017-Q2,4,April,duben,2017-04,2017-04-01,2,7,Sunday,neděle,92,13,2017,True
20170403,2017-04-03,2017,2,2017-Q2,4,April,duben,2017-04,2017-04-01,3,1,Monday,pondělí,93,14,2017,False
20170404,2017-04-04,2017,2,2017-Q2,4,April,duben,2017-04,2017-04-01,4,2,Tuesday,úterý,94,14,2017,False
20170405,2017-04-05,2017,2,2017-Q2,4,April,duben,2017-04,2017-04-01,5,3,Wednesday,středa,95,14,2017,False
20170406,2017-04-06,2017,2,2017-Q2,4,April,duben,2017-04,2017-04-01,6,4,Thursday,čtvrtek,96,14,2017,False
20170407,2017-04-07,2017,2,2017-Q2,4,April,duben,2017-04,2017-04-01,7,5,Friday,pátek,97,14,2017,False
20170408,2017-04-08,2017,2,2017-Q2,4,April,duben,2017-04,2017-04-01,8,6,Saturday,sobota,98,14,2017,True
20170409,2017-04-09,2017,2,2017-Q2,4,April,duben,2017-04,2017-04-01,9,7,Sunday,neděle,99,14,2017,True
20170410,2017-04-10,2017,2,2017-Q2,4,April,duben,2017-04,2017-04-01,10,1,Monday,pondělí,100,15,2017,False
20170411,2017-04-11,2017,2,2017-Q2,4,April,duben,2017-04,2017-04-01,11,2,Tuesday,úterý,101,15,2017,False
20170412,2017-04-12,2017,2,2017-Q2,4,April,duben,2017-04,2017-04-01,12,3,Wednesday,středa,102,15,2017,False
20170413,2017-04-13,2017,2,2017-Q2,4,April,duben,2017-04,2017-04-01,13,4,Thursday,čtvrtek,103,15,2017,False
20170414,2017-04-14,2017,2,2017-Q2,4,April,duben,2017-04,2017-04-01,14,5,Friday,pátek,104,15,2017,False
20170415,2017-04-15,2017,2,2017-Q2,4,April,duben,2017-04,2017-04-01,15,6,Saturday,sobota,105,15,2017,True
20170416,2017-04-16,2017,2,2017-Q2,4,April,duben,2017-04,2017-04-01,16,7,Sunday,neděle,106,15,2017,True
20170417,2017-04-17,2017,2,2017-Q2,4,April,duben,2017-04,2017-04-01,17,1,Monday,pondělí,107,16,2017,False
20170418,2017-04-18,2017,2,2017-Q2,4,April,duben,2017-04,2017-04-01,18,2,Tuesday,úterý,108,16,2017,False
20170419,2017-04-19,2017,2,2017-Q2,4,April,duben,2017-04,2017-04-01,19,3,Wednesday,středa,109,16,2017,False
20170420,2017-04-20,2017,2,2017-Q2,4,April,duben,2017-04,2017-04-01,20,4,Thursday,čtvrtek,110,16,2017,False
20170421,2017-04-21,2017,2,2017-Q2,4,April,duben,2017-04,2017-04-01,21,5,Friday,pátek,111,16,2017,False
20170422,2017-04-22,2017,2,2017-Q2,4,April,duben,2017-04,2017-04-01,22,6,Saturday,sobota,112,16,2017,True
20170423,2017-04-23,2017,2,2017-Q2,4,April,duben,2017-04,2017-04-01,23,7,Sunday,neděle,113,16,2017,True
20170424,2017-04-24,2017,2,2017-Q2,4,April,duben,2017-04,2017-04-01,24,1,Monday,pondělí,114,17,2017,False
20170425,2017-04-25,2017,2,2017-Q2,4,April,duben,2017-04,2017-04-01,25,2,Tuesday,úterý,115,17,2017,False
20170426,2017-04-26,2017,2,2017-Q2,4,April,duben,2017-04,2017-04-01,26,3,Wednesday,středa,116,17,2017,False
20170427,2017-04-27,2017,2,2017-Q2,4,April,duben,2017-04,2017-04-01,27,4,Thursday,čtvrtek,117,17,2017,False
20170428,2017-04-28,2017,2,2017-Q2,4,April,duben,2017-04,2017-04-01,28,5,Friday,pátek,118,17,2017,False
20170429,2017-04-29,2017,2,2017-Q2,4,April,duben,2017-04,2017-04-01,29,6,Saturday,sobota,119,17,2017,True
20170430,2017-04-30,2017,2,2017-Q2,4,April,duben,2017-04,2017-04-01,30,7,Sunday,neděle,120,17,2017,True
20170501,2017-05-01,2017,2,2017-Q2,5,May,květen,2017-05,2017-05-01,1,1,Monday,pondělí,121,18,2017,False
20170502,2017-05-02,2017,2,2017-Q2,5,May,květen,2017-05,2017-05-01,2,2,Tuesday,úterý,122,18,2017,False
20170503,2017-05-03,2017,2,2017-Q2,5,May,květen,2017-05,2017-05-01,3,3,Wednesday,středa,123,18,2017,False
20170504,2017-05-04,2017,2,2017-Q2,5,May,květen,2017-05,2017-05-01,4,4,Thursday,čtvrtek,124,18,2017,False
20170505,2017-05-05,2017,2,2017-Q2,5,May,květen,2017-05,2017-05-01,5,5,Friday,pátek,125,18,2017,False
20170506,2017-05-06,2017,2,2017-Q2,5,May,květen,2017-05,2017-05-01,6,6,Saturday,sobota,126,18,2017,True
20170507,2017-05-07,2017,2,2017-Q2,5,May,květen,2017-05,2017-05-01,7,7,Sunday,neděle,127,18,2017,True
20170508,2017-05-08,2017,2,2017-Q2,5,May,květen,2017-05,2017-05-01,8,1,Monday,pondělí,128,19,2017,False
20170509,2017-05-09,2017,2,2017-Q2,5,May,květen,2017-05,2017-05-01,9,2,Tuesday,úterý,129,19,2017,False
20170510,2017-05-10,2017,2,2017-Q2,5,May,květen,2017-05,2017-05-01,10,3,Wednesday,středa,130,19,2017,False
20170511,2017-05-11,2017,2,2017-Q2,5,May,květen,2017-05,2017-05-01,11,4,Thursday,čtvrtek,131,19,2017,False
20170512,2017-05-12,2017,2,2017-Q2,5,May,květen,2017-05,2017-05-01,12,5,Friday,pátek,132,19,2017,False
20170513,2017-05-13,2017,2,2017-Q2,5,May,květen,2017-05,2017-05-01,13,6,Saturday,sobota,133,19,2017,True
20170514,2017-05-14,2017,2,2017-Q2,5,May,květen,2017-05,2017-05-01,14,7,Sunday,neděle,134,19,2017,True
20170515,2017-05-15,2017,2,2017-Q2,5,May,květen,2017-05,2017-05-01,15,1,Monday,pondělí,135,20,2017,False
20170516,2017-05-16,2017,2,2017-Q2,5,May,květen,2017-05,2017-05-01,16,2,Tuesday,úterý,136,20,2017,False
20170517,2017-05-17,2017,2,2017-Q2,5,May,květen,2017-05,2017-05-01,17,3,Wednesday,středa,137,20,2017,False
20170518,2017-05-18,2017,2,2017-Q2,5,May,květen,2017-05,2017-05-01,18,4,Thursday,čtvrtek,138,20,2017,False
20170519,2017-05-19,2017,2,2017-Q2,5,May,květen,2017-05,2017-05-01,19,5,Friday,pátek,139,20,2017,False
20170520,2017-05-20,2017,2,2017-Q2,5,May,květen,2017-05,2017-05-01,20,6,Saturday,sobota,140,20,2017,True
20170521,2017-05-21,2017,2,2017-Q2,5,May,květen,2017-05,2017-05-01,21,7,Sunday,neděle,141,20,2017,True
20170522,2017-05-22,2017,2,2017-Q2,5,May,květen,2017-05,2017-05-01,22,1,Monday,pondělí,142,21,2017,False
20170523,2017-05-23,2017,2,2017-Q2,5,May,květen,2017-05,2017-05-01,23,2,Tuesday,úterý,143,21,2017,False
20170524,2017-05-24,2017,2,2017-Q2,5,May,květen,2017-05,2017-05-01,24,3,Wednesday,středa,144,21,2017,False
20170525,2017-05-25,2017,2,2017-Q2,5,May,květen,2017-05,2017-05-01,25,4,Thursday,čtvrtek,145,21,2017,False
20170526,2017-05-26,2017,2,2017-Q2,5,May,květen,2017-05,2017-05-01,26,5,Friday,pátek,146,21,2017,False
20170527,2017-05-27,2017,2,2017-Q2,5,May,květen,2017-05,2017-05-01,27,6,Saturday,sobota,147,21,2017,True
20170528,2017-05-28,2017,2,2017-Q2,5,May,květen,2017-05,2017-05-01,28,7,Sunday,neděle,148,21,2017,True
20170529,2017-05-29,2017,2,2017-Q2,5,May,květen,2017-05,2017-05-01,29,1,Monday,pondělí,149,22,2017,False
20170530,2017-05-30,2017,2,2017-Q2,5,May,květen,2017-05,2017-05-01,30,2,Tuesday,úterý,150,22,2017,False
20170531,2017-05-31,2017,2,2017-Q2,5,May,květen,2017-05,2017-05-01,31,3,Wednesday,středa,151,22,2017,False
20170601,2017-06-01,2017,2,2017-Q2,6,June,červen,2017-06,2017-06-01,1,4,Thursday,čtvrtek,152,22,2017,False
20170602,2017-06-02,2017,2,2017-Q2,6,June,červen,2017-06,2017-06-01,2,5,Friday,pátek,153,22,2017,False
20170603,2017-06-03,2017,2,2017-Q2,6,June,červen,2017-06,2017-06-01,3,6,Saturday,sobota,154,22,2017,True
20170604,2017-06-04,2017,2,2017-Q2,6,June,červen,2017-06,2017-06-01,4,7,Sunday,neděle,155,22,2017,True
20170605,2017-06-05,2017,2,2017-Q2,6,June,červen,2017-06,2017-06-01,5,1,Monday,pondělí,156,23,2017,False
20170606,2017-06-06,2017,2,2017-Q2,6,June,červen,2017-06,2017-06-01,6,2,Tuesday,úterý,157,23,2017,False
20170607,2017-06-07,2017,2,2017-Q2,6,June,červen,2017-06,2017-06-01,7,3,Wednesday,středa,158,23,2017,False
20170608,2017-06-08,2017,2,2017-Q2,6,June,červen,2017-06,2017-06-01,8,4,Thursday,čtvrtek,159,23,2017,False
20170609,2017-06-09,2017,2,2017-Q2,6,June,červen,2017-06,2017-06-01,9,5,Friday,pátek,160,23,2017,False
20170610,2017-06-10,2017,2,2017-Q2,6,June,červen,2017-06,2017-06-01,10,6,Saturday,sobota,161,23,2017,True
20170611,2017-06-11,2017,2,2017-Q2,6,June,červen,2017-06,2017-06-01,11,7,Sunday,neděle,162,23,2017,True
20170612,2017-06-12,2017,2,2017-Q2,6,June,červen,2017-06,2017-06-01,12,1,Monday,pondělí,163,24,2017,False
20170613,2017-06-13,2017,2,2017-Q2,6,June,červen,2017-06,2017-06-01,13,2,Tuesday,úterý,164,24,2017,False
20170614,2017-06-14,2017,2,2017-Q2,6,June,červen,2017-06,2017-06-01,14,3,Wednesday,středa,165,24,2017,False
20170615,2017-06-15,2017,2,2017-Q2,6,June,červen,2017-06,2017-06-01,15,4,Thursday,čtvrtek,166,24,2017,False
20170616,2017-06-16,2017,2,2017-Q2,6,June,červen,2017-06,2017-06-01,16,5,Friday,pátek,167,24,2017,False
20170617,2017-06-17,2017,2,2017-Q2,6,June,červen,2017-06,2017-06-01,17,6,Saturday,sobota,168,24,2017,True
20170618,2017-06-18,2017,2,2017-Q2,6,June,červen,2017-06,2017-06-01,18,7,Sunday,neděle,169,24,2017,True
20170619,2017-06-19,2017,2,2017-Q2,6,June,červen,2017-06,2017-06-01,19,1,Monday,pondělí,170,25,2017,False
20170620,2017-06-20,2017,2,2017-Q2,6,June,červen,2017-06,2017-06-01,20,2,Tuesday,úterý,171,25,2017,False
20170621,2017-06-21,2017,2,2017-Q2,6,June,červen,2017-06,2017-06-01,21,3,Wednesday,středa,172,25,2017,False
20170622,2017-06-22,2017,2,2017-Q2,6,June,červen,2017-06,2017-06-01,22,4,Thursday,čtvrtek,173,25,2017,False
20170623,2017-06-23,2017,2,2017-Q2,6,June,červen,2017-06,2017-06-01,23,5,Friday,pátek,174,25,2017,False
20170624,2017-06-24,2017,2,2017-Q2,6,June,červen,2017-06,2017-06-01,24,6,Saturday,sobota,175,25,2017,True
20170625,2017-06-25,2017,2,2017-Q2,6,June,červen,2017-06,2017-06-01,25,7,Sunday,neděle,176,25,2017,True
20170626,2017-06-26,2017,2,2017-Q2,6,June,červen,2017-06,2017-06-01,26,1,Monday,pondělí,177,26,2017,False
20170627,2017-06-27,2017,2,2017-Q2,6,June,červen,2017-06,2017-06-01,27,2,Tuesday,úterý,178,26,2017,False
20170628,2017-06-28,2017,2,2017-Q2,6,June,červen,2017-06,2017-06-01,28,3,Wednesday,středa,179,26,2017,False
20170629,2017-06-29,2017,2,2017-Q2,6,June,červen,2017-06,2017-06-01,29,4,Thursday,čtvrtek,180,26,2017,False
20170630,2017-06-30,2017,2,2017-Q2,6,June,červen,2017-06,2017-06-01,30,5,Friday,pátek,181,26,2017,False
20170701,2017-07-01,2017,3,2017-Q3,7,July,červenec,2017-07,2017-07-01,1,6,Saturday,sobota,182,26,2017,True
20170702,2017-07-02,2017,3,2017-Q3,7,July,červenec,2017-07,2017-07-01,2,7,Sunday,neděle,183,26,2017,True
20170703,2017-07-03,2017,3,2017-Q3,7,July,červenec,2017-07,2017-07-01,3,1,Monday,pondělí,184,27,2017,False
20170704,2017-07-04,2017,3,2017-Q3,7,July,červenec,2017-07,2017-07-01,4,2,Tuesday,úterý,185,27,2017,False
20170705,2017-07-05,2017,3,2017-Q3,7,July,červenec,2017-07,2017-07-01,5,3,Wednesday,středa,186,27,2017,False
20170706,2017-07-06,2017,3,2017-Q3,7,July,červenec,2017-07,2017-07-01,6,4,Thursday,čtvrtek,187,27,2017,False
20170707,2017-07-07,2017,3,2017-Q3,7,July,červenec,2017-07,2017-07-01,7,5,Friday,pátek,188,27,2017,False
20170708,2017-07-08,2017,3,2017-Q3,7,July,červenec,2017-07,2017-07-01,8,6,Saturday,sobota,189,27,2017,True
20170709,2017-07-09,2017,3,2017-Q3,7,July,červenec,2017-07,2017-07-01,9,7,Sunday,neděle,190,27,2017,True
20170710,2017-07-10,2017,3,2017-Q3,7,July,červenec,2017-07,2017-07-01,10,1,Monday,pondělí,191,28,2017,False
20170711,2017-07-11,2017,3,2017-Q3,7,July,červenec,2017-07,2017-07-01,11,2,Tuesday,úterý,192,28,2017,False
20170712,2017-07-12,2017,3,2017-Q3,7,July,červenec,2017-07,2017-07-01,12,3,Wednesday,středa,193,28,2017,False
20170713,2017-07-13,2017,3,2017-Q3,7,July,červenec,2017-07,2017-07-01,13,4,Thursday,čtvrtek,194,28,2017,False
20170714,2017-07-14,2017,3,2017-Q3,7,July,červenec,2017-07,2017-07-01,14,5,Friday,pátek,195,28,2017,False
20170715,2017-07-15,2017,3,2017-Q3,7,July,červenec,2017-07,2017-07-01,15,6,Saturday,sobota,196,28,2017,True
20170716,2017-07-16,2017,3,2017-Q3,7,July,červenec,2017-07,2017-07-01,16,7,Sunday,neděle,197,28,2017,True
20170717,2017-07-17,2017,3,2017-Q3,7,July,červenec,2017-07,2017-07-01,17,1,Monday,pondělí,198,29,2017,False
20170718,2017-07-18,2017,3,2017-Q3,7,July,červenec,2017-07,2017-07-01,18,2,Tuesday,úterý,199,29,2017,False
20170719,2017-07-19,2017,3,2017-Q3,7,July,červenec,2017-07,2017-07-01,19,3,Wednesday,středa,200,29,2017,False
20170720,2017-07-20,2017,3,2017-Q3,7,July,červenec,2017-07,2017-07-01,20,4,Thursday,čtvrtek,201,29,2017,False
20170721,2017-07-21,2017,3,2017-Q3,7,July,červenec,2017-07,2017-07-01,21,5,Friday,pátek,202,29,2017,False
20170722,2017-07-22,2017,3,2017-Q3,7,July,červenec,2017-07,2017-07-01,22,6,Saturday,sobota,203,29,2017,True
20170723,2017-07-23,2017,3,2017-Q3,7,July,červenec,2017-07,2017-07-01,23,7,Sunday,neděle,204,29,2017,True
20170724,2017-07-24,2017,3,2017-Q3,7,July,červenec,2017-07,2017-07-01,24,1,Monday,pondělí,205,30,2017,False
20170725,2017-07-25,2017,3,2017-Q3,7,July,červenec,2017-07,2017-07-01,25,2,Tuesday,úterý,206,30,2017,False
20170726,2017-07-26,2017,3,2017-Q3,7,July,červenec,2017-07,2017-07-01,26,3,Wednesday,středa,207,30,2017,False
20170727,2017-07-27,2017,3,2017-Q3,7,July,červenec,2017-07,2017-07-01,27,4,Thursday,čtvrtek,208,30,2017,False
20170728,2017-07-28,2017,3,2017-Q3,7,July,červenec,2017-07,2017-07-01,28,5,Friday,pátek,209,30,2017,False
20170729,2017-07-29,2017,3,2017-Q3,7,July,červenec,2017-07,2017-07-01,29,6,Saturday,sobota,210,30,2017,True
20170730,2017-07-30,2017,3,2017-Q3,7,July,červenec,2017-07,2017-07-01,30,7,Sunday,neděle,211,30,2017,True
20170731,2017-07-31,2017,3,2017-Q3,7,July,červenec,2017-07,2017-07-01,31,1,Monday,pondělí,212,31,2017,False
20170801,2017-08-01,2017,3,2017-Q3,8,August,srpen,2017-08,2017-08-01,1,2,Tuesday,úterý,213,31,2017,False
20170802,2017-08-02,2017,3,2017-Q3,8,August,srpen,2017-08,2017-08-01,2,3,Wednesday,středa,214,31,2017,False
20170803,2017-08-03,2017,3,2017-Q3,8,August,srpen,2017-08,2017-08-01,3,4,Thursday,čtvrtek,215,31,2017,False
20170804,2017-08-04,2017,3,2017-Q3,8,August,srpen,2017-08,2017-08-01,4,5,Friday,pátek,216,31,2017,False
20170805,2017-08-05,2017,3,2017-Q3,8,August,srpen,2017-08,2017-08-01,5,6,Saturday,sobota,217,31,2017,True
20170806,2017-08-06,2017,3,2017-Q3,8,August,srpen,2017-08,2017-08-01,6,7,Sunday,neděle,218,31,2017,True
20170807,2017-08-07,2017,3,2017-Q3,8,August,srpen,2017-08,2017-08-01,7,1,Monday,pondělí,219,32,2017,False
20170808,2017-08-08,2017,3,2017-Q3,8,August,srpen,2017-08,2017-08-01,8,2,Tuesday,úterý,220,32,2017,False
20170809,2017-08-09,2017,3,2017-Q3,8,August,srpen,2017-08,2017-08-01,9,3,Wednesday,středa,221,32,2017,False
20170810,2017-08-10,2017,3,2017-Q3,8,August,srpen,2017-08,2017-08-01,10,4,Thursday,čtvrtek,222,32,2017,False
20170811,2017-08-11,2017,3,2017-Q3,8,August,srpen,2017-08,2017-08-01,11,5,Friday,pátek,223,32,2017,False
20170812,2017-08-12,2017,3,2017-Q3,8,August,srpen,2017-08,2017-08-01,12,6,Saturday,sobota,224,32,2017,True
20170813,2017-08-13,2017,3,2017-Q3,8,August,srpen,2017-08,2017-08-01,13,7,Sunday,neděle,225,32,2017,True
20170814,2017-08-14,2017,3,2017-Q3,8,August,srpen,2017-08,2017-08-01,14,1,Monday,pondělí,226,33,2017,False
20170815,2017-08-15,2017,3,2017-Q3,8,August,srpen,2017-08,2017-08-01,15,2,Tuesday,úterý,227,33,2017,False
20170816,2017-08-16,2017,3,2017-Q3,8,August,srpen,2017-08,2017-08-01,16,3,Wednesday,středa,228,33,2017,False
20170817,2017-08-17,2017,3,2017-Q3,8,August,srpen,2017-08,2017-08-01,17,4,Thursday,čtvrtek,229,33,2017,False
20170818,2017-08-18,2017,3,2017-Q3,8,August,srpen,2017-08,2017-08-01,18,5,Friday,pátek,230,33,2017,False
20170819,2017-08-19,2017,3,2017-Q3,8,August,srpen,2017-08,2017-08-01,19,6,Saturday,sobota,231,33,2017,True
20170820,2017-08-20,2017,3,2017-Q3,8,August,srpen,2017-08,2017-08-01,20,7,Sunday,neděle,232,33,2017,True
20170821,2017-08-21,2017,3,2017-Q3,8,August,srpen,2017-08,2017-08-01,21,1,Monday,pondělí,233,34,2017,False
20170822,2017-08-22,2017,3,2017-Q3,8,August,srpen,2017-08,2017-08-01,22,2,Tuesday,úterý,234,34,2017,False
20170823,2017-08-23,2017,3,2017-Q3,8,August,srpen,2017-08,2017-08-01,23,3,Wednesday,středa,235,34,2017,False
20170824,2017-08-24,2017,3,2017-Q3,8,August,srpen,2017-08,2017-08-01,24,4,Thursday,čtvrtek,236,34,2017,False
20170825,2017-08-25,2017,3,2017-Q3,8,August,srpen,2017-08,2017-08-01,25,5,Friday,pátek,237,34,2017,False
20170826,2017-08-26,2017,3,2017-Q3,8,August,srpen,2017-08,2017-08-01,26,6,Saturday,sobota,238,34,2017,True
20170827,2017-08-27,2017,3,2017-Q3,8,August,srpen,2017-08,2017-08-01,27,7,Sunday,neděle,239,34,2017,True
20170828,2017-08-28,2017,3,2017-Q3,8,August,srpen,2017-08,2017-08-01,28,1,Monday,pondělí,240,35,2017,False
20170829,2017-08-29,2017,3,2017-Q3,8,August,srpen,2017-08,2017-08-01,29,2,Tuesday,úterý,241,35,2017,False
20170830,2017-08-30,2017,3,2017-Q3,8,August,srpen,2017-08,2017-08-01,30,3,Wednesday,středa,242,35,2017,False
20170831,2017-08-31,2017,3,2017-Q3,8,August,srpen,2017-08,2017-08-01,31,4,Thursday,čtvrtek,243,35,2017,False
20170901,2017-09-01,2017,3,2017-Q3,9,September,září,2017-09,2017-09-01,1,5,Friday,pátek,244,35,2017,False
20170902,2017-09-02,2017,3,2017-Q3,9,September,září,2017-09,2017-09-01,2,6,Saturday,sobota,245,35,2017,True
20170903,2017-09-03,2017,3,2017-Q3,9,September,září,2017-09,2017-09-01,3,7,Sunday,neděle,246,35,2017,True
20170904,2017-09-04,2017,3,2017-Q3,9,September,září,2017-09,2017-09-01,4,1,Monday,pondělí,247,36,2017,False
20170905,2017-09-05,2017,3,2017-Q3,9,September,září,2017-09,2017-09-01,5,2,Tuesday,úterý,248,36,2017,False
20170906,2017-09-06,2017,3,2017-Q3,9,September,září,2017-09,2017-09-01,6,3,Wednesday,středa,249,36,2017,False
20170907,2017-09-07,2017,3,2017-Q3,9,September,září,2017-09,2017-09-01,7,4,Thursday,čtvrtek,250,36,2017,False
20170908,2017-09-08,2017,3,2017-Q3,9,September,září,2017-09,2017-09-01,8,5,Friday,pátek,251,36,2017,False
20170909,2017-09-09,2017,3,2017-Q3,9,September,září,2017-09,2017-09-01,9,6,Saturday,sobota,252,36,2017,True
20170910,2017-09-10,2017,3,2017-Q3,9,September,září,2017-09,2017-09-01,10,7,Sunday,neděle,253,36,2017,True
20170911,2017-09-11,2017,3,2017-Q3,9,September,září,2017-09,2017-09-01,11,1,Monday,pondělí,254,37,2017,False
20170912,2017-09-12,2017,3,2017-Q3,9,September,září,2017-09,2017-09-01,12,2,Tuesday,úterý,255,37,2017,False
20170913,2017-09-13,2017,3,2017-Q3,9,September,září,2017-09,2017-09-01,13,3,Wednesday,středa,256,37,2017,False
20170914,2017-09-14,2017,3,2017-Q3,9,September,září,2017-09,2017-09-01,14,4,Thursday,čtvrtek,257,37,2017,False
20170915,2017-09-15,2017,3,2017-Q3,9,September,září,2017-09,2017-09-01,15,5,Friday,pátek,258,37,2017,False
20170916,2017-09-16,2017,3,2017-Q3,9,September,září,2017-09,2017-09-01,16,6,Saturday,sobota,259,37,2017,True
20170917,2017-09-17,2017,3,2017-Q3,9,September,září,2017-09,2017-09-01,17,7,Sunday,neděle,260,37,2017,True
20170918,2017-09-18,2017,3,2017-Q3,9,September,září,2017-09,2017-09-01,18,1,Monday,pondělí,261,38,2017,False
20170919,2017-09-19,2017,3,2017-Q3,9,September,září,2017-09,2017-09-01,19,2,Tuesday,úterý,262,38,2017,False
20170920,2017-09-20,2017,3,2017-Q3,9,September,září,2017-09,2017-09-01,20,3,Wednesday,středa,263,38,2017,False
20170921,2017-09-21,2017,3,2017-Q3,9,September,září,2017-09,2017-09-01,21,4,Thursday,čtvrtek,264,38,2017,False
20170922,2017-09-22,2017,3,2017-Q3,9,September,září,2017-09,2017-09-01,22,5,Friday,pátek,265,38,2017,False
20170923,2017-09-23,2017,3,2017-Q3,9,September,září,2017-09,2017-09-01,23,6,Saturday,sobota,266,38,2017,True
20170924,2017-09-24,2017,3,2017-Q3,9,September,září,2017-09,2017-09-01,24,7,Sunday,neděle,267,38,2017,True
20170925,2017-09-25,2017,3,2017-Q3,9,September,září,2017-09,2017-09-01,25,1,Monday,pondělí,268,39,2017,False
20170926,2017-09-26,2017,3,2017-Q3,9,September,září,2017-09,2017-09-01,26,2,Tuesday,úterý,269,39,2017,False
20170927,2017-09-27,2017,3,2017-Q3,9,September,září,2017-09,2017-09-01,27,3,Wednesday,středa,270,39,2017,False
20170928,2017-09-28,2017,3,2017-Q3,9,September,září,2017-09,2017-09-01,28,4,Thursday,čtvrtek,271,39,2017,False
20170929,2017-09-29,2017,3,2017-Q3,9,September,září,2017-09,2017-09-01,29,5,Friday,pátek,272,39,2017,False
20170930,2017-09-30,2017,3,2017-Q3,9,September,září,2017-09,2017-09-01,30,6,Saturday,sobota,273,39,2017,True
20171001,2017-10-01,2017,4,2017-Q4,10,October,říjen,2017-10,2017-10-01,1,7,Sunday,neděle,274,39,2017,True
20171002,2017-10-02,2017,4,2017-Q4,10,October,říjen,2017-10,2017-10-01,2,1,Monday,pondělí,275,40,2017,False
20171003,2017-10-03,2017,4,2017-Q4,10,October,říjen,2017-10,2017-10-01,3,2,Tuesday,úterý,276,40,2017,False
20171004,2017-10-04,2017,4,2017-Q4,10,October,říjen,2017-10,2017-10-01,4,3,Wednesday,středa,277,40,2017,False
20171005,2017-10-05,2017,4,2017-Q4,10,October,říjen,2017-10,2017-10-01,5,4,Thursday,čtvrtek,278,40,2017,False
20171006,2017-10-06,2017,4,2017-Q4,10,October,říjen,2017-10,2017-10-01,6,5,Friday,pátek,279,40,2017,False
20171007,2017-10-07,2017,4,2017-Q4,10,October,říjen,2017-10,2017-10-01,7,6,Saturday,sobota,280,40,2017,True
20171008,2017-10-08,2017,4,2017-Q4,10,October,říjen,2017-10,2017-10-01,8,7,Sunday,neděle,281,40,2017,True
20171009,2017-10-09,2017,4,2017-Q4,10,October,říjen,2017-10,2017-10-01,9,1,Monday,pondělí,282,41,2017,False
20171010,2017-10-10,2017,4,2017-Q4,10,October,říjen,2017-10,2017-10-01,10,2,Tuesday,úterý,283,41,2017,False
20171011,2017-10-11,2017,4,2017-Q4,10,October,říjen,2017-10,2017-10-01,11,3,Wednesday,středa,284,41,2017,False
20171012,2017-10-12,2017,4,2017-Q4,10,October,říjen,2017-10,2017-10-01,12,4,Thursday,čtvrtek,285,41,2017,False
20171013,2017-10-13,2017,4,2017-Q4,10,October,říjen,2017-10,2017-10-01,13,5,Friday,pátek,286,41,2017,False
20171014,2017-10-14,2017,4,2017-Q4,10,October,říjen,2017-10,2017-10-01,14,6,Saturday,sobota,287,41,2017,True
20171015,2017-10-15,2017,4,2017-Q4,10,October,říjen,2017-10,2017-10-01,15,7,Sunday,neděle,288,41,2017,True
20171016,2017-10-16,2017,4,2017-Q4,10,October,říjen,2017-10,2017-10-01,16,1,Monday,pondělí,289,42,2017,False
20171017,2017-10-17,2017,4,2017-Q4,10,October,říjen,2017-10,2017-10-01,17,2,Tuesday,úterý,290,42,2017,False
20171018,2017-10-18,2017,4,2017-Q4,10,October,říjen,2017-10,2017-10-01,18,3,Wednesday,středa,291,42,2017,False
20171019,2017-10-19,2017,4,2017-Q4,10,October,říjen,2017-10,2017-10-01,19,4,Thursday,čtvrtek,292,42,2017,False
20171020,2017-10-20,2017,4,2017-Q4,10,October,říjen,2017-10,2017-10-01,20,5,Friday,pátek,293,42,2017,False
20171021,2017-10-21,2017,4,2017-Q4,10,October,říjen,2017-10,2017-10-01,21,6,Saturday,sobota,294,42,2017,True
20171022,2017-10-22,2017,4,2017-Q4,10,October,říjen,2017-10,2017-10-01,22,7,Sunday,neděle,295,42,2017,True
20171023,2017-10-23,2017,4,2017-Q4,10,October,říjen,2017-10,2017-10-01,23,1,Monday,pondělí,296,43,2017,False
20171024,2017-10-24,2017,4,2017-Q4,10,October,říjen,2017-10,2017-10-01,24,2,Tuesday,úterý,297,43,2017,False
20171025,2017-10-25,2017,4,2017-Q4,10,October,říjen,2017-10,2017-10-01,25,3,Wednesday,středa,298,43,2017,False
20171026,2017-10-26,2017,4,2017-Q4,10,October,říjen,2017-10,2017-10-01,26,4,Thursday,čtvrtek,299,43,2017,False
20171027,2017-10-27,2017,4,2017-Q4,10,October,říjen,2017-10,2017-10-01,27,5,Friday,pátek,300,43,2017,False
20171028,2017-10-28,2017,4,2017-Q4,10,October,říjen,2017-10,2017-10-01,28,6,Saturday,sobota,301,43,2017,True
20171029,2017-10-29,2017,4,2017-Q4,10,October,říjen,2017-10,2017-10-01,29,7,Sunday,neděle,302,43,2017,True
20171030,2017-10-30,2017,4,2017-Q4,10,October,říjen,2017-10,2017-10-01,30,1,Monday,pondělí,303,44,2017,False
20171031,2017-10-31,2017,4,2017-Q4,10,October,říjen,2017-10,2017-10-01,31,2,Tuesday,úterý,304,44,2017,False
20171101,2017-11-01,2017,4,2017-Q4,11,November,listopad,2017-11,2017-11-01,1,3,Wednesday,středa,305,44,2017,False
20171102,2017-11-02,2017,4,2017-Q4,11,November,listopad,2017-11,2017-11-01,2,4,Thursday,čtvrtek,306,44,2017,False
20171103,2017-11-03,2017,4,2017-Q4,11,November,listopad,2017-11,2017-11-01,3,5,Friday,pátek,307,44,2017,False
20171104,2017-11-04,2017,4,2017-Q4,11,November,listopad,2017-11,2017-11-01,4,6,Saturday,sobota,308,44,2017,True
20171105,2017-11-05,2017,4,2017-Q4,11,November,listopad,2017-11,2017-11-01,5,7,Sunday,neděle,309,44,2017,True
20171106,2017-11-06,2017,4,2017-Q4,11,November,listopad,2017-11,2017-11-01,6,1,Monday,pondělí,310,45,2017,False
20171107,2017-11-07,2017,4,2017-Q4,11,November,listopad,2017-11,2017-11-01,7,2,Tuesday,úterý,311,45,2017,False
20171108,2017-11-08,2017,4,2017-Q4,11,November,listopad,2017-11,2017-11-01,8,3,Wednesday,středa,312,45,2017,False
20171109,2017-11-09,2017,4,2017-Q4,11,November,listopad,2017-11,2017-11-01,9,4,Thursday,čtvrtek,313,45,2017,False
20171110,2017-11-10,2017,4,2017-Q4,11,November,listopad,2017-11,2017-11-01,10,5,Friday,pátek,314,45,2017,False
20171111,2017-11-11,2017,4,2017-Q4,11,November,listopad,2017-11,2017-11-01,11,6,Saturday,sobota,315,45,2017,True
20171112,2017-11-12,2017,4,2017-Q4,11,November,listopad,2017-11,2017-11-01,12,7,Sunday,neděle,316,45,2017,True
20171113,2017-11-13,2017,4,2017-Q4,11,November,listopad,2017-11,2017-11-01,13,1,Monday,pondělí,317,46,2017,False
20171114,2017-11-14,2017,4,2017-Q4,11,November,listopad,2017-11,2017-11-01,14,2,Tuesday,úterý,318,46,2017,False
20171115,2017-11-15,2017,4,2017-Q4,11,November,listopad,2017-11,2017-11-01,15,3,Wednesday,středa,319,46,2017,False
20171116,2017-11-16,2017,4,2017-Q4,11,November,listopad,2017-11,2017-11-01,16,4,Thursday,čtvrtek,320,46,2017,False
20171117,2017-11-17,2017,4,2017-Q4,11,November,listopad,2017-11,2017-11-01,17,5,Friday,pátek,321,46,2017,False
20171118,2017-11-18,2017,4,2017-Q4,11,November,listopad,2017-11,2017-11-01,18,6,Saturday,sobota,322,46,2017,True
20171119,2017-11-19,2017,4,2017-Q4,11,November,listopad,2017-11,2017-11-01,19,7,Sunday,neděle,323,46,2017,True
20171120,2017-11-20,2017,4,2017-Q4,11,November,listopad,2017-11,2017-11-01,20,1,Monday,pondělí,324,47,2017,False
20171121,2017-11-21,2017,4,2017-Q4,11,November,listopad,2017-11,2017-11-01,21,2,Tuesday,úterý,325,47,2017,False
20171122,2017-11-22,2017,4,2017-Q4,11,November,listopad,2017-11,2017-11-01,22,3,Wednesday,středa,326,47,2017,False
20171123,2017-11-23,2017,4,2017-Q4,11,November,listopad,2017-11,2017-11-01,23,4,Thursday,čtvrtek,327,47,2017,False
20171124,2017-11-24,2017,4,2017-Q4,11,November,listopad,2017-11,2017-11-01,24,5,Friday,pátek,328,47,2017,False
20171125,2017-11-25,2017,4,2017-Q4,11,November,listopad,2017-11,2017-11-01,25,6,Saturday,sobota,329,47,2017,True
20171126,2017-11-26,2017,4,2017-Q4,11,November,listopad,2017-11,2017-11-01,26,7,Sunday,neděle,330,47,2017,True
20171127,2017-11-27,2017,4,2017-Q4,11,November,listopad,2017-11,2017-11-01,27,1,Monday,pondělí,331,48,2017,False
20171128,2017-11-28,2017,4,2017-Q4,11,November,listopad,2017-11,2017-11-01,28,2,Tuesday,úterý,332,48,2017,False
20171129,2017-11-29,2017,4,2017-Q4,11,November,listopad,2017-11,2017-11-01,29,3,Wednesday,středa,333,48,2017,False
20171130,2017-11-30,2017,4,2017-Q4,11,November,listopad,2017-11,2017-11-01,30,4,Thursday,čtvrtek,334,48,2017,False
20171201,2017-12-01,2017,4,2017-Q4,12,December,prosinec,2017-12,2017-12-01,1,5,Friday,pátek,335,48,2017,False
20171202,2017-12-02,2017,4,2017-Q4,12,December,prosinec,2017-12,2017-12-01,2,6,Saturday,sobota,336,48,2017,True
20171203,2017-12-03,2017,4,2017-Q4,12,December,prosinec,2017-12,2017-12-01,3,7,Sunday,neděle,337,48,2017,True
20171204,2017-12-04,2017,4,2017-Q4,12,December,prosinec,2017-12,2017-12-01,4,1,Monday,pondělí,338,49,2017,False
20171205,2017-12-05,2017,4,2017-Q4,12,December,prosinec,2017-12,2017-12-01,5,2,Tuesday,úterý,339,49,2017,False
20171206,2017-12-06,2017,4,2017-Q4,12,December,prosinec,2017-12,2017-12-01,6,3,Wednesday,středa,340,49,2017,False
20171207,2017-12-07,2017,4,2017-Q4,12,December,prosinec,2017-12,2017-12-01,7,4,Thursday,čtvrtek,341,49,2017,False
20171208,2017-12-08,2017,4,2017-Q4,12,December,prosinec,2017-12,2017-12-01,8,5,Friday,pátek,342,49,2017,False
20171209,2017-12-09,2017,4,2017-Q4,12,December,prosinec,2017-12,2017-12-01,9,6,Saturday,sobota,343,49,2017,True
20171210,2017-12-10,2017,4,2017-Q4,12,December,prosinec,2017-12,2017-12-01,10,7,Sunday,neděle,344,49,2017,True
20171211,2017-12-11,2017,4,2017-Q4,12,December,prosinec,2017-12,2017-12-01,11,1,Monday,pondělí,345,50,2017,False
20171212,2017-12-12,2017,4,2017-Q4,12,December,prosinec,2017-12,2017-12-01,12,2,Tuesday,úterý,346,50,2017,False
20171213,2017-12-13,2017,4,2017-Q4,12,December,prosinec,2017-12,2017-12-01,13,3,Wednesday,středa,347,50,2017,False
20171214,2017-12-14,2017,4,2017-Q4,12,December,prosinec,2017-12,2017-12-01,14,4,Thursday,čtvrtek,348,50,2017,False
20171215,2017-12-15,2017,4,2017-Q4,12,December,prosinec,2017-12,2017-12-01,15,5,Friday,pátek,349,50,2017,False
20171216,2017-12-16,2017,4,2017-Q4,12,December,prosinec,2017-12,2017-12-01,16,6,Saturday,sobota,350,50,2017,True
20171217,2017-12-17,2017,4,2017-Q4,12,December,prosinec,2017-12,2017-12-01,17,7,Sunday,neděle,351,50,2017,True
20171218,2017-12-18,2017,4,2017-Q4,12,December,prosinec,2017-12,2017-12-01,18,1,Monday,pondělí,352,51,2017,False
20171219,2017-12-19,2017,4,2017-Q4,12,December,prosinec,2017-12,2017-12-01,19,2,Tuesday,úterý,353,51,2017,False
20171220,2017-12-20,2017,4,2017-Q4,12,December,prosinec,2017-12,2017-12-01,20,3,Wednesday,středa,354,51,2017,False
20171221,2017-12-21,2017,4,2017-Q4,12,December,prosinec,2017-12,2017-12-01,21,4,Thursday,čtvrtek,355,51,2017,False
20171222,2017-12-22,2017,4,2017-Q4,12,December,prosinec,2017-12,2017-12-01,22,5,Friday,pátek,356,51,2017,False
20171223,2017-12-23,2017,4,2017-Q4,12,December,prosinec,2017-12,2017-12-01,23,6,Saturday,sobota,357,51,2017,True
20171224,2017-12-24,2017,4,2017-Q4,12,December,prosinec,2017-12,2017-12-01,24,7,Sunday,neděle,358,51,2017,True
20171225,2017-12-25,2017,4,2017-Q4,12,December,prosinec,2017-12,2017-12-01,25,1,Monday,pondělí,359,52,2017,False
20171226,2017-12-26,2017,4,2017-Q4,12,December,prosinec,2017-12,2017-12-01,26,2,Tuesday,úterý,360,52,2017,False
20171227,2017-12-27,2017,4,2017-Q4,12,December,prosinec,2017-12,2017-12-01,27,3,Wednesday,středa,361,52,2017,False
20171228,2017-12-28,2017,4,2017-Q4,12,December,prosinec,2017-12,2017-12-01,28,4,Thursday,čtvrtek,362,52,2017,False
20171229,2017-12-29,2017,4,2017-Q4,12,December,prosinec,2017-12,2017-12-01,29,5,Friday,pátek,363,52,2017,False
20171230,2017-12-30,2017,4,2017-Q4,12,December,prosinec,2017-12,2017-12-01,30,6,Saturday,sobota,364,52,2017,True
20171231,2017-12-31,2017,4,2017-Q4,12,December,prosinec,2017-12,2017-12-01,31,7,Sunday,neděle,365,52,2017,True
20180101,2018-01-01,2018,1,2018-Q1,1,January,leden,2018-01,2018-01-01,1,1,Monday,pondělí,1,1,2018,False
20180102,2018-01-02,2018,1,2018-Q1,1,January,leden,2018-01,2018-01-01,2,2,Tuesday,úterý,2,1,2018,False
20180103,2018-01-03,2018,1,2018-Q1,1,January,leden,2018-01,2018-01-01,3,3,Wednesday,středa,3,1,2018,False
20180104,2018-01-04,2018,1,2018-Q1,1,January,leden,2018-01,2018-01-01,4,4,Thursday,čtvrtek,4,1,2018,False
20180105,2018-01-05,2018,1,2018-Q1,1,January,leden,2018-01,2018-01-01,5,5,Friday,pátek,5,1,2018,False
20180106,2018-01-06,2018,1,2018-Q1,1,January,leden,2018-01,2018-01-01,6,6,Saturday,sobota,6,1,2018,True
20180107,2018-01-07,2018,1,2018-Q1,1,January,leden,2018-01,2018-01-01,7,7,Sunday,neděle,7,1,2018,True
20180108,2018-01-08,2018,1,2018-Q1,1,January,leden,2018-01,2018-01-01,8,1,Monday,pondělí,8,2,2018,False
20180109,2018-01-09,2018,1,2018-Q1,1,January,leden,2018-01,2018-01-01,9,2,Tuesday,úterý,9,2,2018,False
20180110,2018-01-10,2018,1,2018-Q1,1,January,leden,2018-01,2018-01-01,10,3,Wednesday,středa,10,2,2018,False
20180111,2018-01-11,2018,1,2018-Q1,1,January,leden,2018-01,2018-01-01,11,4,Thursday,čtvrtek,11,2,2018,False
20180112,2018-01-12,2018,1,2018-Q1,1,January,leden,2018-01,2018-01-01,12,5,Friday,pátek,12,2,2018,False
20180113,2018-01-13,2018,1,2018-Q1,1,January,leden,2018-01,2018-01-01,13,6,Saturday,sobota,13,2,2018,True
20180114,2018-01-14,2018,1,2018-Q1,1,January,leden,2018-01,2018-01-01,14,7,Sunday,neděle,14,2,2018,True
20180115,2018-01-15,2018,1,2018-Q1,1,January,leden,2018-01,2018-01-01,15,1,Monday,pondělí,15,3,2018,False
20180116,2018-01-16,2018,1,2018-Q1,1,January,leden,2018-01,2018-01-01,16,2,Tuesday,úterý,16,3,2018,False
20180117,2018-01-17,2018,1,2018-Q1,1,January,leden,2018-01,2018-01-01,17,3,Wednesday,středa,17,3,2018,False
20180118,2018-01-18,2018,1,2018-Q1,1,January,leden,2018-01,2018-01-01,18,4,Thursday,čtvrtek,18,3,2018,False
20180119,2018-01-19,2018,1,2018-Q1,1,January,leden,2018-01,2018-01-01,19,5,Friday,pátek,19,3,2018,False
20180120,2018-01-20,2018,1,2018-Q1,1,January,leden,2018-01,2018-01-01,20,6,Saturday,sobota,20,3,2018,True
20180121,2018-01-21,2018,1,2018-Q1,1,January,leden,2018-01,2018-01-01,21,7,Sunday,neděle,21,3,2018,True
20180122,2018-01-22,2018,1,2018-Q1,1,January,leden,2018-01,2018-01-01,22,1,Monday,pondělí,22,4,2018,False
20180123,2018-01-23,2018,1,2018-Q1,1,January,leden,2018-01,2018-01-01,23,2,Tuesday,úterý,23,4,2018,False
20180124,2018-01-24,2018,1,2018-Q1,1,January,leden,2018-01,2018-01-01,24,3,Wednesday,středa,24,4,2018,False
20180125,2018-01-25,2018,1,2018-Q1,1,January,leden,2018-01,2018-01-01,25,4,Thursday,čtvrtek,25,4,2018,False
20180126,2018-01-26,2018,1,2018-Q1,1,January,leden,2018-01,2018-01-01,26,5,Friday,pátek,26,4,2018,False
20180127,2018-01-27,2018,1,2018-Q1,1,January,leden,2018-01,2018-01-01,27,6,Saturday,sobota,27,4,2018,True
20180128,2018-01-28,2018,1,2018-Q1,1,January,leden,2018-01,2018-01-01,28,7,Sunday,neděle,28,4,2018,True
20180129,2018-01-29,2018,1,2018-Q1,1,January,leden,2018-01,2018-01-01,29,1,Monday,pondělí,29,5,2018,False
20180130,2018-01-30,2018,1,2018-Q1,1,January,leden,2018-01,2018-01-01,30,2,Tuesday,úterý,30,5,2018,False
20180131,2018-01-31,2018,1,2018-Q1,1,January,leden,2018-01,2018-01-01,31,3,Wednesday,středa,31,5,2018,False
20180201,2018-02-01,2018,1,2018-Q1,2,February,únor,2018-02,2018-02-01,1,4,Thursday,čtvrtek,32,5,2018,False
20180202,2018-02-02,2018,1,2018-Q1,2,February,únor,2018-02,2018-02-01,2,5,Friday,pátek,33,5,2018,False
20180203,2018-02-03,2018,1,2018-Q1,2,February,únor,2018-02,2018-02-01,3,6,Saturday,sobota,34,5,2018,True
20180204,2018-02-04,2018,1,2018-Q1,2,February,únor,2018-02,2018-02-01,4,7,Sunday,neděle,35,5,2018,True
20180205,2018-02-05,2018,1,2018-Q1,2,February,únor,2018-02,2018-02-01,5,1,Monday,pondělí,36,6,2018,False
20180206,2018-02-06,2018,1,2018-Q1,2,February,únor,2018-02,2018-02-01,6,2,Tuesday,úterý,37,6,2018,False
20180207,2018-02-07,2018,1,2018-Q1,2,February,únor,2018-02,2018-02-01,7,3,Wednesday,středa,38,6,2018,False
20180208,2018-02-08,2018,1,2018-Q1,2,February,únor,2018-02,2018-02-01,8,4,Thursday,čtvrtek,39,6,2018,False
20180209,2018-02-09,2018,1,2018-Q1,2,February,únor,2018-02,2018-02-01,9,5,Friday,pátek,40,6,2018,False
20180210,2018-02-10,2018,1,2018-Q1,2,February,únor,2018-02,2018-02-01,10,6,Saturday,sobota,41,6,2018,True
20180211,2018-02-11,2018,1,2018-Q1,2,February,únor,2018-02,2018-02-01,11,7,Sunday,neděle,42,6,2018,True
20180212,2018-02-12,2018,1,2018-Q1,2,February,únor,2018-02,2018-02-01,12,1,Monday,pondělí,43,7,2018,False
20180213,2018-02-13,2018,1,2018-Q1,2,February,únor,2018-02,2018-02-01,13,2,Tuesday,úterý,44,7,2018,False
20180214,2018-02-14,2018,1,2018-Q1,2,February,únor,2018-02,2018-02-01,14,3,Wednesday,středa,45,7,2018,False
20180215,2018-02-15,2018,1,2018-Q1,2,February,únor,2018-02,2018-02-01,15,4,Thursday,čtvrtek,46,7,2018,False
20180216,2018-02-16,2018,1,2018-Q1,2,February,únor,2018-02,2018-02-01,16,5,Friday,pátek,47,7,2018,False
20180217,2018-02-17,2018,1,2018-Q1,2,February,únor,2018-02,2018-02-01,17,6,Saturday,sobota,48,7,2018,True
20180218,2018-02-18,2018,1,2018-Q1,2,February,únor,2018-02,2018-02-01,18,7,Sunday,neděle,49,7,2018,True
20180219,2018-02-19,2018,1,2018-Q1,2,February,únor,2018-02,2018-02-01,19,1,Monday,pondělí,50,8,2018,False
20180220,2018-02-20,2018,1,2018-Q1,2,February,únor,2018-02,2018-02-01,20,2,Tuesday,úterý,51,8,2018,False
20180221,2018-02-21,2018,1,2018-Q1,2,February,únor,2018-02,2018-02-01,21,3,Wednesday,středa,52,8,2018,False
20180222,2018-02-22,2018,1,2018-Q1,2,February,únor,2018-02,2018-02-01,22,4,Thursday,čtvrtek,53,8,2018,False
20180223,2018-02-23,2018,1,2018-Q1,2,February,únor,2018-02,2018-02-01,23,5,Friday,pátek,54,8,2018,False
20180224,2018-02-24,2018,1,2018-Q1,2,February,únor,2018-02,2018-02-01,24,6,Saturday,sobota,55,8,2018,True
20180225,2018-02-25,2018,1,2018-Q1,2,February,únor,2018-02,2018-02-01,25,7,Sunday,neděle,56,8,2018,True
20180226,2018-02-26,2018,1,2018-Q1,2,February,únor,2018-02,2018-02-01,26,1,Monday,pondělí,57,9,2018,False
20180227,2018-02-27,2018,1,2018-Q1,2,February,únor,2018-02,2018-02-01,27,2,Tuesday,úterý,58,9,2018,False
20180228,2018-02-28,2018,1,2018-Q1,2,February,únor,2018-02,2018-02-01,28,3,Wednesday,středa,59,9,2018,False
20180301,2018-03-01,2018,1,2018-Q1,3,March,březen,2018-03,2018-03-01,1,4,Thursday,čtvrtek,60,9,2018,False
20180302,2018-03-02,2018,1,2018-Q1,3,March,březen,2018-03,2018-03-01,2,5,Friday,pátek,61,9,2018,False
20180303,2018-03-03,2018,1,2018-Q1,3,March,březen,2018-03,2018-03-01,3,6,Saturday,sobota,62,9,2018,True
20180304,2018-03-04,2018,1,2018-Q1,3,March,březen,2018-03,2018-03-01,4,7,Sunday,neděle,63,9,2018,True
20180305,2018-03-05,2018,1,2018-Q1,3,March,březen,2018-03,2018-03-01,5,1,Monday,pondělí,64,10,2018,False
20180306,2018-03-06,2018,1,2018-Q1,3,March,březen,2018-03,2018-03-01,6,2,Tuesday,úterý,65,10,2018,False
20180307,2018-03-07,2018,1,2018-Q1,3,March,březen,2018-03,2018-03-01,7,3,Wednesday,středa,66,10,2018,False
20180308,2018-03-08,2018,1,2018-Q1,3,March,březen,2018-03,2018-03-01,8,4,Thursday,čtvrtek,67,10,2018,False
20180309,2018-03-09,2018,1,2018-Q1,3,March,březen,2018-03,2018-03-01,9,5,Friday,pátek,68,10,2018,False
20180310,2018-03-10,2018,1,2018-Q1,3,March,březen,2018-03,2018-03-01,10,6,Saturday,sobota,69,10,2018,True
20180311,2018-03-11,2018,1,2018-Q1,3,March,březen,2018-03,2018-03-01,11,7,Sunday,neděle,70,10,2018,True
20180312,2018-03-12,2018,1,2018-Q1,3,March,březen,2018-03,2018-03-01,12,1,Monday,pondělí,71,11,2018,False
20180313,2018-03-13,2018,1,2018-Q1,3,March,březen,2018-03,2018-03-01,13,2,Tuesday,úterý,72,11,2018,False
20180314,2018-03-14,2018,1,2018-Q1,3,March,březen,2018-03,2018-03-01,14,3,Wednesday,středa,73,11,2018,False
20180315,2018-03-15,2018,1,2018-Q1,3,March,březen,2018-03,2018-03-01,15,4,Thursday,čtvrtek,74,11,2018,False
20180316,2018-03-16,2018,1,2018-Q1,3,March,březen,2018-03,2018-03-01,16,5,Friday,pátek,75,11,2018,False
20180317,2018-03-17,2018,1,2018-Q1,3,March,březen,2018-03,2018-03-01,17,6,Saturday,sobota,76,11,2018,True
20180318,2018-03-18,2018,1,2018-Q1,3,March,březen,2018-03,2018-03-01,18,7,Sunday,neděle,77,11,2018,True
20180319,2018-03-19,2018,1,2018-Q1,3,March,březen,2018-03,2018-03-01,19,1,Monday,pondělí,78,12,2018,False
20180320,2018-03-20,2018,1,2018-Q1,3,March,březen,2018-03,2018-03-01,20,2,Tuesday,úterý,79,12,2018,False
20180321,2018-03-21,2018,1,2018-Q1,3,March,březen,2018-03,2018-03-01,21,3,Wednesday,středa,80,12,2018,False
20180322,2018-03-22,2018,1,2018-Q1,3,March,březen,2018-03,2018-03-01,22,4,Thursday,čtvrtek,81,12,2018,False
20180323,2018-03-23,2018,1,2018-Q1,3,March,březen,2018-03,2018-03-01,23,5,Friday,pátek,82,12,2018,False
20180324,2018-03-24,2018,1,2018-Q1,3,March,březen,2018-03,2018-03-01,24,6,Saturday,sobota,83,12,2018,True
20180325,2018-03-25,2018,1,2018-Q1,3,March,březen,2018-03,2018-03-01,25,7,Sunday,neděle,84,12,2018,True
20180326,2018-03-26,2018,1,2018-Q1,3,March,březen,2018-03,2018-03-01,26,1,Monday,pondělí,85,13,2018,False
20180327,2018-03-27,2018,1,2018-Q1,3,March,březen,2018-03,2018-03-01,27,2,Tuesday,úterý,86,13,2018,False
20180328,2018-03-28,2018,1,2018-Q1,3,March,březen,2018-03,2018-03-01,28,3,Wednesday,středa,87,13,2018,False
20180329,2018-03-29,2018,1,2018-Q1,3,March,březen,2018-03,2018-03-01,29,4,Thursday,čtvrtek,88,13,2018,False
20180330,2018-03-30,2018,1,2018-Q1,3,March,březen,2018-03,2018-03-01,30,5,Friday,pátek,89,13,2018,False
20180331,2018-03-31,2018,1,2018-Q1,3,March,březen,2018-03,2018-03-01,31,6,Saturday,sobota,90,13,2018,True
20180401,2018-04-01,2018,2,2018-Q2,4,April,duben,2018-04,2018-04-01,1,7,Sunday,neděle,91,13,2018,True
20180402,2018-04-02,2018,2,2018-Q2,4,April,duben,2018-04,2018-04-01,2,1,Monday,pondělí,92,14,2018,False
20180403,2018-04-03,2018,2,2018-Q2,4,April,duben,2018-04,2018-04-01,3,2,Tuesday,úterý,93,14,2018,False
20180404,2018-04-04,2018,2,2018-Q2,4,April,duben,2018-04,2018-04-01,4,3,Wednesday,středa,94,14,2018,False
20180405,2018-04-05,2018,2,2018-Q2,4,April,duben,2018-04,2018-04-01,5,4,Thursday,čtvrtek,95,14,2018,False
20180406,2018-04-06,2018,2,2018-Q2,4,April,duben,2018-04,2018-04-01,6,5,Friday,pátek,96,14,2018,False
20180407,2018-04-07,2018,2,2018-Q2,4,April,duben,2018-04,2018-04-01,7,6,Saturday,sobota,97,14,2018,True
20180408,2018-04-08,2018,2,2018-Q2,4,April,duben,2018-04,2018-04-01,8,7,Sunday,neděle,98,14,2018,True
20180409,2018-04-09,2018,2,2018-Q2,4,April,duben,2018-04,2018-04-01,9,1,Monday,pondělí,99,15,2018,False
20180410,2018-04-10,2018,2,2018-Q2,4,April,duben,2018-04,2018-04-01,10,2,Tuesday,úterý,100,15,2018,False
20180411,2018-04-11,2018,2,2018-Q2,4,April,duben,2018-04,2018-04-01,11,3,Wednesday,středa,101,15,2018,False
20180412,2018-04-12,2018,2,2018-Q2,4,April,duben,2018-04,2018-04-01,12,4,Thursday,čtvrtek,102,15,2018,False
20180413,2018-04-13,2018,2,2018-Q2,4,April,duben,2018-04,2018-04-01,13,5,Friday,pátek,103,15,2018,False
20180414,2018-04-14,2018,2,2018-Q2,4,April,duben,2018-04,2018-04-01,14,6,Saturday,sobota,104,15,2018,True
20180415,2018-04-15,2018,2,2018-Q2,4,April,duben,2018-04,2018-04-01,15,7,Sunday,neděle,105,15,2018,True
20180416,2018-04-16,2018,2,2018-Q2,4,April,duben,2018-04,2018-04-01,16,1,Monday,pondělí,106,16,2018,False
20180417,2018-04-17,2018,2,2018-Q2,4,April,duben,2018-04,2018-04-01,17,2,Tuesday,úterý,107,16,2018,False
20180418,2018-04-18,2018,2,2018-Q2,4,April,duben,2018-04,2018-04-01,18,3,Wednesday,středa,108,16,2018,False
20180419,2018-04-19,2018,2,2018-Q2,4,April,duben,2018-04,2018-04-01,19,4,Thursday,čtvrtek,109,16,2018,False
20180420,2018-04-20,2018,2,2018-Q2,4,April,duben,2018-04,2018-04-01,20,5,Friday,pátek,110,16,2018,False
20180421,2018-04-21,2018,2,2018-Q2,4,April,duben,2018-04,2018-04-01,21,6,Saturday,sobota,111,16,2018,True
20180422,2018-04-22,2018,2,2018-Q2,4,April,duben,2018-04,2018-04-01,22,7,Sunday,neděle,112,16,2018,True
20180423,2018-04-23,2018,2,2018-Q2,4,April,duben,2018-04,2018-04-01,23,1,Monday,pondělí,113,17,2018,False
20180424,2018-04-24,2018,2,2018-Q2,4,April,duben,2018-04,2018-04-01,24,2,Tuesday,úterý,114,17,2018,False
20180425,2018-04-25,2018,2,2018-Q2,4,April,duben,2018-04,2018-04-01,25,3,Wednesday,středa,115,17,2018,False
20180426,2018-04-26,2018,2,2018-Q2,4,April,duben,2018-04,2018-04-01,26,4,Thursday,čtvrtek,116,17,2018,False
20180427,2018-04-27,2018,2,2018-Q2,4,April,duben,2018-04,2018-04-01,27,5,Friday,pátek,117,17,2018,False
20180428,2018-04-28,2018,2,2018-Q2,4,April,duben,2018-04,2018-04-01,28,6,Saturday,sobota,118,17,2018,True
20180429,2018-04-29,2018,2,2018-Q2,4,April,duben,2018-04,2018-04-01,29,7,Sunday,neděle,119,17,2018,True
20180430,2018-04-30,2018,2,2018-Q2,4,April,duben,2018-04,2018-04-01,30,1,Monday,pondělí,120,18,2018,False
20180501,2018-05-01,2018,2,2018-Q2,5,May,květen,2018-05,2018-05-01,1,2,Tuesday,úterý,121,18,2018,False
20180502,2018-05-02,2018,2,2018-Q2,5,May,květen,2018-05,2018-05-01,2,3,Wednesday,středa,122,18,2018,False
20180503,2018-05-03,2018,2,2018-Q2,5,May,květen,2018-05,2018-05-01,3,4,Thursday,čtvrtek,123,18,2018,False
20180504,2018-05-04,2018,2,2018-Q2,5,May,květen,2018-05,2018-05-01,4,5,Friday,pátek,124,18,2018,False
20180505,2018-05-05,2018,2,2018-Q2,5,May,květen,2018-05,2018-05-01,5,6,Saturday,sobota,125,18,2018,True
20180506,2018-05-06,2018,2,2018-Q2,5,May,květen,2018-05,2018-05-01,6,7,Sunday,neděle,126,18,2018,True
20180507,2018-05-07,2018,2,2018-Q2,5,May,květen,2018-05,2018-05-01,7,1,Monday,pondělí,127,19,2018,False
20180508,2018-05-08,2018,2,2018-Q2,5,May,květen,2018-05,2018-05-01,8,2,Tuesday,úterý,128,19,2018,False
20180509,2018-05-09,2018,2,2018-Q2,5,May,květen,2018-05,2018-05-01,9,3,Wednesday,středa,129,19,2018,False
20180510,2018-05-10,2018,2,2018-Q2,5,May,květen,2018-05,2018-05-01,10,4,Thursday,čtvrtek,130,19,2018,False
20180511,2018-05-11,2018,2,2018-Q2,5,May,květen,2018-05,2018-05-01,11,5,Friday,pátek,131,19,2018,False
20180512,2018-05-12,2018,2,2018-Q2,5,May,květen,2018-05,2018-05-01,12,6,Saturday,sobota,132,19,2018,True
20180513,2018-05-13,2018,2,2018-Q2,5,May,květen,2018-05,2018-05-01,13,7,Sunday,neděle,133,19,2018,True
20180514,2018-05-14,2018,2,2018-Q2,5,May,květen,2018-05,2018-05-01,14,1,Monday,pondělí,134,20,2018,False
20180515,2018-05-15,2018,2,2018-Q2,5,May,květen,2018-05,2018-05-01,15,2,Tuesday,úterý,135,20,2018,False
20180516,2018-05-16,2018,2,2018-Q2,5,May,květen,2018-05,2018-05-01,16,3,Wednesday,středa,136,20,2018,False
20180517,2018-05-17,2018,2,2018-Q2,5,May,květen,2018-05,2018-05-01,17,4,Thursday,čtvrtek,137,20,2018,False
20180518,2018-05-18,2018,2,2018-Q2,5,May,květen,2018-05,2018-05-01,18,5,Friday,pátek,138,20,2018,False
20180519,2018-05-19,2018,2,2018-Q2,5,May,květen,2018-05,2018-05-01,19,6,Saturday,sobota,139,20,2018,True
20180520,2018-05-20,2018,2,2018-Q2,5,May,květen,2018-05,2018-05-01,20,7,Sunday,neděle,140,20,2018,True
20180521,2018-05-21,2018,2,2018-Q2,5,May,květen,2018-05,2018-05-01,21,1,Monday,pondělí,141,21,2018,False
20180522,2018-05-22,2018,2,2018-Q2,5,May,květen,2018-05,2018-05-01,22,2,Tuesday,úterý,142,21,2018,False
20180523,2018-05-23,2018,2,2018-Q2,5,May,květen,2018-05,2018-05-01,23,3,Wednesday,středa,143,21,2018,False
20180524,2018-05-24,2018,2,2018-Q2,5,May,květen,2018-05,2018-05-01,24,4,Thursday,čtvrtek,144,21,2018,False
20180525,2018-05-25,2018,2,2018-Q2,5,May,květen,2018-05,2018-05-01,25,5,Friday,pátek,145,21,2018,False
20180526,2018-05-26,2018,2,2018-Q2,5,May,květen,2018-05,2018-05-01,26,6,Saturday,sobota,146,21,2018,True
20180527,2018-05-27,2018,2,2018-Q2,5,May,květen,2018-05,2018-05-01,27,7,Sunday,neděle,147,21,2018,True
20180528,2018-05-28,2018,2,2018-Q2,5,May,květen,2018-05,2018-05-01,28,1,Monday,pondělí,148,22,2018,False
20180529,2018-05-29,2018,2,2018-Q2,5,May,květen,2018-05,2018-05-01,29,2,Tuesday,úterý,149,22,2018,False
20180530,2018-05-30,2018,2,2018-Q2,5,May,květen,2018-05,2018-05-01,30,3,Wednesday,středa,150,22,2018,False
20180531,2018-05-31,2018,2,2018-Q2,5,May,květen,2018-05,2018-05-01,31,4,Thursday,čtvrtek,151,22,2018,False
20180601,2018-06-01,2018,2,2018-Q2,6,June,červen,2018-06,2018-06-01,1,5,Friday,pátek,152,22,2018,False
20180602,2018-06-02,2018,2,2018-Q2,6,June,červen,2018-06,2018-06-01,2,6,Saturday,sobota,153,22,2018,True
20180603,2018-06-03,2018,2,2018-Q2,6,June,červen,2018-06,2018-06-01,3,7,Sunday,neděle,154,22,2018,True
20180604,2018-06-04,2018,2,2018-Q2,6,June,červen,2018-06,2018-06-01,4,1,Monday,pondělí,155,23,2018,False
20180605,2018-06-05,2018,2,2018-Q2,6,June,červen,2018-06,2018-06-01,5,2,Tuesday,úterý,156,23,2018,False
20180606,2018-06-06,2018,2,2018-Q2,6,June,červen,2018-06,2018-06-01,6,3,Wednesday,středa,157,23,2018,False
20180607,2018-06-07,2018,2,2018-Q2,6,June,červen,2018-06,2018-06-01,7,4,Thursday,čtvrtek,158,23,2018,False
20180608,2018-06-08,2018,2,2018-Q2,6,June,červen,2018-06,2018-06-01,8,5,Friday,pátek,159,23,2018,False
20180609,2018-06-09,2018,2,2018-Q2,6,June,červen,2018-06,2018-06-01,9,6,Saturday,sobota,160,23,2018,True
20180610,2018-06-10,2018,2,2018-Q2,6,June,červen,2018-06,2018-06-01,10,7,Sunday,neděle,161,23,2018,True
20180611,2018-06-11,2018,2,2018-Q2,6,June,červen,2018-06,2018-06-01,11,1,Monday,pondělí,162,24,2018,False
20180612,2018-06-12,2018,2,2018-Q2,6,June,červen,2018-06,2018-06-01,12,2,Tuesday,úterý,163,24,2018,False
20180613,2018-06-13,2018,2,2018-Q2,6,June,červen,2018-06,2018-06-01,13,3,Wednesday,středa,164,24,2018,False
20180614,2018-06-14,2018,2,2018-Q2,6,June,červen,2018-06,2018-06-01,14,4,Thursday,čtvrtek,165,24,2018,False
20180615,2018-06-15,2018,2,2018-Q2,6,June,červen,2018-06,2018-06-01,15,5,Friday,pátek,166,24,2018,False
20180616,2018-06-16,2018,2,2018-Q2,6,June,červen,2018-06,2018-06-01,16,6,Saturday,sobota,167,24,2018,True
20180617,2018-06-17,2018,2,2018-Q2,6,June,červen,2018-06,2018-06-01,17,7,Sunday,neděle,168,24,2018,True
20180618,2018-06-18,2018,2,2018-Q2,6,June,červen,2018-06,2018-06-01,18,1,Monday,pondělí,169,25,2018,False
20180619,2018-06-19,2018,2,2018-Q2,6,June,červen,2018-06,2018-06-01,19,2,Tuesday,úterý,170,25,2018,False
20180620,2018-06-20,2018,2,2018-Q2,6,June,červen,2018-06,2018-06-01,20,3,Wednesday,středa,171,25,2018,False
20180621,2018-06-21,2018,2,2018-Q2,6,June,červen,2018-06,2018-06-01,21,4,Thursday,čtvrtek,172,25,2018,False
20180622,2018-06-22,2018,2,2018-Q2,6,June,červen,2018-06,2018-06-01,22,5,Friday,pátek,173,25,2018,False
20180623,2018-06-23,2018,2,2018-Q2,6,June,červen,2018-06,2018-06-01,23,6,Saturday,sobota,174,25,2018,True
20180624,2018-06-24,2018,2,2018-Q2,6,June,červen,2018-06,2018-06-01,24,7,Sunday,neděle,175,25,2018,True
20180625,2018-06-25,2018,2,2018-Q2,6,June,červen,2018-06,2018-06-01,25,1,Monday,pondělí,176,26,2018,False
20180626,2018-06-26,2018,2,2018-Q2,6,June,červen,2018-06,2018-06-01,26,2,Tuesday,úterý,177,26,2018,False
20180627,2018-06-27,2018,2,2018-Q2,6,June,červen,2018-06,2018-06-01,27,3,Wednesday,středa,178,26,2018,False
20180628,2018-06-28,2018,2,2018-Q2,6,June,červen,2018-06,2018-06-01,28,4,Thursday,čtvrtek,179,26,2018,False
20180629,2018-06-29,2018,2,2018-Q2,6,June,červen,2018-06,2018-06-01,29,5,Friday,pátek,180,26,2018,False
20180630,2018-06-30,2018,2,2018-Q2,6,June,červen,2018-06,2018-06-01,30,6,Saturday,sobota,181,26,2018,True
20180701,2018-07-01,2018,3,2018-Q3,7,July,červenec,2018-07,2018-07-01,1,7,Sunday,neděle,182,26,2018,True
20180702,2018-07-02,2018,3,2018-Q3,7,July,červenec,2018-07,2018-07-01,2,1,Monday,pondělí,183,27,2018,False
20180703,2018-07-03,2018,3,2018-Q3,7,July,červenec,2018-07,2018-07-01,3,2,Tuesday,úterý,184,27,2018,False
20180704,2018-07-04,2018,3,2018-Q3,7,July,červenec,2018-07,2018-07-01,4,3,Wednesday,středa,185,27,2018,False
20180705,2018-07-05,2018,3,2018-Q3,7,July,červenec,2018-07,2018-07-01,5,4,Thursday,čtvrtek,186,27,2018,False
20180706,2018-07-06,2018,3,2018-Q3,7,July,červenec,2018-07,2018-07-01,6,5,Friday,pátek,187,27,2018,False
20180707,2018-07-07,2018,3,2018-Q3,7,July,červenec,2018-07,2018-07-01,7,6,Saturday,sobota,188,27,2018,True
20180708,2018-07-08,2018,3,2018-Q3,7,July,červenec,2018-07,2018-07-01,8,7,Sunday,neděle,189,27,2018,True
20180709,2018-07-09,2018,3,2018-Q3,7,July,červenec,2018-07,2018-07-01,9,1,Monday,pondělí,190,28,2018,False
20180710,2018-07-10,2018,3,2018-Q3,7,July,červenec,2018-07,2018-07-01,10,2,Tuesday,úterý,191,28,2018,False
20180711,2018-07-11,2018,3,2018-Q3,7,July,červenec,2018-07,2018-07-01,11,3,Wednesday,středa,192,28,2018,False
20180712,2018-07-12,2018,3,2018-Q3,7,July,červenec,2018-07,2018-07-01,12,4,Thursday,čtvrtek,193,28,2018,False
20180713,2018-07-13,2018,3,2018-Q3,7,July,červenec,2018-07,2018-07-01,13,5,Friday,pátek,194,28,2018,False
20180714,2018-07-14,2018,3,2018-Q3,7,July,červenec,2018-07,2018-07-01,14,6,Saturday,sobota,195,28,2018,True
20180715,2018-07-15,2018,3,2018-Q3,7,July,červenec,2018-07,2018-07-01,15,7,Sunday,neděle,196,28,2018,True
20180716,2018-07-16,2018,3,2018-Q3,7,July,červenec,2018-07,2018-07-01,16,1,Monday,pondělí,197,29,2018,False
20180717,2018-07-17,2018,3,2018-Q3,7,July,červenec,2018-07,2018-07-01,17,2,Tuesday,úterý,198,29,2018,False
20180718,2018-07-18,2018,3,2018-Q3,7,July,červenec,2018-07,2018-07-01,18,3,Wednesday,středa,199,29,2018,False
20180719,2018-07-19,2018,3,2018-Q3,7,July,červenec,2018-07,2018-07-01,19,4,Thursday,čtvrtek,200,29,2018,False
20180720,2018-07-20,2018,3,2018-Q3,7,July,červenec,2018-07,2018-07-01,20,5,Friday,pátek,201,29,2018,False
20180721,2018-07-21,2018,3,2018-Q3,7,July,červenec,2018-07,2018-07-01,21,6,Saturday,sobota,202,29,2018,True
20180722,2018-07-22,2018,3,2018-Q3,7,July,červenec,2018-07,2018-07-01,22,7,Sunday,neděle,203,29,2018,True
20180723,2018-07-23,2018,3,2018-Q3,7,July,červenec,2018-07,2018-07-01,23,1,Monday,pondělí,204,30,2018,False
20180724,2018-07-24,2018,3,2018-Q3,7,July,červenec,2018-07,2018-07-01,24,2,Tuesday,úterý,205,30,2018,False
20180725,2018-07-25,2018,3,2018-Q3,7,July,červenec,2018-07,2018-07-01,25,3,Wednesday,středa,206,30,2018,False
20180726,2018-07-26,2018,3,2018-Q3,7,July,červenec,2018-07,2018-07-01,26,4,Thursday,čtvrtek,207,30,2018,False
20180727,2018-07-27,2018,3,2018-Q3,7,July,červenec,2018-07,2018-07-01,27,5,Friday,pátek,208,30,2018,False
20180728,2018-07-28,2018,3,2018-Q3,7,July,červenec,2018-07,2018-07-01,28,6,Saturday,sobota,209,30,2018,True
20180729,2018-07-29,2018,3,2018-Q3,7,July,červenec,2018-07,2018-07-01,29,7,Sunday,neděle,210,30,2018,True
20180730,2018-07-30,2018,3,2018-Q3,7,July,červenec,2018-07,2018-07-01,30,1,Monday,pondělí,211,31,2018,False
20180731,2018-07-31,2018,3,2018-Q3,7,July,červenec,2018-07,2018-07-01,31,2,Tuesday,úterý,212,31,2018,False
20180801,2018-08-01,2018,3,2018-Q3,8,August,srpen,2018-08,2018-08-01,1,3,Wednesday,středa,213,31,2018,False
20180802,2018-08-02,2018,3,2018-Q3,8,August,srpen,2018-08,2018-08-01,2,4,Thursday,čtvrtek,214,31,2018,False
20180803,2018-08-03,2018,3,2018-Q3,8,August,srpen,2018-08,2018-08-01,3,5,Friday,pátek,215,31,2018,False
20180804,2018-08-04,2018,3,2018-Q3,8,August,srpen,2018-08,2018-08-01,4,6,Saturday,sobota,216,31,2018,True
20180805,2018-08-05,2018,3,2018-Q3,8,August,srpen,2018-08,2018-08-01,5,7,Sunday,neděle,217,31,2018,True
20180806,2018-08-06,2018,3,2018-Q3,8,August,srpen,2018-08,2018-08-01,6,1,Monday,pondělí,218,32,2018,False
20180807,2018-08-07,2018,3,2018-Q3,8,August,srpen,2018-08,2018-08-01,7,2,Tuesday,úterý,219,32,2018,False
20180808,2018-08-08,2018,3,2018-Q3,8,August,srpen,2018-08,2018-08-01,8,3,Wednesday,středa,220,32,2018,False
20180809,2018-08-09,2018,3,2018-Q3,8,August,srpen,2018-08,2018-08-01,9,4,Thursday,čtvrtek,221,32,2018,False
20180810,2018-08-10,2018,3,2018-Q3,8,August,srpen,2018-08,2018-08-01,10,5,Friday,pátek,222,32,2018,False
20180811,2018-08-11,2018,3,2018-Q3,8,August,srpen,2018-08,2018-08-01,11,6,Saturday,sobota,223,32,2018,True
20180812,2018-08-12,2018,3,2018-Q3,8,August,srpen,2018-08,2018-08-01,12,7,Sunday,neděle,224,32,2018,True
20180813,2018-08-13,2018,3,2018-Q3,8,August,srpen,2018-08,2018-08-01,13,1,Monday,pondělí,225,33,2018,False
20180814,2018-08-14,2018,3,2018-Q3,8,August,srpen,2018-08,2018-08-01,14,2,Tuesday,úterý,226,33,2018,False
20180815,2018-08-15,2018,3,2018-Q3,8,August,srpen,2018-08,2018-08-01,15,3,Wednesday,středa,227,33,2018,False
20180816,2018-08-16,2018,3,2018-Q3,8,August,srpen,2018-08,2018-08-01,16,4,Thursday,čtvrtek,228,33,2018,False
20180817,2018-08-17,2018,3,2018-Q3,8,August,srpen,2018-08,2018-08-01,17,5,Friday,pátek,229,33,2018,False
20180818,2018-08-18,2018,3,2018-Q3,8,August,srpen,2018-08,2018-08-01,18,6,Saturday,sobota,230,33,2018,True
20180819,2018-08-19,2018,3,2018-Q3,8,August,srpen,2018-08,2018-08-01,19,7,Sunday,neděle,231,33,2018,True
20180820,2018-08-20,2018,3,2018-Q3,8,August,srpen,2018-08,2018-08-01,20,1,Monday,pondělí,232,34,2018,False
20180821,2018-08-21,2018,3,2018-Q3,8,August,srpen,2018-08,2018-08-01,21,2,Tuesday,úterý,233,34,2018,False
20180822,2018-08-22,2018,3,2018-Q3,8,August,srpen,2018-08,2018-08-01,22,3,Wednesday,středa,234,34,2018,False
20180823,2018-08-23,2018,3,2018-Q3,8,August,srpen,2018-08,2018-08-01,23,4,Thursday,čtvrtek,235,34,2018,False
20180824,2018-08-24,2018,3,2018-Q3,8,August,srpen,2018-08,2018-08-01,24,5,Friday,pátek,236,34,2018,False
20180825,2018-08-25,2018,3,2018-Q3,8,August,srpen,2018-08,2018-08-01,25,6,Saturday,sobota,237,34,2018,True
20180826,2018-08-26,2018,3,2018-Q3,8,August,srpen,2018-08,2018-08-01,26,7,Sunday,neděle,238,34,2018,True
20180827,2018-08-27,2018,3,2018-Q3,8,August,srpen,2018-08,2018-08-01,27,1,Monday,pondělí,239,35,2018,False
20180828,2018-08-28,2018,3,2018-Q3,8,August,srpen,2018-08,2018-08-01,28,2,Tuesday,úterý,240,35,2018,False
20180829,2018-08-29,2018,3,2018-Q3,8,August,srpen,2018-08,2018-08-01,29,3,Wednesday,středa,241,35,2018,False
20180830,2018-08-30,2018,3,2018-Q3,8,August,srpen,2018-08,2018-08-01,30,4,Thursday,čtvrtek,242,35,2018,False
20180831,2018-08-31,2018,3,2018-Q3,8,August,srpen,2018-08,2018-08-01,31,5,Friday,pátek,243,35,2018,False
20180901,2018-09-01,2018,3,2018-Q3,9,September,září,2018-09,2018-09-01,1,6,Saturday,sobota,244,35,2018,True
20180902,2018-09-02,2018,3,2018-Q3,9,September,září,2018-09,2018-09-01,2,7,Sunday,neděle,245,35,2018,True
20180903,2018-09-03,2018,3,2018-Q3,9,September,září,2018-09,2018-09-01,3,1,Monday,pondělí,246,36,2018,False
20180904,2018-09-04,2018,3,2018-Q3,9,September,září,2018-09,2018-09-01,4,2,Tuesday,úterý,247,36,2018,False
20180905,2018-09-05,2018,3,2018-Q3,9,September,září,2018-09,2018-09-01,5,3,Wednesday,středa,248,36,2018,False
20180906,2018-09-06,2018,3,2018-Q3,9,September,září,2018-09,2018-09-01,6,4,Thursday,čtvrtek,249,36,2018,False
20180907,2018-09-07,2018,3,2018-Q3,9,September,září,2018-09,2018-09-01,7,5,Friday,pátek,250,36,2018,False
20180908,2018-09-08,2018,3,2018-Q3,9,September,září,2018-09,2018-09-01,8,6,Saturday,sobota,251,36,2018,True
20180909,2018-09-09,2018,3,2018-Q3,9,September,září,2018-09,2018-09-01,9,7,Sunday,neděle,252,36,2018,True
20180910,2018-09-10,2018,3,2018-Q3,9,September,září,2018-09,2018-09-01,10,1,Monday,pondělí,253,37,2018,False
20180911,2018-09-11,2018,3,2018-Q3,9,September,září,2018-09,2018-09-01,11,2,Tuesday,úterý,254,37,2018,False
20180912,2018-09-12,2018,3,2018-Q3,9,September,září,2018-09,2018-09-01,12,3,Wednesday,středa,255,37,2018,False
20180913,2018-09-13,2018,3,2018-Q3,9,September,září,2018-09,2018-09-01,13,4,Thursday,čtvrtek,256,37,2018,False
20180914,2018-09-14,2018,3,2018-Q3,9,September,září,2018-09,2018-09-01,14,5,Friday,pátek,257,37,2018,False
20180915,2018-09-15,2018,3,2018-Q3,9,September,září,2018-09,2018-09-01,15,6,Saturday,sobota,258,37,2018,True
20180916,2018-09-16,2018,3,2018-Q3,9,September,září,2018-09,2018-09-01,16,7,Sunday,neděle,259,37,2018,True
20180917,2018-09-17,2018,3,2018-Q3,9,September,září,2018-09,2018-09-01,17,1,Monday,pondělí,260,38,2018,False
20180918,2018-09-18,2018,3,2018-Q3,9,September,září,2018-09,2018-09-01,18,2,Tuesday,úterý,261,38,2018,False
20180919,2018-09-19,2018,3,2018-Q3,9,September,září,2018-09,2018-09-01,19,3,Wednesday,středa,262,38,2018,False
20180920,2018-09-20,2018,3,2018-Q3,9,September,září,2018-09,2018-09-01,20,4,Thursday,čtvrtek,263,38,2018,False
20180921,2018-09-21,2018,3,2018-Q3,9,September,září,2018-09,2018-09-01,21,5,Friday,pátek,264,38,2018,False
20180922,2018-09-22,2018,3,2018-Q3,9,September,září,2018-09,2018-09-01,22,6,Saturday,sobota,265,38,2018,True
20180923,2018-09-23,2018,3,2018-Q3,9,September,září,2018-09,2018-09-01,23,7,Sunday,neděle,266,38,2018,True
20180924,2018-09-24,2018,3,2018-Q3,9,September,září,2018-09,2018-09-01,24,1,Monday,pondělí,267,39,2018,False
20180925,2018-09-25,2018,3,2018-Q3,9,September,září,2018-09,2018-09-01,25,2,Tuesday,úterý,268,39,2018,False
20180926,2018-09-26,2018,3,2018-Q3,9,September,září,2018-09,2018-09-01,26,3,Wednesday,středa,269,39,2018,False
20180927,2018-09-27,2018,3,2018-Q3,9,September,září,2018-09,2018-09-01,27,4,Thursday,čtvrtek,270,39,2018,False
20180928,2018-09-28,2018,3,2018-Q3,9,September,září,2018-09,2018-09-01,28,5,Friday,pátek,271,39,2018,False
20180929,2018-09-29,2018,3,2018-Q3,9,September,září,2018-09,2018-09-01,29,6,Saturday,sobota,272,39,2018,True
20180930,2018-09-30,2018,3,2018-Q3,9,September,září,2018-09,2018-09-01,30,7,Sunday,neděle,273,39,2018,True
20181001,2018-10-01,2018,4,2018-Q4,10,October,říjen,2018-10,2018-10-01,1,1,Monday,pondělí,274,40,2018,False
20181002,2018-10-02,2018,4,2018-Q4,10,October,říjen,2018-10,2018-10-01,2,2,Tuesday,úterý,275,40,2018,False
20181003,2018-10-03,2018,4,2018-Q4,10,October,říjen,2018-10,2018-10-01,3,3,Wednesday,středa,276,40,2018,False
20181004,2018-10-04,2018,4,2018-Q4,10,October,říjen,2018-10,2018-10-01,4,4,Thursday,čtvrtek,277,40,2018,False
20181005,2018-10-05,2018,4,2018-Q4,10,October,říjen,2018-10,2018-10-01,5,5,Friday,pátek,278,40,2018,False
20181006,2018-10-06,2018,4,2018-Q4,10,October,říjen,2018-10,2018-10-01,6,6,Saturday,sobota,279,40,2018,True
20181007,2018-10-07,2018,4,2018-Q4,10,October,říjen,2018-10,2018-10-01,7,7,Sunday,neděle,280,40,2018,True
20181008,2018-10-08,2018,4,2018-Q4,10,October,říjen,2018-10,2018-10-01,8,1,Monday,pondělí,281,41,2018,False
20181009,2018-10-09,2018,4,2018-Q4,10,October,říjen,2018-10,2018-10-01,9,2,Tuesday,úterý,282,41,2018,False
20181010,2018-10-10,2018,4,2018-Q4,10,October,říjen,2018-10,2018-10-01,10,3,Wednesday,středa,283,41,2018,False
20181011,2018-10-11,2018,4,2018-Q4,10,October,říjen,2018-10,2018-10-01,11,4,Thursday,čtvrtek,284,41,2018,False
20181012,2018-10-12,2018,4,2018-Q4,10,October,říjen,2018-10,2018-10-01,12,5,Friday,pátek,285,41,2018,False
20181013,2018-10-13,2018,4,2018-Q4,10,October,říjen,2018-10,2018-10-01,13,6,Saturday,sobota,286,41,2018,True
20181014,2018-10-14,2018,4,2018-Q4,10,October,říjen,2018-10,2018-10-01,14,7,Sunday,neděle,287,41,2018,True
20181015,2018-10-15,2018,4,2018-Q4,10,October,říjen,2018-10,2018-10-01,15,1,Monday,pondělí,288,42,2018,False
20181016,2018-10-16,2018,4,2018-Q4,10,October,říjen,2018-10,2018-10-01,16,2,Tuesday,úterý,289,42,2018,False
20181017,2018-10-17,2018,4,2018-Q4,10,October,říjen,2018-10,2018-10-01,17,3,Wednesday,středa,290,42,2018,False
20181018,2018-10-18,2018,4,2018-Q4,10,October,říjen,2018-10,2018-10-01,18,4,Thursday,čtvrtek,291,42,2018,False
20181019,2018-10-19,2018,4,2018-Q4,10,October,říjen,2018-10,2018-10-01,19,5,Friday,pátek,292,42,2018,False
20181020,2018-10-20,2018,4,2018-Q4,10,October,říjen,2018-10,2018-10-01,20,6,Saturday,sobota,293,42,2018,True
20181021,2018-10-21,2018,4,2018-Q4,10,October,říjen,2018-10,2018-10-01,21,7,Sunday,neděle,294,42,2018,True
20181022,2018-10-22,2018,4,2018-Q4,10,October,říjen,2018-10,2018-10-01,22,1,Monday,pondělí,295,43,2018,False
20181023,2018-10-23,2018,4,2018-Q4,10,October,říjen,2018-10,2018-10-01,23,2,Tuesday,úterý,296,43,2018,False
20181024,2018-10-24,2018,4,2018-Q4,10,October,říjen,2018-10,2018-10-01,24,3,Wednesday,středa,297,43,2018,False
20181025,2018-10-25,2018,4,2018-Q4,10,October,říjen,2018-10,2018-10-01,25,4,Thursday,čtvrtek,298,43,2018,False
20181026,2018-10-26,2018,4,2018-Q4,10,October,říjen,2018-10,2018-10-01,26,5,Friday,pátek,299,43,2018,False
20181027,2018-10-27,2018,4,2018-Q4,10,October,říjen,2018-10,2018-10-01,27,6,Saturday,sobota,300,43,2018,True
20181028,2018-10-28,2018,4,2018-Q4,10,October,říjen,2018-10,2018-10-01,28,7,Sunday,neděle,301,43,2018,True
20181029,2018-10-29,2018,4,2018-Q4,10,October,říjen,2018-10,2018-10-01,29,1,Monday,pondělí,302,44,2018,False
20181030,2018-10-30,2018,4,2018-Q4,10,October,říjen,2018-10,2018-10-01,30,2,Tuesday,úterý,303,44,2018,False
20181031,2018-10-31,2018,4,2018-Q4,10,October,říjen,2018-10,2018-10-01,31,3,Wednesday,středa,304,44,2018,False
20181101,2018-11-01,2018,4,2018-Q4,11,November,listopad,2018-11,2018-11-01,1,4,Thursday,čtvrtek,305,44,2018,False
20181102,2018-11-02,2018,4,2018-Q4,11,November,listopad,2018-11,2018-11-01,2,5,Friday,pátek,306,44,2018,False
20181103,2018-11-03,2018,4,2018-Q4,11,November,listopad,2018-11,2018-11-01,3,6,Saturday,sobota,307,44,2018,True
20181104,2018-11-04,2018,4,2018-Q4,11,November,listopad,2018-11,2018-11-01,4,7,Sunday,neděle,308,44,2018,True
20181105,2018-11-05,2018,4,2018-Q4,11,November,listopad,2018-11,2018-11-01,5,1,Monday,pondělí,309,45,2018,False
20181106,2018-11-06,2018,4,2018-Q4,11,November,listopad,2018-11,2018-11-01,6,2,Tuesday,úterý,310,45,2018,False
20181107,2018-11-07,2018,4,2018-Q4,11,November,listopad,2018-11,2018-11-01,7,3,Wednesday,středa,311,45,2018,False
20181108,2018-11-08,2018,4,2018-Q4,11,November,listopad,2018-11,2018-11-01,8,4,Thursday,čtvrtek,312,45,2018,False
20181109,2018-11-09,2018,4,2018-Q4,11,November,listopad,2018-11,2018-11-01,9,5,Friday,pátek,313,45,2018,False
20181110,2018-11-10,2018,4,2018-Q4,11,November,listopad,2018-11,2018-11-01,10,6,Saturday,sobota,314,45,2018,True
20181111,2018-11-11,2018,4,2018-Q4,11,November,listopad,2018-11,2018-11-01,11,7,Sunday,neděle,315,45,2018,True
20181112,2018-11-12,2018,4,2018-Q4,11,November,listopad,2018-11,2018-11-01,12,1,Monday,pondělí,316,46,2018,False
20181113,2018-11-13,2018,4,2018-Q4,11,November,listopad,2018-11,2018-11-01,13,2,Tuesday,úterý,317,46,2018,False
20181114,2018-11-14,2018,4,2018-Q4,11,November,listopad,2018-11,2018-11-01,14,3,Wednesday,středa,318,46,2018,False
20181115,2018-11-15,2018,4,2018-Q4,11,November,listopad,2018-11,2018-11-01,15,4,Thursday,čtvrtek,319,46,2018,False
20181116,2018-11-16,2018,4,2018-Q4,11,November,listopad,2018-11,2018-11-01,16,5,Friday,pátek,320,46,2018,False
20181117,2018-11-17,2018,4,2018-Q4,11,November,listopad,2018-11,2018-11-01,17,6,Saturday,sobota,321,46,2018,True
20181118,2018-11-18,2018,4,2018-Q4,11,November,listopad,2018-11,2018-11-01,18,7,Sunday,neděle,322,46,2018,True
20181119,2018-11-19,2018,4,2018-Q4,11,November,listopad,2018-11,2018-11-01,19,1,Monday,pondělí,323,47,2018,False
20181120,2018-11-20,2018,4,2018-Q4,11,November,listopad,2018-11,2018-11-01,20,2,Tuesday,úterý,324,47,2018,False
20181121,2018-11-21,2018,4,2018-Q4,11,November,listopad,2018-11,2018-11-01,21,3,Wednesday,středa,325,47,2018,False
20181122,2018-11-22,2018,4,2018-Q4,11,November,listopad,2018-11,2018-11-01,22,4,Thursday,čtvrtek,326,47,2018,False
20181123,2018-11-23,2018,4,2018-Q4,11,November,listopad,2018-11,2018-11-01,23,5,Friday,pátek,327,47,2018,False
20181124,2018-11-24,2018,4,2018-Q4,11,November,listopad,2018-11,2018-11-01,24,6,Saturday,sobota,328,47,2018,True
20181125,2018-11-25,2018,4,2018-Q4,11,November,listopad,2018-11,2018-11-01,25,7,Sunday,neděle,329,47,2018,True
20181126,2018-11-26,2018,4,2018-Q4,11,November,listopad,2018-11,2018-11-01,26,1,Monday,pondělí,330,48,2018,False
20181127,2018-11-27,2018,4,2018-Q4,11,November,listopad,2018-11,2018-11-01,27,2,Tuesday,úterý,331,48,2018,False
20181128,2018-11-28,2018,4,2018-Q4,11,November,listopad,2018-11,2018-11-01,28,3,Wednesday,středa,332,48,2018,False
20181129,2018-11-29,2018,4,2018-Q4,11,November,listopad,2018-11,2018-11-01,29,4,Thursday,čtvrtek,333,48,2018,False
20181130,2018-11-30,2018,4,2018-Q4,11,November,listopad,2018-11,2018-11-01,30,5,Friday,pátek,334,48,2018,False
20181201,2018-12-01,2018,4,2018-Q4,12,December,prosinec,2018-12,2018-12-01,1,6,Saturday,sobota,335,48,2018,True
20181202,2018-12-02,2018,4,2018-Q4,12,December,prosinec,2018-12,2018-12-01,2,7,Sunday,neděle,336,48,2018,True
20181203,2018-12-03,2018,4,2018-Q4,12,December,prosinec,2018-12,2018-12-01,3,1,Monday,pondělí,337,49,2018,False
20181204,2018-12-04,2018,4,2018-Q4,12,December,prosinec,2018-12,2018-12-01,4,2,Tuesday,úterý,338,49,2018,False
20181205,2018-12-05,2018,4,2018-Q4,12,December,prosinec,2018-12,2018-12-01,5,3,Wednesday,středa,339,49,2018,False
20181206,2018-12-06,2018,4,2018-Q4,12,December,prosinec,2018-12,2018-12-01,6,4,Thursday,čtvrtek,340,49,2018,False
20181207,2018-12-07,2018,4,2018-Q4,12,December,prosinec,2018-12,2018-12-01,7,5,Friday,pátek,341,49,2018,False
20181208,2018-12-08,2018,4,2018-Q4,12,December,prosinec,2018-12,2018-12-01,8,6,Saturday,sobota,342,49,2018,True
20181209,2018-12-09,2018,4,2018-Q4,12,December,prosinec,2018-12,2018-12-01,9,7,Sunday,neděle,343,49,2018,True
20181210,2018-12-10,2018,4,2018-Q4,12,December,prosinec,2018-12,2018-12-01,10,1,Monday,pondělí,344,50,2018,False
20181211,2018-12-11,2018,4,2018-Q4,12,December,prosinec,2018-12,2018-12-01,11,2,Tuesday,úterý,345,50,2018,False
20181212,2018-12-12,2018,4,2018-Q4,12,December,prosinec,2018-12,2018-12-01,12,3,Wednesday,středa,346,50,2018,False
20181213,2018-12-13,2018,4,2018-Q4,12,December,prosinec,2018-12,2018-12-01,13,4,Thursday,čtvrtek,347,50,2018,False
20181214,2018-12-14,2018,4,2018-Q4,12,December,prosinec,2018-12,2018-12-01,14,5,Friday,pátek,348,50,2018,False
20181215,2018-12-15,2018,4,2018-Q4,12,December,prosinec,2018-12,2018-12-01,15,6,Saturday,sobota,349,50,2018,True
20181216,2018-12-16,2018,4,2018-Q4,12,December,prosinec,2018-12,2018-12-01,16,7,Sunday,neděle,350,50,2018,True
20181217,2018-12-17,2018,4,2018-Q4,12,December,prosinec,2018-12,2018-12-01,17,1,Monday,pondělí,351,51,2018,False
20181218,2018-12-18,2018,4,2018-Q4,12,December,prosinec,2018-12,2018-12-01,18,2,Tuesday,úterý,352,51,2018,False
20181219,2018-12-19,2018,4,2018-Q4,12,December,prosinec,2018-12,2018-12-01,19,3,Wednesday,středa,353,51,2018,False
20181220,2018-12-20,2018,4,2018-Q4,12,December,prosinec,2018-12,2018-12-01,20,4,Thursday,čtvrtek,354,51,2018,False
20181221,2018-12-21,2018,4,2018-Q4,12,December,prosinec,2018-12,2018-12-01,21,5,Friday,pátek,355,51,2018,False
20181222,2018-12-22,2018,4,2018-Q4,12,December,prosinec,2018-12,2018-12-01,22,6,Saturday,sobota,356,51,2018,True
20181223,2018-12-23,2018,4,2018-Q4,12,December,prosinec,2018-12,2018-12-01,23,7,Sunday,neděle,357,51,2018,True
20181224,2018-12-24,2018,4,2018-Q4,12,December,prosinec,2018-12,2018-12-01,24,1,Monday,pondělí,358,52,2018,False
20181225,2018-12-25,2018,4,2018-Q4,12,December,prosinec,2018-12,2018-12-01,25,2,Tuesday,úterý,359,52,2018,False
20181226,2018-12-26,2018,4,2018-Q4,12,December,prosinec,2018-12,2018-12-01,26,3,Wednesday,středa,360,52,2018,False
20181227,2018-12-27,2018,4,2018-Q4,12,December,prosinec,2018-12,2018-12-01,27,4,Thursday,čtvrtek,361,52,2018,False
20181228,2018-12-28,2018,4,2018-Q4,12,December,prosinec,2018-12,2018-12-01,28,5,Friday,pátek,362,52,2018,False
20181229,2018-12-29,2018,4,2018-Q4,12,December,prosinec,2018-12,2018-12-01,29,6,Saturday,sobota,363,52,2018,True
20181230,2018-12-30,2018,4,2018-Q4,12,December,prosinec,2018-12,2018-12-01,30,7,Sunday,neděle,364,52,2018,True
20181231,2018-12-31,2018,4,2018-Q4,12,December,prosinec,2018-12,2018-12-01,31,1,Monday,pondělí,365,1,2019,False
20190101,2019-01-01,2019,1,2019-Q1,1,January,leden,2019-01,2019-01-01,1,2,Tuesday,úterý,1,1,2019,False
20190102,2019-01-02,2019,1,2019-Q1,1,January,leden,2019-01,2019-01-01,2,3,Wednesday,středa,2,1,2019,False
20190103,2019-01-03,2019,1,2019-Q1,1,January,leden,2019-01,2019-01-01,3,4,Thursday,čtvrtek,3,1,2019,False
20190104,2019-01-04,2019,1,2019-Q1,1,January,leden,2019-01,2019-01-01,4,5,Friday,pátek,4,1,2019,False
20190105,2019-01-05,2019,1,2019-Q1,1,January,leden,2019-01,2019-01-01,5,6,Saturday,sobota,5,1,2019,True
20190106,2019-01-06,2019,1,2019-Q1,1,January,leden,2019-01,2019-01-01,6,7,Sunday,neděle,6,1,2019,True
20190107,2019-01-07,2019,1,2019-Q1,1,January,leden,2019-01,2019-01-01,7,1,Monday,pondělí,7,2,2019,False
20190108,2019-01-08,2019,1,2019-Q1,1,January,leden,2019-01,2019-01-01,8,2,Tuesday,úterý,8,2,2019,False
20190109,2019-01-09,2019,1,2019-Q1,1,January,leden,2019-01,2019-01-01,9,3,Wednesday,středa,9,2,2019,False
20190110,2019-01-10,2019,1,2019-Q1,1,January,leden,2019-01,2019-01-01,10,4,Thursday,čtvrtek,10,2,2019,False
20190111,2019-01-11,2019,1,2019-Q1,1,January,leden,2019-01,2019-01-01,11,5,Friday,pátek,11,2,2019,False
20190112,2019-01-12,2019,1,2019-Q1,1,January,leden,2019-01,2019-01-01,12,6,Saturday,sobota,12,2,2019,True
20190113,2019-01-13,2019,1,2019-Q1,1,January,leden,2019-01,2019-01-01,13,7,Sunday,neděle,13,2,2019,True
20190114,2019-01-14,2019,1,2019-Q1,1,January,leden,2019-01,2019-01-01,14,1,Monday,pondělí,14,3,2019,False
20190115,2019-01-15,2019,1,2019-Q1,1,January,leden,2019-01,2019-01-01,15,2,Tuesday,úterý,15,3,2019,False
20190116,2019-01-16,2019,1,2019-Q1,1,January,leden,2019-01,2019-01-01,16,3,Wednesday,středa,16,3,2019,False
20190117,2019-01-17,2019,1,2019-Q1,1,January,leden,2019-01,2019-01-01,17,4,Thursday,čtvrtek,17,3,2019,False
20190118,2019-01-18,2019,1,2019-Q1,1,January,leden,2019-01,2019-01-01,18,5,Friday,pátek,18,3,2019,False
20190119,2019-01-19,2019,1,2019-Q1,1,January,leden,2019-01,2019-01-01,19,6,Saturday,sobota,19,3,2019,True
20190120,2019-01-20,2019,1,2019-Q1,1,January,leden,2019-01,2019-01-01,20,7,Sunday,neděle,20,3,2019,True
20190121,2019-01-21,2019,1,2019-Q1,1,January,leden,2019-01,2019-01-01,21,1,Monday,pondělí,21,4,2019,False
20190122,2019-01-22,2019,1,2019-Q1,1,January,leden,2019-01,2019-01-01,22,2,Tuesday,úterý,22,4,2019,False
20190123,2019-01-23,2019,1,2019-Q1,1,January,leden,2019-01,2019-01-01,23,3,Wednesday,středa,23,4,2019,False
20190124,2019-01-24,2019,1,2019-Q1,1,January,leden,2019-01,2019-01-01,24,4,Thursday,čtvrtek,24,4,2019,False
20190125,2019-01-25,2019,1,2019-Q1,1,January,leden,2019-01,2019-01-01,25,5,Friday,pátek,25,4,2019,False
20190126,2019-01-26,2019,1,2019-Q1,1,January,leden,2019-01,2019-01-01,26,6,Saturday,sobota,26,4,2019,True
20190127,2019-01-27,2019,1,2019-Q1,1,January,leden,2019-01,2019-01-01,27,7,Sunday,neděle,27,4,2019,True
20190128,2019-01-28,2019,1,2019-Q1,1,January,leden,2019-01,2019-01-01,28,1,Monday,pondělí,28,5,2019,False
20190129,2019-01-29,2019,1,2019-Q1,1,January,leden,2019-01,2019-01-01,29,2,Tuesday,úterý,29,5,2019,False
20190130,2019-01-30,2019,1,2019-Q1,1,January,leden,2019-01,2019-01-01,30,3,Wednesday,středa,30,5,2019,False
20190131,2019-01-31,2019,1,2019-Q1,1,January,leden,2019-01,2019-01-01,31,4,Thursday,čtvrtek,31,5,2019,False
20190201,2019-02-01,2019,1,2019-Q1,2,February,únor,2019-02,2019-02-01,1,5,Friday,pátek,32,5,2019,False
20190202,2019-02-02,2019,1,2019-Q1,2,February,únor,2019-02,2019-02-01,2,6,Saturday,sobota,33,5,2019,True
20190203,2019-02-03,2019,1,2019-Q1,2,February,únor,2019-02,2019-02-01,3,7,Sunday,neděle,34,5,2019,True
20190204,2019-02-04,2019,1,2019-Q1,2,February,únor,2019-02,2019-02-01,4,1,Monday,pondělí,35,6,2019,False
20190205,2019-02-05,2019,1,2019-Q1,2,February,únor,2019-02,2019-02-01,5,2,Tuesday,úterý,36,6,2019,False
20190206,2019-02-06,2019,1,2019-Q1,2,February,únor,2019-02,2019-02-01,6,3,Wednesday,středa,37,6,2019,False
20190207,2019-02-07,2019,1,2019-Q1,2,February,únor,2019-02,2019-02-01,7,4,Thursday,čtvrtek,38,6,2019,False
20190208,2019-02-08,2019,1,2019-Q1,2,February,únor,2019-02,2019-02-01,8,5,Friday,pátek,39,6,2019,False
20190209,2019-02-09,2019,1,2019-Q1,2,February,únor,2019-02,2019-02-01,9,6,Saturday,sobota,40,6,2019,True
20190210,2019-02-10,2019,1,2019-Q1,2,February,únor,2019-02,2019-02-01,10,7,Sunday,neděle,41,6,2019,True
20190211,2019-02-11,2019,1,2019-Q1,2,February,únor,2019-02,2019-02-01,11,1,Monday,pondělí,42,7,2019,False
20190212,2019-02-12,2019,1,2019-Q1,2,February,únor,2019-02,2019-02-01,12,2,Tuesday,úterý,43,7,2019,False
20190213,2019-02-13,2019,1,2019-Q1,2,February,únor,2019-02,2019-02-01,13,3,Wednesday,středa,44,7,2019,False
20190214,2019-02-14,2019,1,2019-Q1,2,February,únor,2019-02,2019-02-01,14,4,Thursday,čtvrtek,45,7,2019,False
20190215,2019-02-15,2019,1,2019-Q1,2,February,únor,2019-02,2019-02-01,15,5,Friday,pátek,46,7,2019,False
20190216,2019-02-16,2019,1,2019-Q1,2,February,únor,2019-02,2019-02-01,16,6,Saturday,sobota,47,7,2019,True
20190217,2019-02-17,2019,1,2019-Q1,2,February,únor,2019-02,2019-02-01,17,7,Sunday,neděle,48,7,2019,True
20190218,2019-02-18,2019,1,2019-Q1,2,February,únor,2019-02,2019-02-01,18,1,Monday,pondělí,49,8,2019,False
20190219,2019-02-19,2019,1,2019-Q1,2,February,únor,2019-02,2019-02-01,19,2,Tuesday,úterý,50,8,2019,False
20190220,2019-02-20,2019,1,2019-Q1,2,February,únor,2019-02,2019-02-01,20,3,Wednesday,středa,51,8,2019,False
20190221,2019-02-21,2019,1,2019-Q1,2,February,únor,2019-02,2019-02-01,21,4,Thursday,čtvrtek,52,8,2019,False
20190222,2019-02-22,2019,1,2019-Q1,2,February,únor,2019-02,2019-02-01,22,5,Friday,pátek,53,8,2019,False
20190223,2019-02-23,2019,1,2019-Q1,2,February,únor,2019-02,2019-02-01,23,6,Saturday,sobota,54,8,2019,True
20190224,2019-02-24,2019,1,2019-Q1,2,February,únor,2019-02,2019-02-01,24,7,Sunday,neděle,55,8,2019,True
20190225,2019-02-25,2019,1,2019-Q1,2,February,únor,2019-02,2019-02-01,25,1,Monday,pondělí,56,9,2019,False
20190226,2019-02-26,2019,1,2019-Q1,2,February,únor,2019-02,2019-02-01,26,2,Tuesday,úterý,57,9,2019,False
20190227,2019-02-27,2019,1,2019-Q1,2,February,únor,2019-02,2019-02-01,27,3,Wednesday,středa,58,9,2019,False
20190228,2019-02-28,2019,1,2019-Q1,2,February,únor,2019-02,2019-02-01,28,4,Thursday,čtvrtek,59,9,2019,False
20190301,2019-03-01,2019,1,2019-Q1,3,March,březen,2019-03,2019-03-01,1,5,Friday,pátek,60,9,2019,False
20190302,2019-03-02,2019,1,2019-Q1,3,March,březen,2019-03,2019-03-01,2,6,Saturday,sobota,61,9,2019,True
20190303,2019-03-03,2019,1,2019-Q1,3,March,březen,2019-03,2019-03-01,3,7,Sunday,neděle,62,9,2019,True
20190304,2019-03-04,2019,1,2019-Q1,3,March,březen,2019-03,2019-03-01,4,1,Monday,pondělí,63,10,2019,False
20190305,2019-03-05,2019,1,2019-Q1,3,March,březen,2019-03,2019-03-01,5,2,Tuesday,úterý,64,10,2019,False
20190306,2019-03-06,2019,1,2019-Q1,3,March,březen,2019-03,2019-03-01,6,3,Wednesday,středa,65,10,2019,False
20190307,2019-03-07,2019,1,2019-Q1,3,March,březen,2019-03,2019-03-01,7,4,Thursday,čtvrtek,66,10,2019,False
20190308,2019-03-08,2019,1,2019-Q1,3,March,březen,2019-03,2019-03-01,8,5,Friday,pátek,67,10,2019,False
20190309,2019-03-09,2019,1,2019-Q1,3,March,březen,2019-03,2019-03-01,9,6,Saturday,sobota,68,10,2019,True
20190310,2019-03-10,2019,1,2019-Q1,3,March,březen,2019-03,2019-03-01,10,7,Sunday,neděle,69,10,2019,True
20190311,2019-03-11,2019,1,2019-Q1,3,March,březen,2019-03,2019-03-01,11,1,Monday,pondělí,70,11,2019,False
20190312,2019-03-12,2019,1,2019-Q1,3,March,březen,2019-03,2019-03-01,12,2,Tuesday,úterý,71,11,2019,False
20190313,2019-03-13,2019,1,2019-Q1,3,March,březen,2019-03,2019-03-01,13,3,Wednesday,středa,72,11,2019,False
20190314,2019-03-14,2019,1,2019-Q1,3,March,březen,2019-03,2019-03-01,14,4,Thursday,čtvrtek,73,11,2019,False
20190315,2019-03-15,2019,1,2019-Q1,3,March,březen,2019-03,2019-03-01,15,5,Friday,pátek,74,11,2019,False
20190316,2019-03-16,2019,1,2019-Q1,3,March,březen,2019-03,2019-03-01,16,6,Saturday,sobota,75,11,2019,True
20190317,2019-03-17,2019,1,2019-Q1,3,March,březen,2019-03,2019-03-01,17,7,Sunday,neděle,76,11,2019,True
20190318,2019-03-18,2019,1,2019-Q1,3,March,březen,2019-03,2019-03-01,18,1,Monday,pondělí,77,12,2019,False
20190319,2019-03-19,2019,1,2019-Q1,3,March,březen,2019-03,2019-03-01,19,2,Tuesday,úterý,78,12,2019,False
20190320,2019-03-20,2019,1,2019-Q1,3,March,březen,2019-03,2019-03-01,20,3,Wednesday,středa,79,12,2019,False
20190321,2019-03-21,2019,1,2019-Q1,3,March,březen,2019-03,2019-03-01,21,4,Thursday,čtvrtek,80,12,2019,False
20190322,2019-03-22,2019,1,2019-Q1,3,March,březen,2019-03,2019-03-01,22,5,Friday,pátek,81,12,2019,False
20190323,2019-03-23,2019,1,2019-Q1,3,March,březen,2019-03,2019-03-01,23,6,Saturday,sobota,82,12,2019,True
20190324,2019-03-24,2019,1,2019-Q1,3,March,březen,2019-03,2019-03-01,24,7,Sunday,neděle,83,12,2019,True
20190325,2019-03-25,2019,1,2019-Q1,3,March,březen,2019-03,2019-03-01,25,1,Monday,pondělí,84,13,2019,False
20190326,2019-03-26,2019,1,2019-Q1,3,March,březen,2019-03,2019-03-01,26,2,Tuesday,úterý,85,13,2019,False
20190327,2019-03-27,2019,1,2019-Q1,3,March,březen,2019-03,2019-03-01,27,3,Wednesday,středa,86,13,2019,False
20190328,2019-03-28,2019,1,2019-Q1,3,March,březen,2019-03,2019-03-01,28,4,Thursday,čtvrtek,87,13,2019,False
20190329,2019-03-29,2019,1,2019-Q1,3,March,březen,2019-03,2019-03-01,29,5,Friday,pátek,88,13,2019,False
20190330,2019-03-30,2019,1,2019-Q1,3,March,březen,2019-03,2019-03-01,30,6,Saturday,sobota,89,13,2019,True
20190331,2019-03-31,2019,1,2019-Q1,3,March,březen,2019-03,2019-03-01,31,7,Sunday,neděle,90,13,2019,True
20190401,2019-04-01,2019,2,2019-Q2,4,April,duben,2019-04,2019-04-01,1,1,Monday,pondělí,91,14,2019,False
20190402,2019-04-02,2019,2,2019-Q2,4,April,duben,2019-04,2019-04-01,2,2,Tuesday,úterý,92,14,2019,False
20190403,2019-04-03,2019,2,2019-Q2,4,April,duben,2019-04,2019-04-01,3,3,Wednesday,středa,93,14,2019,False
20190404,2019-04-04,2019,2,2019-Q2,4,April,duben,2019-04,2019-04-01,4,4,Thursday,čtvrtek,94,14,2019,False
20190405,2019-04-05,2019,2,2019-Q2,4,April,duben,2019-04,2019-04-01,5,5,Friday,pátek,95,14,2019,False
20190406,2019-04-06,2019,2,2019-Q2,4,April,duben,2019-04,2019-04-01,6,6,Saturday,sobota,96,14,2019,True
20190407,2019-04-07,2019,2,2019-Q2,4,April,duben,2019-04,2019-04-01,7,7,Sunday,neděle,97,14,2019,True
20190408,2019-04-08,2019,2,2019-Q2,4,April,duben,2019-04,2019-04-01,8,1,Monday,pondělí,98,15,2019,False
20190409,2019-04-09,2019,2,2019-Q2,4,April,duben,2019-04,2019-04-01,9,2,Tuesday,úterý,99,15,2019,False
20190410,2019-04-10,2019,2,2019-Q2,4,April,duben,2019-04,2019-04-01,10,3,Wednesday,středa,100,15,2019,False
20190411,2019-04-11,2019,2,2019-Q2,4,April,duben,2019-04,2019-04-01,11,4,Thursday,čtvrtek,101,15,2019,False
20190412,2019-04-12,2019,2,2019-Q2,4,April,duben,2019-04,2019-04-01,12,5,Friday,pátek,102,15,2019,False
20190413,2019-04-13,2019,2,2019-Q2,4,April,duben,2019-04,2019-04-01,13,6,Saturday,sobota,103,15,2019,True
20190414,2019-04-14,2019,2,2019-Q2,4,April,duben,2019-04,2019-04-01,14,7,Sunday,neděle,104,15,2019,True
20190415,2019-04-15,2019,2,2019-Q2,4,April,duben,2019-04,2019-04-01,15,1,Monday,pondělí,105,16,2019,False
20190416,2019-04-16,2019,2,2019-Q2,4,April,duben,2019-04,2019-04-01,16,2,Tuesday,úterý,106,16,2019,False
20190417,2019-04-17,2019,2,2019-Q2,4,April,duben,2019-04,2019-04-01,17,3,Wednesday,středa,107,16,2019,False
20190418,2019-04-18,2019,2,2019-Q2,4,April,duben,2019-04,2019-04-01,18,4,Thursday,čtvrtek,108,16,2019,False
20190419,2019-04-19,2019,2,2019-Q2,4,April,duben,2019-04,2019-04-01,19,5,Friday,pátek,109,16,2019,False
20190420,2019-04-20,2019,2,2019-Q2,4,April,duben,2019-04,2019-04-01,20,6,Saturday,sobota,110,16,2019,True
20190421,2019-04-21,2019,2,2019-Q2,4,April,duben,2019-04,2019-04-01,21,7,Sunday,neděle,111,16,2019,True
20190422,2019-04-22,2019,2,2019-Q2,4,April,duben,2019-04,2019-04-01,22,1,Monday,pondělí,112,17,2019,False
20190423,2019-04-23,2019,2,2019-Q2,4,April,duben,2019-04,2019-04-01,23,2,Tuesday,úterý,113,17,2019,False
20190424,2019-04-24,2019,2,2019-Q2,4,April,duben,2019-04,2019-04-01,24,3,Wednesday,středa,114,17,2019,False
20190425,2019-04-25,2019,2,2019-Q2,4,April,duben,2019-04,2019-04-01,25,4,Thursday,čtvrtek,115,17,2019,False
20190426,2019-04-26,2019,2,2019-Q2,4,April,duben,2019-04,2019-04-01,26,5,Friday,pátek,116,17,2019,False
20190427,2019-04-27,2019,2,2019-Q2,4,April,duben,2019-04,2019-04-01,27,6,Saturday,sobota,117,17,2019,True
20190428,2019-04-28,2019,2,2019-Q2,4,April,duben,2019-04,2019-04-01,28,7,Sunday,neděle,118,17,2019,True
20190429,2019-04-29,2019,2,2019-Q2,4,April,duben,2019-04,2019-04-01,29,1,Monday,pondělí,119,18,2019,False
20190430,2019-04-30,2019,2,2019-Q2,4,April,duben,2019-04,2019-04-01,30,2,Tuesday,úterý,120,18,2019,False
20190501,2019-05-01,2019,2,2019-Q2,5,May,květen,2019-05,2019-05-01,1,3,Wednesday,středa,121,18,2019,False
20190502,2019-05-02,2019,2,2019-Q2,5,May,květen,2019-05,2019-05-01,2,4,Thursday,čtvrtek,122,18,2019,False
20190503,2019-05-03,2019,2,2019-Q2,5,May,květen,2019-05,2019-05-01,3,5,Friday,pátek,123,18,2019,False
20190504,2019-05-04,2019,2,2019-Q2,5,May,květen,2019-05,2019-05-01,4,6,Saturday,sobota,124,18,2019,True
20190505,2019-05-05,2019,2,2019-Q2,5,May,květen,2019-05,2019-05-01,5,7,Sunday,neděle,125,18,2019,True
20190506,2019-05-06,2019,2,2019-Q2,5,May,květen,2019-05,2019-05-01,6,1,Monday,pondělí,126,19,2019,False
20190507,2019-05-07,2019,2,2019-Q2,5,May,květen,2019-05,2019-05-01,7,2,Tuesday,úterý,127,19,2019,False
20190508,2019-05-08,2019,2,2019-Q2,5,May,květen,2019-05,2019-05-01,8,3,Wednesday,středa,128,19,2019,False
20190509,2019-05-09,2019,2,2019-Q2,5,May,květen,2019-05,2019-05-01,9,4,Thursday,čtvrtek,129,19,2019,False
20190510,2019-05-10,2019,2,2019-Q2,5,May,květen,2019-05,2019-05-01,10,5,Friday,pátek,130,19,2019,False
20190511,2019-05-11,2019,2,2019-Q2,5,May,květen,2019-05,2019-05-01,11,6,Saturday,sobota,131,19,2019,True
20190512,2019-05-12,2019,2,2019-Q2,5,May,květen,2019-05,2019-05-01,12,7,Sunday,neděle,132,19,2019,True
20190513,2019-05-13,2019,2,2019-Q2,5,May,květen,2019-05,2019-05-01,13,1,Monday,pondělí,133,20,2019,False
20190514,2019-05-14,2019,2,2019-Q2,5,May,květen,2019-05,2019-05-01,14,2,Tuesday,úterý,134,20,2019,False
20190515,2019-05-15,2019,2,2019-Q2,5,May,květen,2019-05,2019-05-01,15,3,Wednesday,středa,135,20,2019,False
20190516,2019-05-16,2019,2,2019-Q2,5,May,květen,2019-05,2019-05-01,16,4,Thursday,čtvrtek,136,20,2019,False
20190517,2019-05-17,2019,2,2019-Q2,5,May,květen,2019-05,2019-05-01,17,5,Friday,pátek,137,20,2019,False
20190518,2019-05-18,2019,2,2019-Q2,5,May,květen,2019-05,2019-05-01,18,6,Saturday,sobota,138,20,2019,True
20190519,2019-05-19,2019,2,2019-Q2,5,May,květen,2019-05,2019-05-01,19,7,Sunday,neděle,139,20,2019,True
20190520,2019-05-20,2019,2,2019-Q2,5,May,květen,2019-05,2019-05-01,20,1,Monday,pondělí,140,21,2019,False
20190521,2019-05-21,2019,2,2019-Q2,5,May,květen,2019-05,2019-05-01,21,2,Tuesday,úterý,141,21,2019,False
20190522,2019-05-22,2019,2,2019-Q2,5,May,květen,2019-05,2019-05-01,22,3,Wednesday,středa,142,21,2019,False
20190523,2019-05-23,2019,2,2019-Q2,5,May,květen,2019-05,2019-05-01,23,4,Thursday,čtvrtek,143,21,2019,False
20190524,2019-05-24,2019,2,2019-Q2,5,May,květen,2019-05,2019-05-01,24,5,Friday,pátek,144,21,2019,False
20190525,2019-05-25,2019,2,2019-Q2,5,May,květen,2019-05,2019-05-01,25,6,Saturday,sobota,145,21,2019,True
20190526,2019-05-26,2019,2,2019-Q2,5,May,květen,2019-05,2019-05-01,26,7,Sunday,neděle,146,21,2019,True
20190527,2019-05-27,2019,2,2019-Q2,5,May,květen,2019-05,2019-05-01,27,1,Monday,pondělí,147,22,2019,False
20190528,2019-05-28,2019,2,2019-Q2,5,May,květen,2019-05,2019-05-01,28,2,Tuesday,úterý,148,22,2019,False
20190529,2019-05-29,2019,2,2019-Q2,5,May,květen,2019-05,2019-05-01,29,3,Wednesday,středa,149,22,2019,False
20190530,2019-05-30,2019,2,2019-Q2,5,May,květen,2019-05,2019-05-01,30,4,Thursday,čtvrtek,150,22,2019,False
20190531,2019-05-31,2019,2,2019-Q2,5,May,květen,2019-05,2019-05-01,31,5,Friday,pátek,151,22,2019,False
20190601,2019-06-01,2019,2,2019-Q2,6,June,červen,2019-06,2019-06-01,1,6,Saturday,sobota,152,22,2019,True
20190602,2019-06-02,2019,2,2019-Q2,6,June,červen,2019-06,2019-06-01,2,7,Sunday,neděle,153,22,2019,True
20190603,2019-06-03,2019,2,2019-Q2,6,June,červen,2019-06,2019-06-01,3,1,Monday,pondělí,154,23,2019,False
20190604,2019-06-04,2019,2,2019-Q2,6,June,červen,2019-06,2019-06-01,4,2,Tuesday,úterý,155,23,2019,False
20190605,2019-06-05,2019,2,2019-Q2,6,June,červen,2019-06,2019-06-01,5,3,Wednesday,středa,156,23,2019,False
20190606,2019-06-06,2019,2,2019-Q2,6,June,červen,2019-06,2019-06-01,6,4,Thursday,čtvrtek,157,23,2019,False
20190607,2019-06-07,2019,2,2019-Q2,6,June,červen,2019-06,2019-06-01,7,5,Friday,pátek,158,23,2019,False
20190608,2019-06-08,2019,2,2019-Q2,6,June,červen,2019-06,2019-06-01,8,6,Saturday,sobota,159,23,2019,True
20190609,2019-06-09,2019,2,2019-Q2,6,June,červen,2019-06,2019-06-01,9,7,Sunday,neděle,160,23,2019,True
20190610,2019-06-10,2019,2,2019-Q2,6,June,červen,2019-06,2019-06-01,10,1,Monday,pondělí,161,24,2019,False
20190611,2019-06-11,2019,2,2019-Q2,6,June,červen,2019-06,2019-06-01,11,2,Tuesday,úterý,162,24,2019,False
20190612,2019-06-12,2019,2,2019-Q2,6,June,červen,2019-06,2019-06-01,12,3,Wednesday,středa,163,24,2019,False
20190613,2019-06-13,2019,2,2019-Q2,6,June,červen,2019-06,2019-06-01,13,4,Thursday,čtvrtek,164,24,2019,False
20190614,2019-06-14,2019,2,2019-Q2,6,June,červen,2019-06,2019-06-01,14,5,Friday,pátek,165,24,2019,False
20190615,2019-06-15,2019,2,2019-Q2,6,June,červen,2019-06,2019-06-01,15,6,Saturday,sobota,166,24,2019,True
20190616,2019-06-16,2019,2,2019-Q2,6,June,červen,2019-06,2019-06-01,16,7,Sunday,neděle,167,24,2019,True
20190617,2019-06-17,2019,2,2019-Q2,6,June,červen,2019-06,2019-06-01,17,1,Monday,pondělí,168,25,2019,False
20190618,2019-06-18,2019,2,2019-Q2,6,June,červen,2019-06,2019-06-01,18,2,Tuesday,úterý,169,25,2019,False
20190619,2019-06-19,2019,2,2019-Q2,6,June,červen,2019-06,2019-06-01,19,3,Wednesday,středa,170,25,2019,False
20190620,2019-06-20,2019,2,2019-Q2,6,June,červen,2019-06,2019-06-01,20,4,Thursday,čtvrtek,171,25,2019,False
20190621,2019-06-21,2019,2,2019-Q2,6,June,červen,2019-06,2019-06-01,21,5,Friday,pátek,172,25,2019,False
20190622,2019-06-22,2019,2,2019-Q2,6,June,červen,2019-06,2019-06-01,22,6,Saturday,sobota,173,25,2019,True
20190623,2019-06-23,2019,2,2019-Q2,6,June,červen,2019-06,2019-06-01,23,7,Sunday,neděle,174,25,2019,True
20190624,2019-06-24,2019,2,2019-Q2,6,June,červen,2019-06,2019-06-01,24,1,Monday,pondělí,175,26,2019,False
20190625,2019-06-25,2019,2,2019-Q2,6,June,červen,2019-06,2019-06-01,25,2,Tuesday,úterý,176,26,2019,False
20190626,2019-06-26,2019,2,2019-Q2,6,June,červen,2019-06,2019-06-01,26,3,Wednesday,středa,177,26,2019,False
20190627,2019-06-27,2019,2,2019-Q2,6,June,červen,2019-06,2019-06-01,27,4,Thursday,čtvrtek,178,26,2019,False
20190628,2019-06-28,2019,2,2019-Q2,6,June,červen,2019-06,2019-06-01,28,5,Friday,pátek,179,26,2019,False
20190629,2019-06-29,2019,2,2019-Q2,6,June,červen,2019-06,2019-06-01,29,6,Saturday,sobota,180,26,2019,True
20190630,2019-06-30,2019,2,2019-Q2,6,June,červen,2019-06,2019-06-01,30,7,Sunday,neděle,181,26,2019,True
20190701,2019-07-01,2019,3,2019-Q3,7,July,červenec,2019-07,2019-07-01,1,1,Monday,pondělí,182,27,2019,False
20190702,2019-07-02,2019,3,2019-Q3,7,July,červenec,2019-07,2019-07-01,2,2,Tuesday,úterý,183,27,2019,False
20190703,2019-07-03,2019,3,2019-Q3,7,July,červenec,2019-07,2019-07-01,3,3,Wednesday,středa,184,27,2019,False
20190704,2019-07-04,2019,3,2019-Q3,7,July,červenec,2019-07,2019-07-01,4,4,Thursday,čtvrtek,185,27,2019,False
20190705,2019-07-05,2019,3,2019-Q3,7,July,červenec,2019-07,2019-07-01,5,5,Friday,pátek,186,27,2019,False
20190706,2019-07-06,2019,3,2019-Q3,7,July,červenec,2019-07,2019-07-01,6,6,Saturday,sobota,187,27,2019,True
20190707,2019-07-07,2019,3,2019-Q3,7,July,červenec,2019-07,2019-07-01,7,7,Sunday,neděle,188,27,2019,True
20190708,2019-07-08,2019,3,2019-Q3,7,July,červenec,2019-07,2019-07-01,8,1,Monday,pondělí,189,28,2019,False
20190709,2019-07-09,2019,3,2019-Q3,7,July,červenec,2019-07,2019-07-01,9,2,Tuesday,úterý,190,28,2019,False
20190710,2019-07-10,2019,3,2019-Q3,7,July,červenec,2019-07,2019-07-01,10,3,Wednesday,středa,191,28,2019,False
20190711,2019-07-11,2019,3,2019-Q3,7,July,červenec,2019-07,2019-07-01,11,4,Thursday,čtvrtek,192,28,2019,False
20190712,2019-07-12,2019,3,2019-Q3,7,July,červenec,2019-07,2019-07-01,12,5,Friday,pátek,193,28,2019,False
20190713,2019-07-13,2019,3,2019-Q3,7,July,červenec,2019-07,2019-07-01,13,6,Saturday,sobota,194,28,2019,True
20190714,2019-07-14,2019,3,2019-Q3,7,July,červenec,2019-07,2019-07-01,14,7,Sunday,neděle,195,28,2019,True
20190715,2019-07-15,2019,3,2019-Q3,7,July,červenec,2019-07,2019-07-01,15,1,Monday,pondělí,196,29,2019,False
20190716,2019-07-16,2019,3,2019-Q3,7,July,červenec,2019-07,2019-07-01,16,2,Tuesday,úterý,197,29,2019,False
20190717,2019-07-17,2019,3,2019-Q3,7,July,červenec,2019-07,2019-07-01,17,3,Wednesday,středa,198,29,2019,False
20190718,2019-07-18,2019,3,2019-Q3,7,July,červenec,2019-07,2019-07-01,18,4,Thursday,čtvrtek,199,29,2019,False
20190719,2019-07-19,2019,3,2019-Q3,7,July,červenec,2019-07,2019-07-01,19,5,Friday,pátek,200,29,2019,False
20190720,2019-07-20,2019,3,2019-Q3,7,July,červenec,2019-07,2019-07-01,20,6,Saturday,sobota,201,29,2019,True
20190721,2019-07-21,2019,3,2019-Q3,7,July,červenec,2019-07,2019-07-01,21,7,Sunday,neděle,202,29,2019,True
20190722,2019-07-22,2019,3,2019-Q3,7,July,červenec,2019-07,2019-07-01,22,1,Monday,pondělí,203,30,2019,False
20190723,2019-07-23,2019,3,2019-Q3,7,July,červenec,2019-07,2019-07-01,23,2,Tuesday,úterý,204,30,2019,False
20190724,2019-07-24,2019,3,2019-Q3,7,July,červenec,2019-07,2019-07-01,24,3,Wednesday,středa,205,30,2019,False
20190725,2019-07-25,2019,3,2019-Q3,7,July,červenec,2019-07,2019-07-01,25,4,Thursday,čtvrtek,206,30,2019,False
20190726,2019-07-26,2019,3,2019-Q3,7,July,červenec,2019-07,2019-07-01,26,5,Friday,pátek,207,30,2019,False
20190727,2019-07-27,2019,3,2019-Q3,7,July,červenec,2019-07,2019-07-01,27,6,Saturday,sobota,208,30,2019,True
20190728,2019-07-28,2019,3,2019-Q3,7,July,červenec,2019-07,2019-07-01,28,7,Sunday,neděle,209,30,2019,True
20190729,2019-07-29,2019,3,2019-Q3,7,July,červenec,2019-07,2019-07-01,29,1,Monday,pondělí,210,31,2019,False
20190730,2019-07-30,2019,3,2019-Q3,7,July,červenec,2019-07,2019-07-01,30,2,Tuesday,úterý,211,31,2019,False
20190731,2019-07-31,2019,3,2019-Q3,7,July,červenec,2019-07,2019-07-01,31,3,Wednesday,středa,212,31,2019,False
20190801,2019-08-01,2019,3,2019-Q3,8,August,srpen,2019-08,2019-08-01,1,4,Thursday,čtvrtek,213,31,2019,False
20190802,2019-08-02,2019,3,2019-Q3,8,August,srpen,2019-08,2019-08-01,2,5,Friday,pátek,214,31,2019,False
20190803,2019-08-03,2019,3,2019-Q3,8,August,srpen,2019-08,2019-08-01,3,6,Saturday,sobota,215,31,2019,True
20190804,2019-08-04,2019,3,2019-Q3,8,August,srpen,2019-08,2019-08-01,4,7,Sunday,neděle,216,31,2019,True
20190805,2019-08-05,2019,3,2019-Q3,8,August,srpen,2019-08,2019-08-01,5,1,Monday,pondělí,217,32,2019,False
20190806,2019-08-06,2019,3,2019-Q3,8,August,srpen,2019-08,2019-08-01,6,2,Tuesday,úterý,218,32,2019,False
20190807,2019-08-07,2019,3,2019-Q3,8,August,srpen,2019-08,2019-08-01,7,3,Wednesday,středa,219,32,2019,False
20190808,2019-08-08,2019,3,2019-Q3,8,August,srpen,2019-08,2019-08-01,8,4,Thursday,čtvrtek,220,32,2019,False
20190809,2019-08-09,2019,3,2019-Q3,8,August,srpen,2019-08,2019-08-01,9,5,Friday,pátek,221,32,2019,False
20190810,2019-08-10,2019,3,2019-Q3,8,August,srpen,2019-08,2019-08-01,10,6,Saturday,sobota,222,32,2019,True
20190811,2019-08-11,2019,3,2019-Q3,8,August,srpen,2019-08,2019-08-01,11,7,Sunday,neděle,223,32,2019,True
20190812,2019-08-12,2019,3,2019-Q3,8,August,srpen,2019-08,2019-08-01,12,1,Monday,pondělí,224,33,2019,False
20190813,2019-08-13,2019,3,2019-Q3,8,August,srpen,2019-08,2019-08-01,13,2,Tuesday,úterý,225,33,2019,False
20190814,2019-08-14,2019,3,2019-Q3,8,August,srpen,2019-08,2019-08-01,14,3,Wednesday,středa,226,33,2019,False
20190815,2019-08-15,2019,3,2019-Q3,8,August,srpen,2019-08,2019-08-01,15,4,Thursday,čtvrtek,227,33,2019,False
20190816,2019-08-16,2019,3,2019-Q3,8,August,srpen,2019-08,2019-08-01,16,5,Friday,pátek,228,33,2019,False
20190817,2019-08-17,2019,3,2019-Q3,8,August,srpen,2019-08,2019-08-01,17,6,Saturday,sobota,229,33,2019,True
20190818,2019-08-18,2019,3,2019-Q3,8,August,srpen,2019-08,2019-08-01,18,7,Sunday,neděle,230,33,2019,True
20190819,2019-08-19,2019,3,2019-Q3,8,August,srpen,2019-08,2019-08-01,19,1,Monday,pondělí,231,34,2019,False
20190820,2019-08-20,2019,3,2019-Q3,8,August,srpen,2019-08,2019-08-01,20,2,Tuesday,úterý,232,34,2019,False
20190821,2019-08-21,2019,3,2019-Q3,8,August,srpen,2019-08,2019-08-01,21,3,Wednesday,středa,233,34,2019,False
20190822,2019-08-22,2019,3,2019-Q3,8,August,srpen,2019-08,2019-08-01,22,4,Thursday,čtvrtek,234,34,2019,False
20190823,2019-08-23,2019,3,2019-Q3,8,August,srpen,2019-08,2019-08-01,23,5,Friday,pátek,235,34,2019,False
20190824,2019-08-24,2019,3,2019-Q3,8,August,srpen,2019-08,2019-08-01,24,6,Saturday,sobota,236,34,2019,True
20190825,2019-08-25,2019,3,2019-Q3,8,August,srpen,2019-08,2019-08-01,25,7,Sunday,neděle,237,34,2019,True
20190826,2019-08-26,2019,3,2019-Q3,8,August,srpen,2019-08,2019-08-01,26,1,Monday,pondělí,238,35,2019,False
20190827,2019-08-27,2019,3,2019-Q3,8,August,srpen,2019-08,2019-08-01,27,2,Tuesday,úterý,239,35,2019,False
20190828,2019-08-28,2019,3,2019-Q3,8,August,srpen,2019-08,2019-08-01,28,3,Wednesday,středa,240,35,2019,False
20190829,2019-08-29,2019,3,2019-Q3,8,August,srpen,2019-08,2019-08-01,29,4,Thursday,čtvrtek,241,35,2019,False
20190830,2019-08-30,2019,3,2019-Q3,8,August,srpen,2019-08,2019-08-01,30,5,Friday,pátek,242,35,2019,False
20190831,2019-08-31,2019,3,2019-Q3,8,August,srpen,2019-08,2019-08-01,31,6,Saturday,sobota,243,35,2019,True
20190901,2019-09-01,2019,3,2019-Q3,9,September,září,2019-09,2019-09-01,1,7,Sunday,neděle,244,35,2019,True
20190902,2019-09-02,2019,3,2019-Q3,9,September,září,2019-09,2019-09-01,2,1,Monday,pondělí,245,36,2019,False
20190903,2019-09-03,2019,3,2019-Q3,9,September,září,2019-09,2019-09-01,3,2,Tuesday,úterý,246,36,2019,False
20190904,2019-09-04,2019,3,2019-Q3,9,September,září,2019-09,2019-09-01,4,3,Wednesday,středa,247,36,2019,False
20190905,2019-09-05,2019,3,2019-Q3,9,September,září,2019-09,2019-09-01,5,4,Thursday,čtvrtek,248,36,2019,False
20190906,2019-09-06,2019,3,2019-Q3,9,September,září,2019-09,2019-09-01,6,5,Friday,pátek,249,36,2019,False
20190907,2019-09-07,2019,3,2019-Q3,9,September,září,2019-09,2019-09-01,7,6,Saturday,sobota,250,36,2019,True
20190908,2019-09-08,2019,3,2019-Q3,9,September,září,2019-09,2019-09-01,8,7,Sunday,neděle,251,36,2019,True
20190909,2019-09-09,2019,3,2019-Q3,9,September,září,2019-09,2019-09-01,9,1,Monday,pondělí,252,37,2019,False
20190910,2019-09-10,2019,3,2019-Q3,9,September,září,2019-09,2019-09-01,10,2,Tuesday,úterý,253,37,2019,False
20190911,2019-09-11,2019,3,2019-Q3,9,September,září,2019-09,2019-09-01,11,3,Wednesday,středa,254,37,2019,False
20190912,2019-09-12,2019,3,2019-Q3,9,September,září,2019-09,2019-09-01,12,4,Thursday,čtvrtek,255,37,2019,False
20190913,2019-09-13,2019,3,2019-Q3,9,September,září,2019-09,2019-09-01,13,5,Friday,pátek,256,37,2019,False
20190914,2019-09-14,2019,3,2019-Q3,9,September,září,2019-09,2019-09-01,14,6,Saturday,sobota,257,37,2019,True
20190915,2019-09-15,2019,3,2019-Q3,9,September,září,2019-09,2019-09-01,15,7,Sunday,neděle,258,37,2019,True
20190916,2019-09-16,2019,3,2019-Q3,9,September,září,2019-09,2019-09-01,16,1,Monday,pondělí,259,38,2019,False
20190917,2019-09-17,2019,3,2019-Q3,9,September,září,2019-09,2019-09-01,17,2,Tuesday,úterý,260,38,2019,False
20190918,2019-09-18,2019,3,2019-Q3,9,September,září,2019-09,2019-09-01,18,3,Wednesday,středa,261,38,2019,False
20190919,2019-09-19,2019,3,2019-Q3,9,September,září,2019-09,2019-09-01,19,4,Thursday,čtvrtek,262,38,2019,False
20190920,2019-09-20,2019,3,2019-Q3,9,September,září,2019-09,2019-09-01,20,5,Friday,pátek,263,38,2019,False
20190921,2019-09-21,2019,3,2019-Q3,9,September,září,2019-09,2019-09-01,21,6,Saturday,sobota,264,38,2019,True
20190922,2019-09-22,2019,3,2019-Q3,9,September,září,2019-09,2019-09-01,22,7,Sunday,neděle,265,38,2019,True
20190923,2019-09-23,2019,3,2019-Q3,9,September,září,2019-09,2019-09-01,23,1,Monday,pondělí,266,39,2019,False
20190924,2019-09-24,2019,3,2019-Q3,9,September,září,2019-09,2019-09-01,24,2,Tuesday,úterý,267,39,2019,False
20190925,2019-09-25,2019,3,2019-Q3,9,September,září,2019-09,2019-09-01,25,3,Wednesday,středa,268,39,2019,False
20190926,2019-09-26,2019,3,2019-Q3,9,September,září,2019-09,2019-09-01,26,4,Thursday,čtvrtek,269,39,2019,False
20190927,2019-09-27,2019,3,2019-Q3,9,September,září,2019-09,2019-09-01,27,5,Friday,pátek,270,39,2019,False
20190928,2019-09-28,2019,3,2019-Q3,9,September,září,2019-09,2019-09-01,28,6,Saturday,sobota,271,39,2019,True
20190929,2019-09-29,2019,3,2019-Q3,9,September,září,2019-09,2019-09-01,29,7,Sunday,neděle,272,39,2019,True
20190930,2019-09-30,2019,3,2019-Q3,9,September,září,2019-09,2019-09-01,30,1,Monday,pondělí,273,40,2019,False
20191001,2019-10-01,2019,4,2019-Q4,10,October,říjen,2019-10,2019-10-01,1,2,Tuesday,úterý,274,40,2019,False
20191002,2019-10-02,2019,4,2019-Q4,10,October,říjen,2019-10,2019-10-01,2,3,Wednesday,středa,275,40,2019,False
20191003,2019-10-03,2019,4,2019-Q4,10,October,říjen,2019-10,2019-10-01,3,4,Thursday,čtvrtek,276,40,2019,False
20191004,2019-10-04,2019,4,2019-Q4,10,October,říjen,2019-10,2019-10-01,4,5,Friday,pátek,277,40,2019,False
20191005,2019-10-05,2019,4,2019-Q4,10,October,říjen,2019-10,2019-10-01,5,6,Saturday,sobota,278,40,2019,True
20191006,2019-10-06,2019,4,2019-Q4,10,October,říjen,2019-10,2019-10-01,6,7,Sunday,neděle,279,40,2019,True
20191007,2019-10-07,2019,4,2019-Q4,10,October,říjen,2019-10,2019-10-01,7,1,Monday,pondělí,280,41,2019,False
20191008,2019-10-08,2019,4,2019-Q4,10,October,říjen,2019-10,2019-10-01,8,2,Tuesday,úterý,281,41,2019,False
20191009,2019-10-09,2019,4,2019-Q4,10,October,říjen,2019-10,2019-10-01,9,3,Wednesday,středa,282,41,2019,False
20191010,2019-10-10,2019,4,2019-Q4,10,October,říjen,2019-10,2019-10-01,10,4,Thursday,čtvrtek,283,41,2019,False
20191011,2019-10-11,2019,4,2019-Q4,10,October,říjen,2019-10,2019-10-01,11,5,Friday,pátek,284,41,2019,False
20191012,2019-10-12,2019,4,2019-Q4,10,October,říjen,2019-10,2019-10-01,12,6,Saturday,sobota,285,41,2019,True
20191013,2019-10-13,2019,4,2019-Q4,10,October,říjen,2019-10,2019-10-01,13,7,Sunday,neděle,286,41,2019,True
20191014,2019-10-14,2019,4,2019-Q4,10,October,říjen,2019-10,2019-10-01,14,1,Monday,pondělí,287,42,2019,False
20191015,2019-10-15,2019,4,2019-Q4,10,October,říjen,2019-10,2019-10-01,15,2,Tuesday,úterý,288,42,2019,False
20191016,2019-10-16,2019,4,2019-Q4,10,October,říjen,2019-10,2019-10-01,16,3,Wednesday,středa,289,42,2019,False
20191017,2019-10-17,2019,4,2019-Q4,10,October,říjen,2019-10,2019-10-01,17,4,Thursday,čtvrtek,290,42,2019,False
20191018,2019-10-18,2019,4,2019-Q4,10,October,říjen,2019-10,2019-10-01,18,5,Friday,pátek,291,42,2019,False
20191019,2019-10-19,2019,4,2019-Q4,10,October,říjen,2019-10,2019-10-01,19,6,Saturday,sobota,292,42,2019,True
20191020,2019-10-20,2019,4,2019-Q4,10,October,říjen,2019-10,2019-10-01,20,7,Sunday,neděle,293,42,2019,True
20191021,2019-10-21,2019,4,2019-Q4,10,October,říjen,2019-10,2019-10-01,21,1,Monday,pondělí,294,43,2019,False
20191022,2019-10-22,2019,4,2019-Q4,10,October,říjen,2019-10,2019-10-01,22,2,Tuesday,úterý,295,43,2019,False
20191023,2019-10-23,2019,4,2019-Q4,10,October,říjen,2019-10,2019-10-01,23,3,Wednesday,středa,296,43,2019,False
20191024,2019-10-24,2019,4,2019-Q4,10,October,říjen,2019-10,2019-10-01,24,4,Thursday,čtvrtek,297,43,2019,False
20191025,2019-10-25,2019,4,2019-Q4,10,October,říjen,2019-10,2019-10-01,25,5,Friday,pátek,298,43,2019,False
20191026,2019-10-26,2019,4,2019-Q4,10,October,říjen,2019-10,2019-10-01,26,6,Saturday,sobota,299,43,2019,True
20191027,2019-10-27,2019,4,2019-Q4,10,October,říjen,2019-10,2019-10-01,27,7,Sunday,neděle,300,43,2019,True
20191028,2019-10-28,2019,4,2019-Q4,10,October,říjen,2019-10,2019-10-01,28,1,Monday,pondělí,301,44,2019,False
20191029,2019-10-29,2019,4,2019-Q4,10,October,říjen,2019-10,2019-10-01,29,2,Tuesday,úterý,302,44,2019,False
20191030,2019-10-30,2019,4,2019-Q4,10,October,říjen,2019-10,2019-10-01,30,3,Wednesday,středa,303,44,2019,False
20191031,2019-10-31,2019,4,2019-Q4,10,October,říjen,2019-10,2019-10-01,31,4,Thursday,čtvrtek,304,44,2019,False
20191101,2019-11-01,2019,4,2019-Q4,11,November,listopad,2019-11,2019-11-01,1,5,Friday,pátek,305,44,2019,False
20191102,2019-11-02,2019,4,2019-Q4,11,November,listopad,2019-11,2019-11-01,2,6,Saturday,sobota,306,44,2019,True
20191103,2019-11-03,2019,4,2019-Q4,11,November,listopad,2019-11,2019-11-01,3,7,Sunday,neděle,307,44,2019,True
20191104,2019-11-04,2019,4,2019-Q4,11,November,listopad,2019-11,2019-11-01,4,1,Monday,pondělí,308,45,2019,False
20191105,2019-11-05,2019,4,2019-Q4,11,November,listopad,2019-11,2019-11-01,5,2,Tuesday,úterý,309,45,2019,False
20191106,2019-11-06,2019,4,2019-Q4,11,November,listopad,2019-11,2019-11-01,6,3,Wednesday,středa,310,45,2019,False
20191107,2019-11-07,2019,4,2019-Q4,11,November,listopad,2019-11,2019-11-01,7,4,Thursday,čtvrtek,311,45,2019,False
20191108,2019-11-08,2019,4,2019-Q4,11,November,listopad,2019-11,2019-11-01,8,5,Friday,pátek,312,45,2019,False
20191109,2019-11-09,2019,4,2019-Q4,11,November,listopad,2019-11,2019-11-01,9,6,Saturday,sobota,313,45,2019,True
20191110,2019-11-10,2019,4,2019-Q4,11,November,listopad,2019-11,2019-11-01,10,7,Sunday,neděle,314,45,2019,True
20191111,2019-11-11,2019,4,2019-Q4,11,November,listopad,2019-11,2019-11-01,11,1,Monday,pondělí,315,46,2019,False
20191112,2019-11-12,2019,4,2019-Q4,11,November,listopad,2019-11,2019-11-01,12,2,Tuesday,úterý,316,46,2019,False
20191113,2019-11-13,2019,4,2019-Q4,11,November,listopad,2019-11,2019-11-01,13,3,Wednesday,středa,317,46,2019,False
20191114,2019-11-14,2019,4,2019-Q4,11,November,listopad,2019-11,2019-11-01,14,4,Thursday,čtvrtek,318,46,2019,False
20191115,2019-11-15,2019,4,2019-Q4,11,November,listopad,2019-11,2019-11-01,15,5,Friday,pátek,319,46,2019,False
20191116,2019-11-16,2019,4,2019-Q4,11,November,listopad,2019-11,2019-11-01,16,6,Saturday,sobota,320,46,2019,True
20191117,2019-11-17,2019,4,2019-Q4,11,November,listopad,2019-11,2019-11-01,17,7,Sunday,neděle,321,46,2019,True
20191118,2019-11-18,2019,4,2019-Q4,11,November,listopad,2019-11,2019-11-01,18,1,Monday,pondělí,322,47,2019,False
20191119,2019-11-19,2019,4,2019-Q4,11,November,listopad,2019-11,2019-11-01,19,2,Tuesday,úterý,323,47,2019,False
20191120,2019-11-20,2019,4,2019-Q4,11,November,listopad,2019-11,2019-11-01,20,3,Wednesday,středa,324,47,2019,False
20191121,2019-11-21,2019,4,2019-Q4,11,November,listopad,2019-11,2019-11-01,21,4,Thursday,čtvrtek,325,47,2019,False
20191122,2019-11-22,2019,4,2019-Q4,11,November,listopad,2019-11,2019-11-01,22,5,Friday,pátek,326,47,2019,False
20191123,2019-11-23,2019,4,2019-Q4,11,November,listopad,2019-11,2019-11-01,23,6,Saturday,sobota,327,47,2019,True
20191124,2019-11-24,2019,4,2019-Q4,11,November,listopad,2019-11,2019-11-01,24,7,Sunday,neděle,328,47,2019,True
20191125,2019-11-25,2019,4,2019-Q4,11,November,listopad,2019-11,2019-11-01,25,1,Monday,pondělí,329,48,2019,False
20191126,2019-11-26,2019,4,2019-Q4,11,November,listopad,2019-11,2019-11-01,26,2,Tuesday,úterý,330,48,2019,False
20191127,2019-11-27,2019,4,2019-Q4,11,November,listopad,2019-11,2019-11-01,27,3,Wednesday,středa,331,48,2019,False
20191128,2019-11-28,2019,4,2019-Q4,11,November,listopad,2019-11,2019-11-01,28,4,Thursday,čtvrtek,332,48,2019,False
20191129,2019-11-29,2019,4,2019-Q4,11,November,listopad,2019-11,2019-11-01,29,5,Friday,pátek,333,48,2019,False
20191130,2019-11-30,2019,4,2019-Q4,11,November,listopad,2019-11,2019-11-01,30,6,Saturday,sobota,334,48,2019,True
20191201,2019-12-01,2019,4,2019-Q4,12,December,prosinec,2019-12,2019-12-01,1,7,Sunday,neděle,335,48,2019,True
20191202,2019-12-02,2019,4,2019-Q4,12,December,prosinec,2019-12,2019-12-01,2,1,Monday,pondělí,336,49,2019,False
20191203,2019-12-03,2019,4,2019-Q4,12,December,prosinec,2019-12,2019-12-01,3,2,Tuesday,úterý,337,49,2019,False
20191204,2019-12-04,2019,4,2019-Q4,12,December,prosinec,2019-12,2019-12-01,4,3,Wednesday,středa,338,49,2019,False
20191205,2019-12-05,2019,4,2019-Q4,12,December,prosinec,2019-12,2019-12-01,5,4,Thursday,čtvrtek,339,49,2019,False
20191206,2019-12-06,2019,4,2019-Q4,12,December,prosinec,2019-12,2019-12-01,6,5,Friday,pátek,340,49,2019,False
20191207,2019-12-07,2019,4,2019-Q4,12,December,prosinec,2019-12,2019-12-01,7,6,Saturday,sobota,341,49,2019,True
20191208,2019-12-08,2019,4,2019-Q4,12,December,prosinec,2019-12,2019-12-01,8,7,Sunday,neděle,342,49,2019,True
20191209,2019-12-09,2019,4,2019-Q4,12,December,prosinec,2019-12,2019-12-01,9,1,Monday,pondělí,343,50,2019,False
20191210,2019-12-10,2019,4,2019-Q4,12,December,prosinec,2019-12,2019-12-01,10,2,Tuesday,úterý,344,50,2019,False
20191211,2019-12-11,2019,4,2019-Q4,12,December,prosinec,2019-12,2019-12-01,11,3,Wednesday,středa,345,50,2019,False
20191212,2019-12-12,2019,4,2019-Q4,12,December,prosinec,2019-12,2019-12-01,12,4,Thursday,čtvrtek,346,50,2019,False
20191213,2019-12-13,2019,4,2019-Q4,12,December,prosinec,2019-12,2019-12-01,13,5,Friday,pátek,347,50,2019,False
20191214,2019-12-14,2019,4,2019-Q4,12,December,prosinec,2019-12,2019-12-01,14,6,Saturday,sobota,348,50,2019,True
20191215,2019-12-15,2019,4,2019-Q4,12,December,prosinec,2019-12,2019-12-01,15,7,Sunday,neděle,349,50,2019,True
20191216,2019-12-16,2019,4,2019-Q4,12,December,prosinec,2019-12,2019-12-01,16,1,Monday,pondělí,350,51,2019,False
20191217,2019-12-17,2019,4,2019-Q4,12,December,prosinec,2019-12,2019-12-01,17,2,Tuesday,úterý,351,51,2019,False
20191218,2019-12-18,2019,4,2019-Q4,12,December,prosinec,2019-12,2019-12-01,18,3,Wednesday,středa,352,51,2019,False
20191219,2019-12-19,2019,4,2019-Q4,12,December,prosinec,2019-12,2019-12-01,19,4,Thursday,čtvrtek,353,51,2019,False
20191220,2019-12-20,2019,4,2019-Q4,12,December,prosinec,2019-12,2019-12-01,20,5,Friday,pátek,354,51,2019,False
20191221,2019-12-21,2019,4,2019-Q4,12,December,prosinec,2019-12,2019-12-01,21,6,Saturday,sobota,355,51,2019,True
20191222,2019-12-22,2019,4,2019-Q4,12,December,prosinec,2019-12,2019-12-01,22,7,Sunday,neděle,356,51,2019,True
20191223,2019-12-23,2019,4,2019-Q4,12,December,prosinec,2019-12,2019-12-01,23,1,Monday,pondělí,357,52,2019,False
20191224,2019-12-24,2019,4,2019-Q4,12,December,prosinec,2019-12,2019-12-01,24,2,Tuesday,úterý,358,52,2019,False
20191225,2019-12-25,2019,4,2019-Q4,12,December,prosinec,2019-12,2019-12-01,25,3,Wednesday,středa,359,52,2019,False
20191226,2019-12-26,2019,4,2019-Q4,12,December,prosinec,2019-12,2019-12-01,26,4,Thursday,čtvrtek,360,52,2019,False
20191227,2019-12-27,2019,4,2019-Q4,12,December,prosinec,2019-12,2019-12-01,27,5,Friday,pátek,361,52,2019,False
20191228,2019-12-28,2019,4,2019-Q4,12,December,prosinec,2019-12,2019-12-01,28,6,Saturday,sobota,362,52,2019,True
20191229,2019-12-29,2019,4,2019-Q4,12,December,prosinec,2019-12,2019-12-01,29,7,Sunday,neděle,363,52,2019,True
20191230,2019-12-30,2019,4,2019-Q4,12,December,prosinec,2019-12,2019-12-01,30,1,Monday,pondělí,364,1,2020,False
20191231,2019-12-31,2019,4,2019-Q4,12,December,prosinec,2019-12,2019-12-01,31,2,Tuesday,úterý,365,1,2020,False
20200101,2020-01-01,2020,1,2020-Q1,1,January,leden,2020-01,2020-01-01,1,3,Wednesday,středa,1,1,2020,False
20200102,2020-01-02,2020,1,2020-Q1,1,January,leden,2020-01,2020-01-01,2,4,Thursday,čtvrtek,2,1,2020,False
20200103,2020-01-03,2020,1,2020-Q1,1,January,leden,2020-01,2020-01-01,3,5,Friday,pátek,3,1,2020,False
20200104,2020-01-04,2020,1,2020-Q1,1,January,leden,2020-01,2020-01-01,4,6,Saturday,sobota,4,1,2020,True
20200105,2020-01-05,2020,1,2020-Q1,1,January,leden,2020-01,2020-01-01,5,7,Sunday,neděle,5,1,2020,True
20200106,2020-01-06,2020,1,2020-Q1,1,January,leden,2020-01,2020-01-01,6,1,Monday,pondělí,6,2,2020,False
20200107,2020-01-07,2020,1,2020-Q1,1,January,leden,2020-01,2020-01-01,7,2,Tuesday,úterý,7,2,2020,False
20200108,2020-01-08,2020,1,2020-Q1,1,January,leden,2020-01,2020-01-01,8,3,Wednesday,středa,8,2,2020,False
20200109,2020-01-09,2020,1,2020-Q1,1,January,leden,2020-01,2020-01-01,9,4,Thursday,čtvrtek,9,2,2020,False
20200110,2020-01-10,2020,1,2020-Q1,1,January,leden,2020-01,2020-01-01,10,5,Friday,pátek,10,2,2020,False
20200111,2020-01-11,2020,1,2020-Q1,1,January,leden,2020-01,2020-01-01,11,6,Saturday,sobota,11,2,2020,True
20200112,2020-01-12,2020,1,2020-Q1,1,January,leden,2020-01,2020-01-01,12,7,Sunday,neděle,12,2,2020,True
20200113,2020-01-13,2020,1,2020-Q1,1,January,leden,2020-01,2020-01-01,13,1,Monday,pondělí,13,3,2020,False
20200114,2020-01-14,2020,1,2020-Q1,1,January,leden,2020-01,2020-01-01,14,2,Tuesday,úterý,14,3,2020,False
20200115,2020-01-15,2020,1,2020-Q1,1,January,leden,2020-01,2020-01-01,15,3,Wednesday,středa,15,3,2020,False
20200116,2020-01-16,2020,1,2020-Q1,1,January,leden,2020-01,2020-01-01,16,4,Thursday,čtvrtek,16,3,2020,False
20200117,2020-01-17,2020,1,2020-Q1,1,January,leden,2020-01,2020-01-01,17,5,Friday,pátek,17,3,2020,False
20200118,2020-01-18,2020,1,2020-Q1,1,January,leden,2020-01,2020-01-01,18,6,Saturday,sobota,18,3,2020,True
20200119,2020-01-19,2020,1,2020-Q1,1,January,leden,2020-01,2020-01-01,19,7,Sunday,neděle,19,3,2020,True
20200120,2020-01-20,2020,1,2020-Q1,1,January,leden,2020-01,2020-01-01,20,1,Monday,pondělí,20,4,2020,False
20200121,2020-01-21,2020,1,2020-Q1,1,January,leden,2020-01,2020-01-01,21,2,Tuesday,úterý,21,4,2020,False
20200122,2020-01-22,2020,1,2020-Q1,1,January,leden,2020-01,2020-01-01,22,3,Wednesday,středa,22,4,2020,False
20200123,2020-01-23,2020,1,2020-Q1,1,January,leden,2020-01,2020-01-01,23,4,Thursday,čtvrtek,23,4,2020,False
20200124,2020-01-24,2020,1,2020-Q1,1,January,leden,2020-01,2020-01-01,24,5,Friday,pátek,24,4,2020,False
20200125,2020-01-25,2020,1,2020-Q1,1,January,leden,2020-01,2020-01-01,25,6,Saturday,sobota,25,4,2020,True
20200126,2020-01-26,2020,1,2020-Q1,1,January,leden,2020-01,2020-01-01,26,7,Sunday,neděle,26,4,2020,True
20200127,2020-01-27,2020,1,2020-Q1,1,January,leden,2020-01,2020-01-01,27,1,Monday,pondělí,27,5,2020,False
20200128,2020-01-28,2020,1,2020-Q1,1,January,leden,2020-01,2020-01-01,28,2,Tuesday,úterý,28,5,2020,False
20200129,2020-01-29,2020,1,2020-Q1,1,January,leden,2020-01,2020-01-01,29,3,Wednesday,středa,29,5,2020,False
20200130,2020-01-30,2020,1,2020-Q1,1,January,leden,2020-01,2020-01-01,30,4,Thursday,čtvrtek,30,5,2020,False
20200131,2020-01-31,2020,1,2020-Q1,1,January,leden,2020-01,2020-01-01,31,5,Friday,pátek,31,5,2020,False
20200201,2020-02-01,2020,1,2020-Q1,2,February,únor,2020-02,2020-02-01,1,6,Saturday,sobota,32,5,2020,True
20200202,2020-02-02,2020,1,2020-Q1,2,February,únor,2020-02,2020-02-01,2,7,Sunday,neděle,33,5,2020,True
20200203,2020-02-03,2020,1,2020-Q1,2,February,únor,2020-02,2020-02-01,3,1,Monday,pondělí,34,6,2020,False
20200204,2020-02-04,2020,1,2020-Q1,2,February,únor,2020-02,2020-02-01,4,2,Tuesday,úterý,35,6,2020,False
20200205,2020-02-05,2020,1,2020-Q1,2,February,únor,2020-02,2020-02-01,5,3,Wednesday,středa,36,6,2020,False
20200206,2020-02-06,2020,1,2020-Q1,2,February,únor,2020-02,2020-02-01,6,4,Thursday,čtvrtek,37,6,2020,False
20200207,2020-02-07,2020,1,2020-Q1,2,February,únor,2020-02,2020-02-01,7,5,Friday,pátek,38,6,2020,False
20200208,2020-02-08,2020,1,2020-Q1,2,February,únor,2020-02,2020-02-01,8,6,Saturday,sobota,39,6,2020,True
20200209,2020-02-09,2020,1,2020-Q1,2,February,únor,2020-02,2020-02-01,9,7,Sunday,neděle,40,6,2020,True
20200210,2020-02-10,2020,1,2020-Q1,2,February,únor,2020-02,2020-02-01,10,1,Monday,pondělí,41,7,2020,False
20200211,2020-02-11,2020,1,2020-Q1,2,February,únor,2020-02,2020-02-01,11,2,Tuesday,úterý,42,7,2020,False
20200212,2020-02-12,2020,1,2020-Q1,2,February,únor,2020-02,2020-02-01,12,3,Wednesday,středa,43,7,2020,False
20200213,2020-02-13,2020,1,2020-Q1,2,February,únor,2020-02,2020-02-01,13,4,Thursday,čtvrtek,44,7,2020,False
20200214,2020-02-14,2020,1,2020-Q1,2,February,únor,2020-02,2020-02-01,14,5,Friday,pátek,45,7,2020,False
20200215,2020-02-15,2020,1,2020-Q1,2,February,únor,2020-02,2020-02-01,15,6,Saturday,sobota,46,7,2020,True
20200216,2020-02-16,2020,1,2020-Q1,2,February,únor,2020-02,2020-02-01,16,7,Sunday,neděle,47,7,2020,True
20200217,2020-02-17,2020,1,2020-Q1,2,February,únor,2020-02,2020-02-01,17,1,Monday,pondělí,48,8,2020,False
20200218,2020-02-18,2020,1,2020-Q1,2,February,únor,2020-02,2020-02-01,18,2,Tuesday,úterý,49,8,2020,False
20200219,2020-02-19,2020,1,2020-Q1,2,February,únor,2020-02,2020-02-01,19,3,Wednesday,středa,50,8,2020,False
20200220,2020-02-20,2020,1,2020-Q1,2,February,únor,2020-02,2020-02-01,20,4,Thursday,čtvrtek,51,8,2020,False
20200221,2020-02-21,2020,1,2020-Q1,2,February,únor,2020-02,2020-02-01,21,5,Friday,pátek,52,8,2020,False
20200222,2020-02-22,2020,1,2020-Q1,2,February,únor,2020-02,2020-02-01,22,6,Saturday,sobota,53,8,2020,True
20200223,2020-02-23,2020,1,2020-Q1,2,February,únor,2020-02,2020-02-01,23,7,Sunday,neděle,54,8,2020,True
20200224,2020-02-24,2020,1,2020-Q1,2,February,únor,2020-02,2020-02-01,24,1,Monday,pondělí,55,9,2020,False
20200225,2020-02-25,2020,1,2020-Q1,2,February,únor,2020-02,2020-02-01,25,2,Tuesday,úterý,56,9,2020,False
20200226,2020-02-26,2020,1,2020-Q1,2,February,únor,2020-02,2020-02-01,26,3,Wednesday,středa,57,9,2020,False
20200227,2020-02-27,2020,1,2020-Q1,2,February,únor,2020-02,2020-02-01,27,4,Thursday,čtvrtek,58,9,2020,False
20200228,2020-02-28,2020,1,2020-Q1,2,February,únor,2020-02,2020-02-01,28,5,Friday,pátek,59,9,2020,False
20200229,2020-02-29,2020,1,2020-Q1,2,February,únor,2020-02,2020-02-01,29,6,Saturday,sobota,60,9,2020,True
20200301,2020-03-01,2020,1,2020-Q1,3,March,březen,2020-03,2020-03-01,1,7,Sunday,neděle,61,9,2020,True
20200302,2020-03-02,2020,1,2020-Q1,3,March,březen,2020-03,2020-03-01,2,1,Monday,pondělí,62,10,2020,False
20200303,2020-03-03,2020,1,2020-Q1,3,March,březen,2020-03,2020-03-01,3,2,Tuesday,úterý,63,10,2020,False
20200304,2020-03-04,2020,1,2020-Q1,3,March,březen,2020-03,2020-03-01,4,3,Wednesday,středa,64,10,2020,False
20200305,2020-03-05,2020,1,2020-Q1,3,March,březen,2020-03,2020-03-01,5,4,Thursday,čtvrtek,65,10,2020,False
20200306,2020-03-06,2020,1,2020-Q1,3,March,březen,2020-03,2020-03-01,6,5,Friday,pátek,66,10,2020,False
20200307,2020-03-07,2020,1,2020-Q1,3,March,březen,2020-03,2020-03-01,7,6,Saturday,sobota,67,10,2020,True
20200308,2020-03-08,2020,1,2020-Q1,3,March,březen,2020-03,2020-03-01,8,7,Sunday,neděle,68,10,2020,True
20200309,2020-03-09,2020,1,2020-Q1,3,March,březen,2020-03,2020-03-01,9,1,Monday,pondělí,69,11,2020,False
20200310,2020-03-10,2020,1,2020-Q1,3,March,březen,2020-03,2020-03-01,10,2,Tuesday,úterý,70,11,2020,False
20200311,2020-03-11,2020,1,2020-Q1,3,March,březen,2020-03,2020-03-01,11,3,Wednesday,středa,71,11,2020,False
20200312,2020-03-12,2020,1,2020-Q1,3,March,březen,2020-03,2020-03-01,12,4,Thursday,čtvrtek,72,11,2020,False
20200313,2020-03-13,2020,1,2020-Q1,3,March,březen,2020-03,2020-03-01,13,5,Friday,pátek,73,11,2020,False
20200314,2020-03-14,2020,1,2020-Q1,3,March,březen,2020-03,2020-03-01,14,6,Saturday,sobota,74,11,2020,True
20200315,2020-03-15,2020,1,2020-Q1,3,March,březen,2020-03,2020-03-01,15,7,Sunday,neděle,75,11,2020,True
20200316,2020-03-16,2020,1,2020-Q1,3,March,březen,2020-03,2020-03-01,16,1,Monday,pondělí,76,12,2020,False
20200317,2020-03-17,2020,1,2020-Q1,3,March,březen,2020-03,2020-03-01,17,2,Tuesday,úterý,77,12,2020,False
20200318,2020-03-18,2020,1,2020-Q1,3,March,březen,2020-03,2020-03-01,18,3,Wednesday,středa,78,12,2020,False
20200319,2020-03-19,2020,1,2020-Q1,3,March,březen,2020-03,2020-03-01,19,4,Thursday,čtvrtek,79,12,2020,False
20200320,2020-03-20,2020,1,2020-Q1,3,March,březen,2020-03,2020-03-01,20,5,Friday,pátek,80,12,2020,False
20200321,2020-03-21,2020,1,2020-Q1,3,March,březen,2020-03,2020-03-01,21,6,Saturday,sobota,81,12,2020,True
20200322,2020-03-22,2020,1,2020-Q1,3,March,březen,2020-03,2020-03-01,22,7,Sunday,neděle,82,12,2020,True
20200323,2020-03-23,2020,1,2020-Q1,3,March,březen,2020-03,2020-03-01,23,1,Monday,pondělí,83,13,2020,False
20200324,2020-03-24,2020,1,2020-Q1,3,March,březen,2020-03,2020-03-01,24,2,Tuesday,úterý,84,13,2020,False
20200325,2020-03-25,2020,1,2020-Q1,3,March,březen,2020-03,2020-03-01,25,3,Wednesday,středa,85,13,2020,False
20200326,2020-03-26,2020,1,2020-Q1,3,March,březen,2020-03,2020-03-01,26,4,Thursday,čtvrtek,86,13,2020,False
20200327,2020-03-27,2020,1,2020-Q1,3,March,březen,2020-03,2020-03-01,27,5,Friday,pátek,87,13,2020,False
20200328,2020-03-28,2020,1,2020-Q1,3,March,březen,2020-03,2020-03-01,28,6,Saturday,sobota,88,13,2020,True
20200329,2020-03-29,2020,1,2020-Q1,3,March,březen,2020-03,2020-03-01,29,7,Sunday,neděle,89,13,2020,True
20200330,2020-03-30,2020,1,2020-Q1,3,March,březen,2020-03,2020-03-01,30,1,Monday,pondělí,90,14,2020,False
20200331,2020-03-31,2020,1,2020-Q1,3,March,březen,2020-03,2020-03-01,31,2,Tuesday,úterý,91,14,2020,False
20200401,2020-04-01,2020,2,2020-Q2,4,April,duben,2020-04,2020-04-01,1,3,Wednesday,středa,92,14,2020,False
20200402,2020-04-02,2020,2,2020-Q2,4,April,duben,2020-04,2020-04-01,2,4,Thursday,čtvrtek,93,14,2020,False
20200403,2020-04-03,2020,2,2020-Q2,4,April,duben,2020-04,2020-04-01,3,5,Friday,pátek,94,14,2020,False
20200404,2020-04-04,2020,2,2020-Q2,4,April,duben,2020-04,2020-04-01,4,6,Saturday,sobota,95,14,2020,True
20200405,2020-04-05,2020,2,2020-Q2,4,April,duben,2020-04,2020-04-01,5,7,Sunday,neděle,96,14,2020,True
20200406,2020-04-06,2020,2,2020-Q2,4,April,duben,2020-04,2020-04-01,6,1,Monday,pondělí,97,15,2020,False
20200407,2020-04-07,2020,2,2020-Q2,4,April,duben,2020-04,2020-04-01,7,2,Tuesday,úterý,98,15,2020,False
20200408,2020-04-08,2020,2,2020-Q2,4,April,duben,2020-04,2020-04-01,8,3,Wednesday,středa,99,15,2020,False
20200409,2020-04-09,2020,2,2020-Q2,4,April,duben,2020-04,2020-04-01,9,4,Thursday,čtvrtek,100,15,2020,False
20200410,2020-04-10,2020,2,2020-Q2,4,April,duben,2020-04,2020-04-01,10,5,Friday,pátek,101,15,2020,False
20200411,2020-04-11,2020,2,2020-Q2,4,April,duben,2020-04,2020-04-01,11,6,Saturday,sobota,102,15,2020,True
20200412,2020-04-12,2020,2,2020-Q2,4,April,duben,2020-04,2020-04-01,12,7,Sunday,neděle,103,15,2020,True
20200413,2020-04-13,2020,2,2020-Q2,4,April,duben,2020-04,2020-04-01,13,1,Monday,pondělí,104,16,2020,False
20200414,2020-04-14,2020,2,2020-Q2,4,April,duben,2020-04,2020-04-01,14,2,Tuesday,úterý,105,16,2020,False
20200415,2020-04-15,2020,2,2020-Q2,4,April,duben,2020-04,2020-04-01,15,3,Wednesday,středa,106,16,2020,False
20200416,2020-04-16,2020,2,2020-Q2,4,April,duben,2020-04,2020-04-01,16,4,Thursday,čtvrtek,107,16,2020,False
20200417,2020-04-17,2020,2,2020-Q2,4,April,duben,2020-04,2020-04-01,17,5,Friday,pátek,108,16,2020,False
20200418,2020-04-18,2020,2,2020-Q2,4,April,duben,2020-04,2020-04-01,18,6,Saturday,sobota,109,16,2020,True
20200419,2020-04-19,2020,2,2020-Q2,4,April,duben,2020-04,2020-04-01,19,7,Sunday,neděle,110,16,2020,True
20200420,2020-04-20,2020,2,2020-Q2,4,April,duben,2020-04,2020-04-01,20,1,Monday,pondělí,111,17,2020,False
20200421,2020-04-21,2020,2,2020-Q2,4,April,duben,2020-04,2020-04-01,21,2,Tuesday,úterý,112,17,2020,False
20200422,2020-04-22,2020,2,2020-Q2,4,April,duben,2020-04,2020-04-01,22,3,Wednesday,středa,113,17,2020,False
20200423,2020-04-23,2020,2,2020-Q2,4,April,duben,2020-04,2020-04-01,23,4,Thursday,čtvrtek,114,17,2020,False
20200424,2020-04-24,2020,2,2020-Q2,4,April,duben,2020-04,2020-04-01,24,5,Friday,pátek,115,17,2020,False
20200425,2020-04-25,2020,2,2020-Q2,4,April,duben,2020-04,2020-04-01,25,6,Saturday,sobota,116,17,2020,True
20200426,2020-04-26,2020,2,2020-Q2,4,April,duben,2020-04,2020-04-01,26,7,Sunday,neděle,117,17,2020,True
20200427,2020-04-27,2020,2,2020-Q2,4,April,duben,2020-04,2020-04-01,27,1,Monday,pondělí,118,18,2020,False
20200428,2020-04-28,2020,2,2020-Q2,4,April,duben,2020-04,2020-04-01,28,2,Tuesday,úterý,119,18,2020,False
20200429,2020-04-29,2020,2,2020-Q2,4,April,duben,2020-04,2020-04-01,29,3,Wednesday,středa,120,18,2020,False
20200430,2020-04-30,2020,2,2020-Q2,4,April,duben,2020-04,2020-04-01,30,4,Thursday,čtvrtek,121,18,2020,False
20200501,2020-05-01,2020,2,2020-Q2,5,May,květen,2020-05,2020-05-01,1,5,Friday,pátek,122,18,2020,False
20200502,2020-05-02,2020,2,2020-Q2,5,May,květen,2020-05,2020-05-01,2,6,Saturday,sobota,123,18,2020,True
20200503,2020-05-03,2020,2,2020-Q2,5,May,květen,2020-05,2020-05-01,3,7,Sunday,neděle,124,18,2020,True
20200504,2020-05-04,2020,2,2020-Q2,5,May,květen,2020-05,2020-05-01,4,1,Monday,pondělí,125,19,2020,False
20200505,2020-05-05,2020,2,2020-Q2,5,May,květen,2020-05,2020-05-01,5,2,Tuesday,úterý,126,19,2020,False
20200506,2020-05-06,2020,2,2020-Q2,5,May,květen,2020-05,2020-05-01,6,3,Wednesday,středa,127,19,2020,False
20200507,2020-05-07,2020,2,2020-Q2,5,May,květen,2020-05,2020-05-01,7,4,Thursday,čtvrtek,128,19,2020,False
20200508,2020-05-08,2020,2,2020-Q2,5,May,květen,2020-05,2020-05-01,8,5,Friday,pátek,129,19,2020,False
20200509,2020-05-09,2020,2,2020-Q2,5,May,květen,2020-05,2020-05-01,9,6,Saturday,sobota,130,19,2020,True
20200510,2020-05-10,2020,2,2020-Q2,5,May,květen,2020-05,2020-05-01,10,7,Sunday,neděle,131,19,2020,True
20200511,2020-05-11,2020,2,2020-Q2,5,May,květen,2020-05,2020-05-01,11,1,Monday,pondělí,132,20,2020,False
20200512,2020-05-12,2020,2,2020-Q2,5,May,květen,2020-05,2020-05-01,12,2,Tuesday,úterý,133,20,2020,False
20200513,2020-05-13,2020,2,2020-Q2,5,May,květen,2020-05,2020-05-01,13,3,Wednesday,středa,134,20,2020,False
20200514,2020-05-14,2020,2,2020-Q2,5,May,květen,2020-05,2020-05-01,14,4,Thursday,čtvrtek,135,20,2020,False
20200515,2020-05-15,2020,2,2020-Q2,5,May,květen,2020-05,2020-05-01,15,5,Friday,pátek,136,20,2020,False
20200516,2020-05-16,2020,2,2020-Q2,5,May,květen,2020-05,2020-05-01,16,6,Saturday,sobota,137,20,2020,True
20200517,2020-05-17,2020,2,2020-Q2,5,May,květen,2020-05,2020-05-01,17,7,Sunday,neděle,138,20,2020,True
20200518,2020-05-18,2020,2,2020-Q2,5,May,květen,2020-05,2020-05-01,18,1,Monday,pondělí,139,21,2020,False
20200519,2020-05-19,2020,2,2020-Q2,5,May,květen,2020-05,2020-05-01,19,2,Tuesday,úterý,140,21,2020,False
20200520,2020-05-20,2020,2,2020-Q2,5,May,květen,2020-05,2020-05-01,20,3,Wednesday,středa,141,21,2020,False
20200521,2020-05-21,2020,2,2020-Q2,5,May,květen,2020-05,2020-05-01,21,4,Thursday,čtvrtek,142,21,2020,False
20200522,2020-05-22,2020,2,2020-Q2,5,May,květen,2020-05,2020-05-01,22,5,Friday,pátek,143,21,2020,False
20200523,2020-05-23,2020,2,2020-Q2,5,May,květen,2020-05,2020-05-01,23,6,Saturday,sobota,144,21,2020,True
20200524,2020-05-24,2020,2,2020-Q2,5,May,květen,2020-05,2020-05-01,24,7,Sunday,neděle,145,21,2020,True
20200525,2020-05-25,2020,2,2020-Q2,5,May,květen,2020-05,2020-05-01,25,1,Monday,pondělí,146,22,2020,False
20200526,2020-05-26,2020,2,2020-Q2,5,May,květen,2020-05,2020-05-01,26,2,Tuesday,úterý,147,22,2020,False
20200527,2020-05-27,2020,2,2020-Q2,5,May,květen,2020-05,2020-05-01,27,3,Wednesday,středa,148,22,2020,False
20200528,2020-05-28,2020,2,2020-Q2,5,May,květen,2020-05,2020-05-01,28,4,Thursday,čtvrtek,149,22,2020,False
20200529,2020-05-29,2020,2,2020-Q2,5,May,květen,2020-05,2020-05-01,29,5,Friday,pátek,150,22,2020,False
20200530,2020-05-30,2020,2,2020-Q2,5,May,květen,2020-05,2020-05-01,30,6,Saturday,sobota,151,22,2020,True
20200531,2020-05-31,2020,2,2020-Q2,5,May,květen,2020-05,2020-05-01,31,7,Sunday,neděle,152,22,2020,True
20200601,2020-06-01,2020,2,2020-Q2,6,June,červen,2020-06,2020-06-01,1,1,Monday,pondělí,153,23,2020,False
20200602,2020-06-02,2020,2,2020-Q2,6,June,červen,2020-06,2020-06-01,2,2,Tuesday,úterý,154,23,2020,False
20200603,2020-06-03,2020,2,2020-Q2,6,June,červen,2020-06,2020-06-01,3,3,Wednesday,středa,155,23,2020,False
20200604,2020-06-04,2020,2,2020-Q2,6,June,červen,2020-06,2020-06-01,4,4,Thursday,čtvrtek,156,23,2020,False
20200605,2020-06-05,2020,2,2020-Q2,6,June,červen,2020-06,2020-06-01,5,5,Friday,pátek,157,23,2020,False
20200606,2020-06-06,2020,2,2020-Q2,6,June,červen,2020-06,2020-06-01,6,6,Saturday,sobota,158,23,2020,True
20200607,2020-06-07,2020,2,2020-Q2,6,June,červen,2020-06,2020-06-01,7,7,Sunday,neděle,159,23,2020,True
20200608,2020-06-08,2020,2,2020-Q2,6,June,červen,2020-06,2020-06-01,8,1,Monday,pondělí,160,24,2020,False
20200609,2020-06-09,2020,2,2020-Q2,6,June,červen,2020-06,2020-06-01,9,2,Tuesday,úterý,161,24,2020,False
20200610,2020-06-10,2020,2,2020-Q2,6,June,červen,2020-06,2020-06-01,10,3,Wednesday,středa,162,24,2020,False
20200611,2020-06-11,2020,2,2020-Q2,6,June,červen,2020-06,2020-06-01,11,4,Thursday,čtvrtek,163,24,2020,False
20200612,2020-06-12,2020,2,2020-Q2,6,June,červen,2020-06,2020-06-01,12,5,Friday,pátek,164,24,2020,False
20200613,2020-06-13,2020,2,2020-Q2,6,June,červen,2020-06,2020-06-01,13,6,Saturday,sobota,165,24,2020,True
20200614,2020-06-14,2020,2,2020-Q2,6,June,červen,2020-06,2020-06-01,14,7,Sunday,neděle,166,24,2020,True
20200615,2020-06-15,2020,2,2020-Q2,6,June,červen,2020-06,2020-06-01,15,1,Monday,pondělí,167,25,2020,False
20200616,2020-06-16,2020,2,2020-Q2,6,June,červen,2020-06,2020-06-01,16,2,Tuesday,úterý,168,25,2020,False
20200617,2020-06-17,2020,2,2020-Q2,6,June,červen,2020-06,2020-06-01,17,3,Wednesday,středa,169,25,2020,False
20200618,2020-06-18,2020,2,2020-Q2,6,June,červen,2020-06,2020-06-01,18,4,Thursday,čtvrtek,170,25,2020,False
20200619,2020-06-19,2020,2,2020-Q2,6,June,červen,2020-06,2020-06-01,19,5,Friday,pátek,171,25,2020,False
20200620,2020-06-20,2020,2,2020-Q2,6,June,červen,2020-06,2020-06-01,20,6,Saturday,sobota,172,25,2020,True
20200621,2020-06-21,2020,2,2020-Q2,6,June,červen,2020-06,2020-06-01,21,7,Sunday,neděle,173,25,2020,True
20200622,2020-06-22,2020,2,2020-Q2,6,June,červen,2020-06,2020-06-01,22,1,Monday,pondělí,174,26,2020,False
20200623,2020-06-23,2020,2,2020-Q2,6,June,červen,2020-06,2020-06-01,23,2,Tuesday,úterý,175,26,2020,False
20200624,2020-06-24,2020,2,2020-Q2,6,June,červen,2020-06,2020-06-01,24,3,Wednesday,středa,176,26,2020,False
20200625,2020-06-25,2020,2,2020-Q2,6,June,červen,2020-06,2020-06-01,25,4,Thursday,čtvrtek,177,26,2020,False
20200626,2020-06-26,2020,2,2020-Q2,6,June,červen,2020-06,2020-06-01,26,5,Friday,pátek,178,26,2020,False
20200627,2020-06-27,2020,2,2020-Q2,6,June,červen,2020-06,2020-06-01,27,6,Saturday,sobota,179,26,2020,True
20200628,2020-06-28,2020,2,2020-Q2,6,June,červen,2020-06,2020-06-01,28,7,Sunday,neděle,180,26,2020,True
20200629,2020-06-29,2020,2,2020-Q2,6,June,červen,2020-06,2020-06-01,29,1,Monday,pondělí,181,27,2020,False
20200630,2020-06-30,2020,2,2020-Q2,6,June,červen,2020-06,2020-06-01,30,2,Tuesday,úterý,182,27,2020,False
20200701,2020-07-01,2020,3,2020-Q3,7,July,červenec,2020-07,2020-07-01,1,3,Wednesday,středa,183,27,2020,False
20200702,2020-07-02,2020,3,2020-Q3,7,July,červenec,2020-07,2020-07-01,2,4,Thursday,čtvrtek,184,27,2020,False
20200703,2020-07-03,2020,3,2020-Q3,7,July,červenec,2020-07,2020-07-01,3,5,Friday,pátek,185,27,2020,False
20200704,2020-07-04,2020,3,2020-Q3,7,July,červenec,2020-07,2020-07-01,4,6,Saturday,sobota,186,27,2020,True
20200705,2020-07-05,2020,3,2020-Q3,7,July,červenec,2020-07,2020-07-01,5,7,Sunday,neděle,187,27,2020,True
20200706,2020-07-06,2020,3,2020-Q3,7,July,červenec,2020-07,2020-07-01,6,1,Monday,pondělí,188,28,2020,False
20200707,2020-07-07,2020,3,2020-Q3,7,July,červenec,2020-07,2020-07-01,7,2,Tuesday,úterý,189,28,2020,False
20200708,2020-07-08,2020,3,2020-Q3,7,July,červenec,2020-07,2020-07-01,8,3,Wednesday,středa,190,28,2020,False
20200709,2020-07-09,2020,3,2020-Q3,7,July,červenec,2020-07,2020-07-01,9,4,Thursday,čtvrtek,191,28,2020,False
20200710,2020-07-10,2020,3,2020-Q3,7,July,červenec,2020-07,2020-07-01,10,5,Friday,pátek,192,28,2020,False
20200711,2020-07-11,2020,3,2020-Q3,7,July,červenec,2020-07,2020-07-01,11,6,Saturday,sobota,193,28,2020,True
20200712,2020-07-12,2020,3,2020-Q3,7,July,červenec,2020-07,2020-07-01,12,7,Sunday,neděle,194,28,2020,True
20200713,2020-07-13,2020,3,2020-Q3,7,July,červenec,2020-07,2020-07-01,13,1,Monday,pondělí,195,29,2020,False
20200714,2020-07-14,2020,3,2020-Q3,7,July,červenec,2020-07,2020-07-01,14,2,Tuesday,úterý,196,29,2020,False
20200715,2020-07-15,2020,3,2020-Q3,7,July,červenec,2020-07,2020-07-01,15,3,Wednesday,středa,197,29,2020,False
20200716,2020-07-16,2020,3,2020-Q3,7,July,červenec,2020-07,2020-07-01,16,4,Thursday,čtvrtek,198,29,2020,False
20200717,2020-07-17,2020,3,2020-Q3,7,July,červenec,2020-07,2020-07-01,17,5,Friday,pátek,199,29,2020,False
20200718,2020-07-18,2020,3,2020-Q3,7,July,červenec,2020-07,2020-07-01,18,6,Saturday,sobota,200,29,2020,True
20200719,2020-07-19,2020,3,2020-Q3,7,July,červenec,2020-07,2020-07-01,19,7,Sunday,neděle,201,29,2020,True
20200720,2020-07-20,2020,3,2020-Q3,7,July,červenec,2020-07,2020-07-01,20,1,Monday,pondělí,202,30,2020,False
20200721,2020-07-21,2020,3,2020-Q3,7,July,červenec,2020-07,2020-07-01,21,2,Tuesday,úterý,203,30,2020,False
20200722,2020-07-22,2020,3,2020-Q3,7,July,červenec,2020-07,2020-07-01,22,3,Wednesday,středa,204,30,2020,False
20200723,2020-07-23,2020,3,2020-Q3,7,July,červenec,2020-07,2020-07-01,23,4,Thursday,čtvrtek,205,30,2020,False
20200724,2020-07-24,2020,3,2020-Q3,7,July,červenec,2020-07,2020-07-01,24,5,Friday,pátek,206,30,2020,False
20200725,2020-07-25,2020,3,2020-Q3,7,July,červenec,2020-07,2020-07-01,25,6,Saturday,sobota,207,30,2020,True
20200726,2020-07-26,2020,3,2020-Q3,7,July,červenec,2020-07,2020-07-01,26,7,Sunday,neděle,208,30,2020,True
20200727,2020-07-27,2020,3,2020-Q3,7,July,červenec,2020-07,2020-07-01,27,1,Monday,pondělí,209,31,2020,False
20200728,2020-07-28,2020,3,2020-Q3,7,July,červenec,2020-07,2020-07-01,28,2,Tuesday,úterý,210,31,2020,False
20200729,2020-07-29,2020,3,2020-Q3,7,July,červenec,2020-07,2020-07-01,29,3,Wednesday,středa,211,31,2020,False
20200730,2020-07-30,2020,3,2020-Q3,7,July,červenec,2020-07,2020-07-01,30,4,Thursday,čtvrtek,212,31,2020,False
20200731,2020-07-31,2020,3,2020-Q3,7,July,červenec,2020-07,2020-07-01,31,5,Friday,pátek,213,31,2020,False
20200801,2020-08-01,2020,3,2020-Q3,8,August,srpen,2020-08,2020-08-01,1,6,Saturday,sobota,214,31,2020,True
20200802,2020-08-02,2020,3,2020-Q3,8,August,srpen,2020-08,2020-08-01,2,7,Sunday,neděle,215,31,2020,True
20200803,2020-08-03,2020,3,2020-Q3,8,August,srpen,2020-08,2020-08-01,3,1,Monday,pondělí,216,32,2020,False
20200804,2020-08-04,2020,3,2020-Q3,8,August,srpen,2020-08,2020-08-01,4,2,Tuesday,úterý,217,32,2020,False
20200805,2020-08-05,2020,3,2020-Q3,8,August,srpen,2020-08,2020-08-01,5,3,Wednesday,středa,218,32,2020,False
20200806,2020-08-06,2020,3,2020-Q3,8,August,srpen,2020-08,2020-08-01,6,4,Thursday,čtvrtek,219,32,2020,False
20200807,2020-08-07,2020,3,2020-Q3,8,August,srpen,2020-08,2020-08-01,7,5,Friday,pátek,220,32,2020,False
20200808,2020-08-08,2020,3,2020-Q3,8,August,srpen,2020-08,2020-08-01,8,6,Saturday,sobota,221,32,2020,True
20200809,2020-08-09,2020,3,2020-Q3,8,August,srpen,2020-08,2020-08-01,9,7,Sunday,neděle,222,32,2020,True
20200810,2020-08-10,2020,3,2020-Q3,8,August,srpen,2020-08,2020-08-01,10,1,Monday,pondělí,223,33,2020,False
20200811,2020-08-11,2020,3,2020-Q3,8,August,srpen,2020-08,2020-08-01,11,2,Tuesday,úterý,224,33,2020,False
20200812,2020-08-12,2020,3,2020-Q3,8,August,srpen,2020-08,2020-08-01,12,3,Wednesday,středa,225,33,2020,False
20200813,2020-08-13,2020,3,2020-Q3,8,August,srpen,2020-08,2020-08-01,13,4,Thursday,čtvrtek,226,33,2020,False
20200814,2020-08-14,2020,3,2020-Q3,8,August,srpen,2020-08,2020-08-01,14,5,Friday,pátek,227,33,2020,False
20200815,2020-08-15,2020,3,2020-Q3,8,August,srpen,2020-08,2020-08-01,15,6,Saturday,sobota,228,33,2020,True
20200816,2020-08-16,2020,3,2020-Q3,8,August,srpen,2020-08,2020-08-01,16,7,Sunday,neděle,229,33,2020,True
20200817,2020-08-17,2020,3,2020-Q3,8,August,srpen,2020-08,2020-08-01,17,1,Monday,pondělí,230,34,2020,False
20200818,2020-08-18,2020,3,2020-Q3,8,August,srpen,2020-08,2020-08-01,18,2,Tuesday,úterý,231,34,2020,False
20200819,2020-08-19,2020,3,2020-Q3,8,August,srpen,2020-08,2020-08-01,19,3,Wednesday,středa,232,34,2020,False
20200820,2020-08-20,2020,3,2020-Q3,8,August,srpen,2020-08,2020-08-01,20,4,Thursday,čtvrtek,233,34,2020,False
20200821,2020-08-21,2020,3,2020-Q3,8,August,srpen,2020-08,2020-08-01,21,5,Friday,pátek,234,34,2020,False
20200822,2020-08-22,2020,3,2020-Q3,8,August,srpen,2020-08,2020-08-01,22,6,Saturday,sobota,235,34,2020,True
20200823,2020-08-23,2020,3,2020-Q3,8,August,srpen,2020-08,2020-08-01,23,7,Sunday,neděle,236,34,2020,True
20200824,2020-08-24,2020,3,2020-Q3,8,August,srpen,2020-08,2020-08-01,24,1,Monday,pondělí,237,35,2020,False
20200825,2020-08-25,2020,3,2020-Q3,8,August,srpen,2020-08,2020-08-01,25,2,Tuesday,úterý,238,35,2020,False
20200826,2020-08-26,2020,3,2020-Q3,8,August,srpen,2020-08,2020-08-01,26,3,Wednesday,středa,239,35,2020,False
20200827,2020-08-27,2020,3,2020-Q3,8,August,srpen,2020-08,2020-08-01,27,4,Thursday,čtvrtek,240,35,2020,False
20200828,2020-08-28,2020,3,2020-Q3,8,August,srpen,2020-08,2020-08-01,28,5,Friday,pátek,241,35,2020,False
20200829,2020-08-29,2020,3,2020-Q3,8,August,srpen,2020-08,2020-08-01,29,6,Saturday,sobota,242,35,2020,True
20200830,2020-08-30,2020,3,2020-Q3,8,August,srpen,2020-08,2020-08-01,30,7,Sunday,neděle,243,35,2020,True
20200831,2020-08-31,2020,3,2020-Q3,8,August,srpen,2020-08,2020-08-01,31,1,Monday,pondělí,244,36,2020,False
20200901,2020-09-01,2020,3,2020-Q3,9,September,září,2020-09,2020-09-01,1,2,Tuesday,úterý,245,36,2020,False
20200902,2020-09-02,2020,3,2020-Q3,9,September,září,2020-09,2020-09-01,2,3,Wednesday,středa,246,36,2020,False
20200903,2020-09-03,2020,3,2020-Q3,9,September,září,2020-09,2020-09-01,3,4,Thursday,čtvrtek,247,36,2020,False
20200904,2020-09-04,2020,3,2020-Q3,9,September,září,2020-09,2020-09-01,4,5,Friday,pátek,248,36,2020,False
20200905,2020-09-05,2020,3,2020-Q3,9,September,září,2020-09,2020-09-01,5,6,Saturday,sobota,249,36,2020,True
20200906,2020-09-06,2020,3,2020-Q3,9,September,září,2020-09,2020-09-01,6,7,Sunday,neděle,250,36,2020,True
20200907,2020-09-07,2020,3,2020-Q3,9,September,září,2020-09,2020-09-01,7,1,Monday,pondělí,251,37,2020,False
20200908,2020-09-08,2020,3,2020-Q3,9,September,září,2020-09,2020-09-01,8,2,Tuesday,úterý,252,37,2020,False
20200909,2020-09-09,2020,3,2020-Q3,9,September,září,2020-09,2020-09-01,9,3,Wednesday,středa,253,37,2020,False
20200910,2020-09-10,2020,3,2020-Q3,9,September,září,2020-09,2020-09-01,10,4,Thursday,čtvrtek,254,37,2020,False
20200911,2020-09-11,2020,3,2020-Q3,9,September,září,2020-09,2020-09-01,11,5,Friday,pátek,255,37,2020,False
20200912,2020-09-12,2020,3,2020-Q3,9,September,září,2020-09,2020-09-01,12,6,Saturday,sobota,256,37,2020,True
20200913,2020-09-13,2020,3,2020-Q3,9,September,září,2020-09,2020-09-01,13,7,Sunday,neděle,257,37,2020,True
20200914,2020-09-14,2020,3,2020-Q3,9,September,září,2020-09,2020-09-01,14,1,Monday,pondělí,258,38,2020,False
20200915,2020-09-15,2020,3,2020-Q3,9,September,září,2020-09,2020-09-01,15,2,Tuesday,úterý,259,38,2020,False
20200916,2020-09-16,2020,3,2020-Q3,9,September,září,2020-09,2020-09-01,16,3,Wednesday,středa,260,38,2020,False
20200917,2020-09-17,2020,3,2020-Q3,9,September,září,2020-09,2020-09-01,17,4,Thursday,čtvrtek,261,38,2020,False
20200918,2020-09-18,2020,3,2020-Q3,9,September,září,2020-09,2020-09-01,18,5,Friday,pátek,262,38,2020,False
20200919,2020-09-19,2020,3,2020-Q3,9,September,září,2020-09,2020-09-01,19,6,Saturday,sobota,263,38,2020,True
20200920,2020-09-20,2020,3,2020-Q3,9,September,září,2020-09,2020-09-01,20,7,Sunday,neděle,264,38,2020,True
20200921,2020-09-21,2020,3,2020-Q3,9,September,září,2020-09,2020-09-01,21,1,Monday,pondělí,265,39,2020,False
20200922,2020-09-22,2020,3,2020-Q3,9,September,září,2020-09,2020-09-01,22,2,Tuesday,úterý,266,39,2020,False
20200923,2020-09-23,2020,3,2020-Q3,9,September,září,2020-09,2020-09-01,23,3,Wednesday,středa,267,39,2020,False
20200924,2020-09-24,2020,3,2020-Q3,9,September,září,2020-09,2020-09-01,24,4,Thursday,čtvrtek,268,39,2020,False
20200925,2020-09-25,2020,3,2020-Q3,9,September,září,2020-09,2020-09-01,25,5,Friday,pátek,269,39,2020,False
20200926,2020-09-26,2020,3,2020-Q3,9,September,září,2020-09,2020-09-01,26,6,Saturday,sobota,270,39,2020,True
20200927,2020-09-27,2020,3,2020-Q3,9,September,září,2020-09,2020-09-01,27,7,Sunday,neděle,271,39,2020,True
20200928,2020-09-28,2020,3,2020-Q3,9,September,září,2020-09,2020-09-01,28,1,Monday,pondělí,272,40,2020,False
20200929,2020-09-29,2020,3,2020-Q3,9,September,září,2020-09,2020-09-01,29,2,Tuesday,úterý,273,40,2020,False
20200930,2020-09-30,2020,3,2020-Q3,9,September,září,2020-09,2020-09-01,30,3,Wednesday,středa,274,40,2020,False
20201001,2020-10-01,2020,4,2020-Q4,10,October,říjen,2020-10,2020-10-01,1,4,Thursday,čtvrtek,275,40,2020,False
20201002,2020-10-02,2020,4,2020-Q4,10,October,říjen,2020-10,2020-10-01,2,5,Friday,pátek,276,40,2020,False
20201003,2020-10-03,2020,4,2020-Q4,10,October,říjen,2020-10,2020-10-01,3,6,Saturday,sobota,277,40,2020,True
20201004,2020-10-04,2020,4,2020-Q4,10,October,říjen,2020-10,2020-10-01,4,7,Sunday,neděle,278,40,2020,True
20201005,2020-10-05,2020,4,2020-Q4,10,October,říjen,2020-10,2020-10-01,5,1,Monday,pondělí,279,41,2020,False
20201006,2020-10-06,2020,4,2020-Q4,10,October,říjen,2020-10,2020-10-01,6,2,Tuesday,úterý,280,41,2020,False
20201007,2020-10-07,2020,4,2020-Q4,10,October,říjen,2020-10,2020-10-01,7,3,Wednesday,středa,281,41,2020,False
20201008,2020-10-08,2020,4,2020-Q4,10,October,říjen,2020-10,2020-10-01,8,4,Thursday,čtvrtek,282,41,2020,False
20201009,2020-10-09,2020,4,2020-Q4,10,October,říjen,2020-10,2020-10-01,9,5,Friday,pátek,283,41,2020,False
20201010,2020-10-10,2020,4,2020-Q4,10,October,říjen,2020-10,2020-10-01,10,6,Saturday,sobota,284,41,2020,True
20201011,2020-10-11,2020,4,2020-Q4,10,October,říjen,2020-10,2020-10-01,11,7,Sunday,neděle,285,41,2020,True
20201012,2020-10-12,2020,4,2020-Q4,10,October,říjen,2020-10,2020-10-01,12,1,Monday,pondělí,286,42,2020,False
20201013,2020-10-13,2020,4,2020-Q4,10,October,říjen,2020-10,2020-10-01,13,2,Tuesday,úterý,287,42,2020,False
20201014,2020-10-14,2020,4,2020-Q4,10,October,říjen,2020-10,2020-10-01,14,3,Wednesday,středa,288,42,2020,False
20201015,2020-10-15,2020,4,2020-Q4,10,October,říjen,2020-10,2020-10-01,15,4,Thursday,čtvrtek,289,42,2020,False
20201016,2020-10-16,2020,4,2020-Q4,10,October,říjen,2020-10,2020-10-01,16,5,Friday,pátek,290,42,2020,False
20201017,2020-10-17,2020,4,2020-Q4,10,October,říjen,2020-10,2020-10-01,17,6,Saturday,sobota,291,42,2020,True
20201018,2020-10-18,2020,4,2020-Q4,10,October,říjen,2020-10,2020-10-01,18,7,Sunday,neděle,292,42,2020,True
20201019,2020-10-19,2020,4,2020-Q4,10,October,říjen,2020-10,2020-10-01,19,1,Monday,pondělí,293,43,2020,False
20201020,2020-10-20,2020,4,2020-Q4,10,October,říjen,2020-10,2020-10-01,20,2,Tuesday,úterý,294,43,2020,False
20201021,2020-10-21,2020,4,2020-Q4,10,October,říjen,2020-10,2020-10-01,21,3,Wednesday,středa,295,43,2020,False
20201022,2020-10-22,2020,4,2020-Q4,10,October,říjen,2020-10,2020-10-01,22,4,Thursday,čtvrtek,296,43,2020,False
20201023,2020-10-23,2020,4,2020-Q4,10,October,říjen,2020-10,2020-10-01,23,5,Friday,pátek,297,43,2020,False
20201024,2020-10-24,2020,4,2020-Q4,10,October,říjen,2020-10,2020-10-01,24,6,Saturday,sobota,298,43,2020,True
20201025,2020-10-25,2020,4,2020-Q4,10,October,říjen,2020-10,2020-10-01,25,7,Sunday,neděle,299,43,2020,True
20201026,2020-10-26,2020,4,2020-Q4,10,October,říjen,2020-10,2020-10-01,26,1,Monday,pondělí,300,44,2020,False
20201027,2020-10-27,2020,4,2020-Q4,10,October,říjen,2020-10,2020-10-01,27,2,Tuesday,úterý,301,44,2020,False
20201028,2020-10-28,2020,4,2020-Q4,10,October,říjen,2020-10,2020-10-01,28,3,Wednesday,středa,302,44,2020,False
20201029,2020-10-29,2020,4,2020-Q4,10,October,říjen,2020-10,2020-10-01,29,4,Thursday,čtvrtek,303,44,2020,False
20201030,2020-10-30,2020,4,2020-Q4,10,October,říjen,2020-10,2020-10-01,30,5,Friday,pátek,304,44,2020,False
20201031,2020-10-31,2020,4,2020-Q4,10,October,říjen,2020-10,2020-10-01,31,6,Saturday,sobota,305,44,2020,True
20201101,2020-11-01,2020,4,2020-Q4,11,November,listopad,2020-11,2020-11-01,1,7,Sunday,neděle,306,44,2020,True
20201102,2020-11-02,2020,4,2020-Q4,11,November,listopad,2020-11,2020-11-01,2,1,Monday,pondělí,307,45,2020,False
20201103,2020-11-03,2020,4,2020-Q4,11,November,listopad,2020-11,2020-11-01,3,2,Tuesday,úterý,308,45,2020,False
20201104,2020-11-04,2020,4,2020-Q4,11,November,listopad,2020-11,2020-11-01,4,3,Wednesday,středa,309,45,2020,False
20201105,2020-11-05,2020,4,2020-Q4,11,November,listopad,2020-11,2020-11-01,5,4,Thursday,čtvrtek,310,45,2020,False
20201106,2020-11-06,2020,4,2020-Q4,11,November,listopad,2020-11,2020-11-01,6,5,Friday,pátek,311,45,2020,False
20201107,2020-11-07,2020,4,2020-Q4,11,November,listopad,2020-11,2020-11-01,7,6,Saturday,sobota,312,45,2020,True
20201108,2020-11-08,2020,4,2020-Q4,11,November,listopad,2020-11,2020-11-01,8,7,Sunday,neděle,313,45,2020,True
20201109,2020-11-09,2020,4,2020-Q4,11,November,listopad,2020-11,2020-11-01,9,1,Monday,pondělí,314,46,2020,False
20201110,2020-11-10,2020,4,2020-Q4,11,November,listopad,2020-11,2020-11-01,10,2,Tuesday,úterý,315,46,2020,False
20201111,2020-11-11,2020,4,2020-Q4,11,November,listopad,2020-11,2020-11-01,11,3,Wednesday,středa,316,46,2020,False
20201112,2020-11-12,2020,4,2020-Q4,11,November,listopad,2020-11,2020-11-01,12,4,Thursday,čtvrtek,317,46,2020,False
20201113,2020-11-13,2020,4,2020-Q4,11,November,listopad,2020-11,2020-11-01,13,5,Friday,pátek,318,46,2020,False
20201114,2020-11-14,2020,4,2020-Q4,11,November,listopad,2020-11,2020-11-01,14,6,Saturday,sobota,319,46,2020,True
20201115,2020-11-15,2020,4,2020-Q4,11,November,listopad,2020-11,2020-11-01,15,7,Sunday,neděle,320,46,2020,True
20201116,2020-11-16,2020,4,2020-Q4,11,November,listopad,2020-11,2020-11-01,16,1,Monday,pondělí,321,47,2020,False
20201117,2020-11-17,2020,4,2020-Q4,11,November,listopad,2020-11,2020-11-01,17,2,Tuesday,úterý,322,47,2020,False
20201118,2020-11-18,2020,4,2020-Q4,11,November,listopad,2020-11,2020-11-01,18,3,Wednesday,středa,323,47,2020,False
20201119,2020-11-19,2020,4,2020-Q4,11,November,listopad,2020-11,2020-11-01,19,4,Thursday,čtvrtek,324,47,2020,False
20201120,2020-11-20,2020,4,2020-Q4,11,November,listopad,2020-11,2020-11-01,20,5,Friday,pátek,325,47,2020,False
20201121,2020-11-21,2020,4,2020-Q4,11,November,listopad,2020-11,2020-11-01,21,6,Saturday,sobota,326,47,2020,True
20201122,2020-11-22,2020,4,2020-Q4,11,November,listopad,2020-11,2020-11-01,22,7,Sunday,neděle,327,47,2020,True
20201123,2020-11-23,2020,4,2020-Q4,11,November,listopad,2020-11,2020-11-01,23,1,Monday,pondělí,328,48,2020,False
20201124,2020-11-24,2020,4,2020-Q4,11,November,listopad,2020-11,2020-11-01,24,2,Tuesday,úterý,329,48,2020,False
20201125,2020-11-25,2020,4,2020-Q4,11,November,listopad,2020-11,2020-11-01,25,3,Wednesday,středa,330,48,2020,False
20201126,2020-11-26,2020,4,2020-Q4,11,November,listopad,2020-11,2020-11-01,26,4,Thursday,čtvrtek,331,48,2020,False
20201127,2020-11-27,2020,4,2020-Q4,11,November,listopad,2020-11,2020-11-01,27,5,Friday,pátek,332,48,2020,False
20201128,2020-11-28,2020,4,2020-Q4,11,November,listopad,2020-11,2020-11-01,28,6,Saturday,sobota,333,48,2020,True
20201129,2020-11-29,2020,4,2020-Q4,11,November,listopad,2020-11,2020-11-01,29,7,Sunday,neděle,334,48,2020,True
20201130,2020-11-30,2020,4,2020-Q4,11,November,listopad,2020-11,2020-11-01,30,1,Monday,pondělí,335,49,2020,False
20201201,2020-12-01,2020,4,2020-Q4,12,December,prosinec,2020-12,2020-12-01,1,2,Tuesday,úterý,336,49,2020,False
20201202,2020-12-02,2020,4,2020-Q4,12,December,prosinec,2020-12,2020-12-01,2,3,Wednesday,středa,337,49,2020,False
20201203,2020-12-03,2020,4,2020-Q4,12,December,prosinec,2020-12,2020-12-01,3,4,Thursday,čtvrtek,338,49,2020,False
20201204,2020-12-04,2020,4,2020-Q4,12,December,prosinec,2020-12,2020-12-01,4,5,Friday,pátek,339,49,2020,False
20201205,2020-12-05,2020,4,2020-Q4,12,December,prosinec,2020-12,2020-12-01,5,6,Saturday,sobota,340,49,2020,True
20201206,2020-12-06,2020,4,2020-Q4,12,December,prosinec,2020-12,2020-12-01,6,7,Sunday,neděle,341,49,2020,True
20201207,2020-12-07,2020,4,2020-Q4,12,December,prosinec,2020-12,2020-12-01,7,1,Monday,pondělí,342,50,2020,False
20201208,2020-12-08,2020,4,2020-Q4,12,December,prosinec,2020-12,2020-12-01,8,2,Tuesday,úterý,343,50,2020,False
20201209,2020-12-09,2020,4,2020-Q4,12,December,prosinec,2020-12,2020-12-01,9,3,Wednesday,středa,344,50,2020,False
20201210,2020-12-10,2020,4,2020-Q4,12,December,prosinec,2020-12,2020-12-01,10,4,Thursday,čtvrtek,345,50,2020,False
20201211,2020-12-11,2020,4,2020-Q4,12,December,prosinec,2020-12,2020-12-01,11,5,Friday,pátek,346,50,2020,False
20201212,2020-12-12,2020,4,2020-Q4,12,December,prosinec,2020-12,2020-12-01,12,6,Saturday,sobota,347,50,2020,True
20201213,2020-12-13,2020,4,2020-Q4,12,December,prosinec,2020-12,2020-12-01,13,7,Sunday,neděle,348,50,2020,True
20201214,2020-12-14,2020,4,2020-Q4,12,December,prosinec,2020-12,2020-12-01,14,1,Monday,pondělí,349,51,2020,False
20201215,2020-12-15,2020,4,2020-Q4,12,December,prosinec,2020-12,2020-12-01,15,2,Tuesday,úterý,350,51,2020,False
20201216,2020-12-16,2020,4,2020-Q4,12,December,prosinec,2020-12,2020-12-01,16,3,Wednesday,středa,351,51,2020,False
20201217,2020-12-17,2020,4,2020-Q4,12,December,prosinec,2020-12,2020-12-01,17,4,Thursday,čtvrtek,352,51,2020,False
20201218,2020-12-18,2020,4,2020-Q4,12,December,prosinec,2020-12,2020-12-01,18,5,Friday,pátek,353,51,2020,False
20201219,2020-12-19,2020,4,2020-Q4,12,December,prosinec,2020-12,2020-12-01,19,6,Saturday,sobota,354,51,2020,True
20201220,2020-12-20,2020,4,2020-Q4,12,December,prosinec,2020-12,2020-12-01,20,7,Sunday,neděle,355,51,2020,True
20201221,2020-12-21,2020,4,2020-Q4,12,December,prosinec,2020-12,2020-12-01,21,1,Monday,pondělí,356,52,2020,False
20201222,2020-12-22,2020,4,2020-Q4,12,December,prosinec,2020-12,2020-12-01,22,2,Tuesday,úterý,357,52,2020,False
20201223,2020-12-23,2020,4,2020-Q4,12,December,prosinec,2020-12,2020-12-01,23,3,Wednesday,středa,358,52,2020,False
20201224,2020-12-24,2020,4,2020-Q4,12,December,prosinec,2020-12,2020-12-01,24,4,Thursday,čtvrtek,359,52,2020,False
20201225,2020-12-25,2020,4,2020-Q4,12,December,prosinec,2020-12,2020-12-01,25,5,Friday,pátek,360,52,2020,False
20201226,2020-12-26,2020,4,2020-Q4,12,December,prosinec,2020-12,2020-12-01,26,6,Saturday,sobota,361,52,2020,True
20201227,2020-12-27,2020,4,2020-Q4,12,December,prosinec,2020-12,2020-12-01,27,7,Sunday,neděle,362,52,2020,True
20201228,2020-12-28,2020,4,2020-Q4,12,December,prosinec,2020-12,2020-12-01,28,1,Monday,pondělí,363,53,2020,False
20201229,2020-12-29,2020,4,2020-Q4,12,December,prosinec,2020-12,2020-12-01,29,2,Tuesday,úterý,364,53,2020,False
20201230,2020-12-30,2020,4,2020-Q4,12,December,prosinec,2020-12,2020-12-01,30,3,Wednesday,středa,365,53,2020,False
20201231,2020-12-31,2020,4,2020-Q4,12,December,prosinec,2020-12,2020-12-01,31,4,Thursday,čtvrtek,366,53,2020,False
20210101,2021-01-01,2021,1,2021-Q1,1,January,leden,2021-01,2021-01-01,1,5,Friday,pátek,1,53,2020,False
20210102,2021-01-02,2021,1,2021-Q1,1,January,leden,2021-01,2021-01-01,2,6,Saturday,sobota,2,53,2020,True
20210103,2021-01-03,2021,1,2021-Q1,1,January,leden,2021-01,2021-01-01,3,7,Sunday,neděle,3,53,2020,True
20210104,2021-01-04,2021,1,2021-Q1,1,January,leden,2021-01,2021-01-01,4,1,Monday,pondělí,4,1,2021,False
20210105,2021-01-05,2021,1,2021-Q1,1,January,leden,2021-01,2021-01-01,5,2,Tuesday,úterý,5,1,2021,False
20210106,2021-01-06,2021,1,2021-Q1,1,January,leden,2021-01,2021-01-01,6,3,Wednesday,středa,6,1,2021,False
20210107,2021-01-07,2021,1,2021-Q1,1,January,leden,2021-01,2021-01-01,7,4,Thursday,čtvrtek,7,1,2021,False
20210108,2021-01-08,2021,1,2021-Q1,1,January,leden,2021-01,2021-01-01,8,5,Friday,pátek,8,1,2021,False
20210109,2021-01-09,2021,1,2021-Q1,1,January,leden,2021-01,2021-01-01,9,6,Saturday,sobota,9,1,2021,True
20210110,2021-01-10,2021,1,2021-Q1,1,January,leden,2021-01,2021-01-01,10,7,Sunday,neděle,10,1,2021,True
20210111,2021-01-11,2021,1,2021-Q1,1,January,leden,2021-01,2021-01-01,11,1,Monday,pondělí,11,2,2021,False
20210112,2021-01-12,2021,1,2021-Q1,1,January,leden,2021-01,2021-01-01,12,2,Tuesday,úterý,12,2,2021,False
20210113,2021-01-13,2021,1,2021-Q1,1,January,leden,2021-01,2021-01-01,13,3,Wednesday,středa,13,2,2021,False
20210114,2021-01-14,2021,1,2021-Q1,1,January,leden,2021-01,2021-01-01,14,4,Thursday,čtvrtek,14,2,2021,False
20210115,2021-01-15,2021,1,2021-Q1,1,January,leden,2021-01,2021-01-01,15,5,Friday,pátek,15,2,2021,False
20210116,2021-01-16,2021,1,2021-Q1,1,January,leden,2021-01,2021-01-01,16,6,Saturday,sobota,16,2,2021,True
20210117,2021-01-17,2021,1,2021-Q1,1,January,leden,2021-01,2021-01-01,17,7,Sunday,neděle,17,2,2021,True
20210118,2021-01-18,2021,1,2021-Q1,1,January,leden,2021-01,2021-01-01,18,1,Monday,pondělí,18,3,2021,False
20210119,2021-01-19,2021,1,2021-Q1,1,January,leden,2021-01,2021-01-01,19,2,Tuesday,úterý,19,3,2021,False
20210120,2021-01-20,2021,1,2021-Q1,1,January,leden,2021-01,2021-01-01,20,3,Wednesday,středa,20,3,2021,False
20210121,2021-01-21,2021,1,2021-Q1,1,January,leden,2021-01,2021-01-01,21,4,Thursday,čtvrtek,21,3,2021,False
20210122,2021-01-22,2021,1,2021-Q1,1,January,leden,2021-01,2021-01-01,22,5,Friday,pátek,22,3,2021,False
20210123,2021-01-23,2021,1,2021-Q1,1,January,leden,2021-01,2021-01-01,23,6,Saturday,sobota,23,3,2021,True
20210124,2021-01-24,2021,1,2021-Q1,1,January,leden,2021-01,2021-01-01,24,7,Sunday,neděle,24,3,2021,True
20210125,2021-01-25,2021,1,2021-Q1,1,January,leden,2021-01,2021-01-01,25,1,Monday,pondělí,25,4,2021,False
20210126,2021-01-26,2021,1,2021-Q1,1,January,leden,2021-01,2021-01-01,26,2,Tuesday,úterý,26,4,2021,False
20210127,2021-01-27,2021,1,2021-Q1,1,January,leden,2021-01,2021-01-01,27,3,Wednesday,středa,27,4,2021,False
20210128,2021-01-28,2021,1,2021-Q1,1,January,leden,2021-01,2021-01-01,28,4,Thursday,čtvrtek,28,4,2021,False
20210129,2021-01-29,2021,1,2021-Q1,1,January,leden,2021-01,2021-01-01,29,5,Friday,pátek,29,4,2021,False
20210130,2021-01-30,2021,1,2021-Q1,1,January,leden,2021-01,2021-01-01,30,6,Saturday,sobota,30,4,2021,True
20210131,2021-01-31,2021,1,2021-Q1,1,January,leden,2021-01,2021-01-01,31,7,Sunday,neděle,31,4,2021,True
20210201,2021-02-01,2021,1,2021-Q1,2,February,únor,2021-02,2021-02-01,1,1,Monday,pondělí,32,5,2021,False
20210202,2021-02-02,2021,1,2021-Q1,2,February,únor,2021-02,2021-02-01,2,2,Tuesday,úterý,33,5,2021,False
20210203,2021-02-03,2021,1,2021-Q1,2,February,únor,2021-02,2021-02-01,3,3,Wednesday,středa,34,5,2021,False
20210204,2021-02-04,2021,1,2021-Q1,2,February,únor,2021-02,2021-02-01,4,4,Thursday,čtvrtek,35,5,2021,False
20210205,2021-02-05,2021,1,2021-Q1,2,February,únor,2021-02,2021-02-01,5,5,Friday,pátek,36,5,2021,False
20210206,2021-02-06,2021,1,2021-Q1,2,February,únor,2021-02,2021-02-01,6,6,Saturday,sobota,37,5,2021,True
20210207,2021-02-07,2021,1,2021-Q1,2,February,únor,2021-02,2021-02-01,7,7,Sunday,neděle,38,5,2021,True
20210208,2021-02-08,2021,1,2021-Q1,2,February,únor,2021-02,2021-02-01,8,1,Monday,pondělí,39,6,2021,False
20210209,2021-02-09,2021,1,2021-Q1,2,February,únor,2021-02,2021-02-01,9,2,Tuesday,úterý,40,6,2021,False
20210210,2021-02-10,2021,1,2021-Q1,2,February,únor,2021-02,2021-02-01,10,3,Wednesday,středa,41,6,2021,False
20210211,2021-02-11,2021,1,2021-Q1,2,February,únor,2021-02,2021-02-01,11,4,Thursday,čtvrtek,42,6,2021,False
20210212,2021-02-12,2021,1,2021-Q1,2,February,únor,2021-02,2021-02-01,12,5,Friday,pátek,43,6,2021,False
20210213,2021-02-13,2021,1,2021-Q1,2,February,únor,2021-02,2021-02-01,13,6,Saturday,sobota,44,6,2021,True
20210214,2021-02-14,2021,1,2021-Q1,2,February,únor,2021-02,2021-02-01,14,7,Sunday,neděle,45,6,2021,True
20210215,2021-02-15,2021,1,2021-Q1,2,February,únor,2021-02,2021-02-01,15,1,Monday,pondělí,46,7,2021,False
20210216,2021-02-16,2021,1,2021-Q1,2,February,únor,2021-02,2021-02-01,16,2,Tuesday,úterý,47,7,2021,False
20210217,2021-02-17,2021,1,2021-Q1,2,February,únor,2021-02,2021-02-01,17,3,Wednesday,středa,48,7,2021,False
20210218,2021-02-18,2021,1,2021-Q1,2,February,únor,2021-02,2021-02-01,18,4,Thursday,čtvrtek,49,7,2021,False
20210219,2021-02-19,2021,1,2021-Q1,2,February,únor,2021-02,2021-02-01,19,5,Friday,pátek,50,7,2021,False
20210220,2021-02-20,2021,1,2021-Q1,2,February,únor,2021-02,2021-02-01,20,6,Saturday,sobota,51,7,2021,True
20210221,2021-02-21,2021,1,2021-Q1,2,February,únor,2021-02,2021-02-01,21,7,Sunday,neděle,52,7,2021,True
20210222,2021-02-22,2021,1,2021-Q1,2,February,únor,2021-02,2021-02-01,22,1,Monday,pondělí,53,8,2021,False
20210223,2021-02-23,2021,1,2021-Q1,2,February,únor,2021-02,2021-02-01,23,2,Tuesday,úterý,54,8,2021,False
20210224,2021-02-24,2021,1,2021-Q1,2,February,únor,2021-02,2021-02-01,24,3,Wednesday,středa,55,8,2021,False
20210225,2021-02-25,2021,1,2021-Q1,2,February,únor,2021-02,2021-02-01,25,4,Thursday,čtvrtek,56,8,2021,False
20210226,2021-02-26,2021,1,2021-Q1,2,February,únor,2021-02,2021-02-01,26,5,Friday,pátek,57,8,2021,False
20210227,2021-02-27,2021,1,2021-Q1,2,February,únor,2021-02,2021-02-01,27,6,Saturday,sobota,58,8,2021,True
20210228,2021-02-28,2021,1,2021-Q1,2,February,únor,2021-02,2021-02-01,28,7,Sunday,neděle,59,8,2021,True
20210301,2021-03-01,2021,1,2021-Q1,3,March,březen,2021-03,2021-03-01,1,1,Monday,pondělí,60,9,2021,False
20210302,2021-03-02,2021,1,2021-Q1,3,March,březen,2021-03,2021-03-01,2,2,Tuesday,úterý,61,9,2021,False
20210303,2021-03-03,2021,1,2021-Q1,3,March,březen,2021-03,2021-03-01,3,3,Wednesday,středa,62,9,2021,False
20210304,2021-03-04,2021,1,2021-Q1,3,March,březen,2021-03,2021-03-01,4,4,Thursday,čtvrtek,63,9,2021,False
20210305,2021-03-05,2021,1,2021-Q1,3,March,březen,2021-03,2021-03-01,5,5,Friday,pátek,64,9,2021,False
20210306,2021-03-06,2021,1,2021-Q1,3,March,březen,2021-03,2021-03-01,6,6,Saturday,sobota,65,9,2021,True
20210307,2021-03-07,2021,1,2021-Q1,3,March,březen,2021-03,2021-03-01,7,7,Sunday,neděle,66,9,2021,True
20210308,2021-03-08,2021,1,2021-Q1,3,March,březen,2021-03,2021-03-01,8,1,Monday,pondělí,67,10,2021,False
20210309,2021-03-09,2021,1,2021-Q1,3,March,březen,2021-03,2021-03-01,9,2,Tuesday,úterý,68,10,2021,False
20210310,2021-03-10,2021,1,2021-Q1,3,March,březen,2021-03,2021-03-01,10,3,Wednesday,středa,69,10,2021,False
20210311,2021-03-11,2021,1,2021-Q1,3,March,březen,2021-03,2021-03-01,11,4,Thursday,čtvrtek,70,10,2021,False
20210312,2021-03-12,2021,1,2021-Q1,3,March,březen,2021-03,2021-03-01,12,5,Friday,pátek,71,10,2021,False
20210313,2021-03-13,2021,1,2021-Q1,3,March,březen,2021-03,2021-03-01,13,6,Saturday,sobota,72,10,2021,True
20210314,2021-03-14,2021,1,2021-Q1,3,March,březen,2021-03,2021-03-01,14,7,Sunday,neděle,73,10,2021,True
20210315,2021-03-15,2021,1,2021-Q1,3,March,březen,2021-03,2021-03-01,15,1,Monday,pondělí,74,11,2021,False
20210316,2021-03-16,2021,1,2021-Q1,3,March,březen,2021-03,2021-03-01,16,2,Tuesday,úterý,75,11,2021,False
20210317,2021-03-17,2021,1,2021-Q1,3,March,březen,2021-03,2021-03-01,17,3,Wednesday,středa,76,11,2021,False
20210318,2021-03-18,2021,1,2021-Q1,3,March,březen,2021-03,2021-03-01,18,4,Thursday,čtvrtek,77,11,2021,False
20210319,2021-03-19,2021,1,2021-Q1,3,March,březen,2021-03,2021-03-01,19,5,Friday,pátek,78,11,2021,False
20210320,2021-03-20,2021,1,2021-Q1,3,March,březen,2021-03,2021-03-01,20,6,Saturday,sobota,79,11,2021,True
20210321,2021-03-21,2021,1,2021-Q1,3,March,březen,2021-03,2021-03-01,21,7,Sunday,neděle,80,11,2021,True
20210322,2021-03-22,2021,1,2021-Q1,3,March,březen,2021-03,2021-03-01,22,1,Monday,pondělí,81,12,2021,False
20210323,2021-03-23,2021,1,2021-Q1,3,March,březen,2021-03,2021-03-01,23,2,Tuesday,úterý,82,12,2021,False
20210324,2021-03-24,2021,1,2021-Q1,3,March,březen,2021-03,2021-03-01,24,3,Wednesday,středa,83,12,2021,False
20210325,2021-03-25,2021,1,2021-Q1,3,March,březen,2021-03,2021-03-01,25,4,Thursday,čtvrtek,84,12,2021,False
20210326,2021-03-26,2021,1,2021-Q1,3,March,březen,2021-03,2021-03-01,26,5,Friday,pátek,85,12,2021,False
20210327,2021-03-27,2021,1,2021-Q1,3,March,březen,2021-03,2021-03-01,27,6,Saturday,sobota,86,12,2021,True
20210328,2021-03-28,2021,1,2021-Q1,3,March,březen,2021-03,2021-03-01,28,7,Sunday,neděle,87,12,2021,True
20210329,2021-03-29,2021,1,2021-Q1,3,March,březen,2021-03,2021-03-01,29,1,Monday,pondělí,88,13,2021,False
20210330,2021-03-30,2021,1,2021-Q1,3,March,březen,2021-03,2021-03-01,30,2,Tuesday,úterý,89,13,2021,False
20210331,2021-03-31,2021,1,2021-Q1,3,March,březen,2021-03,2021-03-01,31,3,Wednesday,středa,90,13,2021,False
20210401,2021-04-01,2021,2,2021-Q2,4,April,duben,2021-04,2021-04-01,1,4,Thursday,čtvrtek,91,13,2021,False
20210402,2021-04-02,2021,2,2021-Q2,4,April,duben,2021-04,2021-04-01,2,5,Friday,pátek,92,13,2021,False
20210403,2021-04-03,2021,2,2021-Q2,4,April,duben,2021-04,2021-04-01,3,6,Saturday,sobota,93,13,2021,True
20210404,2021-04-04,2021,2,2021-Q2,4,April,duben,2021-04,2021-04-01,4,7,Sunday,neděle,94,13,2021,True
20210405,2021-04-05,2021,2,2021-Q2,4,April,duben,2021-04,2021-04-01,5,1,Monday,pondělí,95,14,2021,False
20210406,2021-04-06,2021,2,2021-Q2,4,April,duben,2021-04,2021-04-01,6,2,Tuesday,úterý,96,14,2021,False
20210407,2021-04-07,2021,2,2021-Q2,4,April,duben,2021-04,2021-04-01,7,3,Wednesday,středa,97,14,2021,False
20210408,2021-04-08,2021,2,2021-Q2,4,April,duben,2021-04,2021-04-01,8,4,Thursday,čtvrtek,98,14,2021,False
20210409,2021-04-09,2021,2,2021-Q2,4,April,duben,2021-04,2021-04-01,9,5,Friday,pátek,99,14,2021,False
20210410,2021-04-10,2021,2,2021-Q2,4,April,duben,2021-04,2021-04-01,10,6,Saturday,sobota,100,14,2021,True
20210411,2021-04-11,2021,2,2021-Q2,4,April,duben,2021-04,2021-04-01,11,7,Sunday,neděle,101,14,2021,True
20210412,2021-04-12,2021,2,2021-Q2,4,April,duben,2021-04,2021-04-01,12,1,Monday,pondělí,102,15,2021,False
20210413,2021-04-13,2021,2,2021-Q2,4,April,duben,2021-04,2021-04-01,13,2,Tuesday,úterý,103,15,2021,False
20210414,2021-04-14,2021,2,2021-Q2,4,April,duben,2021-04,2021-04-01,14,3,Wednesday,středa,104,15,2021,False
20210415,2021-04-15,2021,2,2021-Q2,4,April,duben,2021-04,2021-04-01,15,4,Thursday,čtvrtek,105,15,2021,False
20210416,2021-04-16,2021,2,2021-Q2,4,April,duben,2021-04,2021-04-01,16,5,Friday,pátek,106,15,2021,False
20210417,2021-04-17,2021,2,2021-Q2,4,April,duben,2021-04,2021-04-01,17,6,Saturday,sobota,107,15,2021,True
20210418,2021-04-18,2021,2,2021-Q2,4,April,duben,2021-04,2021-04-01,18,7,Sunday,neděle,108,15,2021,True
20210419,2021-04-19,2021,2,2021-Q2,4,April,duben,2021-04,2021-04-01,19,1,Monday,pondělí,109,16,2021,False
20210420,2021-04-20,2021,2,2021-Q2,4,April,duben,2021-04,2021-04-01,20,2,Tuesday,úterý,110,16,2021,False
20210421,2021-04-21,2021,2,2021-Q2,4,April,duben,2021-04,2021-04-01,21,3,Wednesday,středa,111,16,2021,False
20210422,2021-04-22,2021,2,2021-Q2,4,April,duben,2021-04,2021-04-01,22,4,Thursday,čtvrtek,112,16,2021,False
20210423,2021-04-23,2021,2,2021-Q2,4,April,duben,2021-04,2021-04-01,23,5,Friday,pátek,113,16,2021,False
20210424,2021-04-24,2021,2,2021-Q2,4,April,duben,2021-04,2021-04-01,24,6,Saturday,sobota,114,16,2021,True
20210425,2021-04-25,2021,2,2021-Q2,4,April,duben,2021-04,2021-04-01,25,7,Sunday,neděle,115,16,2021,True
20210426,2021-04-26,2021,2,2021-Q2,4,April,duben,2021-04,2021-04-01,26,1,Monday,pondělí,116,17,2021,False
20210427,2021-04-27,2021,2,2021-Q2,4,April,duben,2021-04,2021-04-01,27,2,Tuesday,úterý,117,17,2021,False
20210428,2021-04-28,2021,2,2021-Q2,4,April,duben,2021-04,2021-04-01,28,3,Wednesday,středa,118,17,2021,False
20210429,2021-04-29,2021,2,2021-Q2,4,April,duben,2021-04,2021-04-01,29,4,Thursday,čtvrtek,119,17,2021,False
20210430,2021-04-30,2021,2,2021-Q2,4,April,duben,2021-04,2021-04-01,30,5,Friday,pátek,120,17,2021,False
20210501,2021-05-01,2021,2,2021-Q2,5,May,květen,2021-05,2021-05-01,1,6,Saturday,sobota,121,17,2021,True
20210502,2021-05-02,2021,2,2021-Q2,5,May,květen,2021-05,2021-05-01,2,7,Sunday,neděle,122,17,2021,True
20210503,2021-05-03,2021,2,2021-Q2,5,May,květen,2021-05,2021-05-01,3,1,Monday,pondělí,123,18,2021,False
20210504,2021-05-04,2021,2,2021-Q2,5,May,květen,2021-05,2021-05-01,4,2,Tuesday,úterý,124,18,2021,False
20210505,2021-05-05,2021,2,2021-Q2,5,May,květen,2021-05,2021-05-01,5,3,Wednesday,středa,125,18,2021,False
20210506,2021-05-06,2021,2,2021-Q2,5,May,květen,2021-05,2021-05-01,6,4,Thursday,čtvrtek,126,18,2021,False
20210507,2021-05-07,2021,2,2021-Q2,5,May,květen,2021-05,2021-05-01,7,5,Friday,pátek,127,18,2021,False
20210508,2021-05-08,2021,2,2021-Q2,5,May,květen,2021-05,2021-05-01,8,6,Saturday,sobota,128,18,2021,True
20210509,2021-05-09,2021,2,2021-Q2,5,May,květen,2021-05,2021-05-01,9,7,Sunday,neděle,129,18,2021,True
20210510,2021-05-10,2021,2,2021-Q2,5,May,květen,2021-05,2021-05-01,10,1,Monday,pondělí,130,19,2021,False
20210511,2021-05-11,2021,2,2021-Q2,5,May,květen,2021-05,2021-05-01,11,2,Tuesday,úterý,131,19,2021,False
20210512,2021-05-12,2021,2,2021-Q2,5,May,květen,2021-05,2021-05-01,12,3,Wednesday,středa,132,19,2021,False
20210513,2021-05-13,2021,2,2021-Q2,5,May,květen,2021-05,2021-05-01,13,4,Thursday,čtvrtek,133,19,2021,False
20210514,2021-05-14,2021,2,2021-Q2,5,May,květen,2021-05,2021-05-01,14,5,Friday,pátek,134,19,2021,False
20210515,2021-05-15,2021,2,2021-Q2,5,May,květen,2021-05,2021-05-01,15,6,Saturday,sobota,135,19,2021,True
20210516,2021-05-16,2021,2,2021-Q2,5,May,květen,2021-05,2021-05-01,16,7,Sunday,neděle,136,19,2021,True
20210517,2021-05-17,2021,2,2021-Q2,5,May,květen,2021-05,2021-05-01,17,1,Monday,pondělí,137,20,2021,False
20210518,2021-05-18,2021,2,2021-Q2,5,May,květen,2021-05,2021-05-01,18,2,Tuesday,úterý,138,20,2021,False
20210519,2021-05-19,2021,2,2021-Q2,5,May,květen,2021-05,2021-05-01,19,3,Wednesday,středa,139,20,2021,False
20210520,2021-05-20,2021,2,2021-Q2,5,May,květen,2021-05,2021-05-01,20,4,Thursday,čtvrtek,140,20,2021,False
20210521,2021-05-21,2021,2,2021-Q2,5,May,květen,2021-05,2021-05-01,21,5,Friday,pátek,141,20,2021,False
20210522,2021-05-22,2021,2,2021-Q2,5,May,květen,2021-05,2021-05-01,22,6,Saturday,sobota,142,20,2021,True
20210523,2021-05-23,2021,2,2021-Q2,5,May,květen,2021-05,2021-05-01,23,7,Sunday,neděle,143,20,2021,True
20210524,2021-05-24,2021,2,2021-Q2,5,May,květen,2021-05,2021-05-01,24,1,Monday,pondělí,144,21,2021,False
20210525,2021-05-25,2021,2,2021-Q2,5,May,květen,2021-05,2021-05-01,25,2,Tuesday,úterý,145,21,2021,False
20210526,2021-05-26,2021,2,2021-Q2,5,May,květen,2021-05,2021-05-01,26,3,Wednesday,středa,146,21,2021,False
20210527,2021-05-27,2021,2,2021-Q2,5,May,květen,2021-05,2021-05-01,27,4,Thursday,čtvrtek,147,21,2021,False
20210528,2021-05-28,2021,2,2021-Q2,5,May,květen,2021-05,2021-05-01,28,5,Friday,pátek,148,21,2021,False
20210529,2021-05-29,2021,2,2021-Q2,5,May,květen,2021-05,2021-05-01,29,6,Saturday,sobota,149,21,2021,True
20210530,2021-05-30,2021,2,2021-Q2,5,May,květen,2021-05,2021-05-01,30,7,Sunday,neděle,150,21,2021,True
20210531,2021-05-31,2021,2,2021-Q2,5,May,květen,2021-05,2021-05-01,31,1,Monday,pondělí,151,22,2021,False
20210601,2021-06-01,2021,2,2021-Q2,6,June,červen,2021-06,2021-06-01,1,2,Tuesday,úterý,152,22,2021,False
20210602,2021-06-02,2021,2,2021-Q2,6,June,červen,2021-06,2021-06-01,2,3,Wednesday,středa,153,22,2021,False
20210603,2021-06-03,2021,2,2021-Q2,6,June,červen,2021-06,2021-06-01,3,4,Thursday,čtvrtek,154,22,2021,False
20210604,2021-06-04,2021,2,2021-Q2,6,June,červen,2021-06,2021-06-01,4,5,Friday,pátek,155,22,2021,False
20210605,2021-06-05,2021,2,2021-Q2,6,June,červen,2021-06,2021-06-01,5,6,Saturday,sobota,156,22,2021,True
20210606,2021-06-06,2021,2,2021-Q2,6,June,červen,2021-06,2021-06-01,6,7,Sunday,neděle,157,22,2021,True
20210607,2021-06-07,2021,2,2021-Q2,6,June,červen,2021-06,2021-06-01,7,1,Monday,pondělí,158,23,2021,False
20210608,2021-06-08,2021,2,2021-Q2,6,June,červen,2021-06,2021-06-01,8,2,Tuesday,úterý,159,23,2021,False
20210609,2021-06-09,2021,2,2021-Q2,6,June,červen,2021-06,2021-06-01,9,3,Wednesday,středa,160,23,2021,False
20210610,2021-06-10,2021,2,2021-Q2,6,June,červen,2021-06,2021-06-01,10,4,Thursday,čtvrtek,161,23,2021,False
20210611,2021-06-11,2021,2,2021-Q2,6,June,červen,2021-06,2021-06-01,11,5,Friday,pátek,162,23,2021,False
20210612,2021-06-12,2021,2,2021-Q2,6,June,červen,2021-06,2021-06-01,12,6,Saturday,sobota,163,23,2021,True
20210613,2021-06-13,2021,2,2021-Q2,6,June,červen,2021-06,2021-06-01,13,7,Sunday,neděle,164,23,2021,True
20210614,2021-06-14,2021,2,2021-Q2,6,June,červen,2021-06,2021-06-01,14,1,Monday,pondělí,165,24,2021,False
20210615,2021-06-15,2021,2,2021-Q2,6,June,červen,2021-06,2021-06-01,15,2,Tuesday,úterý,166,24,2021,False
20210616,2021-06-16,2021,2,2021-Q2,6,June,červen,2021-06,2021-06-01,16,3,Wednesday,středa,167,24,2021,False
20210617,2021-06-17,2021,2,2021-Q2,6,June,červen,2021-06,2021-06-01,17,4,Thursday,čtvrtek,168,24,2021,False
20210618,2021-06-18,2021,2,2021-Q2,6,June,červen,2021-06,2021-06-01,18,5,Friday,pátek,169,24,2021,False
20210619,2021-06-19,2021,2,2021-Q2,6,June,červen,2021-06,2021-06-01,19,6,Saturday,sobota,170,24,2021,True
20210620,2021-06-20,2021,2,2021-Q2,6,June,červen,2021-06,2021-06-01,20,7,Sunday,neděle,171,24,2021,True
20210621,2021-06-21,2021,2,2021-Q2,6,June,červen,2021-06,2021-06-01,21,1,Monday,pondělí,172,25,2021,False
20210622,2021-06-22,2021,2,2021-Q2,6,June,červen,2021-06,2021-06-01,22,2,Tuesday,úterý,173,25,2021,False
20210623,2021-06-23,2021,2,2021-Q2,6,June,červen,2021-06,2021-06-01,23,3,Wednesday,středa,174,25,2021,False
20210624,2021-06-24,2021,2,2021-Q2,6,June,červen,2021-06,2021-06-01,24,4,Thursday,čtvrtek,175,25,2021,False
20210625,2021-06-25,2021,2,2021-Q2,6,June,červen,2021-06,2021-06-01,25,5,Friday,pátek,176,25,2021,False
20210626,2021-06-26,2021,2,2021-Q2,6,June,červen,2021-06,2021-06-01,26,6,Saturday,sobota,177,25,2021,True
20210627,2021-06-27,2021,2,2021-Q2,6,June,červen,2021-06,2021-06-01,27,7,Sunday,neděle,178,25,2021,True
20210628,2021-06-28,2021,2,2021-Q2,6,June,červen,2021-06,2021-06-01,28,1,Monday,pondělí,179,26,2021,False
20210629,2021-06-29,2021,2,2021-Q2,6,June,červen,2021-06,2021-06-01,29,2,Tuesday,úterý,180,26,2021,False
20210630,2021-06-30,2021,2,2021-Q2,6,June,červen,2021-06,2021-06-01,30,3,Wednesday,středa,181,26,2021,False
20210701,2021-07-01,2021,3,2021-Q3,7,July,červenec,2021-07,2021-07-01,1,4,Thursday,čtvrtek,182,26,2021,False
20210702,2021-07-02,2021,3,2021-Q3,7,July,červenec,2021-07,2021-07-01,2,5,Friday,pátek,183,26,2021,False
20210703,2021-07-03,2021,3,2021-Q3,7,July,červenec,2021-07,2021-07-01,3,6,Saturday,sobota,184,26,2021,True
20210704,2021-07-04,2021,3,2021-Q3,7,July,červenec,2021-07,2021-07-01,4,7,Sunday,neděle,185,26,2021,True
20210705,2021-07-05,2021,3,2021-Q3,7,July,červenec,2021-07,2021-07-01,5,1,Monday,pondělí,186,27,2021,False
20210706,2021-07-06,2021,3,2021-Q3,7,July,červenec,2021-07,2021-07-01,6,2,Tuesday,úterý,187,27,2021,False
20210707,2021-07-07,2021,3,2021-Q3,7,July,červenec,2021-07,2021-07-01,7,3,Wednesday,středa,188,27,2021,False
20210708,2021-07-08,2021,3,2021-Q3,7,July,červenec,2021-07,2021-07-01,8,4,Thursday,čtvrtek,189,27,2021,False
20210709,2021-07-09,2021,3,2021-Q3,7,July,červenec,2021-07,2021-07-01,9,5,Friday,pátek,190,27,2021,False
20210710,2021-07-10,2021,3,2021-Q3,7,July,červenec,2021-07,2021-07-01,10,6,Saturday,sobota,191,27,2021,True
20210711,2021-07-11,2021,3,2021-Q3,7,July,červenec,2021-07,2021-07-01,11,7,Sunday,neděle,192,27,2021,True
20210712,2021-07-12,2021,3,2021-Q3,7,July,červenec,2021-07,2021-07-01,12,1,Monday,pondělí,193,28,2021,False
20210713,2021-07-13,2021,3,2021-Q3,7,July,červenec,2021-07,2021-07-01,13,2,Tuesday,úterý,194,28,2021,False
20210714,2021-07-14,2021,3,2021-Q3,7,July,červenec,2021-07,2021-07-01,14,3,Wednesday,středa,195,28,2021,False
20210715,2021-07-15,2021,3,2021-Q3,7,July,červenec,2021-07,2021-07-01,15,4,Thursday,čtvrtek,196,28,2021,False
20210716,2021-07-16,2021,3,2021-Q3,7,July,červenec,2021-07,2021-07-01,16,5,Friday,pátek,197,28,2021,False
20210717,2021-07-17,2021,3,2021-Q3,7,July,červenec,2021-07,2021-07-01,17,6,Saturday,sobota,198,28,2021,True
20210718,2021-07-18,2021,3,2021-Q3,7,July,červenec,2021-07,2021-07-01,18,7,Sunday,neděle,199,28,2021,True
20210719,2021-07-19,2021,3,2021-Q3,7,July,červenec,2021-07,2021-07-01,19,1,Monday,pondělí,200,29,2021,False
20210720,2021-07-20,2021,3,2021-Q3,7,July,červenec,2021-07,2021-07-01,20,2,Tuesday,úterý,201,29,2021,False
20210721,2021-07-21,2021,3,2021-Q3,7,July,červenec,2021-07,2021-07-01,21,3,Wednesday,středa,202,29,2021,False
20210722,2021-07-22,2021,3,2021-Q3,7,July,červenec,2021-07,2021-07-01,22,4,Thursday,čtvrtek,203,29,2021,False
20210723,2021-07-23,2021,3,2021-Q3,7,July,červenec,2021-07,2021-07-01,23,5,Friday,pátek,204,29,2021,False
20210724,2021-07-24,2021,3,2021-Q3,7,July,červenec,2021-07,2021-07-01,24,6,Saturday,sobota,205,29,2021,True
20210725,2021-07-25,2021,3,2021-Q3,7,July,červenec,2021-07,2021-07-01,25,7,Sunday,neděle,206,29,2021,True
20210726,2021-07-26,2021,3,2021-Q3,7,July,červenec,2021-07,2021-07-01,26,1,Monday,pondělí,207,30,2021,False
20210727,2021-07-27,2021,3,2021-Q3,7,July,červenec,2021-07,2021-07-01,27,2,Tuesday,úterý,208,30,2021,False
20210728,2021-07-28,2021,3,2021-Q3,7,July,červenec,2021-07,2021-07-01,28,3,Wednesday,středa,209,30,2021,False
20210729,2021-07-29,2021,3,2021-Q3,7,July,červenec,2021-07,2021-07-01,29,4,Thursday,čtvrtek,210,30,2021,False
20210730,2021-07-30,2021,3,2021-Q3,7,July,červenec,2021-07,2021-07-01,30,5,Friday,pátek,211,30,2021,False
20210731,2021-07-31,2021,3,2021-Q3,7,July,červenec,2021-07,2021-07-01,31,6,Saturday,sobota,212,30,2021,True
20210801,2021-08-01,2021,3,2021-Q3,8,August,srpen,2021-08,2021-08-01,1,7,Sunday,neděle,213,30,2021,True
20210802,2021-08-02,2021,3,2021-Q3,8,August,srpen,2021-08,2021-08-01,2,1,Monday,pondělí,214,31,2021,False
20210803,2021-08-03,2021,3,2021-Q3,8,August,srpen,2021-08,2021-08-01,3,2,Tuesday,úterý,215,31,2021,False
20210804,2021-08-04,2021,3,2021-Q3,8,August,srpen,2021-08,2021-08-01,4,3,Wednesday,středa,216,31,2021,False
20210805,2021-08-05,2021,3,2021-Q3,8,August,srpen,2021-08,2021-08-01,5,4,Thursday,čtvrtek,217,31,2021,False
20210806,2021-08-06,2021,3,2021-Q3,8,August,srpen,2021-08,2021-08-01,6,5,Friday,pátek,218,31,2021,False
20210807,2021-08-07,2021,3,2021-Q3,8,August,srpen,2021-08,2021-08-01,7,6,Saturday,sobota,219,31,2021,True
20210808,2021-08-08,2021,3,2021-Q3,8,August,srpen,2021-08,2021-08-01,8,7,Sunday,neděle,220,31,2021,True
20210809,2021-08-09,2021,3,2021-Q3,8,August,srpen,2021-08,2021-08-01,9,1,Monday,pondělí,221,32,2021,False
20210810,2021-08-10,2021,3,2021-Q3,8,August,srpen,2021-08,2021-08-01,10,2,Tuesday,úterý,222,32,2021,False
20210811,2021-08-11,2021,3,2021-Q3,8,August,srpen,2021-08,2021-08-01,11,3,Wednesday,středa,223,32,2021,False
20210812,2021-08-12,2021,3,2021-Q3,8,August,srpen,2021-08,2021-08-01,12,4,Thursday,čtvrtek,224,32,2021,False
20210813,2021-08-13,2021,3,2021-Q3,8,August,srpen,2021-08,2021-08-01,13,5,Friday,pátek,225,32,2021,False
20210814,2021-08-14,2021,3,2021-Q3,8,August,srpen,2021-08,2021-08-01,14,6,Saturday,sobota,226,32,2021,True
20210815,2021-08-15,2021,3,2021-Q3,8,August,srpen,2021-08,2021-08-01,15,7,Sunday,neděle,227,32,2021,True
20210816,2021-08-16,2021,3,2021-Q3,8,August,srpen,2021-08,2021-08-01,16,1,Monday,pondělí,228,33,2021,False
20210817,2021-08-17,2021,3,2021-Q3,8,August,srpen,2021-08,2021-08-01,17,2,Tuesday,úterý,229,33,2021,False
20210818,2021-08-18,2021,3,2021-Q3,8,August,srpen,2021-08,2021-08-01,18,3,Wednesday,středa,230,33,2021,False
20210819,2021-08-19,2021,3,2021-Q3,8,August,srpen,2021-08,2021-08-01,19,4,Thursday,čtvrtek,231,33,2021,False
20210820,2021-08-20,2021,3,2021-Q3,8,August,srpen,2021-08,2021-08-01,20,5,Friday,pátek,232,33,2021,False
20210821,2021-08-21,2021,3,2021-Q3,8,August,srpen,2021-08,2021-08-01,21,6,Saturday,sobota,233,33,2021,True
20210822,2021-08-22,2021,3,2021-Q3,8,August,srpen,2021-08,2021-08-01,22,7,Sunday,neděle,234,33,2021,True
20210823,2021-08-23,2021,3,2021-Q3,8,August,srpen,2021-08,2021-08-01,23,1,Monday,pondělí,235,34,2021,False
20210824,2021-08-24,2021,3,2021-Q3,8,August,srpen,2021-08,2021-08-01,24,2,Tuesday,úterý,236,34,2021,False
20210825,2021-08-25,2021,3,2021-Q3,8,August,srpen,2021-08,2021-08-01,25,3,Wednesday,středa,237,34,2021,False
20210826,2021-08-26,2021,3,2021-Q3,8,August,srpen,2021-08,2021-08-01,26,4,Thursday,čtvrtek,238,34,2021,False
20210827,2021-08-27,2021,3,2021-Q3,8,August,srpen,2021-08,2021-08-01,27,5,Friday,pátek,239,34,2021,False
20210828,2021-08-28,2021,3,2021-Q3,8,August,srpen,2021-08,2021-08-01,28,6,Saturday,sobota,240,34,2021,True
20210829,2021-08-29,2021,3,2021-Q3,8,August,srpen,2021-08,2021-08-01,29,7,Sunday,neděle,241,34,2021,True
20210830,2021-08-30,2021,3,2021-Q3,8,August,srpen,2021-08,2021-08-01,30,1,Monday,pondělí,242,35,2021,False
20210831,2021-08-31,2021,3,2021-Q3,8,August,srpen,2021-08,2021-08-01,31,2,Tuesday,úterý,243,35,2021,False
20210901,2021-09-01,2021,3,2021-Q3,9,September,září,2021-09,2021-09-01,1,3,Wednesday,středa,244,35,2021,False
20210902,2021-09-02,2021,3,2021-Q3,9,September,září,2021-09,2021-09-01,2,4,Thursday,čtvrtek,245,35,2021,False
20210903,2021-09-03,2021,3,2021-Q3,9,September,září,2021-09,2021-09-01,3,5,Friday,pátek,246,35,2021,False
20210904,2021-09-04,2021,3,2021-Q3,9,September,září,2021-09,2021-09-01,4,6,Saturday,sobota,247,35,2021,True
20210905,2021-09-05,2021,3,2021-Q3,9,September,září,2021-09,2021-09-01,5,7,Sunday,neděle,248,35,2021,True
20210906,2021-09-06,2021,3,2021-Q3,9,September,září,2021-09,2021-09-01,6,1,Monday,pondělí,249,36,2021,False
20210907,2021-09-07,2021,3,2021-Q3,9,September,září,2021-09,2021-09-01,7,2,Tuesday,úterý,250,36,2021,False
20210908,2021-09-08,2021,3,2021-Q3,9,September,září,2021-09,2021-09-01,8,3,Wednesday,středa,251,36,2021,False
20210909,2021-09-09,2021,3,2021-Q3,9,September,září,2021-09,2021-09-01,9,4,Thursday,čtvrtek,252,36,2021,False
20210910,2021-09-10,2021,3,2021-Q3,9,September,září,2021-09,2021-09-01,10,5,Friday,pátek,253,36,2021,False
20210911,2021-09-11,2021,3,2021-Q3,9,September,září,2021-09,2021-09-01,11,6,Saturday,sobota,254,36,2021,True
20210912,2021-09-12,2021,3,2021-Q3,9,September,září,2021-09,2021-09-01,12,7,Sunday,neděle,255,36,2021,True
20210913,2021-09-13,2021,3,2021-Q3,9,September,září,2021-09,2021-09-01,13,1,Monday,pondělí,256,37,2021,False
20210914,2021-09-14,2021,3,2021-Q3,9,September,září,2021-09,2021-09-01,14,2,Tuesday,úterý,257,37,2021,False
20210915,2021-09-15,2021,3,2021-Q3,9,September,září,2021-09,2021-09-01,15,3,Wednesday,středa,258,37,2021,False
20210916,2021-09-16,2021,3,2021-Q3,9,September,září,2021-09,2021-09-01,16,4,Thursday,čtvrtek,259,37,2021,False
20210917,2021-09-17,2021,3,2021-Q3,9,September,září,2021-09,2021-09-01,17,5,Friday,pátek,260,37,2021,False
20210918,2021-09-18,2021,3,2021-Q3,9,September,září,2021-09,2021-09-01,18,6,Saturday,sobota,261,37,2021,True
20210919,2021-09-19,2021,3,2021-Q3,9,September,září,2021-09,2021-09-01,19,7,Sunday,neděle,262,37,2021,True
20210920,2021-09-20,2021,3,2021-Q3,9,September,září,2021-09,2021-09-01,20,1,Monday,pondělí,263,38,2021,False
20210921,2021-09-21,2021,3,2021-Q3,9,September,září,2021-09,2021-09-01,21,2,Tuesday,úterý,264,38,2021,False
20210922,2021-09-22,2021,3,2021-Q3,9,September,září,2021-09,2021-09-01,22,3,Wednesday,středa,265,38,2021,False
20210923,2021-09-23,2021,3,2021-Q3,9,September,září,2021-09,2021-09-01,23,4,Thursday,čtvrtek,266,38,2021,False
20210924,2021-09-24,2021,3,2021-Q3,9,September,září,2021-09,2021-09-01,24,5,Friday,pátek,267,38,2021,False
20210925,2021-09-25,2021,3,2021-Q3,9,September,září,2021-09,2021-09-01,25,6,Saturday,sobota,268,38,2021,True
20210926,2021-09-26,2021,3,2021-Q3,9,September,září,2021-09,2021-09-01,26,7,Sunday,neděle,269,38,2021,True
20210927,2021-09-27,2021,3,2021-Q3,9,September,září,2021-09,2021-09-01,27,1,Monday,pondělí,270,39,2021,False
20210928,2021-09-28,2021,3,2021-Q3,9,September,září,2021-09,2021-09-01,28,2,Tuesday,úterý,271,39,2021,False
20210929,2021-09-29,2021,3,2021-Q3,9,September,září,2021-09,2021-09-01,29,3,Wednesday,středa,272,39,2021,False
20210930,2021-09-30,2021,3,2021-Q3,9,September,září,2021-09,2021-09-01,30,4,Thursday,čtvrtek,273,39,2021,False
20211001,2021-10-01,2021,4,2021-Q4,10,October,říjen,2021-10,2021-10-01,1,5,Friday,pátek,274,39,2021,False
20211002,2021-10-02,2021,4,2021-Q4,10,October,říjen,2021-10,2021-10-01,2,6,Saturday,sobota,275,39,2021,True
20211003,2021-10-03,2021,4,2021-Q4,10,October,říjen,2021-10,2021-10-01,3,7,Sunday,neděle,276,39,2021,True
20211004,2021-10-04,2021,4,2021-Q4,10,October,říjen,2021-10,2021-10-01,4,1,Monday,pondělí,277,40,2021,False
20211005,2021-10-05,2021,4,2021-Q4,10,October,říjen,2021-10,2021-10-01,5,2,Tuesday,úterý,278,40,2021,False
20211006,2021-10-06,2021,4,2021-Q4,10,October,říjen,2021-10,2021-10-01,6,3,Wednesday,středa,279,40,2021,False
20211007,2021-10-07,2021,4,2021-Q4,10,October,říjen,2021-10,2021-10-01,7,4,Thursday,čtvrtek,280,40,2021,False
20211008,2021-10-08,2021,4,2021-Q4,10,October,říjen,2021-10,2021-10-01,8,5,Friday,pátek,281,40,2021,False
20211009,2021-10-09,2021,4,2021-Q4,10,October,říjen,2021-10,2021-10-01,9,6,Saturday,sobota,282,40,2021,True
20211010,2021-10-10,2021,4,2021-Q4,10,October,říjen,2021-10,2021-10-01,10,7,Sunday,neděle,283,40,2021,True
20211011,2021-10-11,2021,4,2021-Q4,10,October,říjen,2021-10,2021-10-01,11,1,Monday,pondělí,284,41,2021,False
20211012,2021-10-12,2021,4,2021-Q4,10,October,říjen,2021-10,2021-10-01,12,2,Tuesday,úterý,285,41,2021,False
20211013,2021-10-13,2021,4,2021-Q4,10,October,říjen,2021-10,2021-10-01,13,3,Wednesday,středa,286,41,2021,False
20211014,2021-10-14,2021,4,2021-Q4,10,October,říjen,2021-10,2021-10-01,14,4,Thursday,čtvrtek,287,41,2021,False
20211015,2021-10-15,2021,4,2021-Q4,10,October,říjen,2021-10,2021-10-01,15,5,Friday,pátek,288,41,2021,False
20211016,2021-10-16,2021,4,2021-Q4,10,October,říjen,2021-10,2021-10-01,16,6,Saturday,sobota,289,41,2021,True
20211017,2021-10-17,2021,4,2021-Q4,10,October,říjen,2021-10,2021-10-01,17,7,Sunday,neděle,290,41,2021,True
20211018,2021-10-18,2021,4,2021-Q4,10,October,říjen,2021-10,2021-10-01,18,1,Monday,pondělí,291,42,2021,False
20211019,2021-10-19,2021,4,2021-Q4,10,October,říjen,2021-10,2021-10-01,19,2,Tuesday,úterý,292,42,2021,False
20211020,2021-10-20,2021,4,2021-Q4,10,October,říjen,2021-10,2021-10-01,20,3,Wednesday,středa,293,42,2021,False
20211021,2021-10-21,2021,4,2021-Q4,10,October,říjen,2021-10,2021-10-01,21,4,Thursday,čtvrtek,294,42,2021,False
20211022,2021-10-22,2021,4,2021-Q4,10,October,říjen,2021-10,2021-10-01,22,5,Friday,pátek,295,42,2021,False
20211023,2021-10-23,2021,4,2021-Q4,10,October,říjen,2021-10,2021-10-01,23,6,Saturday,sobota,296,42,2021,True
20211024,2021-10-24,2021,4,2021-Q4,10,October,říjen,2021-10,2021-10-01,24,7,Sunday,neděle,297,42,2021,True
20211025,2021-10-25,2021,4,2021-Q4,10,October,říjen,2021-10,2021-10-01,25,1,Monday,pondělí,298,43,2021,False
20211026,2021-10-26,2021,4,2021-Q4,10,October,říjen,2021-10,2021-10-01,26,2,Tuesday,úterý,299,43,2021,False
20211027,2021-10-27,2021,4,2021-Q4,10,October,říjen,2021-10,2021-10-01,27,3,Wednesday,středa,300,43,2021,False
20211028,2021-10-28,2021,4,2021-Q4,10,October,říjen,2021-10,2021-10-01,28,4,Thursday,čtvrtek,301,43,2021,False
20211029,2021-10-29,2021,4,2021-Q4,10,October,říjen,2021-10,2021-10-01,29,5,Friday,pátek,302,43,2021,False
20211030,2021-10-30,2021,4,2021-Q4,10,October,říjen,2021-10,2021-10-01,30,6,Saturday,sobota,303,43,2021,True
20211031,2021-10-31,2021,4,2021-Q4,10,October,říjen,2021-10,2021-10-01,31,7,Sunday,neděle,304,43,2021,True
20211101,2021-11-01,2021,4,2021-Q4,11,November,listopad,2021-11,2021-11-01,1,1,Monday,pondělí,305,44,2021,False
20211102,2021-11-02,2021,4,2021-Q4,11,November,listopad,2021-11,2021-11-01,2,2,Tuesday,úterý,306,44,2021,False
20211103,2021-11-03,2021,4,2021-Q4,11,November,listopad,2021-11,2021-11-01,3,3,Wednesday,středa,307,44,2021,False
20211104,2021-11-04,2021,4,2021-Q4,11,November,listopad,2021-11,2021-11-01,4,4,Thursday,čtvrtek,308,44,2021,False
20211105,2021-11-05,2021,4,2021-Q4,11,November,listopad,2021-11,2021-11-01,5,5,Friday,pátek,309,44,2021,False
20211106,2021-11-06,2021,4,2021-Q4,11,November,listopad,2021-11,2021-11-01,6,6,Saturday,sobota,310,44,2021,True
20211107,2021-11-07,2021,4,2021-Q4,11,November,listopad,2021-11,2021-11-01,7,7,Sunday,neděle,311,44,2021,True
20211108,2021-11-08,2021,4,2021-Q4,11,November,listopad,2021-11,2021-11-01,8,1,Monday,pondělí,312,45,2021,False
20211109,2021-11-09,2021,4,2021-Q4,11,November,listopad,2021-11,2021-11-01,9,2,Tuesday,úterý,313,45,2021,False
20211110,2021-11-10,2021,4,2021-Q4,11,November,listopad,2021-11,2021-11-01,10,3,Wednesday,středa,314,45,2021,False
20211111,2021-11-11,2021,4,2021-Q4,11,November,listopad,2021-11,2021-11-01,11,4,Thursday,čtvrtek,315,45,2021,False
20211112,2021-11-12,2021,4,2021-Q4,11,November,listopad,2021-11,2021-11-01,12,5,Friday,pátek,316,45,2021,False
20211113,2021-11-13,2021,4,2021-Q4,11,November,listopad,2021-11,2021-11-01,13,6,Saturday,sobota,317,45,2021,True
20211114,2021-11-14,2021,4,2021-Q4,11,November,listopad,2021-11,2021-11-01,14,7,Sunday,neděle,318,45,2021,True
20211115,2021-11-15,2021,4,2021-Q4,11,November,listopad,2021-11,2021-11-01,15,1,Monday,pondělí,319,46,2021,False
20211116,2021-11-16,2021,4,2021-Q4,11,November,listopad,2021-11,2021-11-01,16,2,Tuesday,úterý,320,46,2021,False
20211117,2021-11-17,2021,4,2021-Q4,11,November,listopad,2021-11,2021-11-01,17,3,Wednesday,středa,321,46,2021,False
20211118,2021-11-18,2021,4,2021-Q4,11,November,listopad,2021-11,2021-11-01,18,4,Thursday,čtvrtek,322,46,2021,False
20211119,2021-11-19,2021,4,2021-Q4,11,November,listopad,2021-11,2021-11-01,19,5,Friday,pátek,323,46,2021,False
20211120,2021-11-20,2021,4,2021-Q4,11,November,listopad,2021-11,2021-11-01,20,6,Saturday,sobota,324,46,2021,True
20211121,2021-11-21,2021,4,2021-Q4,11,November,listopad,2021-11,2021-11-01,21,7,Sunday,neděle,325,46,2021,True
20211122,2021-11-22,2021,4,2021-Q4,11,November,listopad,2021-11,2021-11-01,22,1,Monday,pondělí,326,47,2021,False
20211123,2021-11-23,2021,4,2021-Q4,11,November,listopad,2021-11,2021-11-01,23,2,Tuesday,úterý,327,47,2021,False
20211124,2021-11-24,2021,4,2021-Q4,11,November,listopad,2021-11,2021-11-01,24,3,Wednesday,středa,328,47,2021,False
20211125,2021-11-25,2021,4,2021-Q4,11,November,listopad,2021-11,2021-11-01,25,4,Thursday,čtvrtek,329,47,2021,False
20211126,2021-11-26,2021,4,2021-Q4,11,November,listopad,2021-11,2021-11-01,26,5,Friday,pátek,330,47,2021,False
20211127,2021-11-27,2021,4,2021-Q4,11,November,listopad,2021-11,2021-11-01,27,6,Saturday,sobota,331,47,2021,True
20211128,2021-11-28,2021,4,2021-Q4,11,November,listopad,2021-11,2021-11-01,28,7,Sunday,neděle,332,47,2021,True
20211129,2021-11-29,2021,4,2021-Q4,11,November,listopad,2021-11,2021-11-01,29,1,Monday,pondělí,333,48,2021,False
20211130,2021-11-30,2021,4,2021-Q4,11,November,listopad,2021-11,2021-11-01,30,2,Tuesday,úterý,334,48,2021,False
20211201,2021-12-01,2021,4,2021-Q4,12,December,prosinec,2021-12,2021-12-01,1,3,Wednesday,středa,335,48,2021,False
20211202,2021-12-02,2021,4,2021-Q4,12,December,prosinec,2021-12,2021-12-01,2,4,Thursday,čtvrtek,336,48,2021,False
20211203,2021-12-03,2021,4,2021-Q4,12,December,prosinec,2021-12,2021-12-01,3,5,Friday,pátek,337,48,2021,False
20211204,2021-12-04,2021,4,2021-Q4,12,December,prosinec,2021-12,2021-12-01,4,6,Saturday,sobota,338,48,2021,True
20211205,2021-12-05,2021,4,2021-Q4,12,December,prosinec,2021-12,2021-12-01,5,7,Sunday,neděle,339,48,2021,True
20211206,2021-12-06,2021,4,2021-Q4,12,December,prosinec,2021-12,2021-12-01,6,1,Monday,pondělí,340,49,2021,False
20211207,2021-12-07,2021,4,2021-Q4,12,December,prosinec,2021-12,2021-12-01,7,2,Tuesday,úterý,341,49,2021,False
20211208,2021-12-08,2021,4,2021-Q4,12,December,prosinec,2021-12,2021-12-01,8,3,Wednesday,středa,342,49,2021,False
20211209,2021-12-09,2021,4,2021-Q4,12,December,prosinec,2021-12,2021-12-01,9,4,Thursday,čtvrtek,343,49,2021,False
20211210,2021-12-10,2021,4,2021-Q4,12,December,prosinec,2021-12,2021-12-01,10,5,Friday,pátek,344,49,2021,False
20211211,2021-12-11,2021,4,2021-Q4,12,December,prosinec,2021-12,2021-12-01,11,6,Saturday,sobota,345,49,2021,True
20211212,2021-12-12,2021,4,2021-Q4,12,December,prosinec,2021-12,2021-12-01,12,7,Sunday,neděle,346,49,2021,True
20211213,2021-12-13,2021,4,2021-Q4,12,December,prosinec,2021-12,2021-12-01,13,1,Monday,pondělí,347,50,2021,False
20211214,2021-12-14,2021,4,2021-Q4,12,December,prosinec,2021-12,2021-12-01,14,2,Tuesday,úterý,348,50,2021,False
20211215,2021-12-15,2021,4,2021-Q4,12,December,prosinec,2021-12,2021-12-01,15,3,Wednesday,středa,349,50,2021,False
20211216,2021-12-16,2021,4,2021-Q4,12,December,prosinec,2021-12,2021-12-01,16,4,Thursday,čtvrtek,350,50,2021,False
20211217,2021-12-17,2021,4,2021-Q4,12,December,prosinec,2021-12,2021-12-01,17,5,Friday,pátek,351,50,2021,False
20211218,2021-12-18,2021,4,2021-Q4,12,December,prosinec,2021-12,2021-12-01,18,6,Saturday,sobota,352,50,2021,True
20211219,2021-12-19,2021,4,2021-Q4,12,December,prosinec,2021-12,2021-12-01,19,7,Sunday,neděle,353,50,2021,True
20211220,2021-12-20,2021,4,2021-Q4,12,December,prosinec,2021-12,2021-12-01,20,1,Monday,pondělí,354,51,2021,False
20211221,2021-12-21,2021,4,2021-Q4,12,December,prosinec,2021-12,2021-12-01,21,2,Tuesday,úterý,355,51,2021,False
20211222,2021-12-22,2021,4,2021-Q4,12,December,prosinec,2021-12,2021-12-01,22,3,Wednesday,středa,356,51,2021,False
20211223,2021-12-23,2021,4,2021-Q4,12,December,prosinec,2021-12,2021-12-01,23,4,Thursday,čtvrtek,357,51,2021,False
20211224,2021-12-24,2021,4,2021-Q4,12,December,prosinec,2021-12,2021-12-01,24,5,Friday,pátek,358,51,2021,False
20211225,2021-12-25,2021,4,2021-Q4,12,December,prosinec,2021-12,2021-12-01,25,6,Saturday,sobota,359,51,2021,True
20211226,2021-12-26,2021,4,2021-Q4,12,December,prosinec,2021-12,2021-12-01,26,7,Sunday,neděle,360,51,2021,True
20211227,2021-12-27,2021,4,2021-Q4,12,December,prosinec,2021-12,2021-12-01,27,1,Monday,pondělí,361,52,2021,False
20211228,2021-12-28,2021,4,2021-Q4,12,December,prosinec,2021-12,2021-12-01,28,2,Tuesday,úterý,362,52,2021,False
20211229,2021-12-29,2021,4,2021-Q4,12,December,prosinec,2021-12,2021-12-01,29,3,Wednesday,středa,363,52,2021,False
20211230,2021-12-30,2021,4,2021-Q4,12,December,prosinec,2021-12,2021-12-01,30,4,Thursday,čtvrtek,364,52,2021,False
20211231,2021-12-31,2021,4,2021-Q4,12,December,prosinec,2021-12,2021-12-01,31,5,Friday,pátek,365,52,2021,False
20220101,2022-01-01,2022,1,2022-Q1,1,January,leden,2022-01,2022-01-01,1,6,Saturday,sobota,1,52,2021,True
20220102,2022-01-02,2022,1,2022-Q1,1,January,leden,2022-01,2022-01-01,2,7,Sunday,neděle,2,52,2021,True
20220103,2022-01-03,2022,1,2022-Q1,1,January,leden,2022-01,2022-01-01,3,1,Monday,pondělí,3,1,2022,False
20220104,2022-01-04,2022,1,2022-Q1,1,January,leden,2022-01,2022-01-01,4,2,Tuesday,úterý,4,1,2022,False
20220105,2022-01-05,2022,1,2022-Q1,1,January,leden,2022-01,2022-01-01,5,3,Wednesday,středa,5,1,2022,False
20220106,2022-01-06,2022,1,2022-Q1,1,January,leden,2022-01,2022-01-01,6,4,Thursday,čtvrtek,6,1,2022,False
20220107,2022-01-07,2022,1,2022-Q1,1,January,leden,2022-01,2022-01-01,7,5,Friday,pátek,7,1,2022,False
20220108,2022-01-08,2022,1,2022-Q1,1,January,leden,2022-01,2022-01-01,8,6,Saturday,sobota,8,1,2022,True
20220109,2022-01-09,2022,1,2022-Q1,1,January,leden,2022-01,2022-01-01,9,7,Sunday,neděle,9,1,2022,True
20220110,2022-01-10,2022,1,2022-Q1,1,January,leden,2022-01,2022-01-01,10,1,Monday,pondělí,10,2,2022,False
20220111,2022-01-11,2022,1,2022-Q1,1,January,leden,2022-01,2022-01-01,11,2,Tuesday,úterý,11,2,2022,False
20220112,2022-01-12,2022,1,2022-Q1,1,January,leden,2022-01,2022-01-01,12,3,Wednesday,středa,12,2,2022,False
20220113,2022-01-13,2022,1,2022-Q1,1,January,leden,2022-01,2022-01-01,13,4,Thursday,čtvrtek,13,2,2022,False
20220114,2022-01-14,2022,1,2022-Q1,1,January,leden,2022-01,2022-01-01,14,5,Friday,pátek,14,2,2022,False
20220115,2022-01-15,2022,1,2022-Q1,1,January,leden,2022-01,2022-01-01,15,6,Saturday,sobota,15,2,2022,True
20220116,2022-01-16,2022,1,2022-Q1,1,January,leden,2022-01,2022-01-01,16,7,Sunday,neděle,16,2,2022,True
20220117,2022-01-17,2022,1,2022-Q1,1,January,leden,2022-01,2022-01-01,17,1,Monday,pondělí,17,3,2022,False
20220118,2022-01-18,2022,1,2022-Q1,1,January,leden,2022-01,2022-01-01,18,2,Tuesday,úterý,18,3,2022,False
20220119,2022-01-19,2022,1,2022-Q1,1,January,leden,2022-01,2022-01-01,19,3,Wednesday,středa,19,3,2022,False
20220120,2022-01-20,2022,1,2022-Q1,1,January,leden,2022-01,2022-01-01,20,4,Thursday,čtvrtek,20,3,2022,False
20220121,2022-01-21,2022,1,2022-Q1,1,January,leden,2022-01,2022-01-01,21,5,Friday,pátek,21,3,2022,False
20220122,2022-01-22,2022,1,2022-Q1,1,January,leden,2022-01,2022-01-01,22,6,Saturday,sobota,22,3,2022,True
20220123,2022-01-23,2022,1,2022-Q1,1,January,leden,2022-01,2022-01-01,23,7,Sunday,neděle,23,3,2022,True
20220124,2022-01-24,2022,1,2022-Q1,1,January,leden,2022-01,2022-01-01,24,1,Monday,pondělí,24,4,2022,False
20220125,2022-01-25,2022,1,2022-Q1,1,January,leden,2022-01,2022-01-01,25,2,Tuesday,úterý,25,4,2022,False
20220126,2022-01-26,2022,1,2022-Q1,1,January,leden,2022-01,2022-01-01,26,3,Wednesday,středa,26,4,2022,False
20220127,2022-01-27,2022,1,2022-Q1,1,January,leden,2022-01,2022-01-01,27,4,Thursday,čtvrtek,27,4,2022,False
20220128,2022-01-28,2022,1,2022-Q1,1,January,leden,2022-01,2022-01-01,28,5,Friday,pátek,28,4,2022,False
20220129,2022-01-29,2022,1,2022-Q1,1,January,leden,2022-01,2022-01-01,29,6,Saturday,sobota,29,4,2022,True
20220130,2022-01-30,2022,1,2022-Q1,1,January,leden,2022-01,2022-01-01,30,7,Sunday,neděle,30,4,2022,True
20220131,2022-01-31,2022,1,2022-Q1,1,January,leden,2022-01,2022-01-01,31,1,Monday,pondělí,31,5,2022,False
20220201,2022-02-01,2022,1,2022-Q1,2,February,únor,2022-02,2022-02-01,1,2,Tuesday,úterý,32,5,2022,False
20220202,2022-02-02,2022,1,2022-Q1,2,February,únor,2022-02,2022-02-01,2,3,Wednesday,středa,33,5,2022,False
20220203,2022-02-03,2022,1,2022-Q1,2,February,únor,2022-02,2022-02-01,3,4,Thursday,čtvrtek,34,5,2022,False
20220204,2022-02-04,2022,1,2022-Q1,2,February,únor,2022-02,2022-02-01,4,5,Friday,pátek,35,5,2022,False
20220205,2022-02-05,2022,1,2022-Q1,2,February,únor,2022-02,2022-02-01,5,6,Saturday,sobota,36,5,2022,True
20220206,2022-02-06,2022,1,2022-Q1,2,February,únor,2022-02,2022-02-01,6,7,Sunday,neděle,37,5,2022,True
20220207,2022-02-07,2022,1,2022-Q1,2,February,únor,2022-02,2022-02-01,7,1,Monday,pondělí,38,6,2022,False
20220208,2022-02-08,2022,1,2022-Q1,2,February,únor,2022-02,2022-02-01,8,2,Tuesday,úterý,39,6,2022,False
20220209,2022-02-09,2022,1,2022-Q1,2,February,únor,2022-02,2022-02-01,9,3,Wednesday,středa,40,6,2022,False
20220210,2022-02-10,2022,1,2022-Q1,2,February,únor,2022-02,2022-02-01,10,4,Thursday,čtvrtek,41,6,2022,False
20220211,2022-02-11,2022,1,2022-Q1,2,February,únor,2022-02,2022-02-01,11,5,Friday,pátek,42,6,2022,False
20220212,2022-02-12,2022,1,2022-Q1,2,February,únor,2022-02,2022-02-01,12,6,Saturday,sobota,43,6,2022,True
20220213,2022-02-13,2022,1,2022-Q1,2,February,únor,2022-02,2022-02-01,13,7,Sunday,neděle,44,6,2022,True
20220214,2022-02-14,2022,1,2022-Q1,2,February,únor,2022-02,2022-02-01,14,1,Monday,pondělí,45,7,2022,False
20220215,2022-02-15,2022,1,2022-Q1,2,February,únor,2022-02,2022-02-01,15,2,Tuesday,úterý,46,7,2022,False
20220216,2022-02-16,2022,1,2022-Q1,2,February,únor,2022-02,2022-02-01,16,3,Wednesday,středa,47,7,2022,False
20220217,2022-02-17,2022,1,2022-Q1,2,February,únor,2022-02,2022-02-01,17,4,Thursday,čtvrtek,48,7,2022,False
20220218,2022-02-18,2022,1,2022-Q1,2,February,únor,2022-02,2022-02-01,18,5,Friday,pátek,49,7,2022,False
20220219,2022-02-19,2022,1,2022-Q1,2,February,únor,2022-02,2022-02-01,19,6,Saturday,sobota,50,7,2022,True
20220220,2022-02-20,2022,1,2022-Q1,2,February,únor,2022-02,2022-02-01,20,7,Sunday,neděle,51,7,2022,True
20220221,2022-02-21,2022,1,2022-Q1,2,February,únor,2022-02,2022-02-01,21,1,Monday,pondělí,52,8,2022,False
20220222,2022-02-22,2022,1,2022-Q1,2,February,únor,2022-02,2022-02-01,22,2,Tuesday,úterý,53,8,2022,False
20220223,2022-02-23,2022,1,2022-Q1,2,February,únor,2022-02,2022-02-01,23,3,Wednesday,středa,54,8,2022,False
20220224,2022-02-24,2022,1,2022-Q1,2,February,únor,2022-02,2022-02-01,24,4,Thursday,čtvrtek,55,8,2022,False
20220225,2022-02-25,2022,1,2022-Q1,2,February,únor,2022-02,2022-02-01,25,5,Friday,pátek,56,8,2022,False
20220226,2022-02-26,2022,1,2022-Q1,2,February,únor,2022-02,2022-02-01,26,6,Saturday,sobota,57,8,2022,True
20220227,2022-02-27,2022,1,2022-Q1,2,February,únor,2022-02,2022-02-01,27,7,Sunday,neděle,58,8,2022,True
20220228,2022-02-28,2022,1,2022-Q1,2,February,únor,2022-02,2022-02-01,28,1,Monday,pondělí,59,9,2022,False
20220301,2022-03-01,2022,1,2022-Q1,3,March,březen,2022-03,2022-03-01,1,2,Tuesday,úterý,60,9,2022,False
20220302,2022-03-02,2022,1,2022-Q1,3,March,březen,2022-03,2022-03-01,2,3,Wednesday,středa,61,9,2022,False
20220303,2022-03-03,2022,1,2022-Q1,3,March,březen,2022-03,2022-03-01,3,4,Thursday,čtvrtek,62,9,2022,False
20220304,2022-03-04,2022,1,2022-Q1,3,March,březen,2022-03,2022-03-01,4,5,Friday,pátek,63,9,2022,False
20220305,2022-03-05,2022,1,2022-Q1,3,March,březen,2022-03,2022-03-01,5,6,Saturday,sobota,64,9,2022,True
20220306,2022-03-06,2022,1,2022-Q1,3,March,březen,2022-03,2022-03-01,6,7,Sunday,neděle,65,9,2022,True
20220307,2022-03-07,2022,1,2022-Q1,3,March,březen,2022-03,2022-03-01,7,1,Monday,pondělí,66,10,2022,False
20220308,2022-03-08,2022,1,2022-Q1,3,March,březen,2022-03,2022-03-01,8,2,Tuesday,úterý,67,10,2022,False
20220309,2022-03-09,2022,1,2022-Q1,3,March,březen,2022-03,2022-03-01,9,3,Wednesday,středa,68,10,2022,False
20220310,2022-03-10,2022,1,2022-Q1,3,March,březen,2022-03,2022-03-01,10,4,Thursday,čtvrtek,69,10,2022,False
20220311,2022-03-11,2022,1,2022-Q1,3,March,březen,2022-03,2022-03-01,11,5,Friday,pátek,70,10,2022,False
20220312,2022-03-12,2022,1,2022-Q1,3,March,březen,2022-03,2022-03-01,12,6,Saturday,sobota,71,10,2022,True
20220313,2022-03-13,2022,1,2022-Q1,3,March,březen,2022-03,2022-03-01,13,7,Sunday,neděle,72,10,2022,True
20220314,2022-03-14,2022,1,2022-Q1,3,March,březen,2022-03,2022-03-01,14,1,Monday,pondělí,73,11,2022,False
20220315,2022-03-15,2022,1,2022-Q1,3,March,březen,2022-03,2022-03-01,15,2,Tuesday,úterý,74,11,2022,False
20220316,2022-03-16,2022,1,2022-Q1,3,March,březen,2022-03,2022-03-01,16,3,Wednesday,středa,75,11,2022,False
20220317,2022-03-17,2022,1,2022-Q1,3,March,březen,2022-03,2022-03-01,17,4,Thursday,čtvrtek,76,11,2022,False
20220318,2022-03-18,2022,1,2022-Q1,3,March,březen,2022-03,2022-03-01,18,5,Friday,pátek,77,11,2022,False
20220319,2022-03-19,2022,1,2022-Q1,3,March,březen,2022-03,2022-03-01,19,6,Saturday,sobota,78,11,2022,True
20220320,2022-03-20,2022,1,2022-Q1,3,March,březen,2022-03,2022-03-01,20,7,Sunday,neděle,79,11,2022,True
20220321,2022-03-21,2022,1,2022-Q1,3,March,březen,2022-03,2022-03-01,21,1,Monday,pondělí,80,12,2022,False
20220322,2022-03-22,2022,1,2022-Q1,3,March,březen,2022-03,2022-03-01,22,2,Tuesday,úterý,81,12,2022,False
20220323,2022-03-23,2022,1,2022-Q1,3,March,březen,2022-03,2022-03-01,23,3,Wednesday,středa,82,12,2022,False
20220324,2022-03-24,2022,1,2022-Q1,3,March,březen,2022-03,2022-03-01,24,4,Thursday,čtvrtek,83,12,2022,False
20220325,2022-03-25,2022,1,2022-Q1,3,March,březen,2022-03,2022-03-01,25,5,Friday,pátek,84,12,2022,False
20220326,2022-03-26,2022,1,2022-Q1,3,March,březen,2022-03,2022-03-01,26,6,Saturday,sobota,85,12,2022,True
20220327,2022-03-27,2022,1,2022-Q1,3,March,březen,2022-03,2022-03-01,27,7,Sunday,neděle,86,12,2022,True
20220328,2022-03-28,2022,1,2022-Q1,3,March,březen,2022-03,2022-03-01,28,1,Monday,pondělí,87,13,2022,False
20220329,2022-03-29,2022,1,2022-Q1,3,March,březen,2022-03,2022-03-01,29,2,Tuesday,úterý,88,13,2022,False
20220330,2022-03-30,2022,1,2022-Q1,3,March,březen,2022-03,2022-03-01,30,3,Wednesday,středa,89,13,2022,False
20220331,2022-03-31,2022,1,2022-Q1,3,March,březen,2022-03,2022-03-01,31,4,Thursday,čtvrtek,90,13,2022,False
20220401,2022-04-01,2022,2,2022-Q2,4,April,duben,2022-04,2022-04-01,1,5,Friday,pátek,91,13,2022,False
20220402,2022-04-02,2022,2,2022-Q2,4,April,duben,2022-04,2022-04-01,2,6,Saturday,sobota,92,13,2022,True
20220403,2022-04-03,2022,2,2022-Q2,4,April,duben,2022-04,2022-04-01,3,7,Sunday,neděle,93,13,2022,True
20220404,2022-04-04,2022,2,2022-Q2,4,April,duben,2022-04,2022-04-01,4,1,Monday,pondělí,94,14,2022,False
20220405,2022-04-05,2022,2,2022-Q2,4,April,duben,2022-04,2022-04-01,5,2,Tuesday,úterý,95,14,2022,False
20220406,2022-04-06,2022,2,2022-Q2,4,April,duben,2022-04,2022-04-01,6,3,Wednesday,středa,96,14,2022,False
20220407,2022-04-07,2022,2,2022-Q2,4,April,duben,2022-04,2022-04-01,7,4,Thursday,čtvrtek,97,14,2022,False
20220408,2022-04-08,2022,2,2022-Q2,4,April,duben,2022-04,2022-04-01,8,5,Friday,pátek,98,14,2022,False
20220409,2022-04-09,2022,2,2022-Q2,4,April,duben,2022-04,2022-04-01,9,6,Saturday,sobota,99,14,2022,True
20220410,2022-04-10,2022,2,2022-Q2,4,April,duben,2022-04,2022-04-01,10,7,Sunday,neděle,100,14,2022,True
20220411,2022-04-11,2022,2,2022-Q2,4,April,duben,2022-04,2022-04-01,11,1,Monday,pondělí,101,15,2022,False
20220412,2022-04-12,2022,2,2022-Q2,4,April,duben,2022-04,2022-04-01,12,2,Tuesday,úterý,102,15,2022,False
20220413,2022-04-13,2022,2,2022-Q2,4,April,duben,2022-04,2022-04-01,13,3,Wednesday,středa,103,15,2022,False
20220414,2022-04-14,2022,2,2022-Q2,4,April,duben,2022-04,2022-04-01,14,4,Thursday,čtvrtek,104,15,2022,False
20220415,2022-04-15,2022,2,2022-Q2,4,April,duben,2022-04,2022-04-01,15,5,Friday,pátek,105,15,2022,False
20220416,2022-04-16,2022,2,2022-Q2,4,April,duben,2022-04,2022-04-01,16,6,Saturday,sobota,106,15,2022,True
20220417,2022-04-17,2022,2,2022-Q2,4,April,duben,2022-04,2022-04-01,17,7,Sunday,neděle,107,15,2022,True
20220418,2022-04-18,2022,2,2022-Q2,4,April,duben,2022-04,2022-04-01,18,1,Monday,pondělí,108,16,2022,False
20220419,2022-04-19,2022,2,2022-Q2,4,April,duben,2022-04,2022-04-01,19,2,Tuesday,úterý,109,16,2022,False
20220420,2022-04-20,2022,2,2022-Q2,4,April,duben,2022-04,2022-04-01,20,3,Wednesday,středa,110,16,2022,False
20220421,2022-04-21,2022,2,2022-Q2,4,April,duben,2022-04,2022-04-01,21,4,Thursday,čtvrtek,111,16,2022,False
20220422,2022-04-22,2022,2,2022-Q2,4,April,duben,2022-04,2022-04-01,22,5,Friday,pátek,112,16,2022,False
20220423,2022-04-23,2022,2,2022-Q2,4,April,duben,2022-04,2022-04-01,23,6,Saturday,sobota,113,16,2022,True
20220424,2022-04-24,2022,2,2022-Q2,4,April,duben,2022-04,2022-04-01,24,7,Sunday,neděle,114,16,2022,True
20220425,2022-04-25,2022,2,2022-Q2,4,April,duben,2022-04,2022-04-01,25,1,Monday,pondělí,115,17,2022,False
20220426,2022-04-26,2022,2,2022-Q2,4,April,duben,2022-04,2022-04-01,26,2,Tuesday,úterý,116,17,2022,False
20220427,2022-04-27,2022,2,2022-Q2,4,April,duben,2022-04,2022-04-01,27,3,Wednesday,středa,117,17,2022,False
20220428,2022-04-28,2022,2,2022-Q2,4,April,duben,2022-04,2022-04-01,28,4,Thursday,čtvrtek,118,17,2022,False
20220429,2022-04-29,2022,2,2022-Q2,4,April,duben,2022-04,2022-04-01,29,5,Friday,pátek,119,17,2022,False
20220430,2022-04-30,2022,2,2022-Q2,4,April,duben,2022-04,2022-04-01,30,6,Saturday,sobota,120,17,2022,True
20220501,2022-05-01,2022,2,2022-Q2,5,May,květen,2022-05,2022-05-01,1,7,Sunday,neděle,121,17,2022,True
20220502,2022-05-02,2022,2,2022-Q2,5,May,květen,2022-05,2022-05-01,2,1,Monday,pondělí,122,18,2022,False
20220503,2022-05-03,2022,2,2022-Q2,5,May,květen,2022-05,2022-05-01,3,2,Tuesday,úterý,123,18,2022,False
20220504,2022-05-04,2022,2,2022-Q2,5,May,květen,2022-05,2022-05-01,4,3,Wednesday,středa,124,18,2022,False
20220505,2022-05-05,2022,2,2022-Q2,5,May,květen,2022-05,2022-05-01,5,4,Thursday,čtvrtek,125,18,2022,False
20220506,2022-05-06,2022,2,2022-Q2,5,May,květen,2022-05,2022-05-01,6,5,Friday,pátek,126,18,2022,False
20220507,2022-05-07,2022,2,2022-Q2,5,May,květen,2022-05,2022-05-01,7,6,Saturday,sobota,127,18,2022,True
20220508,2022-05-08,2022,2,2022-Q2,5,May,květen,2022-05,2022-05-01,8,7,Sunday,neděle,128,18,2022,True
20220509,2022-05-09,2022,2,2022-Q2,5,May,květen,2022-05,2022-05-01,9,1,Monday,pondělí,129,19,2022,False
20220510,2022-05-10,2022,2,2022-Q2,5,May,květen,2022-05,2022-05-01,10,2,Tuesday,úterý,130,19,2022,False
20220511,2022-05-11,2022,2,2022-Q2,5,May,květen,2022-05,2022-05-01,11,3,Wednesday,středa,131,19,2022,False
20220512,2022-05-12,2022,2,2022-Q2,5,May,květen,2022-05,2022-05-01,12,4,Thursday,čtvrtek,132,19,2022,False
20220513,2022-05-13,2022,2,2022-Q2,5,May,květen,2022-05,2022-05-01,13,5,Friday,pátek,133,19,2022,False
20220514,2022-05-14,2022,2,2022-Q2,5,May,květen,2022-05,2022-05-01,14,6,Saturday,sobota,134,19,2022,True
20220515,2022-05-15,2022,2,2022-Q2,5,May,květen,2022-05,2022-05-01,15,7,Sunday,neděle,135,19,2022,True
20220516,2022-05-16,2022,2,2022-Q2,5,May,květen,2022-05,2022-05-01,16,1,Monday,pondělí,136,20,2022,False
20220517,2022-05-17,2022,2,2022-Q2,5,May,květen,2022-05,2022-05-01,17,2,Tuesday,úterý,137,20,2022,False
20220518,2022-05-18,2022,2,2022-Q2,5,May,květen,2022-05,2022-05-01,18,3,Wednesday,středa,138,20,2022,False
20220519,2022-05-19,2022,2,2022-Q2,5,May,květen,2022-05,2022-05-01,19,4,Thursday,čtvrtek,139,20,2022,False
20220520,2022-05-20,2022,2,2022-Q2,5,May,květen,2022-05,2022-05-01,20,5,Friday,pátek,140,20,2022,False
20220521,2022-05-21,2022,2,2022-Q2,5,May,květen,2022-05,2022-05-01,21,6,Saturday,sobota,141,20,2022,True
20220522,2022-05-22,2022,2,2022-Q2,5,May,květen,2022-05,2022-05-01,22,7,Sunday,neděle,142,20,2022,True
20220523,2022-05-23,2022,2,2022-Q2,5,May,květen,2022-05,2022-05-01,23,1,Monday,pondělí,143,21,2022,False
20220524,2022-05-24,2022,2,2022-Q2,5,May,květen,2022-05,2022-05-01,24,2,Tuesday,úterý,144,21,2022,False
20220525,2022-05-25,2022,2,2022-Q2,5,May,květen,2022-05,2022-05-01,25,3,Wednesday,středa,145,21,2022,False
20220526,2022-05-26,2022,2,2022-Q2,5,May,květen,2022-05,2022-05-01,26,4,Thursday,čtvrtek,146,21,2022,False
20220527,2022-05-27,2022,2,2022-Q2,5,May,květen,2022-05,2022-05-01,27,5,Friday,pátek,147,21,2022,False
20220528,2022-05-28,2022,2,2022-Q2,5,May,květen,2022-05,2022-05-01,28,6,Saturday,sobota,148,21,2022,True
20220529,2022-05-29,2022,2,2022-Q2,5,May,květen,2022-05,2022-05-01,29,7,Sunday,neděle,149,21,2022,True
20220530,2022-05-30,2022,2,2022-Q2,5,May,květen,2022-05,2022-05-01,30,1,Monday,pondělí,150,22,2022,False
20220531,2022-05-31,2022,2,2022-Q2,5,May,květen,2022-05,2022-05-01,31,2,Tuesday,úterý,151,22,2022,False
20220601,2022-06-01,2022,2,2022-Q2,6,June,červen,2022-06,2022-06-01,1,3,Wednesday,středa,152,22,2022,False
20220602,2022-06-02,2022,2,2022-Q2,6,June,červen,2022-06,2022-06-01,2,4,Thursday,čtvrtek,153,22,2022,False
20220603,2022-06-03,2022,2,2022-Q2,6,June,červen,2022-06,2022-06-01,3,5,Friday,pátek,154,22,2022,False
20220604,2022-06-04,2022,2,2022-Q2,6,June,červen,2022-06,2022-06-01,4,6,Saturday,sobota,155,22,2022,True
20220605,2022-06-05,2022,2,2022-Q2,6,June,červen,2022-06,2022-06-01,5,7,Sunday,neděle,156,22,2022,True
20220606,2022-06-06,2022,2,2022-Q2,6,June,červen,2022-06,2022-06-01,6,1,Monday,pondělí,157,23,2022,False
20220607,2022-06-07,2022,2,2022-Q2,6,June,červen,2022-06,2022-06-01,7,2,Tuesday,úterý,158,23,2022,False
20220608,2022-06-08,2022,2,2022-Q2,6,June,červen,2022-06,2022-06-01,8,3,Wednesday,středa,159,23,2022,False
20220609,2022-06-09,2022,2,2022-Q2,6,June,červen,2022-06,2022-06-01,9,4,Thursday,čtvrtek,160,23,2022,False
20220610,2022-06-10,2022,2,2022-Q2,6,June,červen,2022-06,2022-06-01,10,5,Friday,pátek,161,23,2022,False
20220611,2022-06-11,2022,2,2022-Q2,6,June,červen,2022-06,2022-06-01,11,6,Saturday,sobota,162,23,2022,True
20220612,2022-06-12,2022,2,2022-Q2,6,June,červen,2022-06,2022-06-01,12,7,Sunday,neděle,163,23,2022,True
20220613,2022-06-13,2022,2,2022-Q2,6,June,červen,2022-06,2022-06-01,13,1,Monday,pondělí,164,24,2022,False
20220614,2022-06-14,2022,2,2022-Q2,6,June,červen,2022-06,2022-06-01,14,2,Tuesday,úterý,165,24,2022,False
20220615,2022-06-15,2022,2,2022-Q2,6,June,červen,2022-06,2022-06-01,15,3,Wednesday,středa,166,24,2022,False
20220616,2022-06-16,2022,2,2022-Q2,6,June,červen,2022-06,2022-06-01,16,4,Thursday,čtvrtek,167,24,2022,False
20220617,2022-06-17,2022,2,2022-Q2,6,June,červen,2022-06,2022-06-01,17,5,Friday,pátek,168,24,2022,False
20220618,2022-06-18,2022,2,2022-Q2,6,June,červen,2022-06,2022-06-01,18,6,Saturday,sobota,169,24,2022,True
20220619,2022-06-19,2022,2,2022-Q2,6,June,červen,2022-06,2022-06-01,19,7,Sunday,neděle,170,24,2022,True
20220620,2022-06-20,2022,2,2022-Q2,6,June,červen,2022-06,2022-06-01,20,1,Monday,pondělí,171,25,2022,False
20220621,2022-06-21,2022,2,2022-Q2,6,June,červen,2022-06,2022-06-01,21,2,Tuesday,úterý,172,25,2022,False
20220622,2022-06-22,2022,2,2022-Q2,6,June,červen,2022-06,2022-06-01,22,3,Wednesday,středa,173,25,2022,False
20220623,2022-06-23,2022,2,2022-Q2,6,June,červen,2022-06,2022-06-01,23,4,Thursday,čtvrtek,174,25,2022,False
20220624,2022-06-24,2022,2,2022-Q2,6,June,červen,2022-06,2022-06-01,24,5,Friday,pátek,175,25,2022,False
20220625,2022-06-25,2022,2,2022-Q2,6,June,červen,2022-06,2022-06-01,25,6,Saturday,sobota,176,25,2022,True
20220626,2022-06-26,2022,2,2022-Q2,6,June,červen,2022-06,2022-06-01,26,7,Sunday,neděle,177,25,2022,True
20220627,2022-06-27,2022,2,2022-Q2,6,June,červen,2022-06,2022-06-01,27,1,Monday,pondělí,178,26,2022,False
20220628,2022-06-28,2022,2,2022-Q2,6,June,červen,2022-06,2022-06-01,28,2,Tuesday,úterý,179,26,2022,False
20220629,2022-06-29,2022,2,2022-Q2,6,June,červen,2022-06,2022-06-01,29,3,Wednesday,středa,180,26,2022,False
20220630,2022-06-30,2022,2,2022-Q2,6,June,červen,2022-06,2022-06-01,30,4,Thursday,čtvrtek,181,26,2022,False
20220701,2022-07-01,2022,3,2022-Q3,7,July,červenec,2022-07,2022-07-01,1,5,Friday,pátek,182,26,2022,False
20220702,2022-07-02,2022,3,2022-Q3,7,July,červenec,2022-07,2022-07-01,2,6,Saturday,sobota,183,26,2022,True
20220703,2022-07-03,2022,3,2022-Q3,7,July,červenec,2022-07,2022-07-01,3,7,Sunday,neděle,184,26,2022,True
20220704,2022-07-04,2022,3,2022-Q3,7,July,červenec,2022-07,2022-07-01,4,1,Monday,pondělí,185,27,2022,False
20220705,2022-07-05,2022,3,2022-Q3,7,July,červenec,2022-07,2022-07-01,5,2,Tuesday,úterý,186,27,2022,False
20220706,2022-07-06,2022,3,2022-Q3,7,July,červenec,2022-07,2022-07-01,6,3,Wednesday,středa,187,27,2022,False
20220707,2022-07-07,2022,3,2022-Q3,7,July,červenec,2022-07,2022-07-01,7,4,Thursday,čtvrtek,188,27,2022,False
20220708,2022-07-08,2022,3,2022-Q3,7,July,červenec,2022-07,2022-07-01,8,5,Friday,pátek,189,27,2022,False
20220709,2022-07-09,2022,3,2022-Q3,7,July,červenec,2022-07,2022-07-01,9,6,Saturday,sobota,190,27,2022,True
20220710,2022-07-10,2022,3,2022-Q3,7,July,červenec,2022-07,2022-07-01,10,7,Sunday,neděle,191,27,2022,True
20220711,2022-07-11,2022,3,2022-Q3,7,July,červenec,2022-07,2022-07-01,11,1,Monday,pondělí,192,28,2022,False
20220712,2022-07-12,2022,3,2022-Q3,7,July,červenec,2022-07,2022-07-01,12,2,Tuesday,úterý,193,28,2022,False
20220713,2022-07-13,2022,3,2022-Q3,7,July,červenec,2022-07,2022-07-01,13,3,Wednesday,středa,194,28,2022,False
20220714,2022-07-14,2022,3,2022-Q3,7,July,červenec,2022-07,2022-07-01,14,4,Thursday,čtvrtek,195,28,2022,False
20220715,2022-07-15,2022,3,2022-Q3,7,July,červenec,2022-07,2022-07-01,15,5,Friday,pátek,196,28,2022,False
20220716,2022-07-16,2022,3,2022-Q3,7,July,červenec,2022-07,2022-07-01,16,6,Saturday,sobota,197,28,2022,True
20220717,2022-07-17,2022,3,2022-Q3,7,July,červenec,2022-07,2022-07-01,17,7,Sunday,neděle,198,28,2022,True
20220718,2022-07-18,2022,3,2022-Q3,7,July,červenec,2022-07,2022-07-01,18,1,Monday,pondělí,199,29,2022,False
20220719,2022-07-19,2022,3,2022-Q3,7,July,červenec,2022-07,2022-07-01,19,2,Tuesday,úterý,200,29,2022,False
20220720,2022-07-20,2022,3,2022-Q3,7,July,červenec,2022-07,2022-07-01,20,3,Wednesday,středa,201,29,2022,False
20220721,2022-07-21,2022,3,2022-Q3,7,July,červenec,2022-07,2022-07-01,21,4,Thursday,čtvrtek,202,29,2022,False
20220722,2022-07-22,2022,3,2022-Q3,7,July,červenec,2022-07,2022-07-01,22,5,Friday,pátek,203,29,2022,False
20220723,2022-07-23,2022,3,2022-Q3,7,July,červenec,2022-07,2022-07-01,23,6,Saturday,sobota,204,29,2022,True
20220724,2022-07-24,2022,3,2022-Q3,7,July,červenec,2022-07,2022-07-01,24,7,Sunday,neděle,205,29,2022,True
20220725,2022-07-25,2022,3,2022-Q3,7,July,červenec,2022-07,2022-07-01,25,1,Monday,pondělí,206,30,2022,False
20220726,2022-07-26,2022,3,2022-Q3,7,July,červenec,2022-07,2022-07-01,26,2,Tuesday,úterý,207,30,2022,False
20220727,2022-07-27,2022,3,2022-Q3,7,July,červenec,2022-07,2022-07-01,27,3,Wednesday,středa,208,30,2022,False
20220728,2022-07-28,2022,3,2022-Q3,7,July,červenec,2022-07,2022-07-01,28,4,Thursday,čtvrtek,209,30,2022,False
20220729,2022-07-29,2022,3,2022-Q3,7,July,červenec,2022-07,2022-07-01,29,5,Friday,pátek,210,30,2022,False
20220730,2022-07-30,2022,3,2022-Q3,7,July,červenec,2022-07,2022-07-01,30,6,Saturday,sobota,211,30,2022,True
20220731,2022-07-31,2022,3,2022-Q3,7,July,červenec,2022-07,2022-07-01,31,7,Sunday,neděle,212,30,2022,True
20220801,2022-08-01,2022,3,2022-Q3,8,August,srpen,2022-08,2022-08-01,1,1,Monday,pondělí,213,31,2022,False
20220802,2022-08-02,2022,3,2022-Q3,8,August,srpen,2022-08,2022-08-01,2,2,Tuesday,úterý,214,31,2022,False
20220803,2022-08-03,2022,3,2022-Q3,8,August,srpen,2022-08,2022-08-01,3,3,Wednesday,středa,215,31,2022,False
20220804,2022-08-04,2022,3,2022-Q3,8,August,srpen,2022-08,2022-08-01,4,4,Thursday,čtvrtek,216,31,2022,False
20220805,2022-08-05,2022,3,2022-Q3,8,August,srpen,2022-08,2022-08-01,5,5,Friday,pátek,217,31,2022,False
20220806,2022-08-06,2022,3,2022-Q3,8,August,srpen,2022-08,2022-08-01,6,6,Saturday,sobota,218,31,2022,True
20220807,2022-08-07,2022,3,2022-Q3,8,August,srpen,2022-08,2022-08-01,7,7,Sunday,neděle,219,31,2022,True
20220808,2022-08-08,2022,3,2022-Q3,8,August,srpen,2022-08,2022-08-01,8,1,Monday,pondělí,220,32,2022,False
20220809,2022-08-09,2022,3,2022-Q3,8,August,srpen,2022-08,2022-08-01,9,2,Tuesday,úterý,221,32,2022,False
20220810,2022-08-10,2022,3,2022-Q3,8,August,srpen,2022-08,2022-08-01,10,3,Wednesday,středa,222,32,2022,False
20220811,2022-08-11,2022,3,2022-Q3,8,August,srpen,2022-08,2022-08-01,11,4,Thursday,čtvrtek,223,32,2022,False
20220812,2022-08-12,2022,3,2022-Q3,8,August,srpen,2022-08,2022-08-01,12,5,Friday,pátek,224,32,2022,False
20220813,2022-08-13,2022,3,2022-Q3,8,August,srpen,2022-08,2022-08-01,13,6,Saturday,sobota,225,32,2022,True
20220814,2022-08-14,2022,3,2022-Q3,8,August,srpen,2022-08,2022-08-01,14,7,Sunday,neděle,226,32,2022,True
20220815,2022-08-15,2022,3,2022-Q3,8,August,srpen,2022-08,2022-08-01,15,1,Monday,pondělí,227,33,2022,False
20220816,2022-08-16,2022,3,2022-Q3,8,August,srpen,2022-08,2022-08-01,16,2,Tuesday,úterý,228,33,2022,False
20220817,2022-08-17,2022,3,2022-Q3,8,August,srpen,2022-08,2022-08-01,17,3,Wednesday,středa,229,33,2022,False
20220818,2022-08-18,2022,3,2022-Q3,8,August,srpen,2022-08,2022-08-01,18,4,Thursday,čtvrtek,230,33,2022,False
20220819,2022-08-19,2022,3,2022-Q3,8,August,srpen,2022-08,2022-08-01,19,5,Friday,pátek,231,33,2022,False
20220820,2022-08-20,2022,3,2022-Q3,8,August,srpen,2022-08,2022-08-01,20,6,Saturday,sobota,232,33,2022,True
20220821,2022-08-21,2022,3,2022-Q3,8,August,srpen,2022-08,2022-08-01,21,7,Sunday,neděle,233,33,2022,True
20220822,2022-08-22,2022,3,2022-Q3,8,August,srpen,2022-08,2022-08-01,22,1,Monday,pondělí,234,34,2022,False
20220823,2022-08-23,2022,3,2022-Q3,8,August,srpen,2022-08,2022-08-01,23,2,Tuesday,úterý,235,34,2022,False
20220824,2022-08-24,2022,3,2022-Q3,8,August,srpen,2022-08,2022-08-01,24,3,Wednesday,středa,236,34,2022,False
20220825,2022-08-25,2022,3,2022-Q3,8,August,srpen,2022-08,2022-08-01,25,4,Thursday,čtvrtek,237,34,2022,False
20220826,2022-08-26,2022,3,2022-Q3,8,August,srpen,2022-08,2022-08-01,26,5,Friday,pátek,238,34,2022,False
20220827,2022-08-27,2022,3,2022-Q3,8,August,srpen,2022-08,2022-08-01,27,6,Saturday,sobota,239,34,2022,True
20220828,2022-08-28,2022,3,2022-Q3,8,August,srpen,2022-08,2022-08-01,28,7,Sunday,neděle,240,34,2022,True
20220829,2022-08-29,2022,3,2022-Q3,8,August,srpen,2022-08,2022-08-01,29,1,Monday,pondělí,241,35,2022,False
20220830,2022-08-30,2022,3,2022-Q3,8,August,srpen,2022-08,2022-08-01,30,2,Tuesday,úterý,242,35,2022,False
20220831,2022-08-31,2022,3,2022-Q3,8,August,srpen,2022-08,2022-08-01,31,3,Wednesday,středa,243,35,2022,False
20220901,2022-09-01,2022,3,2022-Q3,9,September,září,2022-09,2022-09-01,1,4,Thursday,čtvrtek,244,35,2022,False
20220902,2022-09-02,2022,3,2022-Q3,9,September,září,2022-09,2022-09-01,2,5,Friday,pátek,245,35,2022,False
20220903,2022-09-03,2022,3,2022-Q3,9,September,září,2022-09,2022-09-01,3,6,Saturday,sobota,246,35,2022,True
20220904,2022-09-04,2022,3,2022-Q3,9,September,září,2022-09,2022-09-01,4,7,Sunday,neděle,247,35,2022,True
20220905,2022-09-05,2022,3,2022-Q3,9,September,září,2022-09,2022-09-01,5,1,Monday,pondělí,248,36,2022,False
20220906,2022-09-06,2022,3,2022-Q3,9,September,září,2022-09,2022-09-01,6,2,Tuesday,úterý,249,36,2022,False
20220907,2022-09-07,2022,3,2022-Q3,9,September,září,2022-09,2022-09-01,7,3,Wednesday,středa,250,36,2022,False
20220908,2022-09-08,2022,3,2022-Q3,9,September,září,2022-09,2022-09-01,8,4,Thursday,čtvrtek,251,36,2022,False
20220909,2022-09-09,2022,3,2022-Q3,9,September,září,2022-09,2022-09-01,9,5,Friday,pátek,252,36,2022,False
20220910,2022-09-10,2022,3,2022-Q3,9,September,září,2022-09,2022-09-01,10,6,Saturday,sobota,253,36,2022,True
20220911,2022-09-11,2022,3,2022-Q3,9,September,září,2022-09,2022-09-01,11,7,Sunday,neděle,254,36,2022,True
20220912,2022-09-12,2022,3,2022-Q3,9,September,září,2022-09,2022-09-01,12,1,Monday,pondělí,255,37,2022,False
20220913,2022-09-13,2022,3,2022-Q3,9,September,září,2022-09,2022-09-01,13,2,Tuesday,úterý,256,37,2022,False
20220914,2022-09-14,2022,3,2022-Q3,9,September,září,2022-09,2022-09-01,14,3,Wednesday,středa,257,37,2022,False
20220915,2022-09-15,2022,3,2022-Q3,9,September,září,2022-09,2022-09-01,15,4,Thursday,čtvrtek,258,37,2022,False
20220916,2022-09-16,2022,3,2022-Q3,9,September,září,2022-09,2022-09-01,16,5,Friday,pátek,259,37,2022,False
20220917,2022-09-17,2022,3,2022-Q3,9,September,září,2022-09,2022-09-01,17,6,Saturday,sobota,260,37,2022,True
20220918,2022-09-18,2022,3,2022-Q3,9,September,září,2022-09,2022-09-01,18,7,Sunday,neděle,261,37,2022,True
20220919,2022-09-19,2022,3,2022-Q3,9,September,září,2022-09,2022-09-01,19,1,Monday,pondělí,262,38,2022,False
20220920,2022-09-20,2022,3,2022-Q3,9,September,září,2022-09,2022-09-01,20,2,Tuesday,úterý,263,38,2022,False
20220921,2022-09-21,2022,3,2022-Q3,9,September,září,2022-09,2022-09-01,21,3,Wednesday,středa,264,38,2022,False
20220922,2022-09-22,2022,3,2022-Q3,9,September,září,2022-09,2022-09-01,22,4,Thursday,čtvrtek,265,38,2022,False
20220923,2022-09-23,2022,3,2022-Q3,9,September,září,2022-09,2022-09-01,23,5,Friday,pátek,266,38,2022,False
20220924,2022-09-24,2022,3,2022-Q3,9,September,září,2022-09,2022-09-01,24,6,Saturday,sobota,267,38,2022,True
20220925,2022-09-25,2022,3,2022-Q3,9,September,září,2022-09,2022-09-01,25,7,Sunday,neděle,268,38,2022,True
20220926,2022-09-26,2022,3,2022-Q3,9,September,září,2022-09,2022-09-01,26,1,Monday,pondělí,269,39,2022,False
20220927,2022-09-27,2022,3,2022-Q3,9,September,září,2022-09,2022-09-01,27,2,Tuesday,úterý,270,39,2022,False
20220928,2022-09-28,2022,3,2022-Q3,9,September,září,2022-09,2022-09-01,28,3,Wednesday,středa,271,39,2022,False
20220929,2022-09-29,2022,3,2022-Q3,9,September,září,2022-09,2022-09-01,29,4,Thursday,čtvrtek,272,39,2022,False
20220930,2022-09-30,2022,3,2022-Q3,9,September,září,2022-09,2022-09-01,30,5,Friday,pátek,273,39,2022,False
20221001,2022-10-01,2022,4,2022-Q4,10,October,říjen,2022-10,2022-10-01,1,6,Saturday,sobota,274,39,2022,True
20221002,2022-10-02,2022,4,2022-Q4,10,October,říjen,2022-10,2022-10-01,2,7,Sunday,neděle,275,39,2022,True
20221003,2022-10-03,2022,4,2022-Q4,10,October,říjen,2022-10,2022-10-01,3,1,Monday,pondělí,276,40,2022,False
20221004,2022-10-04,2022,4,2022-Q4,10,October,říjen,2022-10,2022-10-01,4,2,Tuesday,úterý,277,40,2022,False
20221005,2022-10-05,2022,4,2022-Q4,10,October,říjen,2022-10,2022-10-01,5,3,Wednesday,středa,278,40,2022,False
20221006,2022-10-06,2022,4,2022-Q4,10,October,říjen,2022-10,2022-10-01,6,4,Thursday,čtvrtek,279,40,2022,False
20221007,2022-10-07,2022,4,2022-Q4,10,October,říjen,2022-10,2022-10-01,7,5,Friday,pátek,280,40,2022,False
20221008,2022-10-08,2022,4,2022-Q4,10,October,říjen,2022-10,2022-10-01,8,6,Saturday,sobota,281,40,2022,True
20221009,2022-10-09,2022,4,2022-Q4,10,October,říjen,2022-10,2022-10-01,9,7,Sunday,neděle,282,40,2022,True
20221010,2022-10-10,2022,4,2022-Q4,10,October,říjen,2022-10,2022-10-01,10,1,Monday,pondělí,283,41,2022,False
20221011,2022-10-11,2022,4,2022-Q4,10,October,říjen,2022-10,2022-10-01,11,2,Tuesday,úterý,284,41,2022,False
20221012,2022-10-12,2022,4,2022-Q4,10,October,říjen,2022-10,2022-10-01,12,3,Wednesday,středa,285,41,2022,False
20221013,2022-10-13,2022,4,2022-Q4,10,October,říjen,2022-10,2022-10-01,13,4,Thursday,čtvrtek,286,41,2022,False
20221014,2022-10-14,2022,4,2022-Q4,10,October,říjen,2022-10,2022-10-01,14,5,Friday,pátek,287,41,2022,False
20221015,2022-10-15,2022,4,2022-Q4,10,October,říjen,2022-10,2022-10-01,15,6,Saturday,sobota,288,41,2022,True
20221016,2022-10-16,2022,4,2022-Q4,10,October,říjen,2022-10,2022-10-01,16,7,Sunday,neděle,289,41,2022,True
20221017,2022-10-17,2022,4,2022-Q4,10,October,říjen,2022-10,2022-10-01,17,1,Monday,pondělí,290,42,2022,False
20221018,2022-10-18,2022,4,2022-Q4,10,October,říjen,2022-10,2022-10-01,18,2,Tuesday,úterý,291,42,2022,False
20221019,2022-10-19,2022,4,2022-Q4,10,October,říjen,2022-10,2022-10-01,19,3,Wednesday,středa,292,42,2022,False
20221020,2022-10-20,2022,4,2022-Q4,10,October,říjen,2022-10,2022-10-01,20,4,Thursday,čtvrtek,293,42,2022,False
20221021,2022-10-21,2022,4,2022-Q4,10,October,říjen,2022-10,2022-10-01,21,5,Friday,pátek,294,42,2022,False
20221022,2022-10-22,2022,4,2022-Q4,10,October,říjen,2022-10,2022-10-01,22,6,Saturday,sobota,295,42,2022,True
20221023,2022-10-23,2022,4,2022-Q4,10,October,říjen,2022-10,2022-10-01,23,7,Sunday,neděle,296,42,2022,True
20221024,2022-10-24,2022,4,2022-Q4,10,October,říjen,2022-10,2022-10-01,24,1,Monday,pondělí,297,43,2022,False
20221025,2022-10-25,2022,4,2022-Q4,10,October,říjen,2022-10,2022-10-01,25,2,Tuesday,úterý,298,43,2022,False
20221026,2022-10-26,2022,4,2022-Q4,10,October,říjen,2022-10,2022-10-01,26,3,Wednesday,středa,299,43,2022,False
20221027,2022-10-27,2022,4,2022-Q4,10,October,říjen,2022-10,2022-10-01,27,4,Thursday,čtvrtek,300,43,2022,False
20221028,2022-10-28,2022,4,2022-Q4,10,October,říjen,2022-10,2022-10-01,28,5,Friday,pátek,301,43,2022,False
20221029,2022-10-29,2022,4,2022-Q4,10,October,říjen,2022-10,2022-10-01,29,6,Saturday,sobota,302,43,2022,True
20221030,2022-10-30,2022,4,2022-Q4,10,October,říjen,2022-10,2022-10-01,30,7,Sunday,neděle,303,43,2022,True
20221031,2022-10-31,2022,4,2022-Q4,10,October,říjen,2022-10,2022-10-01,31,1,Monday,pondělí,304,44,2022,False
20221101,2022-11-01,2022,4,2022-Q4,11,November,listopad,2022-11,2022-11-01,1,2,Tuesday,úterý,305,44,2022,False
20221102,2022-11-02,2022,4,2022-Q4,11,November,listopad,2022-11,2022-11-01,2,3,Wednesday,středa,306,44,2022,False
20221103,2022-11-03,2022,4,2022-Q4,11,November,listopad,2022-11,2022-11-01,3,4,Thursday,čtvrtek,307,44,2022,False
20221104,2022-11-04,2022,4,2022-Q4,11,November,listopad,2022-11,2022-11-01,4,5,Friday,pátek,308,44,2022,False
20221105,2022-11-05,2022,4,2022-Q4,11,November,listopad,2022-11,2022-11-01,5,6,Saturday,sobota,309,44,2022,True
20221106,2022-11-06,2022,4,2022-Q4,11,November,listopad,2022-11,2022-11-01,6,7,Sunday,neděle,310,44,2022,True
20221107,2022-11-07,2022,4,2022-Q4,11,November,listopad,2022-11,2022-11-01,7,1,Monday,pondělí,311,45,2022,False
20221108,2022-11-08,2022,4,2022-Q4,11,November,listopad,2022-11,2022-11-01,8,2,Tuesday,úterý,312,45,2022,False
20221109,2022-11-09,2022,4,2022-Q4,11,November,listopad,2022-11,2022-11-01,9,3,Wednesday,středa,313,45,2022,False
20221110,2022-11-10,2022,4,2022-Q4,11,November,listopad,2022-11,2022-11-01,10,4,Thursday,čtvrtek,314,45,2022,False
20221111,2022-11-11,2022,4,2022-Q4,11,November,listopad,2022-11,2022-11-01,11,5,Friday,pátek,315,45,2022,False
20221112,2022-11-12,2022,4,2022-Q4,11,November,listopad,2022-11,2022-11-01,12,6,Saturday,sobota,316,45,2022,True
20221113,2022-11-13,2022,4,2022-Q4,11,November,listopad,2022-11,2022-11-01,13,7,Sunday,neděle,317,45,2022,True
20221114,2022-11-14,2022,4,2022-Q4,11,November,listopad,2022-11,2022-11-01,14,1,Monday,pondělí,318,46,2022,False
20221115,2022-11-15,2022,4,2022-Q4,11,November,listopad,2022-11,2022-11-01,15,2,Tuesday,úterý,319,46,2022,False
20221116,2022-11-16,2022,4,2022-Q4,11,November,listopad,2022-11,2022-11-01,16,3,Wednesday,středa,320,46,2022,False
20221117,2022-11-17,2022,4,2022-Q4,11,November,listopad,2022-11,2022-11-01,17,4,Thursday,čtvrtek,321,46,2022,False
20221118,2022-11-18,2022,4,2022-Q4,11,November,listopad,2022-11,2022-11-01,18,5,Friday,pátek,322,46,2022,False
20221119,2022-11-19,2022,4,2022-Q4,11,November,listopad,2022-11,2022-11-01,19,6,Saturday,sobota,323,46,2022,True
20221120,2022-11-20,2022,4,2022-Q4,11,November,listopad,2022-11,2022-11-01,20,7,Sunday,neděle,324,46,2022,True
20221121,2022-11-21,2022,4,2022-Q4,11,November,listopad,2022-11,2022-11-01,21,1,Monday,pondělí,325,47,2022,False
20221122,2022-11-22,2022,4,2022-Q4,11,November,listopad,2022-11,2022-11-01,22,2,Tuesday,úterý,326,47,2022,False
20221123,2022-11-23,2022,4,2022-Q4,11,November,listopad,2022-11,2022-11-01,23,3,Wednesday,středa,327,47,2022,False
20221124,2022-11-24,2022,4,2022-Q4,11,November,listopad,2022-11,2022-11-01,24,4,Thursday,čtvrtek,328,47,2022,False
20221125,2022-11-25,2022,4,2022-Q4,11,November,listopad,2022-11,2022-11-01,25,5,Friday,pátek,329,47,2022,False
20221126,2022-11-26,2022,4,2022-Q4,11,November,listopad,2022-11,2022-11-01,26,6,Saturday,sobota,330,47,2022,True
20221127,2022-11-27,2022,4,2022-Q4,11,November,listopad,2022-11,2022-11-01,27,7,Sunday,neděle,331,47,2022,True
20221128,2022-11-28,2022,4,2022-Q4,11,November,listopad,2022-11,2022-11-01,28,1,Monday,pondělí,332,48,2022,False
20221129,2022-11-29,2022,4,2022-Q4,11,November,listopad,2022-11,2022-11-01,29,2,Tuesday,úterý,333,48,2022,False
20221130,2022-11-30,2022,4,2022-Q4,11,November,listopad,2022-11,2022-11-01,30,3,Wednesday,středa,334,48,2022,False
20221201,2022-12-01,2022,4,2022-Q4,12,December,prosinec,2022-12,2022-12-01,1,4,Thursday,čtvrtek,335,48,2022,False
20221202,2022-12-02,2022,4,2022-Q4,12,December,prosinec,2022-12,2022-12-01,2,5,Friday,pátek,336,48,2022,False
20221203,2022-12-03,2022,4,2022-Q4,12,December,prosinec,2022-12,2022-12-01,3,6,Saturday,sobota,337,48,2022,True
20221204,2022-12-04,2022,4,2022-Q4,12,December,prosinec,2022-12,2022-12-01,4,7,Sunday,neděle,338,48,2022,True
20221205,2022-12-05,2022,4,2022-Q4,12,December,prosinec,2022-12,2022-12-01,5,1,Monday,pondělí,339,49,2022,False
20221206,2022-12-06,2022,4,2022-Q4,12,December,prosinec,2022-12,2022-12-01,6,2,Tuesday,úterý,340,49,2022,False
20221207,2022-12-07,2022,4,2022-Q4,12,December,prosinec,2022-12,2022-12-01,7,3,Wednesday,středa,341,49,2022,False
20221208,2022-12-08,2022,4,2022-Q4,12,December,prosinec,2022-12,2022-12-01,8,4,Thursday,čtvrtek,342,49,2022,False
20221209,2022-12-09,2022,4,2022-Q4,12,December,prosinec,2022-12,2022-12-01,9,5,Friday,pátek,343,49,2022,False
20221210,2022-12-10,2022,4,2022-Q4,12,December,prosinec,2022-12,2022-12-01,10,6,Saturday,sobota,344,49,2022,True
20221211,2022-12-11,2022,4,2022-Q4,12,December,prosinec,2022-12,2022-12-01,11,7,Sunday,neděle,345,49,2022,True
20221212,2022-12-12,2022,4,2022-Q4,12,December,prosinec,2022-12,2022-12-01,12,1,Monday,pondělí,346,50,2022,False
20221213,2022-12-13,2022,4,2022-Q4,12,December,prosinec,2022-12,2022-12-01,13,2,Tuesday,úterý,347,50,2022,False
20221214,2022-12-14,2022,4,2022-Q4,12,December,prosinec,2022-12,2022-12-01,14,3,Wednesday,středa,348,50,2022,False
20221215,2022-12-15,2022,4,2022-Q4,12,December,prosinec,2022-12,2022-12-01,15,4,Thursday,čtvrtek,349,50,2022,False
20221216,2022-12-16,2022,4,2022-Q4,12,December,prosinec,2022-12,2022-12-01,16,5,Friday,pátek,350,50,2022,False
20221217,2022-12-17,2022,4,2022-Q4,12,December,prosinec,2022-12,2022-12-01,17,6,Saturday,sobota,351,50,2022,True
20221218,2022-12-18,2022,4,2022-Q4,12,December,prosinec,2022-12,2022-12-01,18,7,Sunday,neděle,352,50,2022,True
20221219,2022-12-19,2022,4,2022-Q4,12,December,prosinec,2022-12,2022-12-01,19,1,Monday,pondělí,353,51,2022,False
20221220,2022-12-20,2022,4,2022-Q4,12,December,prosinec,2022-12,2022-12-01,20,2,Tuesday,úterý,354,51,2022,False
20221221,2022-12-21,2022,4,2022-Q4,12,December,prosinec,2022-12,2022-12-01,21,3,Wednesday,středa,355,51,2022,False
20221222,2022-12-22,2022,4,2022-Q4,12,December,prosinec,2022-12,2022-12-01,22,4,Thursday,čtvrtek,356,51,2022,False
20221223,2022-12-23,2022,4,2022-Q4,12,December,prosinec,2022-12,2022-12-01,23,5,Friday,pátek,357,51,2022,False
20221224,2022-12-24,2022,4,2022-Q4,12,December,prosinec,2022-12,2022-12-01,24,6,Saturday,sobota,358,51,2022,True
20221225,2022-12-25,2022,4,2022-Q4,12,December,prosinec,2022-12,2022-12-01,25,7,Sunday,neděle,359,51,2022,True
20221226,2022-12-26,2022,4,2022-Q4,12,December,prosinec,2022-12,2022-12-01,26,1,Monday,pondělí,360,52,2022,False
20221227,2022-12-27,2022,4,2022-Q4,12,December,prosinec,2022-12,2022-12-01,27,2,Tuesday,úterý,361,52,2022,False
20221228,2022-12-28,2022,4,2022-Q4,12,December,prosinec,2022-12,2022-12-01,28,3,Wednesday,středa,362,52,2022,False
20221229,2022-12-29,2022,4,2022-Q4,12,December,prosinec,2022-12,2022-12-01,29,4,Thursday,čtvrtek,363,52,2022,False
20221230,2022-12-30,2022,4,2022-Q4,12,December,prosinec,2022-12,2022-12-01,30,5,Friday,pátek,364,52,2022,False
20221231,2022-12-31,2022,4,2022-Q4,12,December,prosinec,2022-12,2022-12-01,31,6,Saturday,sobota,365,52,2022,True
20230101,2023-01-01,2023,1,2023-Q1,1,January,leden,2023-01,2023-01-01,1,7,Sunday,neděle,1,52,2022,True
20230102,2023-01-02,2023,1,2023-Q1,1,January,leden,2023-01,2023-01-01,2,1,Monday,pondělí,2,1,2023,False
20230103,2023-01-03,2023,1,2023-Q1,1,January,leden,2023-01,2023-01-01,3,2,Tuesday,úterý,3,1,2023,False
20230104,2023-01-04,2023,1,2023-Q1,1,January,leden,2023-01,2023-01-01,4,3,Wednesday,středa,4,1,2023,False
20230105,2023-01-05,2023,1,2023-Q1,1,January,leden,2023-01,2023-01-01,5,4,Thursday,čtvrtek,5,1,2023,False
20230106,2023-01-06,2023,1,2023-Q1,1,January,leden,2023-01,2023-01-01,6,5,Friday,pátek,6,1,2023,False
20230107,2023-01-07,2023,1,2023-Q1,1,January,leden,2023-01,2023-01-01,7,6,Saturday,sobota,7,1,2023,True
20230108,2023-01-08,2023,1,2023-Q1,1,January,leden,2023-01,2023-01-01,8,7,Sunday,neděle,8,1,2023,True
20230109,2023-01-09,2023,1,2023-Q1,1,January,leden,2023-01,2023-01-01,9,1,Monday,pondělí,9,2,2023,False
20230110,2023-01-10,2023,1,2023-Q1,1,January,leden,2023-01,2023-01-01,10,2,Tuesday,úterý,10,2,2023,False
20230111,2023-01-11,2023,1,2023-Q1,1,January,leden,2023-01,2023-01-01,11,3,Wednesday,středa,11,2,2023,False
20230112,2023-01-12,2023,1,2023-Q1,1,January,leden,2023-01,2023-01-01,12,4,Thursday,čtvrtek,12,2,2023,False
20230113,2023-01-13,2023,1,2023-Q1,1,January,leden,2023-01,2023-01-01,13,5,Friday,pátek,13,2,2023,False
20230114,2023-01-14,2023,1,2023-Q1,1,January,leden,2023-01,2023-01-01,14,6,Saturday,sobota,14,2,2023,True
20230115,2023-01-15,2023,1,2023-Q1,1,January,leden,2023-01,2023-01-01,15,7,Sunday,neděle,15,2,2023,True
20230116,2023-01-16,2023,1,2023-Q1,1,January,leden,2023-01,2023-01-01,16,1,Monday,pondělí,16,3,2023,False
20230117,2023-01-17,2023,1,2023-Q1,1,January,leden,2023-01,2023-01-01,17,2,Tuesday,úterý,17,3,2023,False
20230118,2023-01-18,2023,1,2023-Q1,1,January,leden,2023-01,2023-01-01,18,3,Wednesday,středa,18,3,2023,False
20230119,2023-01-19,2023,1,2023-Q1,1,January,leden,2023-01,2023-01-01,19,4,Thursday,čtvrtek,19,3,2023,False
20230120,2023-01-20,2023,1,2023-Q1,1,January,leden,2023-01,2023-01-01,20,5,Friday,pátek,20,3,2023,False
20230121,2023-01-21,2023,1,2023-Q1,1,January,leden,2023-01,2023-01-01,21,6,Saturday,sobota,21,3,2023,True
20230122,2023-01-22,2023,1,2023-Q1,1,January,leden,2023-01,2023-01-01,22,7,Sunday,neděle,22,3,2023,True
20230123,2023-01-23,2023,1,2023-Q1,1,January,leden,2023-01,2023-01-01,23,1,Monday,pondělí,23,4,2023,False
20230124,2023-01-24,2023,1,2023-Q1,1,January,leden,2023-01,2023-01-01,24,2,Tuesday,úterý,24,4,2023,False
20230125,2023-01-25,2023,1,2023-Q1,1,January,leden,2023-01,2023-01-01,25,3,Wednesday,středa,25,4,2023,False
20230126,2023-01-26,2023,1,2023-Q1,1,January,leden,2023-01,2023-01-01,26,4,Thursday,čtvrtek,26,4,2023,False
20230127,2023-01-27,2023,1,2023-Q1,1,January,leden,2023-01,2023-01-01,27,5,Friday,pátek,27,4,2023,False
20230128,2023-01-28,2023,1,2023-Q1,1,January,leden,2023-01,2023-01-01,28,6,Saturday,sobota,28,4,2023,True
20230129,2023-01-29,2023,1,2023-Q1,1,January,leden,2023-01,2023-01-01,29,7,Sunday,neděle,29,4,2023,True
20230130,2023-01-30,2023,1,2023-Q1,1,January,leden,2023-01,2023-01-01,30,1,Monday,pondělí,30,5,2023,False
20230131,2023-01-31,2023,1,2023-Q1,1,January,leden,2023-01,2023-01-01,31,2,Tuesday,úterý,31,5,2023,False
20230201,2023-02-01,2023,1,2023-Q1,2,February,únor,2023-02,2023-02-01,1,3,Wednesday,středa,32,5,2023,False
20230202,2023-02-02,2023,1,2023-Q1,2,February,únor,2023-02,2023-02-01,2,4,Thursday,čtvrtek,33,5,2023,False
20230203,2023-02-03,2023,1,2023-Q1,2,February,únor,2023-02,2023-02-01,3,5,Friday,pátek,34,5,2023,False
20230204,2023-02-04,2023,1,2023-Q1,2,February,únor,2023-02,2023-02-01,4,6,Saturday,sobota,35,5,2023,True
20230205,2023-02-05,2023,1,2023-Q1,2,February,únor,2023-02,2023-02-01,5,7,Sunday,neděle,36,5,2023,True
20230206,2023-02-06,2023,1,2023-Q1,2,February,únor,2023-02,2023-02-01,6,1,Monday,pondělí,37,6,2023,False
20230207,2023-02-07,2023,1,2023-Q1,2,February,únor,2023-02,2023-02-01,7,2,Tuesday,úterý,38,6,2023,False
20230208,2023-02-08,2023,1,2023-Q1,2,February,únor,2023-02,2023-02-01,8,3,Wednesday,středa,39,6,2023,False
20230209,2023-02-09,2023,1,2023-Q1,2,February,únor,2023-02,2023-02-01,9,4,Thursday,čtvrtek,40,6,2023,False
20230210,2023-02-10,2023,1,2023-Q1,2,February,únor,2023-02,2023-02-01,10,5,Friday,pátek,41,6,2023,False
20230211,2023-02-11,2023,1,2023-Q1,2,February,únor,2023-02,2023-02-01,11,6,Saturday,sobota,42,6,2023,True
20230212,2023-02-12,2023,1,2023-Q1,2,February,únor,2023-02,2023-02-01,12,7,Sunday,neděle,43,6,2023,True
20230213,2023-02-13,2023,1,2023-Q1,2,February,únor,2023-02,2023-02-01,13,1,Monday,pondělí,44,7,2023,False
20230214,2023-02-14,2023,1,2023-Q1,2,February,únor,2023-02,2023-02-01,14,2,Tuesday,úterý,45,7,2023,False
20230215,2023-02-15,2023,1,2023-Q1,2,February,únor,2023-02,2023-02-01,15,3,Wednesday,středa,46,7,2023,False
20230216,2023-02-16,2023,1,2023-Q1,2,February,únor,2023-02,2023-02-01,16,4,Thursday,čtvrtek,47,7,2023,False
20230217,2023-02-17,2023,1,2023-Q1,2,February,únor,2023-02,2023-02-01,17,5,Friday,pátek,48,7,2023,False
20230218,2023-02-18,2023,1,2023-Q1,2,February,únor,2023-02,2023-02-01,18,6,Saturday,sobota,49,7,2023,True
20230219,2023-02-19,2023,1,2023-Q1,2,February,únor,2023-02,2023-02-01,19,7,Sunday,neděle,50,7,2023,True
20230220,2023-02-20,2023,1,2023-Q1,2,February,únor,2023-02,2023-02-01,20,1,Monday,pondělí,51,8,2023,False
20230221,2023-02-21,2023,1,2023-Q1,2,February,únor,2023-02,2023-02-01,21,2,Tuesday,úterý,52,8,2023,False
20230222,2023-02-22,2023,1,2023-Q1,2,February,únor,2023-02,2023-02-01,22,3,Wednesday,středa,53,8,2023,False
20230223,2023-02-23,2023,1,2023-Q1,2,February,únor,2023-02,2023-02-01,23,4,Thursday,čtvrtek,54,8,2023,False
20230224,2023-02-24,2023,1,2023-Q1,2,February,únor,2023-02,2023-02-01,24,5,Friday,pátek,55,8,2023,False
20230225,2023-02-25,2023,1,2023-Q1,2,February,únor,2023-02,2023-02-01,25,6,Saturday,sobota,56,8,2023,True
20230226,2023-02-26,2023,1,2023-Q1,2,February,únor,2023-02,2023-02-01,26,7,Sunday,neděle,57,8,2023,True
20230227,2023-02-27,2023,1,2023-Q1,2,February,únor,2023-02,2023-02-01,27,1,Monday,pondělí,58,9,2023,False
20230228,2023-02-28,2023,1,2023-Q1,2,February,únor,2023-02,2023-02-01,28,2,Tuesday,úterý,59,9,2023,False
20230301,2023-03-01,2023,1,2023-Q1,3,March,březen,2023-03,2023-03-01,1,3,Wednesday,středa,60,9,2023,False
20230302,2023-03-02,2023,1,2023-Q1,3,March,březen,2023-03,2023-03-01,2,4,Thursday,čtvrtek,61,9,2023,False
20230303,2023-03-03,2023,1,2023-Q1,3,March,březen,2023-03,2023-03-01,3,5,Friday,pátek,62,9,2023,False
20230304,2023-03-04,2023,1,2023-Q1,3,March,březen,2023-03,2023-03-01,4,6,Saturday,sobota,63,9,2023,True
20230305,2023-03-05,2023,1,2023-Q1,3,March,březen,2023-03,2023-03-01,5,7,Sunday,neděle,64,9,2023,True
20230306,2023-03-06,2023,1,2023-Q1,3,March,březen,2023-03,2023-03-01,6,1,Monday,pondělí,65,10,2023,False
20230307,2023-03-07,2023,1,2023-Q1,3,March,březen,2023-03,2023-03-01,7,2,Tuesday,úterý,66,10,2023,False
20230308,2023-03-08,2023,1,2023-Q1,3,March,březen,2023-03,2023-03-01,8,3,Wednesday,středa,67,10,2023,False
20230309,2023-03-09,2023,1,2023-Q1,3,March,březen,2023-03,2023-03-01,9,4,Thursday,čtvrtek,68,10,2023,False
20230310,2023-03-10,2023,1,2023-Q1,3,March,březen,2023-03,2023-03-01,10,5,Friday,pátek,69,10,2023,False
20230311,2023-03-11,2023,1,2023-Q1,3,March,březen,2023-03,2023-03-01,11,6,Saturday,sobota,70,10,2023,True
20230312,2023-03-12,2023,1,2023-Q1,3,March,březen,2023-03,2023-03-01,12,7,Sunday,neděle,71,10,2023,True
20230313,2023-03-13,2023,1,2023-Q1,3,March,březen,2023-03,2023-03-01,13,1,Monday,pondělí,72,11,2023,False
20230314,2023-03-14,2023,1,2023-Q1,3,March,březen,2023-03,2023-03-01,14,2,Tuesday,úterý,73,11,2023,False
20230315,2023-03-15,2023,1,2023-Q1,3,March,březen,2023-03,2023-03-01,15,3,Wednesday,středa,74,11,2023,False
20230316,2023-03-16,2023,1,2023-Q1,3,March,březen,2023-03,2023-03-01,16,4,Thursday,čtvrtek,75,11,2023,False
20230317,2023-03-17,2023,1,2023-Q1,3,March,březen,2023-03,2023-03-01,17,5,Friday,pátek,76,11,2023,False
20230318,2023-03-18,2023,1,2023-Q1,3,March,březen,2023-03,2023-03-01,18,6,Saturday,sobota,77,11,2023,True
20230319,2023-03-19,2023,1,2023-Q1,3,March,březen,2023-03,2023-03-01,19,7,Sunday,neděle,78,11,2023,True
20230320,2023-03-20,2023,1,2023-Q1,3,March,březen,2023-03,2023-03-01,20,1,Monday,pondělí,79,12,2023,False
20230321,2023-03-21,2023,1,2023-Q1,3,March,březen,2023-03,2023-03-01,21,2,Tuesday,úterý,80,12,2023,False
20230322,2023-03-22,2023,1,2023-Q1,3,March,březen,2023-03,2023-03-01,22,3,Wednesday,středa,81,12,2023,False
20230323,2023-03-23,2023,1,2023-Q1,3,March,březen,2023-03,2023-03-01,23,4,Thursday,čtvrtek,82,12,2023,False
20230324,2023-03-24,2023,1,2023-Q1,3,March,březen,2023-03,2023-03-01,24,5,Friday,pátek,83,12,2023,False
20230325,2023-03-25,2023,1,2023-Q1,3,March,březen,2023-03,2023-03-01,25,6,Saturday,sobota,84,12,2023,True
20230326,2023-03-26,2023,1,2023-Q1,3,March,březen,2023-03,2023-03-01,26,7,Sunday,neděle,85,12,2023,True
20230327,2023-03-27,2023,1,2023-Q1,3,March,březen,2023-03,2023-03-01,27,1,Monday,pondělí,86,13,2023,False
20230328,2023-03-28,2023,1,2023-Q1,3,March,březen,2023-03,2023-03-01,28,2,Tuesday,úterý,87,13,2023,False
20230329,2023-03-29,2023,1,2023-Q1,3,March,březen,2023-03,2023-03-01,29,3,Wednesday,středa,88,13,2023,False
20230330,2023-03-30,2023,1,2023-Q1,3,March,březen,2023-03,2023-03-01,30,4,Thursday,čtvrtek,89,13,2023,False
20230331,2023-03-31,2023,1,2023-Q1,3,March,březen,2023-03,2023-03-01,31,5,Friday,pátek,90,13,2023,False
20230401,2023-04-01,2023,2,2023-Q2,4,April,duben,2023-04,2023-04-01,1,6,Saturday,sobota,91,13,2023,True
20230402,2023-04-02,2023,2,2023-Q2,4,April,duben,2023-04,2023-04-01,2,7,Sunday,neděle,92,13,2023,True
20230403,2023-04-03,2023,2,2023-Q2,4,April,duben,2023-04,2023-04-01,3,1,Monday,pondělí,93,14,2023,False
20230404,2023-04-04,2023,2,2023-Q2,4,April,duben,2023-04,2023-04-01,4,2,Tuesday,úterý,94,14,2023,False
20230405,2023-04-05,2023,2,2023-Q2,4,April,duben,2023-04,2023-04-01,5,3,Wednesday,středa,95,14,2023,False
20230406,2023-04-06,2023,2,2023-Q2,4,April,duben,2023-04,2023-04-01,6,4,Thursday,čtvrtek,96,14,2023,False
20230407,2023-04-07,2023,2,2023-Q2,4,April,duben,2023-04,2023-04-01,7,5,Friday,pátek,97,14,2023,False
20230408,2023-04-08,2023,2,2023-Q2,4,April,duben,2023-04,2023-04-01,8,6,Saturday,sobota,98,14,2023,True
20230409,2023-04-09,2023,2,2023-Q2,4,April,duben,2023-04,2023-04-01,9,7,Sunday,neděle,99,14,2023,True
20230410,2023-04-10,2023,2,2023-Q2,4,April,duben,2023-04,2023-04-01,10,1,Monday,pondělí,100,15,2023,False
20230411,2023-04-11,2023,2,2023-Q2,4,April,duben,2023-04,2023-04-01,11,2,Tuesday,úterý,101,15,2023,False
20230412,2023-04-12,2023,2,2023-Q2,4,April,duben,2023-04,2023-04-01,12,3,Wednesday,středa,102,15,2023,False
20230413,2023-04-13,2023,2,2023-Q2,4,April,duben,2023-04,2023-04-01,13,4,Thursday,čtvrtek,103,15,2023,False
20230414,2023-04-14,2023,2,2023-Q2,4,April,duben,2023-04,2023-04-01,14,5,Friday,pátek,104,15,2023,False
20230415,2023-04-15,2023,2,2023-Q2,4,April,duben,2023-04,2023-04-01,15,6,Saturday,sobota,105,15,2023,True
20230416,2023-04-16,2023,2,2023-Q2,4,April,duben,2023-04,2023-04-01,16,7,Sunday,neděle,106,15,2023,True
20230417,2023-04-17,2023,2,2023-Q2,4,April,duben,2023-04,2023-04-01,17,1,Monday,pondělí,107,16,2023,False
20230418,2023-04-18,2023,2,2023-Q2,4,April,duben,2023-04,2023-04-01,18,2,Tuesday,úterý,108,16,2023,False
20230419,2023-04-19,2023,2,2023-Q2,4,April,duben,2023-04,2023-04-01,19,3,Wednesday,středa,109,16,2023,False
20230420,2023-04-20,2023,2,2023-Q2,4,April,duben,2023-04,2023-04-01,20,4,Thursday,čtvrtek,110,16,2023,False
20230421,2023-04-21,2023,2,2023-Q2,4,April,duben,2023-04,2023-04-01,21,5,Friday,pátek,111,16,2023,False
20230422,2023-04-22,2023,2,2023-Q2,4,April,duben,2023-04,2023-04-01,22,6,Saturday,sobota,112,16,2023,True
20230423,2023-04-23,2023,2,2023-Q2,4,April,duben,2023-04,2023-04-01,23,7,Sunday,neděle,113,16,2023,True
20230424,2023-04-24,2023,2,2023-Q2,4,April,duben,2023-04,2023-04-01,24,1,Monday,pondělí,114,17,2023,False
20230425,2023-04-25,2023,2,2023-Q2,4,April,duben,2023-04,2023-04-01,25,2,Tuesday,úterý,115,17,2023,False
20230426,2023-04-26,2023,2,2023-Q2,4,April,duben,2023-04,2023-04-01,26,3,Wednesday,středa,116,17,2023,False
20230427,2023-04-27,2023,2,2023-Q2,4,April,duben,2023-04,2023-04-01,27,4,Thursday,čtvrtek,117,17,2023,False
20230428,2023-04-28,2023,2,2023-Q2,4,April,duben,2023-04,2023-04-01,28,5,Friday,pátek,118,17,2023,False
20230429,2023-04-29,2023,2,2023-Q2,4,April,duben,2023-04,2023-04-01,29,6,Saturday,sobota,119,17,2023,True
20230430,2023-04-30,2023,2,2023-Q2,4,April,duben,2023-04,2023-04-01,30,7,Sunday,neděle,120,17,2023,True
20230501,2023-05-01,2023,2,2023-Q2,5,May,květen,2023-05,2023-05-01,1,1,Monday,pondělí,121,18,2023,False
20230502,2023-05-02,2023,2,2023-Q2,5,May,květen,2023-05,2023-05-01,2,2,Tuesday,úterý,122,18,2023,False
20230503,2023-05-03,2023,2,2023-Q2,5,May,květen,2023-05,2023-05-01,3,3,Wednesday,středa,123,18,2023,False
20230504,2023-05-04,2023,2,2023-Q2,5,May,květen,2023-05,2023-05-01,4,4,Thursday,čtvrtek,124,18,2023,False
20230505,2023-05-05,2023,2,2023-Q2,5,May,květen,2023-05,2023-05-01,5,5,Friday,pátek,125,18,2023,False
20230506,2023-05-06,2023,2,2023-Q2,5,May,květen,2023-05,2023-05-01,6,6,Saturday,sobota,126,18,2023,True
20230507,2023-05-07,2023,2,2023-Q2,5,May,květen,2023-05,2023-05-01,7,7,Sunday,neděle,127,18,2023,True
20230508,2023-05-08,2023,2,2023-Q2,5,May,květen,2023-05,2023-05-01,8,1,Monday,pondělí,128,19,2023,False
20230509,2023-05-09,2023,2,2023-Q2,5,May,květen,2023-05,2023-05-01,9,2,Tuesday,úterý,129,19,2023,False
20230510,2023-05-10,2023,2,2023-Q2,5,May,květen,2023-05,2023-05-01,10,3,Wednesday,středa,130,19,2023,False
20230511,2023-05-11,2023,2,2023-Q2,5,May,květen,2023-05,2023-05-01,11,4,Thursday,čtvrtek,131,19,2023,False
20230512,2023-05-12,2023,2,2023-Q2,5,May,květen,2023-05,2023-05-01,12,5,Friday,pátek,132,19,2023,False
20230513,2023-05-13,2023,2,2023-Q2,5,May,květen,2023-05,2023-05-01,13,6,Saturday,sobota,133,19,2023,True
20230514,2023-05-14,2023,2,2023-Q2,5,May,květen,2023-05,2023-05-01,14,7,Sunday,neděle,134,19,2023,True
20230515,2023-05-15,2023,2,2023-Q2,5,May,květen,2023-05,2023-05-01,15,1,Monday,pondělí,135,20,2023,False
20230516,2023-05-16,2023,2,2023-Q2,5,May,květen,2023-05,2023-05-01,16,2,Tuesday,úterý,136,20,2023,False
20230517,2023-05-17,2023,2,2023-Q2,5,May,květen,2023-05,2023-05-01,17,3,Wednesday,středa,137,20,2023,False
20230518,2023-05-18,2023,2,2023-Q2,5,May,květen,2023-05,2023-05-01,18,4,Thursday,čtvrtek,138,20,2023,False
20230519,2023-05-19,2023,2,2023-Q2,5,May,květen,2023-05,2023-05-01,19,5,Friday,pátek,139,20,2023,False
20230520,2023-05-20,2023,2,2023-Q2,5,May,květen,2023-05,2023-05-01,20,6,Saturday,sobota,140,20,2023,True
20230521,2023-05-21,2023,2,2023-Q2,5,May,květen,2023-05,2023-05-01,21,7,Sunday,neděle,141,20,2023,True
20230522,2023-05-22,2023,2,2023-Q2,5,May,květen,2023-05,2023-05-01,22,1,Monday,pondělí,142,21,2023,False
20230523,2023-05-23,2023,2,2023-Q2,5,May,květen,2023-05,2023-05-01,23,2,Tuesday,úterý,143,21,2023,False
20230524,2023-05-24,2023,2,2023-Q2,5,May,květen,2023-05,2023-05-01,24,3,Wednesday,středa,144,21,2023,False
20230525,2023-05-25,2023,2,2023-Q2,5,May,květen,2023-05,2023-05-01,25,4,Thursday,čtvrtek,145,21,2023,False
20230526,2023-05-26,2023,2,2023-Q2,5,May,květen,2023-05,2023-05-01,26,5,Friday,pátek,146,21,2023,False
20230527,2023-05-27,2023,2,2023-Q2,5,May,květen,2023-05,2023-05-01,27,6,Saturday,sobota,147,21,2023,True
20230528,2023-05-28,2023,2,2023-Q2,5,May,květen,2023-05,2023-05-01,28,7,Sunday,neděle,148,21,2023,True
20230529,2023-05-29,2023,2,2023-Q2,5,May,květen,2023-05,2023-05-01,29,1,Monday,pondělí,149,22,2023,False
20230530,2023-05-30,2023,2,2023-Q2,5,May,květen,2023-05,2023-05-01,30,2,Tuesday,úterý,150,22,2023,False
20230531,2023-05-31,2023,2,2023-Q2,5,May,květen,2023-05,2023-05-01,31,3,Wednesday,středa,151,22,2023,False
20230601,2023-06-01,2023,2,2023-Q2,6,June,červen,2023-06,2023-06-01,1,4,Thursday,čtvrtek,152,22,2023,False
20230602,2023-06-02,2023,2,2023-Q2,6,June,červen,2023-06,2023-06-01,2,5,Friday,pátek,153,22,2023,False
20230603,2023-06-03,2023,2,2023-Q2,6,June,červen,2023-06,2023-06-01,3,6,Saturday,sobota,154,22,2023,True
20230604,2023-06-04,2023,2,2023-Q2,6,June,červen,2023-06,2023-06-01,4,7,Sunday,neděle,155,22,2023,True
20230605,2023-06-05,2023,2,2023-Q2,6,June,červen,2023-06,2023-06-01,5,1,Monday,pondělí,156,23,2023,False
20230606,2023-06-06,2023,2,2023-Q2,6,June,červen,2023-06,2023-06-01,6,2,Tuesday,úterý,157,23,2023,False
20230607,2023-06-07,2023,2,2023-Q2,6,June,červen,2023-06,2023-06-01,7,3,Wednesday,středa,158,23,2023,False
20230608,2023-06-08,2023,2,2023-Q2,6,June,červen,2023-06,2023-06-01,8,4,Thursday,čtvrtek,159,23,2023,False
20230609,2023-06-09,2023,2,2023-Q2,6,June,červen,2023-06,2023-06-01,9,5,Friday,pátek,160,23,2023,False
20230610,2023-06-10,2023,2,2023-Q2,6,June,červen,2023-06,2023-06-01,10,6,Saturday,sobota,161,23,2023,True
20230611,2023-06-11,2023,2,2023-Q2,6,June,červen,2023-06,2023-06-01,11,7,Sunday,neděle,162,23,2023,True
20230612,2023-06-12,2023,2,2023-Q2,6,June,červen,2023-06,2023-06-01,12,1,Monday,pondělí,163,24,2023,False
20230613,2023-06-13,2023,2,2023-Q2,6,June,červen,2023-06,2023-06-01,13,2,Tuesday,úterý,164,24,2023,False
20230614,2023-06-14,2023,2,2023-Q2,6,June,červen,2023-06,2023-06-01,14,3,Wednesday,středa,165,24,2023,False
20230615,2023-06-15,2023,2,2023-Q2,6,June,červen,2023-06,2023-06-01,15,4,Thursday,čtvrtek,166,24,2023,False
20230616,2023-06-16,2023,2,2023-Q2,6,June,červen,2023-06,2023-06-01,16,5,Friday,pátek,167,24,2023,False
20230617,2023-06-17,2023,2,2023-Q2,6,June,červen,2023-06,2023-06-01,17,6,Saturday,sobota,168,24,2023,True
20230618,2023-06-18,2023,2,2023-Q2,6,June,červen,2023-06,2023-06-01,18,7,Sunday,neděle,169,24,2023,True
20230619,2023-06-19,2023,2,2023-Q2,6,June,červen,2023-06,2023-06-01,19,1,Monday,pondělí,170,25,2023,False
20230620,2023-06-20,2023,2,2023-Q2,6,June,červen,2023-06,2023-06-01,20,2,Tuesday,úterý,171,25,2023,False
20230621,2023-06-21,2023,2,2023-Q2,6,June,červen,2023-06,2023-06-01,21,3,Wednesday,středa,172,25,2023,False
20230622,2023-06-22,2023,2,2023-Q2,6,June,červen,2023-06,2023-06-01,22,4,Thursday,čtvrtek,173,25,2023,False
20230623,2023-06-23,2023,2,2023-Q2,6,June,červen,2023-06,2023-06-01,23,5,Friday,pátek,174,25,2023,False
20230624,2023-06-24,2023,2,2023-Q2,6,June,červen,2023-06,2023-06-01,24,6,Saturday,sobota,175,25,2023,True
20230625,2023-06-25,2023,2,2023-Q2,6,June,červen,2023-06,2023-06-01,25,7,Sunday,neděle,176,25,2023,True
20230626,2023-06-26,2023,2,2023-Q2,6,June,červen,2023-06,2023-06-01,26,1,Monday,pondělí,177,26,2023,False
20230627,2023-06-27,2023,2,2023-Q2,6,June,červen,2023-06,2023-06-01,27,2,Tuesday,úterý,178,26,2023,False
20230628,2023-06-28,2023,2,2023-Q2,6,June,červen,2023-06,2023-06-01,28,3,Wednesday,středa,179,26,2023,False
20230629,2023-06-29,2023,2,2023-Q2,6,June,červen,2023-06,2023-06-01,29,4,Thursday,čtvrtek,180,26,2023,False
20230630,2023-06-30,2023,2,2023-Q2,6,June,červen,2023-06,2023-06-01,30,5,Friday,pátek,181,26,2023,False
20230701,2023-07-01,2023,3,2023-Q3,7,July,červenec,2023-07,2023-07-01,1,6,Saturday,sobota,182,26,2023,True
20230702,2023-07-02,2023,3,2023-Q3,7,July,červenec,2023-07,2023-07-01,2,7,Sunday,neděle,183,26,2023,True
20230703,2023-07-03,2023,3,2023-Q3,7,July,červenec,2023-07,2023-07-01,3,1,Monday,pondělí,184,27,2023,False
20230704,2023-07-04,2023,3,2023-Q3,7,July,červenec,2023-07,2023-07-01,4,2,Tuesday,úterý,185,27,2023,False
20230705,2023-07-05,2023,3,2023-Q3,7,July,červenec,2023-07,2023-07-01,5,3,Wednesday,středa,186,27,2023,False
20230706,2023-07-06,2023,3,2023-Q3,7,July,červenec,2023-07,2023-07-01,6,4,Thursday,čtvrtek,187,27,2023,False
20230707,2023-07-07,2023,3,2023-Q3,7,July,červenec,2023-07,2023-07-01,7,5,Friday,pátek,188,27,2023,False
20230708,2023-07-08,2023,3,2023-Q3,7,July,červenec,2023-07,2023-07-01,8,6,Saturday,sobota,189,27,2023,True
20230709,2023-07-09,2023,3,2023-Q3,7,July,červenec,2023-07,2023-07-01,9,7,Sunday,neděle,190,27,2023,True
20230710,2023-07-10,2023,3,2023-Q3,7,July,červenec,2023-07,2023-07-01,10,1,Monday,pondělí,191,28,2023,False
20230711,2023-07-11,2023,3,2023-Q3,7,July,červenec,2023-07,2023-07-01,11,2,Tuesday,úterý,192,28,2023,False
20230712,2023-07-12,2023,3,2023-Q3,7,July,červenec,2023-07,2023-07-01,12,3,Wednesday,středa,193,28,2023,False
20230713,2023-07-13,2023,3,2023-Q3,7,July,červenec,2023-07,2023-07-01,13,4,Thursday,čtvrtek,194,28,2023,False
20230714,2023-07-14,2023,3,2023-Q3,7,July,červenec,2023-07,2023-07-01,14,5,Friday,pátek,195,28,2023,False
20230715,2023-07-15,2023,3,2023-Q3,7,July,červenec,2023-07,2023-07-01,15,6,Saturday,sobota,196,28,2023,True
20230716,2023-07-16,2023,3,2023-Q3,7,July,červenec,2023-07,2023-07-01,16,7,Sunday,neděle,197,28,2023,True
20230717,2023-07-17,2023,3,2023-Q3,7,July,červenec,2023-07,2023-07-01,17,1,Monday,pondělí,198,29,2023,False
20230718,2023-07-18,2023,3,2023-Q3,7,July,červenec,2023-07,2023-07-01,18,2,Tuesday,úterý,199,29,2023,False
20230719,2023-07-19,2023,3,2023-Q3,7,July,červenec,2023-07,2023-07-01,19,3,Wednesday,středa,200,29,2023,False
20230720,2023-07-20,2023,3,2023-Q3,7,July,červenec,2023-07,2023-07-01,20,4,Thursday,čtvrtek,201,29,2023,False
20230721,2023-07-21,2023,3,2023-Q3,7,July,červenec,2023-07,2023-07-01,21,5,Friday,pátek,202,29,2023,False
20230722,2023-07-22,2023,3,2023-Q3,7,July,červenec,2023-07,2023-07-01,22,6,Saturday,sobota,203,29,2023,True
20230723,2023-07-23,2023,3,2023-Q3,7,July,červenec,2023-07,2023-07-01,23,7,Sunday,neděle,204,29,2023,True
20230724,2023-07-24,2023,3,2023-Q3,7,July,červenec,2023-07,2023-07-01,24,1,Monday,pondělí,205,30,2023,False
20230725,2023-07-25,2023,3,2023-Q3,7,July,červenec,2023-07,2023-07-01,25,2,Tuesday,úterý,206,30,2023,False
20230726,2023-07-26,2023,3,2023-Q3,7,July,červenec,2023-07,2023-07-01,26,3,Wednesday,středa,207,30,2023,False
20230727,2023-07-27,2023,3,2023-Q3,7,July,červenec,2023-07,2023-07-01,27,4,Thursday,čtvrtek,208,30,2023,False
20230728,2023-07-28,2023,3,2023-Q3,7,July,červenec,2023-07,2023-07-01,28,5,Friday,pátek,209,30,2023,False
20230729,2023-07-29,2023,3,2023-Q3,7,July,červenec,2023-07,2023-07-01,29,6,Saturday,sobota,210,30,2023,True
20230730,2023-07-30,2023,3,2023-Q3,7,July,červenec,2023-07,2023-07-01,30,7,Sunday,neděle,211,30,2023,True
20230731,2023-07-31,2023,3,2023-Q3,7,July,červenec,2023-07,2023-07-01,31,1,Monday,pondělí,212,31,2023,False
20230801,2023-08-01,2023,3,2023-Q3,8,August,srpen,2023-08,2023-08-01,1,2,Tuesday,úterý,213,31,2023,False
20230802,2023-08-02,2023,3,2023-Q3,8,August,srpen,2023-08,2023-08-01,2,3,Wednesday,středa,214,31,2023,False
20230803,2023-08-03,2023,3,2023-Q3,8,August,srpen,2023-08,2023-08-01,3,4,Thursday,čtvrtek,215,31,2023,False
20230804,2023-08-04,2023,3,2023-Q3,8,August,srpen,2023-08,2023-08-01,4,5,Friday,pátek,216,31,2023,False
20230805,2023-08-05,2023,3,2023-Q3,8,August,srpen,2023-08,2023-08-01,5,6,Saturday,sobota,217,31,2023,True
20230806,2023-08-06,2023,3,2023-Q3,8,August,srpen,2023-08,2023-08-01,6,7,Sunday,neděle,218,31,2023,True
20230807,2023-08-07,2023,3,2023-Q3,8,August,srpen,2023-08,2023-08-01,7,1,Monday,pondělí,219,32,2023,False
20230808,2023-08-08,2023,3,2023-Q3,8,August,srpen,2023-08,2023-08-01,8,2,Tuesday,úterý,220,32,2023,False
20230809,2023-08-09,2023,3,2023-Q3,8,August,srpen,2023-08,2023-08-01,9,3,Wednesday,středa,221,32,2023,False
20230810,2023-08-10,2023,3,2023-Q3,8,August,srpen,2023-08,2023-08-01,10,4,Thursday,čtvrtek,222,32,2023,False
20230811,2023-08-11,2023,3,2023-Q3,8,August,srpen,2023-08,2023-08-01,11,5,Friday,pátek,223,32,2023,False
20230812,2023-08-12,2023,3,2023-Q3,8,August,srpen,2023-08,2023-08-01,12,6,Saturday,sobota,224,32,2023,True
20230813,2023-08-13,2023,3,2023-Q3,8,August,srpen,2023-08,2023-08-01,13,7,Sunday,neděle,225,32,2023,True
20230814,2023-08-14,2023,3,2023-Q3,8,August,srpen,2023-08,2023-08-01,14,1,Monday,pondělí,226,33,2023,False
20230815,2023-08-15,2023,3,2023-Q3,8,August,srpen,2023-08,2023-08-01,15,2,Tuesday,úterý,227,33,2023,False
20230816,2023-08-16,2023,3,2023-Q3,8,August,srpen,2023-08,2023-08-01,16,3,Wednesday,středa,228,33,2023,False
20230817,2023-08-17,2023,3,2023-Q3,8,August,srpen,2023-08,2023-08-01,17,4,Thursday,čtvrtek,229,33,2023,False
20230818,2023-08-18,2023,3,2023-Q3,8,August,srpen,2023-08,2023-08-01,18,5,Friday,pátek,230,33,2023,False
20230819,2023-08-19,2023,3,2023-Q3,8,August,srpen,2023-08,2023-08-01,19,6,Saturday,sobota,231,33,2023,True
20230820,2023-08-20,2023,3,2023-Q3,8,August,srpen,2023-08,2023-08-01,20,7,Sunday,neděle,232,33,2023,True
20230821,2023-08-21,2023,3,2023-Q3,8,August,srpen,2023-08,2023-08-01,21,1,Monday,pondělí,233,34,2023,False
20230822,2023-08-22,2023,3,2023-Q3,8,August,srpen,2023-08,2023-08-01,22,2,Tuesday,úterý,234,34,2023,False
20230823,2023-08-23,2023,3,2023-Q3,8,August,srpen,2023-08,2023-08-01,23,3,Wednesday,středa,235,34,2023,False
20230824,2023-08-24,2023,3,2023-Q3,8,August,srpen,2023-08,2023-08-01,24,4,Thursday,čtvrtek,236,34,2023,False
20230825,2023-08-25,2023,3,2023-Q3,8,August,srpen,2023-08,2023-08-01,25,5,Friday,pátek,237,34,2023,False
20230826,2023-08-26,2023,3,2023-Q3,8,August,srpen,2023-08,2023-08-01,26,6,Saturday,sobota,238,34,2023,True
20230827,2023-08-27,2023,3,2023-Q3,8,August,srpen,2023-08,2023-08-01,27,7,Sunday,neděle,239,34,2023,True
20230828,2023-08-28,2023,3,2023-Q3,8,August,srpen,2023-08,2023-08-01,28,1,Monday,pondělí,240,35,2023,False
20230829,2023-08-29,2023,3,2023-Q3,8,August,srpen,2023-08,2023-08-01,29,2,Tuesday,úterý,241,35,2023,False
20230830,2023-08-30,2023,3,2023-Q3,8,August,srpen,2023-08,2023-08-01,30,3,Wednesday,středa,242,35,2023,False
20230831,2023-08-31,2023,3,2023-Q3,8,August,srpen,2023-08,2023-08-01,31,4,Thursday,čtvrtek,243,35,2023,False
20230901,2023-09-01,2023,3,2023-Q3,9,September,září,2023-09,2023-09-01,1,5,Friday,pátek,244,35,2023,False
20230902,2023-09-02,2023,3,2023-Q3,9,September,září,2023-09,2023-09-01,2,6,Saturday,sobota,245,35,2023,True
20230903,2023-09-03,2023,3,2023-Q3,9,September,září,2023-09,2023-09-01,3,7,Sunday,neděle,246,35,2023,True
20230904,2023-09-04,2023,3,2023-Q3,9,September,září,2023-09,2023-09-01,4,1,Monday,pondělí,247,36,2023,False
20230905,2023-09-05,2023,3,2023-Q3,9,September,září,2023-09,2023-09-01,5,2,Tuesday,úterý,248,36,2023,False
20230906,2023-09-06,2023,3,2023-Q3,9,September,září,2023-09,2023-09-01,6,3,Wednesday,středa,249,36,2023,False
20230907,2023-09-07,2023,3,2023-Q3,9,September,září,2023-09,2023-09-01,7,4,Thursday,čtvrtek,250,36,2023,False
20230908,2023-09-08,2023,3,2023-Q3,9,September,září,2023-09,2023-09-01,8,5,Friday,pátek,251,36,2023,False
20230909,2023-09-09,2023,3,2023-Q3,9,September,září,2023-09,2023-09-01,9,6,Saturday,sobota,252,36,2023,True
20230910,2023-09-10,2023,3,2023-Q3,9,September,září,2023-09,2023-09-01,10,7,Sunday,neděle,253,36,2023,True
20230911,2023-09-11,2023,3,2023-Q3,9,September,září,2023-09,2023-09-01,11,1,Monday,pondělí,254,37,2023,False
20230912,2023-09-12,2023,3,2023-Q3,9,September,září,2023-09,2023-09-01,12,2,Tuesday,úterý,255,37,2023,False
20230913,2023-09-13,2023,3,2023-Q3,9,September,září,2023-09,2023-09-01,13,3,Wednesday,středa,256,37,2023,False
20230914,2023-09-14,2023,3,2023-Q3,9,September,září,2023-09,2023-09-01,14,4,Thursday,čtvrtek,257,37,2023,False
20230915,2023-09-15,2023,3,2023-Q3,9,September,září,2023-09,2023-09-01,15,5,Friday,pátek,258,37,2023,False
20230916,2023-09-16,2023,3,2023-Q3,9,September,září,2023-09,2023-09-01,16,6,Saturday,sobota,259,37,2023,True
20230917,2023-09-17,2023,3,2023-Q3,9,September,září,2023-09,2023-09-01,17,7,Sunday,neděle,260,37,2023,True
20230918,2023-09-18,2023,3,2023-Q3,9,September,září,2023-09,2023-09-01,18,1,Monday,pondělí,261,38,2023,False
20230919,2023-09-19,2023,3,2023-Q3,9,September,září,2023-09,2023-09-01,19,2,Tuesday,úterý,262,38,2023,False
20230920,2023-09-20,2023,3,2023-Q3,9,September,září,2023-09,2023-09-01,20,3,Wednesday,středa,263,38,2023,False
20230921,2023-09-21,2023,3,2023-Q3,9,September,září,2023-09,2023-09-01,21,4,Thursday,čtvrtek,264,38,2023,False
20230922,2023-09-22,2023,3,2023-Q3,9,September,září,2023-09,2023-09-01,22,5,Friday,pátek,265,38,2023,False
20230923,2023-09-23,2023,3,2023-Q3,9,September,září,2023-09,2023-09-01,23,6,Saturday,sobota,266,38,2023,True
20230924,2023-09-24,2023,3,2023-Q3,9,September,září,2023-09,2023-09-01,24,7,Sunday,neděle,267,38,2023,True
20230925,2023-09-25,2023,3,2023-Q3,9,September,září,2023-09,2023-09-01,25,1,Monday,pondělí,268,39,2023,False
20230926,2023-09-26,2023,3,2023-Q3,9,September,září,2023-09,2023-09-01,26,2,Tuesday,úterý,269,39,2023,False
20230927,2023-09-27,2023,3,2023-Q3,9,September,září,2023-09,2023-09-01,27,3,Wednesday,středa,270,39,2023,False
20230928,2023-09-28,2023,3,2023-Q3,9,September,září,2023-09,2023-09-01,28,4,Thursday,čtvrtek,271,39,2023,False
20230929,2023-09-29,2023,3,2023-Q3,9,September,září,2023-09,2023-09-01,29,5,Friday,pátek,272,39,2023,False
20230930,2023-09-30,2023,3,2023-Q3,9,September,září,2023-09,2023-09-01,30,6,Saturday,sobota,273,39,2023,True
20231001,2023-10-01,2023,4,2023-Q4,10,October,říjen,2023-10,2023-10-01,1,7,Sunday,neděle,274,39,2023,True
20231002,2023-10-02,2023,4,2023-Q4,10,October,říjen,2023-10,2023-10-01,2,1,Monday,pondělí,275,40,2023,False
20231003,2023-10-03,2023,4,2023-Q4,10,October,říjen,2023-10,2023-10-01,3,2,Tuesday,úterý,276,40,2023,False
20231004,2023-10-04,2023,4,2023-Q4,10,October,říjen,2023-10,2023-10-01,4,3,Wednesday,středa,277,40,2023,False
20231005,2023-10-05,2023,4,2023-Q4,10,October,říjen,2023-10,2023-10-01,5,4,Thursday,čtvrtek,278,40,2023,False
20231006,2023-10-06,2023,4,2023-Q4,10,October,říjen,2023-10,2023-10-01,6,5,Friday,pátek,279,40,2023,False
20231007,2023-10-07,2023,4,2023-Q4,10,October,říjen,2023-10,2023-10-01,7,6,Saturday,sobota,280,40,2023,True
20231008,2023-10-08,2023,4,2023-Q4,10,October,říjen,2023-10,2023-10-01,8,7,Sunday,neděle,281,40,2023,True
20231009,2023-10-09,2023,4,2023-Q4,10,October,říjen,2023-10,2023-10-01,9,1,Monday,pondělí,282,41,2023,False
20231010,2023-10-10,2023,4,2023-Q4,10,October,říjen,2023-10,2023-10-01,10,2,Tuesday,úterý,283,41,2023,False
20231011,2023-10-11,2023,4,2023-Q4,10,October,říjen,2023-10,2023-10-01,11,3,Wednesday,středa,284,41,2023,False
20231012,2023-10-12,2023,4,2023-Q4,10,October,říjen,2023-10,2023-10-01,12,4,Thursday,čtvrtek,285,41,2023,False
20231013,2023-10-13,2023,4,2023-Q4,10,October,říjen,2023-10,2023-10-01,13,5,Friday,pátek,286,41,2023,False
20231014,2023-10-14,2023,4,2023-Q4,10,October,říjen,2023-10,2023-10-01,14,6,Saturday,sobota,287,41,2023,True
20231015,2023-10-15,2023,4,2023-Q4,10,October,říjen,2023-10,2023-10-01,15,7,Sunday,neděle,288,41,2023,True
20231016,2023-10-16,2023,4,2023-Q4,10,October,říjen,2023-10,2023-10-01,16,1,Monday,pondělí,289,42,2023,False
20231017,2023-10-17,2023,4,2023-Q4,10,October,říjen,2023-10,2023-10-01,17,2,Tuesday,úterý,290,42,2023,False
20231018,2023-10-18,2023,4,2023-Q4,10,October,říjen,2023-10,2023-10-01,18,3,Wednesday,středa,291,42,2023,False
20231019,2023-10-19,2023,4,2023-Q4,10,October,říjen,2023-10,2023-10-01,19,4,Thursday,čtvrtek,292,42,2023,False
20231020,2023-10-20,2023,4,2023-Q4,10,October,říjen,2023-10,2023-10-01,20,5,Friday,pátek,293,42,2023,False
20231021,2023-10-21,2023,4,2023-Q4,10,October,říjen,2023-10,2023-10-01,21,6,Saturday,sobota,294,42,2023,True
20231022,2023-10-22,2023,4,2023-Q4,10,October,říjen,2023-10,2023-10-01,22,7,Sunday,neděle,295,42,2023,True
20231023,2023-10-23,2023,4,2023-Q4,10,October,říjen,2023-10,2023-10-01,23,1,Monday,pondělí,296,43,2023,False
20231024,2023-10-24,2023,4,2023-Q4,10,October,říjen,2023-10,2023-10-01,24,2,Tuesday,úterý,297,43,2023,False
20231025,2023-10-25,2023,4,2023-Q4,10,October,říjen,2023-10,2023-10-01,25,3,Wednesday,středa,298,43,2023,False
20231026,2023-10-26,2023,4,2023-Q4,10,October,říjen,2023-10,2023-10-01,26,4,Thursday,čtvrtek,299,43,2023,False
20231027,2023-10-27,2023,4,2023-Q4,10,October,říjen,2023-10,2023-10-01,27,5,Friday,pátek,300,43,2023,False
20231028,2023-10-28,2023,4,2023-Q4,10,October,říjen,2023-10,2023-10-01,28,6,Saturday,sobota,301,43,2023,True
20231029,2023-10-29,2023,4,2023-Q4,10,October,říjen,2023-10,2023-10-01,29,7,Sunday,neděle,302,43,2023,True
20231030,2023-10-30,2023,4,2023-Q4,10,October,říjen,2023-10,2023-10-01,30,1,Monday,pondělí,303,44,2023,False
20231031,2023-10-31,2023,4,2023-Q4,10,October,říjen,2023-10,2023-10-01,31,2,Tuesday,úterý,304,44,2023,False
20231101,2023-11-01,2023,4,2023-Q4,11,November,listopad,2023-11,2023-11-01,1,3,Wednesday,středa,305,44,2023,False
20231102,2023-11-02,2023,4,2023-Q4,11,November,listopad,2023-11,2023-11-01,2,4,Thursday,čtvrtek,306,44,2023,False
20231103,2023-11-03,2023,4,2023-Q4,11,November,listopad,2023-11,2023-11-01,3,5,Friday,pátek,307,44,2023,False
20231104,2023-11-04,2023,4,2023-Q4,11,November,listopad,2023-11,2023-11-01,4,6,Saturday,sobota,308,44,2023,True
20231105,2023-11-05,2023,4,2023-Q4,11,November,listopad,2023-11,2023-11-01,5,7,Sunday,neděle,309,44,2023,True
20231106,2023-11-06,2023,4,2023-Q4,11,November,listopad,2023-11,2023-11-01,6,1,Monday,pondělí,310,45,2023,False
20231107,2023-11-07,2023,4,2023-Q4,11,November,listopad,2023-11,2023-11-01,7,2,Tuesday,úterý,311,45,2023,False
20231108,2023-11-08,2023,4,2023-Q4,11,November,listopad,2023-11,2023-11-01,8,3,Wednesday,středa,312,45,2023,False
20231109,2023-11-09,2023,4,2023-Q4,11,November,listopad,2023-11,2023-11-01,9,4,Thursday,čtvrtek,313,45,2023,False
20231110,2023-11-10,2023,4,2023-Q4,11,November,listopad,2023-11,2023-11-01,10,5,Friday,pátek,314,45,2023,False
20231111,2023-11-11,2023,4,2023-Q4,11,November,listopad,2023-11,2023-11-01,11,6,Saturday,sobota,315,45,2023,True
20231112,2023-11-12,2023,4,2023-Q4,11,November,listopad,2023-11,2023-11-01,12,7,Sunday,neděle,316,45,2023,True
20231113,2023-11-13,2023,4,2023-Q4,11,November,listopad,2023-11,2023-11-01,13,1,Monday,pondělí,317,46,2023,False
20231114,2023-11-14,2023,4,2023-Q4,11,November,listopad,2023-11,2023-11-01,14,2,Tuesday,úterý,318,46,2023,False
20231115,2023-11-15,2023,4,2023-Q4,11,November,listopad,2023-11,2023-11-01,15,3,Wednesday,středa,319,46,2023,False
20231116,2023-11-16,2023,4,2023-Q4,11,November,listopad,2023-11,2023-11-01,16,4,Thursday,čtvrtek,320,46,2023,False
20231117,2023-11-17,2023,4,2023-Q4,11,November,listopad,2023-11,2023-11-01,17,5,Friday,pátek,321,46,2023,False
20231118,2023-11-18,2023,4,2023-Q4,11,November,listopad,2023-11,2023-11-01,18,6,Saturday,sobota,322,46,2023,True
20231119,2023-11-19,2023,4,2023-Q4,11,November,listopad,2023-11,2023-11-01,19,7,Sunday,neděle,323,46,2023,True
20231120,2023-11-20,2023,4,2023-Q4,11,November,listopad,2023-11,2023-11-01,20,1,Monday,pondělí,324,47,2023,False
20231121,2023-11-21,2023,4,2023-Q4,11,November,listopad,2023-11,2023-11-01,21,2,Tuesday,úterý,325,47,2023,False
20231122,2023-11-22,2023,4,2023-Q4,11,November,listopad,2023-11,2023-11-01,22,3,Wednesday,středa,326,47,2023,False
20231123,2023-11-23,2023,4,2023-Q4,11,November,listopad,2023-11,2023-11-01,23,4,Thursday,čtvrtek,327,47,2023,False
20231124,2023-11-24,2023,4,2023-Q4,11,November,listopad,2023-11,2023-11-01,24,5,Friday,pátek,328,47,2023,False
20231125,2023-11-25,2023,4,2023-Q4,11,November,listopad,2023-11,2023-11-01,25,6,Saturday,sobota,329,47,2023,True
20231126,2023-11-26,2023,4,2023-Q4,11,November,listopad,2023-11,2023-11-01,26,7,Sunday,neděle,330,47,2023,True
20231127,2023-11-27,2023,4,2023-Q4,11,November,listopad,2023-11,2023-11-01,27,1,Monday,pondělí,331,48,2023,False
20231128,2023-11-28,2023,4,2023-Q4,11,November,listopad,2023-11,2023-11-01,28,2,Tuesday,úterý,332,48,2023,False
20231129,2023-11-29,2023,4,2023-Q4,11,November,listopad,2023-11,2023-11-01,29,3,Wednesday,středa,333,48,2023,False
20231130,2023-11-30,2023,4,2023-Q4,11,November,listopad,2023-11,2023-11-01,30,4,Thursday,čtvrtek,334,48,2023,False
20231201,2023-12-01,2023,4,2023-Q4,12,December,prosinec,2023-12,2023-12-01,1,5,Friday,pátek,335,48,2023,False
20231202,2023-12-02,2023,4,2023-Q4,12,December,prosinec,2023-12,2023-12-01,2,6,Saturday,sobota,336,48,2023,True
20231203,2023-12-03,2023,4,2023-Q4,12,December,prosinec,2023-12,2023-12-01,3,7,Sunday,neděle,337,48,2023,True
20231204,2023-12-04,2023,4,2023-Q4,12,December,prosinec,2023-12,2023-12-01,4,1,Monday,pondělí,338,49,2023,False
20231205,2023-12-05,2023,4,2023-Q4,12,December,prosinec,2023-12,2023-12-01,5,2,Tuesday,úterý,339,49,2023,False
20231206,2023-12-06,2023,4,2023-Q4,12,December,prosinec,2023-12,2023-12-01,6,3,Wednesday,středa,340,49,2023,False
20231207,2023-12-07,2023,4,2023-Q4,12,December,prosinec,2023-12,2023-12-01,7,4,Thursday,čtvrtek,341,49,2023,False
20231208,2023-12-08,2023,4,2023-Q4,12,December,prosinec,2023-12,2023-12-01,8,5,Friday,pátek,342,49,2023,False
20231209,2023-12-09,2023,4,2023-Q4,12,December,prosinec,2023-12,2023-12-01,9,6,Saturday,sobota,343,49,2023,True
20231210,2023-12-10,2023,4,2023-Q4,12,December,prosinec,2023-12,2023-12-01,10,7,Sunday,neděle,344,49,2023,True
20231211,2023-12-11,2023,4,2023-Q4,12,December,prosinec,2023-12,2023-12-01,11,1,Monday,pondělí,345,50,2023,False
20231212,2023-12-12,2023,4,2023-Q4,12,December,prosinec,2023-12,2023-12-01,12,2,Tuesday,úterý,346,50,2023,False
20231213,2023-12-13,2023,4,2023-Q4,12,December,prosinec,2023-12,2023-12-01,13,3,Wednesday,středa,347,50,2023,False
20231214,2023-12-14,2023,4,2023-Q4,12,December,prosinec,2023-12,2023-12-01,14,4,Thursday,čtvrtek,348,50,2023,False
20231215,2023-12-15,2023,4,2023-Q4,12,December,prosinec,2023-12,2023-12-01,15,5,Friday,pátek,349,50,2023,False
20231216,2023-12-16,2023,4,2023-Q4,12,December,prosinec,2023-12,2023-12-01,16,6,Saturday,sobota,350,50,2023,True
20231217,2023-12-17,2023,4,2023-Q4,12,December,prosinec,2023-12,2023-12-01,17,7,Sunday,neděle,351,50,2023,True
20231218,2023-12-18,2023,4,2023-Q4,12,December,prosinec,2023-12,2023-12-01,18,1,Monday,pondělí,352,51,2023,False
20231219,2023-12-19,2023,4,2023-Q4,12,December,prosinec,2023-12,2023-12-01,19,2,Tuesday,úterý,353,51,2023,False
20231220,2023-12-20,2023,4,2023-Q4,12,December,prosinec,2023-12,2023-12-01,20,3,Wednesday,středa,354,51,2023,False
20231221,2023-12-21,2023,4,2023-Q4,12,December,prosinec,2023-12,2023-12-01,21,4,Thursday,čtvrtek,355,51,2023,False
20231222,2023-12-22,2023,4,2023-Q4,12,December,prosinec,2023-12,2023-12-01,22,5,Friday,pátek,356,51,2023,False
20231223,2023-12-23,2023,4,2023-Q4,12,December,prosinec,2023-12,2023-12-01,23,6,Saturday,sobota,357,51,2023,True
20231224,2023-12-24,2023,4,2023-Q4,12,December,prosinec,2023-12,2023-12-01,24,7,Sunday,neděle,358,51,2023,True
20231225,2023-12-25,2023,4,2023-Q4,12,December,prosinec,2023-12,2023-12-01,25,1,Monday,pondělí,359,52,2023,False
20231226,2023-12-26,2023,4,2023-Q4,12,December,prosinec,2023-12,2023-12-01,26,2,Tuesday,úterý,360,52,2023,False
20231227,2023-12-27,2023,4,2023-Q4,12,December,prosinec,2023-12,2023-12-01,27,3,Wednesday,středa,361,52,2023,False
20231228,2023-12-28,2023,4,2023-Q4,12,December,prosinec,2023-12,2023-12-01,28,4,Thursday,čtvrtek,362,52,2023,False
20231229,2023-12-29,2023,4,2023-Q4,12,December,prosinec,2023-12,2023-12-01,29,5,Friday,pátek,363,52,2023,False
20231230,2023-12-30,2023,4,2023-Q4,12,December,prosinec,2023-12,2023-12-01,30,6,Saturday,sobota,364,52,2023,True
20231231,2023-12-31,2023,4,2023-Q4,12,December,prosinec,2023-12,2023-12-01,31,7,Sunday,neděle,365,52,2023,True
20240101,2024-01-01,2024,1,2024-Q1,1,January,leden,2024-01,2024-01-01,1,1,Monday,pondělí,1,1,2024,False
20240102,2024-01-02,2024,1,2024-Q1,1,January,leden,2024-01,2024-01-01,2,2,Tuesday,úterý,2,1,2024,False
20240103,2024-01-03,2024,1,2024-Q1,1,January,leden,2024-01,2024-01-01,3,3,Wednesday,středa,3,1,2024,False
20240104,2024-01-04,2024,1,2024-Q1,1,January,leden,2024-01,2024-01-01,4,4,Thursday,čtvrtek,4,1,2024,False
20240105,2024-01-05,2024,1,2024-Q1,1,January,leden,2024-01,2024-01-01,5,5,Friday,pátek,5,1,2024,False
20240106,2024-01-06,2024,1,2024-Q1,1,January,leden,2024-01,2024-01-01,6,6,Saturday,sobota,6,1,2024,True
20240107,2024-01-07,2024,1,2024-Q1,1,January,leden,2024-01,2024-01-01,7,7,Sunday,neděle,7,1,2024,True
20240108,2024-01-08,2024,1,2024-Q1,1,January,leden,2024-01,2024-01-01,8,1,Monday,pondělí,8,2,2024,False
20240109,2024-01-09,2024,1,2024-Q1,1,January,leden,2024-01,2024-01-01,9,2,Tuesday,úterý,9,2,2024,False
20240110,2024-01-10,2024,1,2024-Q1,1,January,leden,2024-01,2024-01-01,10,3,Wednesday,středa,10,2,2024,False
20240111,2024-01-11,2024,1,2024-Q1,1,January,leden,2024-01,2024-01-01,11,4,Thursday,čtvrtek,11,2,2024,False
20240112,2024-01-12,2024,1,2024-Q1,1,January,leden,2024-01,2024-01-01,12,5,Friday,pátek,12,2,2024,False
20240113,2024-01-13,2024,1,2024-Q1,1,January,leden,2024-01,2024-01-01,13,6,Saturday,sobota,13,2,2024,True
20240114,2024-01-14,2024,1,2024-Q1,1,January,leden,2024-01,2024-01-01,14,7,Sunday,neděle,14,2,2024,True
20240115,2024-01-15,2024,1,2024-Q1,1,January,leden,2024-01,2024-01-01,15,1,Monday,pondělí,15,3,2024,False
20240116,2024-01-16,2024,1,2024-Q1,1,January,leden,2024-01,2024-01-01,16,2,Tuesday,úterý,16,3,2024,False
20240117,2024-01-17,2024,1,2024-Q1,1,January,leden,2024-01,2024-01-01,17,3,Wednesday,středa,17,3,2024,False
20240118,2024-01-18,2024,1,2024-Q1,1,January,leden,2024-01,2024-01-01,18,4,Thursday,čtvrtek,18,3,2024,False
20240119,2024-01-19,2024,1,2024-Q1,1,January,leden,2024-01,2024-01-01,19,5,Friday,pátek,19,3,2024,False
20240120,2024-01-20,2024,1,2024-Q1,1,January,leden,2024-01,2024-01-01,20,6,Saturday,sobota,20,3,2024,True
20240121,2024-01-21,2024,1,2024-Q1,1,January,leden,2024-01,2024-01-01,21,7,Sunday,neděle,21,3,2024,True
20240122,2024-01-22,2024,1,2024-Q1,1,January,leden,2024-01,2024-01-01,22,1,Monday,pondělí,22,4,2024,False
20240123,2024-01-23,2024,1,2024-Q1,1,January,leden,2024-01,2024-01-01,23,2,Tuesday,úterý,23,4,2024,False
20240124,2024-01-24,2024,1,2024-Q1,1,January,leden,2024-01,2024-01-01,24,3,Wednesday,středa,24,4,2024,False
20240125,2024-01-25,2024,1,2024-Q1,1,January,leden,2024-01,2024-01-01,25,4,Thursday,čtvrtek,25,4,2024,False
20240126,2024-01-26,2024,1,2024-Q1,1,January,leden,2024-01,2024-01-01,26,5,Friday,pátek,26,4,2024,False
20240127,2024-01-27,2024,1,2024-Q1,1,January,leden,2024-01,2024-01-01,27,6,Saturday,sobota,27,4,2024,True
20240128,2024-01-28,2024,1,2024-Q1,1,January,leden,2024-01,2024-01-01,28,7,Sunday,neděle,28,4,2024,True
20240129,2024-01-29,2024,1,2024-Q1,1,January,leden,2024-01,2024-01-01,29,1,Monday,pondělí,29,5,2024,False
20240130,2024-01-30,2024,1,2024-Q1,1,January,leden,2024-01,2024-01-01,30,2,Tuesday,úterý,30,5,2024,False
20240131,2024-01-31,2024,1,2024-Q1,1,January,leden,2024-01,2024-01-01,31,3,Wednesday,středa,31,5,2024,False
20240201,2024-02-01,2024,1,2024-Q1,2,February,únor,2024-02,2024-02-01,1,4,Thursday,čtvrtek,32,5,2024,False
20240202,2024-02-02,2024,1,2024-Q1,2,February,únor,2024-02,2024-02-01,2,5,Friday,pátek,33,5,2024,False
20240203,2024-02-03,2024,1,2024-Q1,2,February,únor,2024-02,2024-02-01,3,6,Saturday,sobota,34,5,2024,True
20240204,2024-02-04,2024,1,2024-Q1,2,February,únor,2024-02,2024-02-01,4,7,Sunday,neděle,35,5,2024,True
20240205,2024-02-05,2024,1,2024-Q1,2,February,únor,2024-02,2024-02-01,5,1,Monday,pondělí,36,6,2024,False
20240206,2024-02-06,2024,1,2024-Q1,2,February,únor,2024-02,2024-02-01,6,2,Tuesday,úterý,37,6,2024,False
20240207,2024-02-07,2024,1,2024-Q1,2,February,únor,2024-02,2024-02-01,7,3,Wednesday,středa,38,6,2024,False
20240208,2024-02-08,2024,1,2024-Q1,2,February,únor,2024-02,2024-02-01,8,4,Thursday,čtvrtek,39,6,2024,False
20240209,2024-02-09,2024,1,2024-Q1,2,February,únor,2024-02,2024-02-01,9,5,Friday,pátek,40,6,2024,False
20240210,2024-02-10,2024,1,2024-Q1,2,February,únor,2024-02,2024-02-01,10,6,Saturday,sobota,41,6,2024,True
20240211,2024-02-11,2024,1,2024-Q1,2,February,únor,2024-02,2024-02-01,11,7,Sunday,neděle,42,6,2024,True
20240212,2024-02-12,2024,1,2024-Q1,2,February,únor,2024-02,2024-02-01,12,1,Monday,pondělí,43,7,2024,False
20240213,2024-02-13,2024,1,2024-Q1,2,February,únor,2024-02,2024-02-01,13,2,Tuesday,úterý,44,7,2024,False
20240214,2024-02-14,2024,1,2024-Q1,2,February,únor,2024-02,2024-02-01,14,3,Wednesday,středa,45,7,2024,False
20240215,2024-02-15,2024,1,2024-Q1,2,February,únor,2024-02,2024-02-01,15,4,Thursday,čtvrtek,46,7,2024,False
20240216,2024-02-16,2024,1,2024-Q1,2,February,únor,2024-02,2024-02-01,16,5,Friday,pátek,47,7,2024,False
20240217,2024-02-17,2024,1,2024-Q1,2,February,únor,2024-02,2024-02-01,17,6,Saturday,sobota,48,7,2024,True
20240218,2024-02-18,2024,1,2024-Q1,2,February,únor,2024-02,2024-02-01,18,7,Sunday,neděle,49,7,2024,True
20240219,2024-02-19,2024,1,2024-Q1,2,February,únor,2024-02,2024-02-01,19,1,Monday,pondělí,50,8,2024,False
20240220,2024-02-20,2024,1,2024-Q1,2,February,únor,2024-02,2024-02-01,20,2,Tuesday,úterý,51,8,2024,False
20240221,2024-02-21,2024,1,2024-Q1,2,February,únor,2024-02,2024-02-01,21,3,Wednesday,středa,52,8,2024,False
20240222,2024-02-22,2024,1,2024-Q1,2,February,únor,2024-02,2024-02-01,22,4,Thursday,čtvrtek,53,8,2024,False
20240223,2024-02-23,2024,1,2024-Q1,2,February,únor,2024-02,2024-02-01,23,5,Friday,pátek,54,8,2024,False
20240224,2024-02-24,2024,1,2024-Q1,2,February,únor,2024-02,2024-02-01,24,6,Saturday,sobota,55,8,2024,True
20240225,2024-02-25,2024,1,2024-Q1,2,February,únor,2024-02,2024-02-01,25,7,Sunday,neděle,56,8,2024,True
20240226,2024-02-26,2024,1,2024-Q1,2,February,únor,2024-02,2024-02-01,26,1,Monday,pondělí,57,9,2024,False
20240227,2024-02-27,2024,1,2024-Q1,2,February,únor,2024-02,2024-02-01,27,2,Tuesday,úterý,58,9,2024,False
20240228,2024-02-28,2024,1,2024-Q1,2,February,únor,2024-02,2024-02-01,28,3,Wednesday,středa,59,9,2024,False
20240229,2024-02-29,2024,1,2024-Q1,2,February,únor,2024-02,2024-02-01,29,4,Thursday,čtvrtek,60,9,2024,False
20240301,2024-03-01,2024,1,2024-Q1,3,March,březen,2024-03,2024-03-01,1,5,Friday,pátek,61,9,2024,False
20240302,2024-03-02,2024,1,2024-Q1,3,March,březen,2024-03,2024-03-01,2,6,Saturday,sobota,62,9,2024,True
20240303,2024-03-03,2024,1,2024-Q1,3,March,březen,2024-03,2024-03-01,3,7,Sunday,neděle,63,9,2024,True
20240304,2024-03-04,2024,1,2024-Q1,3,March,březen,2024-03,2024-03-01,4,1,Monday,pondělí,64,10,2024,False
20240305,2024-03-05,2024,1,2024-Q1,3,March,březen,2024-03,2024-03-01,5,2,Tuesday,úterý,65,10,2024,False
20240306,2024-03-06,2024,1,2024-Q1,3,March,březen,2024-03,2024-03-01,6,3,Wednesday,středa,66,10,2024,False
20240307,2024-03-07,2024,1,2024-Q1,3,March,březen,2024-03,2024-03-01,7,4,Thursday,čtvrtek,67,10,2024,False
20240308,2024-03-08,2024,1,2024-Q1,3,March,březen,2024-03,2024-03-01,8,5,Friday,pátek,68,10,2024,False
20240309,2024-03-09,2024,1,2024-Q1,3,March,březen,2024-03,2024-03-01,9,6,Saturday,sobota,69,10,2024,True
20240310,2024-03-10,2024,1,2024-Q1,3,March,březen,2024-03,2024-03-01,10,7,Sunday,neděle,70,10,2024,True
20240311,2024-03-11,2024,1,2024-Q1,3,March,březen,2024-03,2024-03-01,11,1,Monday,pondělí,71,11,2024,False
20240312,2024-03-12,2024,1,2024-Q1,3,March,březen,2024-03,2024-03-01,12,2,Tuesday,úterý,72,11,2024,False
20240313,2024-03-13,2024,1,2024-Q1,3,March,březen,2024-03,2024-03-01,13,3,Wednesday,středa,73,11,2024,False
20240314,2024-03-14,2024,1,2024-Q1,3,March,březen,2024-03,2024-03-01,14,4,Thursday,čtvrtek,74,11,2024,False
20240315,2024-03-15,2024,1,2024-Q1,3,March,březen,2024-03,2024-03-01,15,5,Friday,pátek,75,11,2024,False
20240316,2024-03-16,2024,1,2024-Q1,3,March,březen,2024-03,2024-03-01,16,6,Saturday,sobota,76,11,2024,True
20240317,2024-03-17,2024,1,2024-Q1,3,March,březen,2024-03,2024-03-01,17,7,Sunday,neděle,77,11,2024,True
20240318,2024-03-18,2024,1,2024-Q1,3,March,březen,2024-03,2024-03-01,18,1,Monday,pondělí,78,12,2024,False
20240319,2024-03-19,2024,1,2024-Q1,3,March,březen,2024-03,2024-03-01,19,2,Tuesday,úterý,79,12,2024,False
20240320,2024-03-20,2024,1,2024-Q1,3,March,březen,2024-03,2024-03-01,20,3,Wednesday,středa,80,12,2024,False
20240321,2024-03-21,2024,1,2024-Q1,3,March,březen,2024-03,2024-03-01,21,4,Thursday,čtvrtek,81,12,2024,False
20240322,2024-03-22,2024,1,2024-Q1,3,March,březen,2024-03,2024-03-01,22,5,Friday,pátek,82,12,2024,False
20240323,2024-03-23,2024,1,2024-Q1,3,March,březen,2024-03,2024-03-01,23,6,Saturday,sobota,83,12,2024,True
20240324,2024-03-24,2024,1,2024-Q1,3,March,březen,2024-03,2024-03-01,24,7,Sunday,neděle,84,12,2024,True
20240325,2024-03-25,2024,1,2024-Q1,3,March,březen,2024-03,2024-03-01,25,1,Monday,pondělí,85,13,2024,False
20240326,2024-03-26,2024,1,2024-Q1,3,March,březen,2024-03,2024-03-01,26,2,Tuesday,úterý,86,13,2024,False
20240327,2024-03-27,2024,1,2024-Q1,3,March,březen,2024-03,2024-03-01,27,3,Wednesday,středa,87,13,2024,False
20240328,2024-03-28,2024,1,2024-Q1,3,March,březen,2024-03,2024-03-01,28,4,Thursday,čtvrtek,88,13,2024,False
20240329,2024-03-29,2024,1,2024-Q1,3,March,březen,2024-03,2024-03-01,29,5,Friday,pátek,89,13,2024,False
20240330,2024-03-30,2024,1,2024-Q1,3,March,březen,2024-03,2024-03-01,30,6,Saturday,sobota,90,13,2024,True
20240331,2024-03-31,2024,1,2024-Q1,3,March,březen,2024-03,2024-03-01,31,7,Sunday,neděle,91,13,2024,True
20240401,2024-04-01,2024,2,2024-Q2,4,April,duben,2024-04,2024-04-01,1,1,Monday,pondělí,92,14,2024,False
20240402,2024-04-02,2024,2,2024-Q2,4,April,duben,2024-04,2024-04-01,2,2,Tuesday,úterý,93,14,2024,False
20240403,2024-04-03,2024,2,2024-Q2,4,April,duben,2024-04,2024-04-01,3,3,Wednesday,středa,94,14,2024,False
20240404,2024-04-04,2024,2,2024-Q2,4,April,duben,2024-04,2024-04-01,4,4,Thursday,čtvrtek,95,14,2024,False
20240405,2024-04-05,2024,2,2024-Q2,4,April,duben,2024-04,2024-04-01,5,5,Friday,pátek,96,14,2024,False
20240406,2024-04-06,2024,2,2024-Q2,4,April,duben,2024-04,2024-04-01,6,6,Saturday,sobota,97,14,2024,True
20240407,2024-04-07,2024,2,2024-Q2,4,April,duben,2024-04,2024-04-01,7,7,Sunday,neděle,98,14,2024,True
20240408,2024-04-08,2024,2,2024-Q2,4,April,duben,2024-04,2024-04-01,8,1,Monday,pondělí,99,15,2024,False
20240409,2024-04-09,2024,2,2024-Q2,4,April,duben,2024-04,2024-04-01,9,2,Tuesday,úterý,100,15,2024,False
20240410,2024-04-10,2024,2,2024-Q2,4,April,duben,2024-04,2024-04-01,10,3,Wednesday,středa,101,15,2024,False
20240411,2024-04-11,2024,2,2024-Q2,4,April,duben,2024-04,2024-04-01,11,4,Thursday,čtvrtek,102,15,2024,False
20240412,2024-04-12,2024,2,2024-Q2,4,April,duben,2024-04,2024-04-01,12,5,Friday,pátek,103,15,2024,False
20240413,2024-04-13,2024,2,2024-Q2,4,April,duben,2024-04,2024-04-01,13,6,Saturday,sobota,104,15,2024,True
20240414,2024-04-14,2024,2,2024-Q2,4,April,duben,2024-04,2024-04-01,14,7,Sunday,neděle,105,15,2024,True
20240415,2024-04-15,2024,2,2024-Q2,4,April,duben,2024-04,2024-04-01,15,1,Monday,pondělí,106,16,2024,False
20240416,2024-04-16,2024,2,2024-Q2,4,April,duben,2024-04,2024-04-01,16,2,Tuesday,úterý,107,16,2024,False
20240417,2024-04-17,2024,2,2024-Q2,4,April,duben,2024-04,2024-04-01,17,3,Wednesday,středa,108,16,2024,False
20240418,2024-04-18,2024,2,2024-Q2,4,April,duben,2024-04,2024-04-01,18,4,Thursday,čtvrtek,109,16,2024,False
20240419,2024-04-19,2024,2,2024-Q2,4,April,duben,2024-04,2024-04-01,19,5,Friday,pátek,110,16,2024,False
20240420,2024-04-20,2024,2,2024-Q2,4,April,duben,2024-04,2024-04-01,20,6,Saturday,sobota,111,16,2024,True
20240421,2024-04-21,2024,2,2024-Q2,4,April,duben,2024-04,2024-04-01,21,7,Sunday,neděle,112,16,2024,True
20240422,2024-04-22,2024,2,2024-Q2,4,April,duben,2024-04,2024-04-01,22,1,Monday,pondělí,113,17,2024,False
20240423,2024-04-23,2024,2,2024-Q2,4,April,duben,2024-04,2024-04-01,23,2,Tuesday,úterý,114,17,2024,False
20240424,2024-04-24,2024,2,2024-Q2,4,April,duben,2024-04,2024-04-01,24,3,Wednesday,středa,115,17,2024,False
20240425,2024-04-25,2024,2,2024-Q2,4,April,duben,2024-04,2024-04-01,25,4,Thursday,čtvrtek,116,17,2024,False
20240426,2024-04-26,2024,2,2024-Q2,4,April,duben,2024-04,2024-04-01,26,5,Friday,pátek,117,17,2024,False
20240427,2024-04-27,2024,2,2024-Q2,4,April,duben,2024-04,2024-04-01,27,6,Saturday,sobota,118,17,2024,True
20240428,2024-04-28,2024,2,2024-Q2,4,April,duben,2024-04,2024-04-01,28,7,Sunday,neděle,119,17,2024,True
20240429,2024-04-29,2024,2,2024-Q2,4,April,duben,2024-04,2024-04-01,29,1,Monday,pondělí,120,18,2024,False
20240430,2024-04-30,2024,2,2024-Q2,4,April,duben,2024-04,2024-04-01,30,2,Tuesday,úterý,121,18,2024,False
20240501,2024-05-01,2024,2,2024-Q2,5,May,květen,2024-05,2024-05-01,1,3,Wednesday,středa,122,18,2024,False
20240502,2024-05-02,2024,2,2024-Q2,5,May,květen,2024-05,2024-05-01,2,4,Thursday,čtvrtek,123,18,2024,False
20240503,2024-05-03,2024,2,2024-Q2,5,May,květen,2024-05,2024-05-01,3,5,Friday,pátek,124,18,2024,False
20240504,2024-05-04,2024,2,2024-Q2,5,May,květen,2024-05,2024-05-01,4,6,Saturday,sobota,125,18,2024,True
20240505,2024-05-05,2024,2,2024-Q2,5,May,květen,2024-05,2024-05-01,5,7,Sunday,neděle,126,18,2024,True
20240506,2024-05-06,2024,2,2024-Q2,5,May,květen,2024-05,2024-05-01,6,1,Monday,pondělí,127,19,2024,False
20240507,2024-05-07,2024,2,2024-Q2,5,May,květen,2024-05,2024-05-01,7,2,Tuesday,úterý,128,19,2024,False
20240508,2024-05-08,2024,2,2024-Q2,5,May,květen,2024-05,2024-05-01,8,3,Wednesday,středa,129,19,2024,False
20240509,2024-05-09,2024,2,2024-Q2,5,May,květen,2024-05,2024-05-01,9,4,Thursday,čtvrtek,130,19,2024,False
20240510,2024-05-10,2024,2,2024-Q2,5,May,květen,2024-05,2024-05-01,10,5,Friday,pátek,131,19,2024,False
20240511,2024-05-11,2024,2,2024-Q2,5,May,květen,2024-05,2024-05-01,11,6,Saturday,sobota,132,19,2024,True
20240512,2024-05-12,2024,2,2024-Q2,5,May,květen,2024-05,2024-05-01,12,7,Sunday,neděle,133,19,2024,True
20240513,2024-05-13,2024,2,2024-Q2,5,May,květen,2024-05,2024-05-01,13,1,Monday,pondělí,134,20,2024,False
20240514,2024-05-14,2024,2,2024-Q2,5,May,květen,2024-05,2024-05-01,14,2,Tuesday,úterý,135,20,2024,False
20240515,2024-05-15,2024,2,2024-Q2,5,May,květen,2024-05,2024-05-01,15,3,Wednesday,středa,136,20,2024,False
20240516,2024-05-16,2024,2,2024-Q2,5,May,květen,2024-05,2024-05-01,16,4,Thursday,čtvrtek,137,20,2024,False
20240517,2024-05-17,2024,2,2024-Q2,5,May,květen,2024-05,2024-05-01,17,5,Friday,pátek,138,20,2024,False
20240518,2024-05-18,2024,2,2024-Q2,5,May,květen,2024-05,2024-05-01,18,6,Saturday,sobota,139,20,2024,True
20240519,2024-05-19,2024,2,2024-Q2,5,May,květen,2024-05,2024-05-01,19,7,Sunday,neděle,140,20,2024,True
20240520,2024-05-20,2024,2,2024-Q2,5,May,květen,2024-05,2024-05-01,20,1,Monday,pondělí,141,21,2024,False
20240521,2024-05-21,2024,2,2024-Q2,5,May,květen,2024-05,2024-05-01,21,2,Tuesday,úterý,142,21,2024,False
20240522,2024-05-22,2024,2,2024-Q2,5,May,květen,2024-05,2024-05-01,22,3,Wednesday,středa,143,21,2024,False
20240523,2024-05-23,2024,2,2024-Q2,5,May,květen,2024-05,2024-05-01,23,4,Thursday,čtvrtek,144,21,2024,False
20240524,2024-05-24,2024,2,2024-Q2,5,May,květen,2024-05,2024-05-01,24,5,Friday,pátek,145,21,2024,False
20240525,2024-05-25,2024,2,2024-Q2,5,May,květen,2024-05,2024-05-01,25,6,Saturday,sobota,146,21,2024,True
20240526,2024-05-26,2024,2,2024-Q2,5,May,květen,2024-05,2024-05-01,26,7,Sunday,neděle,147,21,2024,True
20240527,2024-05-27,2024,2,2024-Q2,5,May,květen,2024-05,2024-05-01,27,1,Monday,pondělí,148,22,2024,False
20240528,2024-05-28,2024,2,2024-Q2,5,May,květen,2024-05,2024-05-01,28,2,Tuesday,úterý,149,22,2024,False
20240529,2024-05-29,2024,2,2024-Q2,5,May,květen,2024-05,2024-05-01,29,3,Wednesday,středa,150,22,2024,False
20240530,2024-05-30,2024,2,2024-Q2,5,May,květen,2024-05,2024-05-01,30,4,Thursday,čtvrtek,151,22,2024,False
20240531,2024-05-31,2024,2,2024-Q2,5,May,květen,2024-05,2024-05-01,31,5,Friday,pátek,152,22,2024,False
20240601,2024-06-01,2024,2,2024-Q2,6,June,červen,2024-06,2024-06-01,1,6,Saturday,sobota,153,22,2024,True
20240602,2024-06-02,2024,2,2024-Q2,6,June,červen,2024-06,2024-06-01,2,7,Sunday,neděle,154,22,2024,True
20240603,2024-06-03,2024,2,2024-Q2,6,June,červen,2024-06,2024-06-01,3,1,Monday,pondělí,155,23,2024,False
20240604,2024-06-04,2024,2,2024-Q2,6,June,červen,2024-06,2024-06-01,4,2,Tuesday,úterý,156,23,2024,False
20240605,2024-06-05,2024,2,2024-Q2,6,June,červen,2024-06,2024-06-01,5,3,Wednesday,středa,157,23,2024,False
20240606,2024-06-06,2024,2,2024-Q2,6,June,červen,2024-06,2024-06-01,6,4,Thursday,čtvrtek,158,23,2024,False
20240607,2024-06-07,2024,2,2024-Q2,6,June,červen,2024-06,2024-06-01,7,5,Friday,pátek,159,23,2024,False
20240608,2024-06-08,2024,2,2024-Q2,6,June,červen,2024-06,2024-06-01,8,6,Saturday,sobota,160,23,2024,True
20240609,2024-06-09,2024,2,2024-Q2,6,June,červen,2024-06,2024-06-01,9,7,Sunday,neděle,161,23,2024,True
20240610,2024-06-10,2024,2,2024-Q2,6,June,červen,2024-06,2024-06-01,10,1,Monday,pondělí,162,24,2024,False
20240611,2024-06-11,2024,2,2024-Q2,6,June,červen,2024-06,2024-06-01,11,2,Tuesday,úterý,163,24,2024,False
20240612,2024-06-12,2024,2,2024-Q2,6,June,červen,2024-06,2024-06-01,12,3,Wednesday,středa,164,24,2024,False
20240613,2024-06-13,2024,2,2024-Q2,6,June,červen,2024-06,2024-06-01,13,4,Thursday,čtvrtek,165,24,2024,False
20240614,2024-06-14,2024,2,2024-Q2,6,June,červen,2024-06,2024-06-01,14,5,Friday,pátek,166,24,2024,False
20240615,2024-06-15,2024,2,2024-Q2,6,June,červen,2024-06,2024-06-01,15,6,Saturday,sobota,167,24,2024,True
20240616,2024-06-16,2024,2,2024-Q2,6,June,červen,2024-06,2024-06-01,16,7,Sunday,neděle,168,24,2024,True
20240617,2024-06-17,2024,2,2024-Q2,6,June,červen,2024-06,2024-06-01,17,1,Monday,pondělí,169,25,2024,False
20240618,2024-06-18,2024,2,2024-Q2,6,June,červen,2024-06,2024-06-01,18,2,Tuesday,úterý,170,25,2024,False
20240619,2024-06-19,2024,2,2024-Q2,6,June,červen,2024-06,2024-06-01,19,3,Wednesday,středa,171,25,2024,False
20240620,2024-06-20,2024,2,2024-Q2,6,June,červen,2024-06,2024-06-01,20,4,Thursday,čtvrtek,172,25,2024,False
20240621,2024-06-21,2024,2,2024-Q2,6,June,červen,2024-06,2024-06-01,21,5,Friday,pátek,173,25,2024,False
20240622,2024-06-22,2024,2,2024-Q2,6,June,červen,2024-06,2024-06-01,22,6,Saturday,sobota,174,25,2024,True
20240623,2024-06-23,2024,2,2024-Q2,6,June,červen,2024-06,2024-06-01,23,7,Sunday,neděle,175,25,2024,True
20240624,2024-06-24,2024,2,2024-Q2,6,June,červen,2024-06,2024-06-01,24,1,Monday,pondělí,176,26,2024,False
20240625,2024-06-25,2024,2,2024-Q2,6,June,červen,2024-06,2024-06-01,25,2,Tuesday,úterý,177,26,2024,False
20240626,2024-06-26,2024,2,2024-Q2,6,June,červen,2024-06,2024-06-01,26,3,Wednesday,středa,178,26,2024,False
20240627,2024-06-27,2024,2,2024-Q2,6,June,červen,2024-06,2024-06-01,27,4,Thursday,čtvrtek,179,26,2024,False
20240628,2024-06-28,2024,2,2024-Q2,6,June,červen,2024-06,2024-06-01,28,5,Friday,pátek,180,26,2024,False
20240629,2024-06-29,2024,2,2024-Q2,6,June,červen,2024-06,2024-06-01,29,6,Saturday,sobota,181,26,2024,True
20240630,2024-06-30,2024,2,2024-Q2,6,June,červen,2024-06,2024-06-01,30,7,Sunday,neděle,182,26,2024,True
20240701,2024-07-01,2024,3,2024-Q3,7,July,červenec,2024-07,2024-07-01,1,1,Monday,pondělí,183,27,2024,False
20240702,2024-07-02,2024,3,2024-Q3,7,July,červenec,2024-07,2024-07-01,2,2,Tuesday,úterý,184,27,2024,False
20240703,2024-07-03,2024,3,2024-Q3,7,July,červenec,2024-07,2024-07-01,3,3,Wednesday,středa,185,27,2024,False
20240704,2024-07-04,2024,3,2024-Q3,7,July,červenec,2024-07,2024-07-01,4,4,Thursday,čtvrtek,186,27,2024,False
20240705,2024-07-05,2024,3,2024-Q3,7,July,červenec,2024-07,2024-07-01,5,5,Friday,pátek,187,27,2024,False
20240706,2024-07-06,2024,3,2024-Q3,7,July,červenec,2024-07,2024-07-01,6,6,Saturday,sobota,188,27,2024,True
20240707,2024-07-07,2024,3,2024-Q3,7,July,červenec,2024-07,2024-07-01,7,7,Sunday,neděle,189,27,2024,True
20240708,2024-07-08,2024,3,2024-Q3,7,July,červenec,2024-07,2024-07-01,8,1,Monday,pondělí,190,28,2024,False
20240709,2024-07-09,2024,3,2024-Q3,7,July,červenec,2024-07,2024-07-01,9,2,Tuesday,úterý,191,28,2024,False
20240710,2024-07-10,2024,3,2024-Q3,7,July,červenec,2024-07,2024-07-01,10,3,Wednesday,středa,192,28,2024,False
20240711,2024-07-11,2024,3,2024-Q3,7,July,červenec,2024-07,2024-07-01,11,4,Thursday,čtvrtek,193,28,2024,False
20240712,2024-07-12,2024,3,2024-Q3,7,July,červenec,2024-07,2024-07-01,12,5,Friday,pátek,194,28,2024,False
20240713,2024-07-13,2024,3,2024-Q3,7,July,červenec,2024-07,2024-07-01,13,6,Saturday,sobota,195,28,2024,True
20240714,2024-07-14,2024,3,2024-Q3,7,July,červenec,2024-07,2024-07-01,14,7,Sunday,neděle,196,28,2024,True
20240715,2024-07-15,2024,3,2024-Q3,7,July,červenec,2024-07,2024-07-01,15,1,Monday,pondělí,197,29,2024,False
20240716,2024-07-16,2024,3,2024-Q3,7,July,červenec,2024-07,2024-07-01,16,2,Tuesday,úterý,198,29,2024,False
20240717,2024-07-17,2024,3,2024-Q3,7,July,červenec,2024-07,2024-07-01,17,3,Wednesday,středa,199,29,2024,False
20240718,2024-07-18,2024,3,2024-Q3,7,July,červenec,2024-07,2024-07-01,18,4,Thursday,čtvrtek,200,29,2024,False
20240719,2024-07-19,2024,3,2024-Q3,7,July,červenec,2024-07,2024-07-01,19,5,Friday,pátek,201,29,2024,False
20240720,2024-07-20,2024,3,2024-Q3,7,July,červenec,2024-07,2024-07-01,20,6,Saturday,sobota,202,29,2024,True
20240721,2024-07-21,2024,3,2024-Q3,7,July,červenec,2024-07,2024-07-01,21,7,Sunday,neděle,203,29,2024,True
20240722,2024-07-22,2024,3,2024-Q3,7,July,červenec,2024-07,2024-07-01,22,1,Monday,pondělí,204,30,2024,False
20240723,2024-07-23,2024,3,2024-Q3,7,July,červenec,2024-07,2024-07-01,23,2,Tuesday,úterý,205,30,2024,False
20240724,2024-07-24,2024,3,2024-Q3,7,July,červenec,2024-07,2024-07-01,24,3,Wednesday,středa,206,30,2024,False
20240725,2024-07-25,2024,3,2024-Q3,7,July,červenec,2024-07,2024-07-01,25,4,Thursday,čtvrtek,207,30,2024,False
20240726,2024-07-26,2024,3,2024-Q3,7,July,červenec,2024-07,2024-07-01,26,5,Friday,pátek,208,30,2024,False
20240727,2024-07-27,2024,3,2024-Q3,7,July,červenec,2024-07,2024-07-01,27,6,Saturday,sobota,209,30,2024,True
20240728,2024-07-28,2024,3,2024-Q3,7,July,červenec,2024-07,2024-07-01,28,7,Sunday,neděle,210,30,2024,True
20240729,2024-07-29,2024,3,2024-Q3,7,July,červenec,2024-07,2024-07-01,29,1,Monday,pondělí,211,31,2024,False
20240730,2024-07-30,2024,3,2024-Q3,7,July,červenec,2024-07,2024-07-01,30,2,Tuesday,úterý,212,31,2024,False
20240731,2024-07-31,2024,3,2024-Q3,7,July,červenec,2024-07,2024-07-01,31,3,Wednesday,středa,213,31,2024,False
20240801,2024-08-01,2024,3,2024-Q3,8,August,srpen,2024-08,2024-08-01,1,4,Thursday,čtvrtek,214,31,2024,False
20240802,2024-08-02,2024,3,2024-Q3,8,August,srpen,2024-08,2024-08-01,2,5,Friday,pátek,215,31,2024,False
20240803,2024-08-03,2024,3,2024-Q3,8,August,srpen,2024-08,2024-08-01,3,6,Saturday,sobota,216,31,2024,True
20240804,2024-08-04,2024,3,2024-Q3,8,August,srpen,2024-08,2024-08-01,4,7,Sunday,neděle,217,31,2024,True
20240805,2024-08-05,2024,3,2024-Q3,8,August,srpen,2024-08,2024-08-01,5,1,Monday,pondělí,218,32,2024,False
20240806,2024-08-06,2024,3,2024-Q3,8,August,srpen,2024-08,2024-08-01,6,2,Tuesday,úterý,219,32,2024,False
20240807,2024-08-07,2024,3,2024-Q3,8,August,srpen,2024-08,2024-08-01,7,3,Wednesday,středa,220,32,2024,False
20240808,2024-08-08,2024,3,2024-Q3,8,August,srpen,2024-08,2024-08-01,8,4,Thursday,čtvrtek,221,32,2024,False
20240809,2024-08-09,2024,3,2024-Q3,8,August,srpen,2024-08,2024-08-01,9,5,Friday,pátek,222,32,2024,False
20240810,2024-08-10,2024,3,2024-Q3,8,August,srpen,2024-08,2024-08-01,10,6,Saturday,sobota,223,32,2024,True
20240811,2024-08-11,2024,3,2024-Q3,8,August,srpen,2024-08,2024-08-01,11,7,Sunday,neděle,224,32,2024,True
20240812,2024-08-12,2024,3,2024-Q3,8,August,srpen,2024-08,2024-08-01,12,1,Monday,pondělí,225,33,2024,False
20240813,2024-08-13,2024,3,2024-Q3,8,August,srpen,2024-08,2024-08-01,13,2,Tuesday,úterý,226,33,2024,False
20240814,2024-08-14,2024,3,2024-Q3,8,August,srpen,2024-08,2024-08-01,14,3,Wednesday,středa,227,33,2024,False
20240815,2024-08-15,2024,3,2024-Q3,8,August,srpen,2024-08,2024-08-01,15,4,Thursday,čtvrtek,228,33,2024,False
20240816,2024-08-16,2024,3,2024-Q3,8,August,srpen,2024-08,2024-08-01,16,5,Friday,pátek,229,33,2024,False
20240817,2024-08-17,2024,3,2024-Q3,8,August,srpen,2024-08,2024-08-01,17,6,Saturday,sobota,230,33,2024,True
20240818,2024-08-18,2024,3,2024-Q3,8,August,srpen,2024-08,2024-08-01,18,7,Sunday,neděle,231,33,2024,True
20240819,2024-08-19,2024,3,2024-Q3,8,August,srpen,2024-08,2024-08-01,19,1,Monday,pondělí,232,34,2024,False
20240820,2024-08-20,2024,3,2024-Q3,8,August,srpen,2024-08,2024-08-01,20,2,Tuesday,úterý,233,34,2024,False
20240821,2024-08-21,2024,3,2024-Q3,8,August,srpen,2024-08,2024-08-01,21,3,Wednesday,středa,234,34,2024,False
20240822,2024-08-22,2024,3,2024-Q3,8,August,srpen,2024-08,2024-08-01,22,4,Thursday,čtvrtek,235,34,2024,False
20240823,2024-08-23,2024,3,2024-Q3,8,August,srpen,2024-08,2024-08-01,23,5,Friday,pátek,236,34,2024,False
20240824,2024-08-24,2024,3,2024-Q3,8,August,srpen,2024-08,2024-08-01,24,6,Saturday,sobota,237,34,2024,True
20240825,2024-08-25,2024,3,2024-Q3,8,August,srpen,2024-08,2024-08-01,25,7,Sunday,neděle,238,34,2024,True
20240826,2024-08-26,2024,3,2024-Q3,8,August,srpen,2024-08,2024-08-01,26,1,Monday,pondělí,239,35,2024,False
20240827,2024-08-27,2024,3,2024-Q3,8,August,srpen,2024-08,2024-08-01,27,2,Tuesday,úterý,240,35,2024,False
20240828,2024-08-28,2024,3,2024-Q3,8,August,srpen,2024-08,2024-08-01,28,3,Wednesday,středa,241,35,2024,False
20240829,2024-08-29,2024,3,2024-Q3,8,August,srpen,2024-08,2024-08-01,29,4,Thursday,čtvrtek,242,35,2024,False
20240830,2024-08-30,2024,3,2024-Q3,8,August,srpen,2024-08,2024-08-01,30,5,Friday,pátek,243,35,2024,False
20240831,2024-08-31,2024,3,2024-Q3,8,August,srpen,2024-08,2024-08-01,31,6,Saturday,sobota,244,35,2024,True
20240901,2024-09-01,2024,3,2024-Q3,9,September,září,2024-09,2024-09-01,1,7,Sunday,neděle,245,35,2024,True
20240902,2024-09-02,2024,3,2024-Q3,9,September,září,2024-09,2024-09-01,2,1,Monday,pondělí,246,36,2024,False
20240903,2024-09-03,2024,3,2024-Q3,9,September,září,2024-09,2024-09-01,3,2,Tuesday,úterý,247,36,2024,False
20240904,2024-09-04,2024,3,2024-Q3,9,September,září,2024-09,2024-09-01,4,3,Wednesday,středa,248,36,2024,False
20240905,2024-09-05,2024,3,2024-Q3,9,September,září,2024-09,2024-09-01,5,4,Thursday,čtvrtek,249,36,2024,False
20240906,2024-09-06,2024,3,2024-Q3,9,September,září,2024-09,2024-09-01,6,5,Friday,pátek,250,36,2024,False
20240907,2024-09-07,2024,3,2024-Q3,9,September,září,2024-09,2024-09-01,7,6,Saturday,sobota,251,36,2024,True
20240908,2024-09-08,2024,3,2024-Q3,9,September,září,2024-09,2024-09-01,8,7,Sunday,neděle,252,36,2024,True
20240909,2024-09-09,2024,3,2024-Q3,9,September,září,2024-09,2024-09-01,9,1,Monday,pondělí,253,37,2024,False
20240910,2024-09-10,2024,3,2024-Q3,9,September,září,2024-09,2024-09-01,10,2,Tuesday,úterý,254,37,2024,False
20240911,2024-09-11,2024,3,2024-Q3,9,September,září,2024-09,2024-09-01,11,3,Wednesday,středa,255,37,2024,False
20240912,2024-09-12,2024,3,2024-Q3,9,September,září,2024-09,2024-09-01,12,4,Thursday,čtvrtek,256,37,2024,False
20240913,2024-09-13,2024,3,2024-Q3,9,September,září,2024-09,2024-09-01,13,5,Friday,pátek,257,37,2024,False
20240914,2024-09-14,2024,3,2024-Q3,9,September,září,2024-09,2024-09-01,14,6,Saturday,sobota,258,37,2024,True
20240915,2024-09-15,2024,3,2024-Q3,9,September,září,2024-09,2024-09-01,15,7,Sunday,neděle,259,37,2024,True
20240916,2024-09-16,2024,3,2024-Q3,9,September,září,2024-09,2024-09-01,16,1,Monday,pondělí,260,38,2024,False
20240917,2024-09-17,2024,3,2024-Q3,9,September,září,2024-09,2024-09-01,17,2,Tuesday,úterý,261,38,2024,False
20240918,2024-09-18,2024,3,2024-Q3,9,September,září,2024-09,2024-09-01,18,3,Wednesday,středa,262,38,2024,False
20240919,2024-09-19,2024,3,2024-Q3,9,September,září,2024-09,2024-09-01,19,4,Thursday,čtvrtek,263,38,2024,False
20240920,2024-09-20,2024,3,2024-Q3,9,September,září,2024-09,2024-09-01,20,5,Friday,pátek,264,38,2024,False
20240921,2024-09-21,2024,3,2024-Q3,9,September,září,2024-09,2024-09-01,21,6,Saturday,sobota,265,38,2024,True
20240922,2024-09-22,2024,3,2024-Q3,9,September,září,2024-09,2024-09-01,22,7,Sunday,neděle,266,38,2024,True
20240923,2024-09-23,2024,3,2024-Q3,9,September,září,2024-09,2024-09-01,23,1,Monday,pondělí,267,39,2024,False
20240924,2024-09-24,2024,3,2024-Q3,9,September,září,2024-09,2024-09-01,24,2,Tuesday,úterý,268,39,2024,False
20240925,2024-09-25,2024,3,2024-Q3,9,September,září,2024-09,2024-09-01,25,3,Wednesday,středa,269,39,2024,False
20240926,2024-09-26,2024,3,2024-Q3,9,September,září,2024-09,2024-09-01,26,4,Thursday,čtvrtek,270,39,2024,False
20240927,2024-09-27,2024,3,2024-Q3,9,September,září,2024-09,2024-09-01,27,5,Friday,pátek,271,39,2024,False
20240928,2024-09-28,2024,3,2024-Q3,9,September,září,2024-09,2024-09-01,28,6,Saturday,sobota,272,39,2024,True
20240929,2024-09-29,2024,3,2024-Q3,9,September,září,2024-09,2024-09-01,29,7,Sunday,neděle,273,39,2024,True
20240930,2024-09-30,2024,3,2024-Q3,9,September,září,2024-09,2024-09-01,30,1,Monday,pondělí,274,40,2024,False
20241001,2024-10-01,2024,4,2024-Q4,10,October,říjen,2024-10,2024-10-01,1,2,Tuesday,úterý,275,40,2024,False
20241002,2024-10-02,2024,4,2024-Q4,10,October,říjen,2024-10,2024-10-01,2,3,Wednesday,středa,276,40,2024,False
20241003,2024-10-03,2024,4,2024-Q4,10,October,říjen,2024-10,2024-10-01,3,4,Thursday,čtvrtek,277,40,2024,False
20241004,2024-10-04,2024,4,2024-Q4,10,October,říjen,2024-10,2024-10-01,4,5,Friday,pátek,278,40,2024,False
20241005,2024-10-05,2024,4,2024-Q4,10,October,říjen,2024-10,2024-10-01,5,6,Saturday,sobota,279,40,2024,True
20241006,2024-10-06,2024,4,2024-Q4,10,October,říjen,2024-10,2024-10-01,6,7,Sunday,neděle,280,40,2024,True
20241007,2024-10-07,2024,4,2024-Q4,10,October,říjen,2024-10,2024-10-01,7,1,Monday,pondělí,281,41,2024,False
20241008,2024-10-08,2024,4,2024-Q4,10,October,říjen,2024-10,2024-10-01,8,2,Tuesday,úterý,282,41,2024,False
20241009,2024-10-09,2024,4,2024-Q4,10,October,říjen,2024-10,2024-10-01,9,3,Wednesday,středa,283,41,2024,False
20241010,2024-10-10,2024,4,2024-Q4,10,October,říjen,2024-10,2024-10-01,10,4,Thursday,čtvrtek,284,41,2024,False
20241011,2024-10-11,2024,4,2024-Q4,10,October,říjen,2024-10,2024-10-01,11,5,Friday,pátek,285,41,2024,False
20241012,2024-10-12,2024,4,2024-Q4,10,October,říjen,2024-10,2024-10-01,12,6,Saturday,sobota,286,41,2024,True
20241013,2024-10-13,2024,4,2024-Q4,10,October,říjen,2024-10,2024-10-01,13,7,Sunday,neděle,287,41,2024,True
20241014,2024-10-14,2024,4,2024-Q4,10,October,říjen,2024-10,2024-10-01,14,1,Monday,pondělí,288,42,2024,False
20241015,2024-10-15,2024,4,2024-Q4,10,October,říjen,2024-10,2024-10-01,15,2,Tuesday,úterý,289,42,2024,False
20241016,2024-10-16,2024,4,2024-Q4,10,October,říjen,2024-10,2024-10-01,16,3,Wednesday,středa,290,42,2024,False
20241017,2024-10-17,2024,4,2024-Q4,10,October,říjen,2024-10,2024-10-01,17,4,Thursday,čtvrtek,291,42,2024,False
20241018,2024-10-18,2024,4,2024-Q4,10,October,říjen,2024-10,2024-10-01,18,5,Friday,pátek,292,42,2024,False
20241019,2024-10-19,2024,4,2024-Q4,10,October,říjen,2024-10,2024-10-01,19,6,Saturday,sobota,293,42,2024,True
20241020,2024-10-20,2024,4,2024-Q4,10,October,říjen,2024-10,2024-10-01,20,7,Sunday,neděle,294,42,2024,True
20241021,2024-10-21,2024,4,2024-Q4,10,October,říjen,2024-10,2024-10-01,21,1,Monday,pondělí,295,43,2024,False
20241022,2024-10-22,2024,4,2024-Q4,10,October,říjen,2024-10,2024-10-01,22,2,Tuesday,úterý,296,43,2024,False
20241023,2024-10-23,2024,4,2024-Q4,10,October,říjen,2024-10,2024-10-01,23,3,Wednesday,středa,297,43,2024,False
20241024,2024-10-24,2024,4,2024-Q4,10,October,říjen,2024-10,2024-10-01,24,4,Thursday,čtvrtek,298,43,2024,False
20241025,2024-10-25,2024,4,2024-Q4,10,October,říjen,2024-10,2024-10-01,25,5,Friday,pátek,299,43,2024,False
20241026,2024-10-26,2024,4,2024-Q4,10,October,říjen,2024-10,2024-10-01,26,6,Saturday,sobota,300,43,2024,True
20241027,2024-10-27,2024,4,2024-Q4,10,October,říjen,2024-10,2024-10-01,27,7,Sunday,neděle,301,43,2024,True
20241028,2024-10-28,2024,4,2024-Q4,10,October,říjen,2024-10,2024-10-01,28,1,Monday,pondělí,302,44,2024,False
20241029,2024-10-29,2024,4,2024-Q4,10,October,říjen,2024-10,2024-10-01,29,2,Tuesday,úterý,303,44,2024,False
20241030,2024-10-30,2024,4,2024-Q4,10,October,říjen,2024-10,2024-10-01,30,3,Wednesday,středa,304,44,2024,False
20241031,2024-10-31,2024,4,2024-Q4,10,October,říjen,2024-10,2024-10-01,31,4,Thursday,čtvrtek,305,44,2024,False
20241101,2024-11-01,2024,4,2024-Q4,11,November,listopad,2024-11,2024-11-01,1,5,Friday,pátek,306,44,2024,False
20241102,2024-11-02,2024,4,2024-Q4,11,November,listopad,2024-11,2024-11-01,2,6,Saturday,sobota,307,44,2024,True
20241103,2024-11-03,2024,4,2024-Q4,11,November,listopad,2024-11,2024-11-01,3,7,Sunday,neděle,308,44,2024,True
20241104,2024-11-04,2024,4,2024-Q4,11,November,listopad,2024-11,2024-11-01,4,1,Monday,pondělí,309,45,2024,False
20241105,2024-11-05,2024,4,2024-Q4,11,November,listopad,2024-11,2024-11-01,5,2,Tuesday,úterý,310,45,2024,False
20241106,2024-11-06,2024,4,2024-Q4,11,November,listopad,2024-11,2024-11-01,6,3,Wednesday,středa,311,45,2024,False
20241107,2024-11-07,2024,4,2024-Q4,11,November,listopad,2024-11,2024-11-01,7,4,Thursday,čtvrtek,312,45,2024,False
20241108,2024-11-08,2024,4,2024-Q4,11,November,listopad,2024-11,2024-11-01,8,5,Friday,pátek,313,45,2024,False
20241109,2024-11-09,2024,4,2024-Q4,11,November,listopad,2024-11,2024-11-01,9,6,Saturday,sobota,314,45,2024,True
20241110,2024-11-10,2024,4,2024-Q4,11,November,listopad,2024-11,2024-11-01,10,7,Sunday,neděle,315,45,2024,True
20241111,2024-11-11,2024,4,2024-Q4,11,November,listopad,2024-11,2024-11-01,11,1,Monday,pondělí,316,46,2024,False
20241112,2024-11-12,2024,4,2024-Q4,11,November,listopad,2024-11,2024-11-01,12,2,Tuesday,úterý,317,46,2024,False
20241113,2024-11-13,2024,4,2024-Q4,11,November,listopad,2024-11,2024-11-01,13,3,Wednesday,středa,318,46,2024,False
20241114,2024-11-14,2024,4,2024-Q4,11,November,listopad,2024-11,2024-11-01,14,4,Thursday,čtvrtek,319,46,2024,False
20241115,2024-11-15,2024,4,2024-Q4,11,November,listopad,2024-11,2024-11-01,15,5,Friday,pátek,320,46,2024,False
20241116,2024-11-16,2024,4,2024-Q4,11,November,listopad,2024-11,2024-11-01,16,6,Saturday,sobota,321,46,2024,True
20241117,2024-11-17,2024,4,2024-Q4,11,November,listopad,2024-11,2024-11-01,17,7,Sunday,neděle,322,46,2024,True
20241118,2024-11-18,2024,4,2024-Q4,11,November,listopad,2024-11,2024-11-01,18,1,Monday,pondělí,323,47,2024,False
20241119,2024-11-19,2024,4,2024-Q4,11,November,listopad,2024-11,2024-11-01,19,2,Tuesday,úterý,324,47,2024,False
20241120,2024-11-20,2024,4,2024-Q4,11,November,listopad,2024-11,2024-11-01,20,3,Wednesday,středa,325,47,2024,False
20241121,2024-11-21,2024,4,2024-Q4,11,November,listopad,2024-11,2024-11-01,21,4,Thursday,čtvrtek,326,47,2024,False
20241122,2024-11-22,2024,4,2024-Q4,11,November,listopad,2024-11,2024-11-01,22,5,Friday,pátek,327,47,2024,False
20241123,2024-11-23,2024,4,2024-Q4,11,November,listopad,2024-11,2024-11-01,23,6,Saturday,sobota,328,47,2024,True
20241124,2024-11-24,2024,4,2024-Q4,11,November,listopad,2024-11,2024-11-01,24,7,Sunday,neděle,329,47,2024,True
20241125,2024-11-25,2024,4,2024-Q4,11,November,listopad,2024-11,2024-11-01,25,1,Monday,pondělí,330,48,2024,False
20241126,2024-11-26,2024,4,2024-Q4,11,November,listopad,2024-11,2024-11-01,26,2,Tuesday,úterý,331,48,2024,False
20241127,2024-11-27,2024,4,2024-Q4,11,November,listopad,2024-11,2024-11-01,27,3,Wednesday,středa,332,48,2024,False
20241128,2024-11-28,2024,4,2024-Q4,11,November,listopad,2024-11,2024-11-01,28,4,Thursday,čtvrtek,333,48,2024,False
20241129,2024-11-29,2024,4,2024-Q4,11,November,listopad,2024-11,2024-11-01,29,5,Friday,pátek,334,48,2024,False
20241130,2024-11-30,2024,4,2024-Q4,11,November,listopad,2024-11,2024-11-01,30,6,Saturday,sobota,335,48,2024,True
20241201,2024-12-01,2024,4,2024-Q4,12,December,prosinec,2024-12,2024-12-01,1,7,Sunday,neděle,336,48,2024,True
20241202,2024-12-02,2024,4,2024-Q4,12,December,prosinec,2024-12,2024-12-01,2,1,Monday,pondělí,337,49,2024,False
20241203,2024-12-03,2024,4,2024-Q4,12,December,prosinec,2024-12,2024-12-01,3,2,Tuesday,úterý,338,49,2024,False
20241204,2024-12-04,2024,4,2024-Q4,12,December,prosinec,2024-12,2024-12-01,4,3,Wednesday,středa,339,49,2024,False
20241205,2024-12-05,2024,4,2024-Q4,12,December,prosinec,2024-12,2024-12-01,5,4,Thursday,čtvrtek,340,49,2024,False
20241206,2024-12-06,2024,4,2024-Q4,12,December,prosinec,2024-12,2024-12-01,6,5,Friday,pátek,341,49,2024,False
20241207,2024-12-07,2024,4,2024-Q4,12,December,prosinec,2024-12,2024-12-01,7,6,Saturday,sobota,342,49,2024,True
20241208,2024-12-08,2024,4,2024-Q4,12,December,prosinec,2024-12,2024-12-01,8,7,Sunday,neděle,343,49,2024,True
20241209,2024-12-09,2024,4,2024-Q4,12,December,prosinec,2024-12,2024-12-01,9,1,Monday,pondělí,344,50,2024,False
20241210,2024-12-10,2024,4,2024-Q4,12,December,prosinec,2024-12,2024-12-01,10,2,Tuesday,úterý,345,50,2024,False
20241211,2024-12-11,2024,4,2024-Q4,12,December,prosinec,2024-12,2024-12-01,11,3,Wednesday,středa,346,50,2024,False
20241212,2024-12-12,2024,4,2024-Q4,12,December,prosinec,2024-12,2024-12-01,12,4,Thursday,čtvrtek,347,50,2024,False
20241213,2024-12-13,2024,4,2024-Q4,12,December,prosinec,2024-12,2024-12-01,13,5,Friday,pátek,348,50,2024,False
20241214,2024-12-14,2024,4,2024-Q4,12,December,prosinec,2024-12,2024-12-01,14,6,Saturday,sobota,349,50,2024,True
20241215,2024-12-15,2024,4,2024-Q4,12,December,prosinec,2024-12,2024-12-01,15,7,Sunday,neděle,350,50,2024,True
20241216,2024-12-16,2024,4,2024-Q4,12,December,prosinec,2024-12,2024-12-01,16,1,Monday,pondělí,351,51,2024,False
20241217,2024-12-17,2024,4,2024-Q4,12,December,prosinec,2024-12,2024-12-01,17,2,Tuesday,úterý,352,51,2024,False
20241218,2024-12-18,2024,4,2024-Q4,12,December,prosinec,2024-12,2024-12-01,18,3,Wednesday,středa,353,51,2024,False
20241219,2024-12-19,2024,4,2024-Q4,12,December,prosinec,2024-12,2024-12-01,19,4,Thursday,čtvrtek,354,51,2024,False
20241220,2024-12-20,2024,4,2024-Q4,12,December,prosinec,2024-12,2024-12-01,20,5,Friday,pátek,355,51,2024,False
20241221,2024-12-21,2024,4,2024-Q4,12,December,prosinec,2024-12,2024-12-01,21,6,Saturday,sobota,356,51,2024,True
20241222,2024-12-22,2024,4,2024-Q4,12,December,prosinec,2024-12,2024-12-01,22,7,Sunday,neděle,357,51,2024,True
20241223,2024-12-23,2024,4,2024-Q4,12,December,prosinec,2024-12,2024-12-01,23,1,Monday,pondělí,358,52,2024,False
20241224,2024-12-24,2024,4,2024-Q4,12,December,prosinec,2024-12,2024-12-01,24,2,Tuesday,úterý,359,52,2024,False
20241225,2024-12-25,2024,4,2024-Q4,12,December,prosinec,2024-12,2024-12-01,25,3,Wednesday,středa,360,52,2024,False
20241226,2024-12-26,2024,4,2024-Q4,12,December,prosinec,2024-12,2024-12-01,26,4,Thursday,čtvrtek,361,52,2024,False
20241227,2024-12-27,2024,4,2024-Q4,12,December,prosinec,2024-12,2024-12-01,27,5,Friday,pátek,362,52,2024,False
20241228,2024-12-28,2024,4,2024-Q4,12,December,prosinec,2024-12,2024-12-01,28,6,Saturday,sobota,363,52,2024,True
20241229,2024-12-29,2024,4,2024-Q4,12,December,prosinec,2024-12,2024-12-01,29,7,Sunday,neděle,364,52,2024,True
20241230,2024-12-30,2024,4,2024-Q4,12,December,prosinec,2024-12,2024-12-01,30,1,Monday,pondělí,365,1,2025,False
20241231,2024-12-31,2024,4,2024-Q4,12,December,prosinec,2024-12,2024-12-01,31,2,Tuesday,úterý,366,1,2025,False
20250101,2025-01-01,2025,1,2025-Q1,1,January,leden,2025-01,2025-01-01,1,3,Wednesday,středa,1,1,2025,False
20250102,2025-01-02,2025,1,2025-Q1,1,January,leden,2025-01,2025-01-01,2,4,Thursday,čtvrtek,2,1,2025,False
20250103,2025-01-03,2025,1,2025-Q1,1,January,leden,2025-01,2025-01-01,3,5,Friday,pátek,3,1,2025,False
20250104,2025-01-04,2025,1,2025-Q1,1,January,leden,2025-01,2025-01-01,4,6,Saturday,sobota,4,1,2025,True
20250105,2025-01-05,2025,1,2025-Q1,1,January,leden,2025-01,2025-01-01,5,7,Sunday,neděle,5,1,2025,True
20250106,2025-01-06,2025,1,2025-Q1,1,January,leden,2025-01,2025-01-01,6,1,Monday,pondělí,6,2,2025,False
20250107,2025-01-07,2025,1,2025-Q1,1,January,leden,2025-01,2025-01-01,7,2,Tuesday,úterý,7,2,2025,False
20250108,2025-01-08,2025,1,2025-Q1,1,January,leden,2025-01,2025-01-01,8,3,Wednesday,středa,8,2,2025,False
20250109,2025-01-09,2025,1,2025-Q1,1,January,leden,2025-01,2025-01-01,9,4,Thursday,čtvrtek,9,2,2025,False
20250110,2025-01-10,2025,1,2025-Q1,1,January,leden,2025-01,2025-01-01,10,5,Friday,pátek,10,2,2025,False
20250111,2025-01-11,2025,1,2025-Q1,1,January,leden,2025-01,2025-01-01,11,6,Saturday,sobota,11,2,2025,True
20250112,2025-01-12,2025,1,2025-Q1,1,January,leden,2025-01,2025-01-01,12,7,Sunday,neděle,12,2,2025,True
20250113,2025-01-13,2025,1,2025-Q1,1,January,leden,2025-01,2025-01-01,13,1,Monday,pondělí,13,3,2025,False
20250114,2025-01-14,2025,1,2025-Q1,1,January,leden,2025-01,2025-01-01,14,2,Tuesday,úterý,14,3,2025,False
20250115,2025-01-15,2025,1,2025-Q1,1,January,leden,2025-01,2025-01-01,15,3,Wednesday,středa,15,3,2025,False
20250116,2025-01-16,2025,1,2025-Q1,1,January,leden,2025-01,2025-01-01,16,4,Thursday,čtvrtek,16,3,2025,False
20250117,2025-01-17,2025,1,2025-Q1,1,January,leden,2025-01,2025-01-01,17,5,Friday,pátek,17,3,2025,False
20250118,2025-01-18,2025,1,2025-Q1,1,January,leden,2025-01,2025-01-01,18,6,Saturday,sobota,18,3,2025,True
20250119,2025-01-19,2025,1,2025-Q1,1,January,leden,2025-01,2025-01-01,19,7,Sunday,neděle,19,3,2025,True
20250120,2025-01-20,2025,1,2025-Q1,1,January,leden,2025-01,2025-01-01,20,1,Monday,pondělí,20,4,2025,False
20250121,2025-01-21,2025,1,2025-Q1,1,January,leden,2025-01,2025-01-01,21,2,Tuesday,úterý,21,4,2025,False
20250122,2025-01-22,2025,1,2025-Q1,1,January,leden,2025-01,2025-01-01,22,3,Wednesday,středa,22,4,2025,False
20250123,2025-01-23,2025,1,2025-Q1,1,January,leden,2025-01,2025-01-01,23,4,Thursday,čtvrtek,23,4,2025,False
20250124,2025-01-24,2025,1,2025-Q1,1,January,leden,2025-01,2025-01-01,24,5,Friday,pátek,24,4,2025,False
20250125,2025-01-25,2025,1,2025-Q1,1,January,leden,2025-01,2025-01-01,25,6,Saturday,sobota,25,4,2025,True
20250126,2025-01-26,2025,1,2025-Q1,1,January,leden,2025-01,2025-01-01,26,7,Sunday,neděle,26,4,2025,True
20250127,2025-01-27,2025,1,2025-Q1,1,January,leden,2025-01,2025-01-01,27,1,Monday,pondělí,27,5,2025,False
20250128,2025-01-28,2025,1,2025-Q1,1,January,leden,2025-01,2025-01-01,28,2,Tuesday,úterý,28,5,2025,False
20250129,2025-01-29,2025,1,2025-Q1,1,January,leden,2025-01,2025-01-01,29,3,Wednesday,středa,29,5,2025,False
20250130,2025-01-30,2025,1,2025-Q1,1,January,leden,2025-01,2025-01-01,30,4,Thursday,čtvrtek,30,5,2025,False
20250131,2025-01-31,2025,1,2025-Q1,1,January,leden,2025-01,2025-01-01,31,5,Friday,pátek,31,5,2025,False
20250201,2025-02-01,2025,1,2025-Q1,2,February,únor,2025-02,2025-02-01,1,6,Saturday,sobota,32,5,2025,True
20250202,2025-02-02,2025,1,2025-Q1,2,February,únor,2025-02,2025-02-01,2,7,Sunday,neděle,33,5,2025,True
20250203,2025-02-03,2025,1,2025-Q1,2,February,únor,2025-02,2025-02-01,3,1,Monday,pondělí,34,6,2025,False
20250204,2025-02-04,2025,1,2025-Q1,2,February,únor,2025-02,2025-02-01,4,2,Tuesday,úterý,35,6,2025,False
20250205,2025-02-05,2025,1,2025-Q1,2,February,únor,2025-02,2025-02-01,5,3,Wednesday,středa,36,6,2025,False
20250206,2025-02-06,2025,1,2025-Q1,2,February,únor,2025-02,2025-02-01,6,4,Thursday,čtvrtek,37,6,2025,False
20250207,2025-02-07,2025,1,2025-Q1,2,February,únor,2025-02,2025-02-01,7,5,Friday,pátek,38,6,2025,False
20250208,2025-02-08,2025,1,2025-Q1,2,February,únor,2025-02,2025-02-01,8,6,Saturday,sobota,39,6,2025,True
20250209,2025-02-09,2025,1,2025-Q1,2,February,únor,2025-02,2025-02-01,9,7,Sunday,neděle,40,6,2025,True
20250210,2025-02-10,2025,1,2025-Q1,2,February,únor,2025-02,2025-02-01,10,1,Monday,pondělí,41,7,2025,False
20250211,2025-02-11,2025,1,2025-Q1,2,February,únor,2025-02,2025-02-01,11,2,Tuesday,úterý,42,7,2025,False
20250212,2025-02-12,2025,1,2025-Q1,2,February,únor,2025-02,2025-02-01,12,3,Wednesday,středa,43,7,2025,False
20250213,2025-02-13,2025,1,2025-Q1,2,February,únor,2025-02,2025-02-01,13,4,Thursday,čtvrtek,44,7,2025,False
20250214,2025-02-14,2025,1,2025-Q1,2,February,únor,2025-02,2025-02-01,14,5,Friday,pátek,45,7,2025,False
20250215,2025-02-15,2025,1,2025-Q1,2,February,únor,2025-02,2025-02-01,15,6,Saturday,sobota,46,7,2025,True
20250216,2025-02-16,2025,1,2025-Q1,2,February,únor,2025-02,2025-02-01,16,7,Sunday,neděle,47,7,2025,True
20250217,2025-02-17,2025,1,2025-Q1,2,February,únor,2025-02,2025-02-01,17,1,Monday,pondělí,48,8,2025,False
20250218,2025-02-18,2025,1,2025-Q1,2,February,únor,2025-02,2025-02-01,18,2,Tuesday,úterý,49,8,2025,False
20250219,2025-02-19,2025,1,2025-Q1,2,February,únor,2025-02,2025-02-01,19,3,Wednesday,středa,50,8,2025,False
20250220,2025-02-20,2025,1,2025-Q1,2,February,únor,2025-02,2025-02-01,20,4,Thursday,čtvrtek,51,8,2025,False
20250221,2025-02-21,2025,1,2025-Q1,2,February,únor,2025-02,2025-02-01,21,5,Friday,pátek,52,8,2025,False
20250222,2025-02-22,2025,1,2025-Q1,2,February,únor,2025-02,2025-02-01,22,6,Saturday,sobota,53,8,2025,True
20250223,2025-02-23,2025,1,2025-Q1,2,February,únor,2025-02,2025-02-01,23,7,Sunday,neděle,54,8,2025,True
20250224,2025-02-24,2025,1,2025-Q1,2,February,únor,2025-02,2025-02-01,24,1,Monday,pondělí,55,9,2025,False
20250225,2025-02-25,2025,1,2025-Q1,2,February,únor,2025-02,2025-02-01,25,2,Tuesday,úterý,56,9,2025,False
20250226,2025-02-26,2025,1,2025-Q1,2,February,únor,2025-02,2025-02-01,26,3,Wednesday,středa,57,9,2025,False
20250227,2025-02-27,2025,1,2025-Q1,2,February,únor,2025-02,2025-02-01,27,4,Thursday,čtvrtek,58,9,2025,False
20250228,2025-02-28,2025,1,2025-Q1,2,February,únor,2025-02,2025-02-01,28,5,Friday,pátek,59,9,2025,False
20250301,2025-03-01,2025,1,2025-Q1,3,March,březen,2025-03,2025-03-01,1,6,Saturday,sobota,60,9,2025,True
20250302,2025-03-02,2025,1,2025-Q1,3,March,březen,2025-03,2025-03-01,2,7,Sunday,neděle,61,9,2025,True
20250303,2025-03-03,2025,1,2025-Q1,3,March,březen,2025-03,2025-03-01,3,1,Monday,pondělí,62,10,2025,False
20250304,2025-03-04,2025,1,2025-Q1,3,March,březen,2025-03,2025-03-01,4,2,Tuesday,úterý,63,10,2025,False
20250305,2025-03-05,2025,1,2025-Q1,3,March,březen,2025-03,2025-03-01,5,3,Wednesday,středa,64,10,2025,False
20250306,2025-03-06,2025,1,2025-Q1,3,March,březen,2025-03,2025-03-01,6,4,Thursday,čtvrtek,65,10,2025,False
20250307,2025-03-07,2025,1,2025-Q1,3,March,březen,2025-03,2025-03-01,7,5,Friday,pátek,66,10,2025,False
20250308,2025-03-08,2025,1,2025-Q1,3,March,březen,2025-03,2025-03-01,8,6,Saturday,sobota,67,10,2025,True
20250309,2025-03-09,2025,1,2025-Q1,3,March,březen,2025-03,2025-03-01,9,7,Sunday,neděle,68,10,2025,True
20250310,2025-03-10,2025,1,2025-Q1,3,March,březen,2025-03,2025-03-01,10,1,Monday,pondělí,69,11,2025,False
20250311,2025-03-11,2025,1,2025-Q1,3,March,březen,2025-03,2025-03-01,11,2,Tuesday,úterý,70,11,2025,False
20250312,2025-03-12,2025,1,2025-Q1,3,March,březen,2025-03,2025-03-01,12,3,Wednesday,středa,71,11,2025,False
20250313,2025-03-13,2025,1,2025-Q1,3,March,březen,2025-03,2025-03-01,13,4,Thursday,čtvrtek,72,11,2025,False
20250314,2025-03-14,2025,1,2025-Q1,3,March,březen,2025-03,2025-03-01,14,5,Friday,pátek,73,11,2025,False
20250315,2025-03-15,2025,1,2025-Q1,3,March,březen,2025-03,2025-03-01,15,6,Saturday,sobota,74,11,2025,True
20250316,2025-03-16,2025,1,2025-Q1,3,March,březen,2025-03,2025-03-01,16,7,Sunday,neděle,75,11,2025,True
20250317,2025-03-17,2025,1,2025-Q1,3,March,březen,2025-03,2025-03-01,17,1,Monday,pondělí,76,12,2025,False
20250318,2025-03-18,2025,1,2025-Q1,3,March,březen,2025-03,2025-03-01,18,2,Tuesday,úterý,77,12,2025,False
20250319,2025-03-19,2025,1,2025-Q1,3,March,březen,2025-03,2025-03-01,19,3,Wednesday,středa,78,12,2025,False
20250320,2025-03-20,2025,1,2025-Q1,3,March,březen,2025-03,2025-03-01,20,4,Thursday,čtvrtek,79,12,2025,False
20250321,2025-03-21,2025,1,2025-Q1,3,March,březen,2025-03,2025-03-01,21,5,Friday,pátek,80,12,2025,False
20250322,2025-03-22,2025,1,2025-Q1,3,March,březen,2025-03,2025-03-01,22,6,Saturday,sobota,81,12,2025,True
20250323,2025-03-23,2025,1,2025-Q1,3,March,březen,2025-03,2025-03-01,23,7,Sunday,neděle,82,12,2025,True
20250324,2025-03-24,2025,1,2025-Q1,3,March,březen,2025-03,2025-03-01,24,1,Monday,pondělí,83,13,2025,False
20250325,2025-03-25,2025,1,2025-Q1,3,March,březen,2025-03,2025-03-01,25,2,Tuesday,úterý,84,13,2025,False
20250326,2025-03-26,2025,1,2025-Q1,3,March,březen,2025-03,2025-03-01,26,3,Wednesday,středa,85,13,2025,False
20250327,2025-03-27,2025,1,2025-Q1,3,March,březen,2025-03,2025-03-01,27,4,Thursday,čtvrtek,86,13,2025,False
20250328,2025-03-28,2025,1,2025-Q1,3,March,březen,2025-03,2025-03-01,28,5,Friday,pátek,87,13,2025,False
20250329,2025-03-29,2025,1,2025-Q1,3,March,březen,2025-03,2025-03-01,29,6,Saturday,sobota,88,13,2025,True
20250330,2025-03-30,2025,1,2025-Q1,3,March,březen,2025-03,2025-03-01,30,7,Sunday,neděle,89,13,2025,True
20250331,2025-03-31,2025,1,2025-Q1,3,March,březen,2025-03,2025-03-01,31,1,Monday,pondělí,90,14,2025,False
20250401,2025-04-01,2025,2,2025-Q2,4,April,duben,2025-04,2025-04-01,1,2,Tuesday,úterý,91,14,2025,False
20250402,2025-04-02,2025,2,2025-Q2,4,April,duben,2025-04,2025-04-01,2,3,Wednesday,středa,92,14,2025,False
20250403,2025-04-03,2025,2,2025-Q2,4,April,duben,2025-04,2025-04-01,3,4,Thursday,čtvrtek,93,14,2025,False
20250404,2025-04-04,2025,2,2025-Q2,4,April,duben,2025-04,2025-04-01,4,5,Friday,pátek,94,14,2025,False
20250405,2025-04-05,2025,2,2025-Q2,4,April,duben,2025-04,2025-04-01,5,6,Saturday,sobota,95,14,2025,True
20250406,2025-04-06,2025,2,2025-Q2,4,April,duben,2025-04,2025-04-01,6,7,Sunday,neděle,96,14,2025,True
20250407,2025-04-07,2025,2,2025-Q2,4,April,duben,2025-04,2025-04-01,7,1,Monday,pondělí,97,15,2025,False
20250408,2025-04-08,2025,2,2025-Q2,4,April,duben,2025-04,2025-04-01,8,2,Tuesday,úterý,98,15,2025,False
20250409,2025-04-09,2025,2,2025-Q2,4,April,duben,2025-04,2025-04-01,9,3,Wednesday,středa,99,15,2025,False
20250410,2025-04-10,2025,2,2025-Q2,4,April,duben,2025-04,2025-04-01,10,4,Thursday,čtvrtek,100,15,2025,False
20250411,2025-04-11,2025,2,2025-Q2,4,April,duben,2025-04,2025-04-01,11,5,Friday,pátek,101,15,2025,False
20250412,2025-04-12,2025,2,2025-Q2,4,April,duben,2025-04,2025-04-01,12,6,Saturday,sobota,102,15,2025,True
20250413,2025-04-13,2025,2,2025-Q2,4,April,duben,2025-04,2025-04-01,13,7,Sunday,neděle,103,15,2025,True
20250414,2025-04-14,2025,2,2025-Q2,4,April,duben,2025-04,2025-04-01,14,1,Monday,pondělí,104,16,2025,False
20250415,2025-04-15,2025,2,2025-Q2,4,April,duben,2025-04,2025-04-01,15,2,Tuesday,úterý,105,16,2025,False
20250416,2025-04-16,2025,2,2025-Q2,4,April,duben,2025-04,2025-04-01,16,3,Wednesday,středa,106,16,2025,False
20250417,2025-04-17,2025,2,2025-Q2,4,April,duben,2025-04,2025-04-01,17,4,Thursday,čtvrtek,107,16,2025,False
20250418,2025-04-18,2025,2,2025-Q2,4,April,duben,2025-04,2025-04-01,18,5,Friday,pátek,108,16,2025,False
20250419,2025-04-19,2025,2,2025-Q2,4,April,duben,2025-04,2025-04-01,19,6,Saturday,sobota,109,16,2025,True
20250420,2025-04-20,2025,2,2025-Q2,4,April,duben,2025-04,2025-04-01,20,7,Sunday,neděle,110,16,2025,True
20250421,2025-04-21,2025,2,2025-Q2,4,April,duben,2025-04,2025-04-01,21,1,Monday,pondělí,111,17,2025,False
20250422,2025-04-22,2025,2,2025-Q2,4,April,duben,2025-04,2025-04-01,22,2,Tuesday,úterý,112,17,2025,False
20250423,2025-04-23,2025,2,2025-Q2,4,April,duben,2025-04,2025-04-01,23,3,Wednesday,středa,113,17,2025,False
20250424,2025-04-24,2025,2,2025-Q2,4,April,duben,2025-04,2025-04-01,24,4,Thursday,čtvrtek,114,17,2025,False
20250425,2025-04-25,2025,2,2025-Q2,4,April,duben,2025-04,2025-04-01,25,5,Friday,pátek,115,17,2025,False
20250426,2025-04-26,2025,2,2025-Q2,4,April,duben,2025-04,2025-04-01,26,6,Saturday,sobota,116,17,2025,True
20250427,2025-04-27,2025,2,2025-Q2,4,April,duben,2025-04,2025-04-01,27,7,Sunday,neděle,117,17,2025,True
20250428,2025-04-28,2025,2,2025-Q2,4,April,duben,2025-04,2025-04-01,28,1,Monday,pondělí,118,18,2025,False
20250429,2025-04-29,2025,2,2025-Q2,4,April,duben,2025-04,2025-04-01,29,2,Tuesday,úterý,119,18,2025,False
20250430,2025-04-30,2025,2,2025-Q2,4,April,duben,2025-04,2025-04-01,30,3,Wednesday,středa,120,18,2025,False
20250501,2025-05-01,2025,2,2025-Q2,5,May,květen,2025-05,2025-05-01,1,4,Thursday,čtvrtek,121,18,2025,False
20250502,2025-05-02,2025,2,2025-Q2,5,May,květen,2025-05,2025-05-01,2,5,Friday,pátek,122,18,2025,False
20250503,2025-05-03,2025,2,2025-Q2,5,May,květen,2025-05,2025-05-01,3,6,Saturday,sobota,123,18,2025,True
20250504,2025-05-04,2025,2,2025-Q2,5,May,květen,2025-05,2025-05-01,4,7,Sunday,neděle,124,18,2025,True
20250505,2025-05-05,2025,2,2025-Q2,5,May,květen,2025-05,2025-05-01,5,1,Monday,pondělí,125,19,2025,False
20250506,2025-05-06,2025,2,2025-Q2,5,May,květen,2025-05,2025-05-01,6,2,Tuesday,úterý,126,19,2025,False
20250507,2025-05-07,2025,2,2025-Q2,5,May,květen,2025-05,2025-05-01,7,3,Wednesday,středa,127,19,2025,False
20250508,2025-05-08,2025,2,2025-Q2,5,May,květen,2025-05,2025-05-01,8,4,Thursday,čtvrtek,128,19,2025,False
20250509,2025-05-09,2025,2,2025-Q2,5,May,květen,2025-05,2025-05-01,9,5,Friday,pátek,129,19,2025,False
20250510,2025-05-10,2025,2,2025-Q2,5,May,květen,2025-05,2025-05-01,10,6,Saturday,sobota,130,19,2025,True
20250511,2025-05-11,2025,2,2025-Q2,5,May,květen,2025-05,2025-05-01,11,7,Sunday,neděle,131,19,2025,True
20250512,2025-05-12,2025,2,2025-Q2,5,May,květen,2025-05,2025-05-01,12,1,Monday,pondělí,132,20,2025,False
20250513,2025-05-13,2025,2,2025-Q2,5,May,květen,2025-05,2025-05-01,13,2,Tuesday,úterý,133,20,2025,False
20250514,2025-05-14,2025,2,2025-Q2,5,May,květen,2025-05,2025-05-01,14,3,Wednesday,středa,134,20,2025,False
20250515,2025-05-15,2025,2,2025-Q2,5,May,květen,2025-05,2025-05-01,15,4,Thursday,čtvrtek,135,20,2025,False
20250516,2025-05-16,2025,2,2025-Q2,5,May,květen,2025-05,2025-05-01,16,5,Friday,pátek,136,20,2025,False
20250517,2025-05-17,2025,2,2025-Q2,5,May,květen,2025-05,2025-05-01,17,6,Saturday,sobota,137,20,2025,True
20250518,2025-05-18,2025,2,2025-Q2,5,May,květen,2025-05,2025-05-01,18,7,Sunday,neděle,138,20,2025,True
20250519,2025-05-19,2025,2,2025-Q2,5,May,květen,2025-05,2025-05-01,19,1,Monday,pondělí,139,21,2025,False
20250520,2025-05-20,2025,2,2025-Q2,5,May,květen,2025-05,2025-05-01,20,2,Tuesday,úterý,140,21,2025,False
20250521,2025-05-21,2025,2,2025-Q2,5,May,květen,2025-05,2025-05-01,21,3,Wednesday,středa,141,21,2025,False
20250522,2025-05-22,2025,2,2025-Q2,5,May,květen,2025-05,2025-05-01,22,4,Thursday,čtvrtek,142,21,2025,False
20250523,2025-05-23,2025,2,2025-Q2,5,May,květen,2025-05,2025-05-01,23,5,Friday,pátek,143,21,2025,False
20250524,2025-05-24,2025,2,2025-Q2,5,May,květen,2025-05,2025-05-01,24,6,Saturday,sobota,144,21,2025,True
20250525,2025-05-25,2025,2,2025-Q2,5,May,květen,2025-05,2025-05-01,25,7,Sunday,neděle,145,21,2025,True
20250526,2025-05-26,2025,2,2025-Q2,5,May,květen,2025-05,2025-05-01,26,1,Monday,pondělí,146,22,2025,False
20250527,2025-05-27,2025,2,2025-Q2,5,May,květen,2025-05,2025-05-01,27,2,Tuesday,úterý,147,22,2025,False
20250528,2025-05-28,2025,2,2025-Q2,5,May,květen,2025-05,2025-05-01,28,3,Wednesday,středa,148,22,2025,False
20250529,2025-05-29,2025,2,2025-Q2,5,May,květen,2025-05,2025-05-01,29,4,Thursday,čtvrtek,149,22,2025,False
20250530,2025-05-30,2025,2,2025-Q2,5,May,květen,2025-05,2025-05-01,30,5,Friday,pátek,150,22,2025,False
20250531,2025-05-31,2025,2,2025-Q2,5,May,květen,2025-05,2025-05-01,31,6,Saturday,sobota,151,22,2025,True
20250601,2025-06-01,2025,2,2025-Q2,6,June,červen,2025-06,2025-06-01,1,7,Sunday,neděle,152,22,2025,True
20250602,2025-06-02,2025,2,2025-Q2,6,June,červen,2025-06,2025-06-01,2,1,Monday,pondělí,153,23,2025,False
20250603,2025-06-03,2025,2,2025-Q2,6,June,červen,2025-06,2025-06-01,3,2,Tuesday,úterý,154,23,2025,False
20250604,2025-06-04,2025,2,2025-Q2,6,June,červen,2025-06,2025-06-01,4,3,Wednesday,středa,155,23,2025,False
20250605,2025-06-05,2025,2,2025-Q2,6,June,červen,2025-06,2025-06-01,5,4,Thursday,čtvrtek,156,23,2025,False
20250606,2025-06-06,2025,2,2025-Q2,6,June,červen,2025-06,2025-06-01,6,5,Friday,pátek,157,23,2025,False
20250607,2025-06-07,2025,2,2025-Q2,6,June,červen,2025-06,2025-06-01,7,6,Saturday,sobota,158,23,2025,True
20250608,2025-06-08,2025,2,2025-Q2,6,June,červen,2025-06,2025-06-01,8,7,Sunday,neděle,159,23,2025,True
20250609,2025-06-09,2025,2,2025-Q2,6,June,červen,2025-06,2025-06-01,9,1,Monday,pondělí,160,24,2025,False
20250610,2025-06-10,2025,2,2025-Q2,6,June,červen,2025-06,2025-06-01,10,2,Tuesday,úterý,161,24,2025,False
20250611,2025-06-11,2025,2,2025-Q2,6,June,červen,2025-06,2025-06-01,11,3,Wednesday,středa,162,24,2025,False
20250612,2025-06-12,2025,2,2025-Q2,6,June,červen,2025-06,2025-06-01,12,4,Thursday,čtvrtek,163,24,2025,False
20250613,2025-06-13,2025,2,2025-Q2,6,June,červen,2025-06,2025-06-01,13,5,Friday,pátek,164,24,2025,False
20250614,2025-06-14,2025,2,2025-Q2,6,June,červen,2025-06,2025-06-01,14,6,Saturday,sobota,165,24,2025,True
20250615,2025-06-15,2025,2,2025-Q2,6,June,červen,2025-06,2025-06-01,15,7,Sunday,neděle,166,24,2025,True
20250616,2025-06-16,2025,2,2025-Q2,6,June,červen,2025-06,2025-06-01,16,1,Monday,pondělí,167,25,2025,False
20250617,2025-06-17,2025,2,2025-Q2,6,June,červen,2025-06,2025-06-01,17,2,Tuesday,úterý,168,25,2025,False
20250618,2025-06-18,2025,2,2025-Q2,6,June,červen,2025-06,2025-06-01,18,3,Wednesday,středa,169,25,2025,False
20250619,2025-06-19,2025,2,2025-Q2,6,June,červen,2025-06,2025-06-01,19,4,Thursday,čtvrtek,170,25,2025,False
20250620,2025-06-20,2025,2,2025-Q2,6,June,červen,2025-06,2025-06-01,20,5,Friday,pátek,171,25,2025,False
20250621,2025-06-21,2025,2,2025-Q2,6,June,červen,2025-06,2025-06-01,21,6,Saturday,sobota,172,25,2025,True
20250622,2025-06-22,2025,2,2025-Q2,6,June,červen,2025-06,2025-06-01,22,7,Sunday,neděle,173,25,2025,True
20250623,2025-06-23,2025,2,2025-Q2,6,June,červen,2025-06,2025-06-01,23,1,Monday,pondělí,174,26,2025,False
20250624,2025-06-24,2025,2,2025-Q2,6,June,červen,2025-06,2025-06-01,24,2,Tuesday,úterý,175,26,2025,False
20250625,2025-06-25,2025,2,2025-Q2,6,June,červen,2025-06,2025-06-01,25,3,Wednesday,středa,176,26,2025,False
20250626,2025-06-26,2025,2,2025-Q2,6,June,červen,2025-06,2025-06-01,26,4,Thursday,čtvrtek,177,26,2025,False
20250627,2025-06-27,2025,2,2025-Q2,6,June,červen,2025-06,2025-06-01,27,5,Friday,pátek,178,26,2025,False
20250628,2025-06-28,2025,2,2025-Q2,6,June,červen,2025-06,2025-06-01,28,6,Saturday,sobota,179,26,2025,True
20250629,2025-06-29,2025,2,2025-Q2,6,June,červen,2025-06,2025-06-01,29,7,Sunday,neděle,180,26,2025,True
20250630,2025-06-30,2025,2,2025-Q2,6,June,červen,2025-06,2025-06-01,30,1,Monday,pondělí,181,27,2025,False
20250701,2025-07-01,2025,3,2025-Q3,7,July,červenec,2025-07,2025-07-01,1,2,Tuesday,úterý,182,27,2025,False
20250702,2025-07-02,2025,3,2025-Q3,7,July,červenec,2025-07,2025-07-01,2,3,Wednesday,středa,183,27,2025,False
20250703,2025-07-03,2025,3,2025-Q3,7,July,červenec,2025-07,2025-07-01,3,4,Thursday,čtvrtek,184,27,2025,False
20250704,2025-07-04,2025,3,2025-Q3,7,July,červenec,2025-07,2025-07-01,4,5,Friday,pátek,185,27,2025,False
20250705,2025-07-05,2025,3,2025-Q3,7,July,červenec,2025-07,2025-07-01,5,6,Saturday,sobota,186,27,2025,True
20250706,2025-07-06,2025,3,2025-Q3,7,July,červenec,2025-07,2025-07-01,6,7,Sunday,neděle,187,27,2025,True
20250707,2025-07-07,2025,3,2025-Q3,7,July,červenec,2025-07,2025-07-01,7,1,Monday,pondělí,188,28,2025,False
20250708,2025-07-08,2025,3,2025-Q3,7,July,červenec,2025-07,2025-07-01,8,2,Tuesday,úterý,189,28,2025,False
20250709,2025-07-09,2025,3,2025-Q3,7,July,červenec,2025-07,2025-07-01,9,3,Wednesday,středa,190,28,2025,False
20250710,2025-07-10,2025,3,2025-Q3,7,July,červenec,2025-07,2025-07-01,10,4,Thursday,čtvrtek,191,28,2025,False
20250711,2025-07-11,2025,3,2025-Q3,7,July,červenec,2025-07,2025-07-01,11,5,Friday,pátek,192,28,2025,False
20250712,2025-07-12,2025,3,2025-Q3,7,July,červenec,2025-07,2025-07-01,12,6,Saturday,sobota,193,28,2025,True
20250713,2025-07-13,2025,3,2025-Q3,7,July,červenec,2025-07,2025-07-01,13,7,Sunday,neděle,194,28,2025,True
20250714,2025-07-14,2025,3,2025-Q3,7,July,červenec,2025-07,2025-07-01,14,1,Monday,pondělí,195,29,2025,False
20250715,2025-07-15,2025,3,2025-Q3,7,July,červenec,2025-07,2025-07-01,15,2,Tuesday,úterý,196,29,2025,False
20250716,2025-07-16,2025,3,2025-Q3,7,July,červenec,2025-07,2025-07-01,16,3,Wednesday,středa,197,29,2025,False
20250717,2025-07-17,2025,3,2025-Q3,7,July,červenec,2025-07,2025-07-01,17,4,Thursday,čtvrtek,198,29,2025,False
20250718,2025-07-18,2025,3,2025-Q3,7,July,červenec,2025-07,2025-07-01,18,5,Friday,pátek,199,29,2025,False
20250719,2025-07-19,2025,3,2025-Q3,7,July,červenec,2025-07,2025-07-01,19,6,Saturday,sobota,200,29,2025,True
20250720,2025-07-20,2025,3,2025-Q3,7,July,červenec,2025-07,2025-07-01,20,7,Sunday,neděle,201,29,2025,True
20250721,2025-07-21,2025,3,2025-Q3,7,July,červenec,2025-07,2025-07-01,21,1,Monday,pondělí,202,30,2025,False
20250722,2025-07-22,2025,3,2025-Q3,7,July,červenec,2025-07,2025-07-01,22,2,Tuesday,úterý,203,30,2025,False
20250723,2025-07-23,2025,3,2025-Q3,7,July,červenec,2025-07,2025-07-01,23,3,Wednesday,středa,204,30,2025,False
20250724,2025-07-24,2025,3,2025-Q3,7,July,červenec,2025-07,2025-07-01,24,4,Thursday,čtvrtek,205,30,2025,False
20250725,2025-07-25,2025,3,2025-Q3,7,July,červenec,2025-07,2025-07-01,25,5,Friday,pátek,206,30,2025,False
20250726,2025-07-26,2025,3,2025-Q3,7,July,červenec,2025-07,2025-07-01,26,6,Saturday,sobota,207,30,2025,True
20250727,2025-07-27,2025,3,2025-Q3,7,July,červenec,2025-07,2025-07-01,27,7,Sunday,neděle,208,30,2025,True
20250728,2025-07-28,2025,3,2025-Q3,7,July,červenec,2025-07,2025-07-01,28,1,Monday,pondělí,209,31,2025,False
20250729,2025-07-29,2025,3,2025-Q3,7,July,červenec,2025-07,2025-07-01,29,2,Tuesday,úterý,210,31,2025,False
20250730,2025-07-30,2025,3,2025-Q3,7,July,červenec,2025-07,2025-07-01,30,3,Wednesday,středa,211,31,2025,False
20250731,2025-07-31,2025,3,2025-Q3,7,July,červenec,2025-07,2025-07-01,31,4,Thursday,čtvrtek,212,31,2025,False
20250801,2025-08-01,2025,3,2025-Q3,8,August,srpen,2025-08,2025-08-01,1,5,Friday,pátek,213,31,2025,False
20250802,2025-08-02,2025,3,2025-Q3,8,August,srpen,2025-08,2025-08-01,2,6,Saturday,sobota,214,31,2025,True
20250803,2025-08-03,2025,3,2025-Q3,8,August,srpen,2025-08,2025-08-01,3,7,Sunday,neděle,215,31,2025,True
20250804,2025-08-04,2025,3,2025-Q3,8,August,srpen,2025-08,2025-08-01,4,1,Monday,pondělí,216,32,2025,False
20250805,2025-08-05,2025,3,2025-Q3,8,August,srpen,2025-08,2025-08-01,5,2,Tuesday,úterý,217,32,2025,False
20250806,2025-08-06,2025,3,2025-Q3,8,August,srpen,2025-08,2025-08-01,6,3,Wednesday,středa,218,32,2025,False
20250807,2025-08-07,2025,3,2025-Q3,8,August,srpen,2025-08,2025-08-01,7,4,Thursday,čtvrtek,219,32,2025,False
20250808,2025-08-08,2025,3,2025-Q3,8,August,srpen,2025-08,2025-08-01,8,5,Friday,pátek,220,32,2025,False
20250809,2025-08-09,2025,3,2025-Q3,8,August,srpen,2025-08,2025-08-01,9,6,Saturday,sobota,221,32,2025,True
20250810,2025-08-10,2025,3,2025-Q3,8,August,srpen,2025-08,2025-08-01,10,7,Sunday,neděle,222,32,2025,True
20250811,2025-08-11,2025,3,2025-Q3,8,August,srpen,2025-08,2025-08-01,11,1,Monday,pondělí,223,33,2025,False
20250812,2025-08-12,2025,3,2025-Q3,8,August,srpen,2025-08,2025-08-01,12,2,Tuesday,úterý,224,33,2025,False
20250813,2025-08-13,2025,3,2025-Q3,8,August,srpen,2025-08,2025-08-01,13,3,Wednesday,středa,225,33,2025,False
20250814,2025-08-14,2025,3,2025-Q3,8,August,srpen,2025-08,2025-08-01,14,4,Thursday,čtvrtek,226,33,2025,False
20250815,2025-08-15,2025,3,2025-Q3,8,August,srpen,2025-08,2025-08-01,15,5,Friday,pátek,227,33,2025,False
20250816,2025-08-16,2025,3,2025-Q3,8,August,srpen,2025-08,2025-08-01,16,6,Saturday,sobota,228,33,2025,True
20250817,2025-08-17,2025,3,2025-Q3,8,August,srpen,2025-08,2025-08-01,17,7,Sunday,neděle,229,33,2025,True
20250818,2025-08-18,2025,3,2025-Q3,8,August,srpen,2025-08,2025-08-01,18,1,Monday,pondělí,230,34,2025,False
20250819,2025-08-19,2025,3,2025-Q3,8,August,srpen,2025-08,2025-08-01,19,2,Tuesday,úterý,231,34,2025,False
20250820,2025-08-20,2025,3,2025-Q3,8,August,srpen,2025-08,2025-08-01,20,3,Wednesday,středa,232,34,2025,False
20250821,2025-08-21,2025,3,2025-Q3,8,August,srpen,2025-08,2025-08-01,21,4,Thursday,čtvrtek,233,34,2025,False
20250822,2025-08-22,2025,3,2025-Q3,8,August,srpen,2025-08,2025-08-01,22,5,Friday,pátek,234,34,2025,False
20250823,2025-08-23,2025,3,2025-Q3,8,August,srpen,2025-08,2025-08-01,23,6,Saturday,sobota,235,34,2025,True
20250824,2025-08-24,2025,3,2025-Q3,8,August,srpen,2025-08,2025-08-01,24,7,Sunday,neděle,236,34,2025,True
20250825,2025-08-25,2025,3,2025-Q3,8,August,srpen,2025-08,2025-08-01,25,1,Monday,pondělí,237,35,2025,False
20250826,2025-08-26,2025,3,2025-Q3,8,August,srpen,2025-08,2025-08-01,26,2,Tuesday,úterý,238,35,2025,False
20250827,2025-08-27,2025,3,2025-Q3,8,August,srpen,2025-08,2025-08-01,27,3,Wednesday,středa,239,35,2025,False
20250828,2025-08-28,2025,3,2025-Q3,8,August,srpen,2025-08,2025-08-01,28,4,Thursday,čtvrtek,240,35,2025,False
20250829,2025-08-29,2025,3,2025-Q3,8,August,srpen,2025-08,2025-08-01,29,5,Friday,pátek,241,35,2025,False
20250830,2025-08-30,2025,3,2025-Q3,8,August,srpen,2025-08,2025-08-01,30,6,Saturday,sobota,242,35,2025,True
20250831,2025-08-31,2025,3,2025-Q3,8,August,srpen,2025-08,2025-08-01,31,7,Sunday,neděle,243,35,2025,True
20250901,2025-09-01,2025,3,2025-Q3,9,September,září,2025-09,2025-09-01,1,1,Monday,pondělí,244,36,2025,False
20250902,2025-09-02,2025,3,2025-Q3,9,September,září,2025-09,2025-09-01,2,2,Tuesday,úterý,245,36,2025,False
20250903,2025-09-03,2025,3,2025-Q3,9,September,září,2025-09,2025-09-01,3,3,Wednesday,středa,246,36,2025,False
20250904,2025-09-04,2025,3,2025-Q3,9,September,září,2025-09,2025-09-01,4,4,Thursday,čtvrtek,247,36,2025,False
20250905,2025-09-05,2025,3,2025-Q3,9,September,září,2025-09,2025-09-01,5,5,Friday,pátek,248,36,2025,False
20250906,2025-09-06,2025,3,2025-Q3,9,September,září,2025-09,2025-09-01,6,6,Saturday,sobota,249,36,2025,True
20250907,2025-09-07,2025,3,2025-Q3,9,September,září,2025-09,2025-09-01,7,7,Sunday,neděle,250,36,2025,True
20250908,2025-09-08,2025,3,2025-Q3,9,September,září,2025-09,2025-09-01,8,1,Monday,pondělí,251,37,2025,False
20250909,2025-09-09,2025,3,2025-Q3,9,September,září,2025-09,2025-09-01,9,2,Tuesday,úterý,252,37,2025,False
20250910,2025-09-10,2025,3,2025-Q3,9,September,září,2025-09,2025-09-01,10,3,Wednesday,středa,253,37,2025,False
20250911,2025-09-11,2025,3,2025-Q3,9,September,září,2025-09,2025-09-01,11,4,Thursday,čtvrtek,254,37,2025,False
20250912,2025-09-12,2025,3,2025-Q3,9,September,září,2025-09,2025-09-01,12,5,Friday,pátek,255,37,2025,False
20250913,2025-09-13,2025,3,2025-Q3,9,September,září,2025-09,2025-09-01,13,6,Saturday,sobota,256,37,2025,True
20250914,2025-09-14,2025,3,2025-Q3,9,September,září,2025-09,2025-09-01,14,7,Sunday,neděle,257,37,2025,True
20250915,2025-09-15,2025,3,2025-Q3,9,September,září,2025-09,2025-09-01,15,1,Monday,pondělí,258,38,2025,False
20250916,2025-09-16,2025,3,2025-Q3,9,September,září,2025-09,2025-09-01,16,2,Tuesday,úterý,259,38,2025,False
20250917,2025-09-17,2025,3,2025-Q3,9,September,září,2025-09,2025-09-01,17,3,Wednesday,středa,260,38,2025,False
20250918,2025-09-18,2025,3,2025-Q3,9,September,září,2025-09,2025-09-01,18,4,Thursday,čtvrtek,261,38,2025,False
20250919,2025-09-19,2025,3,2025-Q3,9,September,září,2025-09,2025-09-01,19,5,Friday,pátek,262,38,2025,False
20250920,2025-09-20,2025,3,2025-Q3,9,September,září,2025-09,2025-09-01,20,6,Saturday,sobota,263,38,2025,True
20250921,2025-09-21,2025,3,2025-Q3,9,September,září,2025-09,2025-09-01,21,7,Sunday,neděle,264,38,2025,True
20250922,2025-09-22,2025,3,2025-Q3,9,September,září,2025-09,2025-09-01,22,1,Monday,pondělí,265,39,2025,False
20250923,2025-09-23,2025,3,2025-Q3,9,September,září,2025-09,2025-09-01,23,2,Tuesday,úterý,266,39,2025,False
20250924,2025-09-24,2025,3,2025-Q3,9,September,září,2025-09,2025-09-01,24,3,Wednesday,středa,267,39,2025,False
20250925,2025-09-25,2025,3,2025-Q3,9,September,září,2025-09,2025-09-01,25,4,Thursday,čtvrtek,268,39,2025,False
20250926,2025-09-26,2025,3,2025-Q3,9,September,září,2025-09,2025-09-01,26,5,Friday,pátek,269,39,2025,False
20250927,2025-09-27,2025,3,2025-Q3,9,September,září,2025-09,2025-09-01,27,6,Saturday,sobota,270,39,2025,True
20250928,2025-09-28,2025,3,2025-Q3,9,September,září,2025-09,2025-09-01,28,7,Sunday,neděle,271,39,2025,True
20250929,2025-09-29,2025,3,2025-Q3,9,September,září,2025-09,2025-09-01,29,1,Monday,pondělí,272,40,2025,False
20250930,2025-09-30,2025,3,2025-Q3,9,September,září,2025-09,2025-09-01,30,2,Tuesday,úterý,273,40,2025,False
20251001,2025-10-01,2025,4,2025-Q4,10,October,říjen,2025-10,2025-10-01,1,3,Wednesday,středa,274,40,2025,False
20251002,2025-10-02,2025,4,2025-Q4,10,October,říjen,2025-10,2025-10-01,2,4,Thursday,čtvrtek,275,40,2025,False
20251003,2025-10-03,2025,4,2025-Q4,10,October,říjen,2025-10,2025-10-01,3,5,Friday,pátek,276,40,2025,False
20251004,2025-10-04,2025,4,2025-Q4,10,October,říjen,2025-10,2025-10-01,4,6,Saturday,sobota,277,40,2025,True
20251005,2025-10-05,2025,4,2025-Q4,10,October,říjen,2025-10,2025-10-01,5,7,Sunday,neděle,278,40,2025,True
20251006,2025-10-06,2025,4,2025-Q4,10,October,říjen,2025-10,2025-10-01,6,1,Monday,pondělí,279,41,2025,False
20251007,2025-10-07,2025,4,2025-Q4,10,October,říjen,2025-10,2025-10-01,7,2,Tuesday,úterý,280,41,2025,False
20251008,2025-10-08,2025,4,2025-Q4,10,October,říjen,2025-10,2025-10-01,8,3,Wednesday,středa,281,41,2025,False
20251009,2025-10-09,2025,4,2025-Q4,10,October,říjen,2025-10,2025-10-01,9,4,Thursday,čtvrtek,282,41,2025,False
20251010,2025-10-10,2025,4,2025-Q4,10,October,říjen,2025-10,2025-10-01,10,5,Friday,pátek,283,41,2025,False
20251011,2025-10-11,2025,4,2025-Q4,10,October,říjen,2025-10,2025-10-01,11,6,Saturday,sobota,284,41,2025,True
20251012,2025-10-12,2025,4,2025-Q4,10,October,říjen,2025-10,2025-10-01,12,7,Sunday,neděle,285,41,2025,True
20251013,2025-10-13,2025,4,2025-Q4,10,October,říjen,2025-10,2025-10-01,13,1,Monday,pondělí,286,42,2025,False
20251014,2025-10-14,2025,4,2025-Q4,10,October,říjen,2025-10,2025-10-01,14,2,Tuesday,úterý,287,42,2025,False
20251015,2025-10-15,2025,4,2025-Q4,10,October,říjen,2025-10,2025-10-01,15,3,Wednesday,středa,288,42,2025,False
20251016,2025-10-16,2025,4,2025-Q4,10,October,říjen,2025-10,2025-10-01,16,4,Thursday,čtvrtek,289,42,2025,False
20251017,2025-10-17,2025,4,2025-Q4,10,October,říjen,2025-10,2025-10-01,17,5,Friday,pátek,290,42,2025,False
20251018,2025-10-18,2025,4,2025-Q4,10,October,říjen,2025-10,2025-10-01,18,6,Saturday,sobota,291,42,2025,True
20251019,2025-10-19,2025,4,2025-Q4,10,October,říjen,2025-10,2025-10-01,19,7,Sunday,neděle,292,42,2025,True
20251020,2025-10-20,2025,4,2025-Q4,10,October,říjen,2025-10,2025-10-01,20,1,Monday,pondělí,293,43,2025,False
20251021,2025-10-21,2025,4,2025-Q4,10,October,říjen,2025-10,2025-10-01,21,2,Tuesday,úterý,294,43,2025,False
20251022,2025-10-22,2025,4,2025-Q4,10,October,říjen,2025-10,2025-10-01,22,3,Wednesday,středa,295,43,2025,False
20251023,2025-10-23,2025,4,2025-Q4,10,October,říjen,2025-10,2025-10-01,23,4,Thursday,čtvrtek,296,43,2025,False
20251024,2025-10-24,2025,4,2025-Q4,10,October,říjen,2025-10,2025-10-01,24,5,Friday,pátek,297,43,2025,False
20251025,2025-10-25,2025,4,2025-Q4,10,October,říjen,2025-10,2025-10-01,25,6,Saturday,sobota,298,43,2025,True
20251026,2025-10-26,2025,4,2025-Q4,10,October,říjen,2025-10,2025-10-01,26,7,Sunday,neděle,299,43,2025,True
20251027,2025-10-27,2025,4,2025-Q4,10,October,říjen,2025-10,2025-10-01,27,1,Monday,pondělí,300,44,2025,False
20251028,2025-10-28,2025,4,2025-Q4,10,October,říjen,2025-10,2025-10-01,28,2,Tuesday,úterý,301,44,2025,False
20251029,2025-10-29,2025,4,2025-Q4,10,October,říjen,2025-10,2025-10-01,29,3,Wednesday,středa,302,44,2025,False
20251030,2025-10-30,2025,4,2025-Q4,10,October,říjen,2025-10,2025-10-01,30,4,Thursday,čtvrtek,303,44,2025,False
20251031,2025-10-31,2025,4,2025-Q4,10,October,říjen,2025-10,2025-10-01,31,5,Friday,pátek,304,44,2025,False
20251101,2025-11-01,2025,4,2025-Q4,11,November,listopad,2025-11,2025-11-01,1,6,Saturday,sobota,305,44,2025,True
20251102,2025-11-02,2025,4,2025-Q4,11,November,listopad,2025-11,2025-11-01,2,7,Sunday,neděle,306,44,2025,True
20251103,2025-11-03,2025,4,2025-Q4,11,November,listopad,2025-11,2025-11-01,3,1,Monday,pondělí,307,45,2025,False
20251104,2025-11-04,2025,4,2025-Q4,11,November,listopad,2025-11,2025-11-01,4,2,Tuesday,úterý,308,45,2025,False
20251105,2025-11-05,2025,4,2025-Q4,11,November,listopad,2025-11,2025-11-01,5,3,Wednesday,středa,309,45,2025,False
20251106,2025-11-06,2025,4,2025-Q4,11,November,listopad,2025-11,2025-11-01,6,4,Thursday,čtvrtek,310,45,2025,False
20251107,2025-11-07,2025,4,2025-Q4,11,November,listopad,2025-11,2025-11-01,7,5,Friday,pátek,311,45,2025,False
20251108,2025-11-08,2025,4,2025-Q4,11,November,listopad,2025-11,2025-11-01,8,6,Saturday,sobota,312,45,2025,True
20251109,2025-11-09,2025,4,2025-Q4,11,November,listopad,2025-11,2025-11-01,9,7,Sunday,neděle,313,45,2025,True
20251110,2025-11-10,2025,4,2025-Q4,11,November,listopad,2025-11,2025-11-01,10,1,Monday,pondělí,314,46,2025,False
20251111,2025-11-11,2025,4,2025-Q4,11,November,listopad,2025-11,2025-11-01,11,2,Tuesday,úterý,315,46,2025,False
20251112,2025-11-12,2025,4,2025-Q4,11,November,listopad,2025-11,2025-11-01,12,3,Wednesday,středa,316,46,2025,False
20251113,2025-11-13,2025,4,2025-Q4,11,November,listopad,2025-11,2025-11-01,13,4,Thursday,čtvrtek,317,46,2025,False
20251114,2025-11-14,2025,4,2025-Q4,11,November,listopad,2025-11,2025-11-01,14,5,Friday,pátek,318,46,2025,False
20251115,2025-11-15,2025,4,2025-Q4,11,November,listopad,2025-11,2025-11-01,15,6,Saturday,sobota,319,46,2025,True
20251116,2025-11-16,2025,4,2025-Q4,11,November,listopad,2025-11,2025-11-01,16,7,Sunday,neděle,320,46,2025,True
20251117,2025-11-17,2025,4,2025-Q4,11,November,listopad,2025-11,2025-11-01,17,1,Monday,pondělí,321,47,2025,False
20251118,2025-11-18,2025,4,2025-Q4,11,November,listopad,2025-11,2025-11-01,18,2,Tuesday,úterý,322,47,2025,False
20251119,2025-11-19,2025,4,2025-Q4,11,November,listopad,2025-11,2025-11-01,19,3,Wednesday,středa,323,47,2025,False
20251120,2025-11-20,2025,4,2025-Q4,11,November,listopad,2025-11,2025-11-01,20,4,Thursday,čtvrtek,324,47,2025,False
20251121,2025-11-21,2025,4,2025-Q4,11,November,listopad,2025-11,2025-11-01,21,5,Friday,pátek,325,47,2025,False
20251122,2025-11-22,2025,4,2025-Q4,11,November,listopad,2025-11,2025-11-01,22,6,Saturday,sobota,326,47,2025,True
20251123,2025-11-23,2025,4,2025-Q4,11,November,listopad,2025-11,2025-11-01,23,7,Sunday,neděle,327,47,2025,True
20251124,2025-11-24,2025,4,2025-Q4,11,November,listopad,2025-11,2025-11-01,24,1,Monday,pondělí,328,48,2025,False
20251125,2025-11-25,2025,4,2025-Q4,11,November,listopad,2025-11,2025-11-01,25,2,Tuesday,úterý,329,48,2025,False
20251126,2025-11-26,2025,4,2025-Q4,11,November,listopad,2025-11,2025-11-01,26,3,Wednesday,středa,330,48,2025,False
20251127,2025-11-27,2025,4,2025-Q4,11,November,listopad,2025-11,2025-11-01,27,4,Thursday,čtvrtek,331,48,2025,False
20251128,2025-11-28,2025,4,2025-Q4,11,November,listopad,2025-11,2025-11-01,28,5,Friday,pátek,332,48,2025,False
20251129,2025-11-29,2025,4,2025-Q4,11,November,listopad,2025-11,2025-11-01,29,6,Saturday,sobota,333,48,2025,True
20251130,2025-11-30,2025,4,2025-Q4,11,November,listopad,2025-11,2025-11-01,30,7,Sunday,neděle,334,48,2025,True
20251201,2025-12-01,2025,4,2025-Q4,12,December,prosinec,2025-12,2025-12-01,1,1,Monday,pondělí,335,49,2025,False
20251202,2025-12-02,2025,4,2025-Q4,12,December,prosinec,2025-12,2025-12-01,2,2,Tuesday,úterý,336,49,2025,False
20251203,2025-12-03,2025,4,2025-Q4,12,December,prosinec,2025-12,2025-12-01,3,3,Wednesday,středa,337,49,2025,False
20251204,2025-12-04,2025,4,2025-Q4,12,December,prosinec,2025-12,2025-12-01,4,4,Thursday,čtvrtek,338,49,2025,False
20251205,2025-12-05,2025,4,2025-Q4,12,December,prosinec,2025-12,2025-12-01,5,5,Friday,pátek,339,49,2025,False
20251206,2025-12-06,2025,4,2025-Q4,12,December,prosinec,2025-12,2025-12-01,6,6,Saturday,sobota,340,49,2025,True
20251207,2025-12-07,2025,4,2025-Q4,12,December,prosinec,2025-12,2025-12-01,7,7,Sunday,neděle,341,49,2025,True
20251208,2025-12-08,2025,4,2025-Q4,12,December,prosinec,2025-12,2025-12-01,8,1,Monday,pondělí,342,50,2025,False
20251209,2025-12-09,2025,4,2025-Q4,12,December,prosinec,2025-12,2025-12-01,9,2,Tuesday,úterý,343,50,2025,False
20251210,2025-12-10,2025,4,2025-Q4,12,December,prosinec,2025-12,2025-12-01,10,3,Wednesday,středa,344,50,2025,False
20251211,2025-12-11,2025,4,2025-Q4,12,December,prosinec,2025-12,2025-12-01,11,4,Thursday,čtvrtek,345,50,2025,False
20251212,2025-12-12,2025,4,2025-Q4,12,December,prosinec,2025-12,2025-12-01,12,5,Friday,pátek,346,50,2025,False
20251213,2025-12-13,2025,4,2025-Q4,12,December,prosinec,2025-12,2025-12-01,13,6,Saturday,sobota,347,50,2025,True
20251214,2025-12-14,2025,4,2025-Q4,12,December,prosinec,2025-12,2025-12-01,14,7,Sunday,neděle,348,50,2025,True
20251215,2025-12-15,2025,4,2025-Q4,12,December,prosinec,2025-12,2025-12-01,15,1,Monday,pondělí,349,51,2025,False
20251216,2025-12-16,2025,4,2025-Q4,12,December,prosinec,2025-12,2025-12-01,16,2,Tuesday,úterý,350,51,2025,False
20251217,2025-12-17,2025,4,2025-Q4,12,December,prosinec,2025-12,2025-12-01,17,3,Wednesday,středa,351,51,2025,False
20251218,2025-12-18,2025,4,2025-Q4,12,December,prosinec,2025-12,2025-12-01,18,4,Thursday,čtvrtek,352,51,2025,False
20251219,2025-12-19,2025,4,2025-Q4,12,December,prosinec,2025-12,2025-12-01,19,5,Friday,pátek,353,51,2025,False
20251220,2025-12-20,2025,4,2025-Q4,12,December,prosinec,2025-12,2025-12-01,20,6,Saturday,sobota,354,51,2025,True
20251221,2025-12-21,2025,4,2025-Q4,12,December,prosinec,2025-12,2025-12-01,21,7,Sunday,neděle,355,51,2025,True
20251222,2025-12-22,2025,4,2025-Q4,12,December,prosinec,2025-12,2025-12-01,22,1,Monday,pondělí,356,52,2025,False
20251223,2025-12-23,2025,4,2025-Q4,12,December,prosinec,2025-12,2025-12-01,23,2,Tuesday,úterý,357,52,2025,False
20251224,2025-12-24,2025,4,2025-Q4,12,December,prosinec,2025-12,2025-12-01,24,3,Wednesday,středa,358,52,2025,False
20251225,2025-12-25,2025,4,2025-Q4,12,December,prosinec,2025-12,2025-12-01,25,4,Thursday,čtvrtek,359,52,2025,False
20251226,2025-12-26,2025,4,2025-Q4,12,December,prosinec,2025-12,2025-12-01,26,5,Friday,pátek,360,52,2025,False
20251227,2025-12-27,2025,4,2025-Q4,12,December,prosinec,2025-12,2025-12-01,27,6,Saturday,sobota,361,52,2025,True
20251228,2025-12-28,2025,4,2025-Q4,12,December,prosinec,2025-12,2025-12-01,28,7,Sunday,neděle,362,52,2025,True
20251229,2025-12-29,2025,4,2025-Q4,12,December,prosinec,2025-12,2025-12-01,29,1,Monday,pondělí,363,1,2026,False
20251230,2025-12-30,2025,4,2025-Q4,12,December,prosinec,2025-12,2025-12-01,30,2,Tuesday,úterý,364,1,2026,False
20251231,2025-12-31,2025,4,2025-Q4,12,December,prosinec,2025-12,2025-12-01,31,3,Wednesday,středa,365,1,2026,False
20260101,2026-01-01,2026,1,2026-Q1,1,January,leden,2026-01,2026-01-01,1,4,Thursday,čtvrtek,1,1,2026,False
20260102,2026-01-02,2026,1,2026-Q1,1,January,leden,2026-01,2026-01-01,2,5,Friday,pátek,2,1,2026,False
20260103,2026-01-03,2026,1,2026-Q1,1,January,leden,2026-01,2026-01-01,3,6,Saturday,sobota,3,1,2026,True
20260104,2026-01-04,2026,1,2026-Q1,1,January,leden,2026-01,2026-01-01,4,7,Sunday,neděle,4,1,2026,True
20260105,2026-01-05,2026,1,2026-Q1,1,January,leden,2026-01,2026-01-01,5,1,Monday,pondělí,5,2,2026,False
20260106,2026-01-06,2026,1,2026-Q1,1,January,leden,2026-01,2026-01-01,6,2,Tuesday,úterý,6,2,2026,False
20260107,2026-01-07,2026,1,2026-Q1,1,January,leden,2026-01,2026-01-01,7,3,Wednesday,středa,7,2,2026,False
20260108,2026-01-08,2026,1,2026-Q1,1,January,leden,2026-01,2026-01-01,8,4,Thursday,čtvrtek,8,2,2026,False
20260109,2026-01-09,2026,1,2026-Q1,1,January,leden,2026-01,2026-01-01,9,5,Friday,pátek,9,2,2026,False
20260110,2026-01-10,2026,1,2026-Q1,1,January,leden,2026-01,2026-01-01,10,6,Saturday,sobota,10,2,2026,True
20260111,2026-01-11,2026,1,2026-Q1,1,January,leden,2026-01,2026-01-01,11,7,Sunday,neděle,11,2,2026,True
20260112,2026-01-12,2026,1,2026-Q1,1,January,leden,2026-01,2026-01-01,12,1,Monday,pondělí,12,3,2026,False
20260113,2026-01-13,2026,1,2026-Q1,1,January,leden,2026-01,2026-01-01,13,2,Tuesday,úterý,13,3,2026,False
20260114,2026-01-14,2026,1,2026-Q1,1,January,leden,2026-01,2026-01-01,14,3,Wednesday,středa,14,3,2026,False
20260115,2026-01-15,2026,1,2026-Q1,1,January,leden,2026-01,2026-01-01,15,4,Thursday,čtvrtek,15,3,2026,False
20260116,2026-01-16,2026,1,2026-Q1,1,January,leden,2026-01,2026-01-01,16,5,Friday,pátek,16,3,2026,False
20260117,2026-01-17,2026,1,2026-Q1,1,January,leden,2026-01,2026-01-01,17,6,Saturday,sobota,17,3,2026,True
20260118,2026-01-18,2026,1,2026-Q1,1,January,leden,2026-01,2026-01-01,18,7,Sunday,neděle,18,3,2026,True
20260119,2026-01-19,2026,1,2026-Q1,1,January,leden,2026-01,2026-01-01,19,1,Monday,pondělí,19,4,2026,False
20260120,2026-01-20,2026,1,2026-Q1,1,January,leden,2026-01,2026-01-01,20,2,Tuesday,úterý,20,4,2026,False
20260121,2026-01-21,2026,1,2026-Q1,1,January,leden,2026-01,2026-01-01,21,3,Wednesday,středa,21,4,2026,False
20260122,2026-01-22,2026,1,2026-Q1,1,January,leden,2026-01,2026-01-01,22,4,Thursday,čtvrtek,22,4,2026,False
20260123,2026-01-23,2026,1,2026-Q1,1,January,leden,2026-01,2026-01-01,23,5,Friday,pátek,23,4,2026,False
20260124,2026-01-24,2026,1,2026-Q1,1,January,leden,2026-01,2026-01-01,24,6,Saturday,sobota,24,4,2026,True
20260125,2026-01-25,2026,1,2026-Q1,1,January,leden,2026-01,2026-01-01,25,7,Sunday,neděle,25,4,2026,True
20260126,2026-01-26,2026,1,2026-Q1,1,January,leden,2026-01,2026-01-01,26,1,Monday,pondělí,26,5,2026,False
20260127,2026-01-27,2026,1,2026-Q1,1,January,leden,2026-01,2026-01-01,27,2,Tuesday,úterý,27,5,2026,False
20260128,2026-01-28,2026,1,2026-Q1,1,January,leden,2026-01,2026-01-01,28,3,Wednesday,středa,28,5,2026,False
20260129,2026-01-29,2026,1,2026-Q1,1,January,leden,2026-01,2026-01-01,29,4,Thursday,čtvrtek,29,5,2026,False
20260130,2026-01-30,2026,1,2026-Q1,1,January,leden,2026-01,2026-01-01,30,5,Friday,pátek,30,5,2026,False
20260131,2026-01-31,2026,1,2026-Q1,1,January,leden,2026-01,2026-01-01,31,6,Saturday,sobota,31,5,2026,True
20260201,2026-02-01,2026,1,2026-Q1,2,February,únor,2026-02,2026-02-01,1,7,Sunday,neděle,32,5,2026,True
20260202,2026-02-02,2026,1,2026-Q1,2,February,únor,2026-02,2026-02-01,2,1,Monday,pondělí,33,6,2026,False
20260203,2026-02-03,2026,1,2026-Q1,2,February,únor,2026-02,2026-02-01,3,2,Tuesday,úterý,34,6,2026,False
20260204,2026-02-04,2026,1,2026-Q1,2,February,únor,2026-02,2026-02-01,4,3,Wednesday,středa,35,6,2026,False
20260205,2026-02-05,2026,1,2026-Q1,2,February,únor,2026-02,2026-02-01,5,4,Thursday,čtvrtek,36,6,2026,False
20260206,2026-02-06,2026,1,2026-Q1,2,February,únor,2026-02,2026-02-01,6,5,Friday,pátek,37,6,2026,False
20260207,2026-02-07,2026,1,2026-Q1,2,February,únor,2026-02,2026-02-01,7,6,Saturday,sobota,38,6,2026,True
20260208,2026-02-08,2026,1,2026-Q1,2,February,únor,2026-02,2026-02-01,8,7,Sunday,neděle,39,6,2026,True
20260209,2026-02-09,2026,1,2026-Q1,2,February,únor,2026-02,2026-02-01,9,1,Monday,pondělí,40,7,2026,False
20260210,2026-02-10,2026,1,2026-Q1,2,February,únor,2026-02,2026-02-01,10,2,Tuesday,úterý,41,7,2026,False
20260211,2026-02-11,2026,1,2026-Q1,2,February,únor,2026-02,2026-02-01,11,3,Wednesday,středa,42,7,2026,False
20260212,2026-02-12,2026,1,2026-Q1,2,February,únor,2026-02,2026-02-01,12,4,Thursday,čtvrtek,43,7,2026,False
20260213,2026-02-13,2026,1,2026-Q1,2,February,únor,2026-02,2026-02-01,13,5,Friday,pátek,44,7,2026,False
20260214,2026-02-14,2026,1,2026-Q1,2,February,únor,2026-02,2026-02-01,14,6,Saturday,sobota,45,7,2026,True
20260215,2026-02-15,2026,1,2026-Q1,2,February,únor,2026-02,2026-02-01,15,7,Sunday,neděle,46,7,2026,True
20260216,2026-02-16,2026,1,2026-Q1,2,February,únor,2026-02,2026-02-01,16,1,Monday,pondělí,47,8,2026,False
20260217,2026-02-17,2026,1,2026-Q1,2,February,únor,2026-02,2026-02-01,17,2,Tuesday,úterý,48,8,2026,False
20260218,2026-02-18,2026,1,2026-Q1,2,February,únor,2026-02,2026-02-01,18,3,Wednesday,středa,49,8,2026,False
20260219,2026-02-19,2026,1,2026-Q1,2,February,únor,2026-02,2026-02-01,19,4,Thursday,čtvrtek,50,8,2026,False
20260220,2026-02-20,2026,1,2026-Q1,2,February,únor,2026-02,2026-02-01,20,5,Friday,pátek,51,8,2026,False
20260221,2026-02-21,2026,1,2026-Q1,2,February,únor,2026-02,2026-02-01,21,6,Saturday,sobota,52,8,2026,True
20260222,2026-02-22,2026,1,2026-Q1,2,February,únor,2026-02,2026-02-01,22,7,Sunday,neděle,53,8,2026,True
20260223,2026-02-23,2026,1,2026-Q1,2,February,únor,2026-02,2026-02-01,23,1,Monday,pondělí,54,9,2026,False
20260224,2026-02-24,2026,1,2026-Q1,2,February,únor,2026-02,2026-02-01,24,2,Tuesday,úterý,55,9,2026,False
20260225,2026-02-25,2026,1,2026-Q1,2,February,únor,2026-02,2026-02-01,25,3,Wednesday,středa,56,9,2026,False
20260226,2026-02-26,2026,1,2026-Q1,2,February,únor,2026-02,2026-02-01,26,4,Thursday,čtvrtek,57,9,2026,False
20260227,2026-02-27,2026,1,2026-Q1,2,February,únor,2026-02,2026-02-01,27,5,Friday,pátek,58,9,2026,False
20260228,2026-02-28,2026,1,2026-Q1,2,February,únor,2026-02,2026-02-01,28,6,Saturday,sobota,59,9,2026,True
20260301,2026-03-01,2026,1,2026-Q1,3,March,březen,2026-03,2026-03-01,1,7,Sunday,neděle,60,9,2026,True
20260302,2026-03-02,2026,1,2026-Q1,3,March,březen,2026-03,2026-03-01,2,1,Monday,pondělí,61,10,2026,False
20260303,2026-03-03,2026,1,2026-Q1,3,March,březen,2026-03,2026-03-01,3,2,Tuesday,úterý,62,10,2026,False
20260304,2026-03-04,2026,1,2026-Q1,3,March,březen,2026-03,2026-03-01,4,3,Wednesday,středa,63,10,2026,False
20260305,2026-03-05,2026,1,2026-Q1,3,March,březen,2026-03,2026-03-01,5,4,Thursday,čtvrtek,64,10,2026,False
20260306,2026-03-06,2026,1,2026-Q1,3,March,březen,2026-03,2026-03-01,6,5,Friday,pátek,65,10,2026,False
20260307,2026-03-07,2026,1,2026-Q1,3,March,březen,2026-03,2026-03-01,7,6,Saturday,sobota,66,10,2026,True
20260308,2026-03-08,2026,1,2026-Q1,3,March,březen,2026-03,2026-03-01,8,7,Sunday,neděle,67,10,2026,True
20260309,2026-03-09,2026,1,2026-Q1,3,March,březen,2026-03,2026-03-01,9,1,Monday,pondělí,68,11,2026,False
20260310,2026-03-10,2026,1,2026-Q1,3,March,březen,2026-03,2026-03-01,10,2,Tuesday,úterý,69,11,2026,False
20260311,2026-03-11,2026,1,2026-Q1,3,March,březen,2026-03,2026-03-01,11,3,Wednesday,středa,70,11,2026,False
20260312,2026-03-12,2026,1,2026-Q1,3,March,březen,2026-03,2026-03-01,12,4,Thursday,čtvrtek,71,11,2026,False
20260313,2026-03-13,2026,1,2026-Q1,3,March,březen,2026-03,2026-03-01,13,5,Friday,pátek,72,11,2026,False
20260314,2026-03-14,2026,1,2026-Q1,3,March,březen,2026-03,2026-03-01,14,6,Saturday,sobota,73,11,2026,True
20260315,2026-03-15,2026,1,2026-Q1,3,March,březen,2026-03,2026-03-01,15,7,Sunday,neděle,74,11,2026,True
20260316,2026-03-16,2026,1,2026-Q1,3,March,březen,2026-03,2026-03-01,16,1,Monday,pondělí,75,12,2026,False
20260317,2026-03-17,2026,1,2026-Q1,3,March,březen,2026-03,2026-03-01,17,2,Tuesday,úterý,76,12,2026,False
20260318,2026-03-18,2026,1,2026-Q1,3,March,březen,2026-03,2026-03-01,18,3,Wednesday,středa,77,12,2026,False
20260319,2026-03-19,2026,1,2026-Q1,3,March,březen,2026-03,2026-03-01,19,4,Thursday,čtvrtek,78,12,2026,False
20260320,2026-03-20,2026,1,2026-Q1,3,March,březen,2026-03,2026-03-01,20,5,Friday,pátek,79,12,2026,False
20260321,2026-03-21,2026,1,2026-Q1,3,March,březen,2026-03,2026-03-01,21,6,Saturday,sobota,80,12,2026,True
20260322,2026-03-22,2026,1,2026-Q1,3,March,březen,2026-03,2026-03-01,22,7,Sunday,neděle,81,12,2026,True
20260323,2026-03-23,2026,1,2026-Q1,3,March,březen,2026-03,2026-03-01,23,1,Monday,pondělí,82,13,2026,False
20260324,2026-03-24,2026,1,2026-Q1,3,March,březen,2026-03,2026-03-01,24,2,Tuesday,úterý,83,13,2026,False
20260325,2026-03-25,2026,1,2026-Q1,3,March,březen,2026-03,2026-03-01,25,3,Wednesday,středa,84,13,2026,False
20260326,2026-03-26,2026,1,2026-Q1,3,March,březen,2026-03,2026-03-01,26,4,Thursday,čtvrtek,85,13,2026,False
20260327,2026-03-27,2026,1,2026-Q1,3,March,březen,2026-03,2026-03-01,27,5,Friday,pátek,86,13,2026,False
20260328,2026-03-28,2026,1,2026-Q1,3,March,březen,2026-03,2026-03-01,28,6,Saturday,sobota,87,13,2026,True
20260329,2026-03-29,2026,1,2026-Q1,3,March,březen,2026-03,2026-03-01,29,7,Sunday,neděle,88,13,2026,True
20260330,2026-03-30,2026,1,2026-Q1,3,March,březen,2026-03,2026-03-01,30,1,Monday,pondělí,89,14,2026,False
20260331,2026-03-31,2026,1,2026-Q1,3,March,březen,2026-03,2026-03-01,31,2,Tuesday,úterý,90,14,2026,False
20260401,2026-04-01,2026,2,2026-Q2,4,April,duben,2026-04,2026-04-01,1,3,Wednesday,středa,91,14,2026,False
20260402,2026-04-02,2026,2,2026-Q2,4,April,duben,2026-04,2026-04-01,2,4,Thursday,čtvrtek,92,14,2026,False
20260403,2026-04-03,2026,2,2026-Q2,4,April,duben,2026-04,2026-04-01,3,5,Friday,pátek,93,14,2026,False
20260404,2026-04-04,2026,2,2026-Q2,4,April,duben,2026-04,2026-04-01,4,6,Saturday,sobota,94,14,2026,True
20260405,2026-04-05,2026,2,2026-Q2,4,April,duben,2026-04,2026-04-01,5,7,Sunday,neděle,95,14,2026,True
20260406,2026-04-06,2026,2,2026-Q2,4,April,duben,2026-04,2026-04-01,6,1,Monday,pondělí,96,15,2026,False
20260407,2026-04-07,2026,2,2026-Q2,4,April,duben,2026-04,2026-04-01,7,2,Tuesday,úterý,97,15,2026,False
20260408,2026-04-08,2026,2,2026-Q2,4,April,duben,2026-04,2026-04-01,8,3,Wednesday,středa,98,15,2026,False
20260409,2026-04-09,2026,2,2026-Q2,4,April,duben,2026-04,2026-04-01,9,4,Thursday,čtvrtek,99,15,2026,False
20260410,2026-04-10,2026,2,2026-Q2,4,April,duben,2026-04,2026-04-01,10,5,Friday,pátek,100,15,2026,False
20260411,2026-04-11,2026,2,2026-Q2,4,April,duben,2026-04,2026-04-01,11,6,Saturday,sobota,101,15,2026,True
20260412,2026-04-12,2026,2,2026-Q2,4,April,duben,2026-04,2026-04-01,12,7,Sunday,neděle,102,15,2026,True
20260413,2026-04-13,2026,2,2026-Q2,4,April,duben,2026-04,2026-04-01,13,1,Monday,pondělí,103,16,2026,False
20260414,2026-04-14,2026,2,2026-Q2,4,April,duben,2026-04,2026-04-01,14,2,Tuesday,úterý,104,16,2026,False
20260415,2026-04-15,2026,2,2026-Q2,4,April,duben,2026-04,2026-04-01,15,3,Wednesday,středa,105,16,2026,False
20260416,2026-04-16,2026,2,2026-Q2,4,April,duben,2026-04,2026-04-01,16,4,Thursday,čtvrtek,106,16,2026,False
20260417,2026-04-17,2026,2,2026-Q2,4,April,duben,2026-04,2026-04-01,17,5,Friday,pátek,107,16,2026,False
20260418,2026-04-18,2026,2,2026-Q2,4,April,duben,2026-04,2026-04-01,18,6,Saturday,sobota,108,16,2026,True
20260419,2026-04-19,2026,2,2026-Q2,4,April,duben,2026-04,2026-04-01,19,7,Sunday,neděle,109,16,2026,True
20260420,2026-04-20,2026,2,2026-Q2,4,April,duben,2026-04,2026-04-01,20,1,Monday,pondělí,110,17,2026,False
20260421,2026-04-21,2026,2,2026-Q2,4,April,duben,2026-04,2026-04-01,21,2,Tuesday,úterý,111,17,2026,False
20260422,2026-04-22,2026,2,2026-Q2,4,April,duben,2026-04,2026-04-01,22,3,Wednesday,středa,112,17,2026,False
20260423,2026-04-23,2026,2,2026-Q2,4,April,duben,2026-04,2026-04-01,23,4,Thursday,čtvrtek,113,17,2026,False
20260424,2026-04-24,2026,2,2026-Q2,4,April,duben,2026-04,2026-04-01,24,5,Friday,pátek,114,17,2026,False
20260425,2026-04-25,2026,2,2026-Q2,4,April,duben,2026-04,2026-04-01,25,6,Saturday,sobota,115,17,2026,True
20260426,2026-04-26,2026,2,2026-Q2,4,April,duben,2026-04,2026-04-01,26,7,Sunday,neděle,116,17,2026,True
20260427,2026-04-27,2026,2,2026-Q2,4,April,duben,2026-04,2026-04-01,27,1,Monday,pondělí,117,18,2026,False
20260428,2026-04-28,2026,2,2026-Q2,4,April,duben,2026-04,2026-04-01,28,2,Tuesday,úterý,118,18,2026,False
20260429,2026-04-29,2026,2,2026-Q2,4,April,duben,2026-04,2026-04-01,29,3,Wednesday,středa,119,18,2026,False
20260430,2026-04-30,2026,2,2026-Q2,4,April,duben,2026-04,2026-04-01,30,4,Thursday,čtvrtek,120,18,2026,False
20260501,2026-05-01,2026,2,2026-Q2,5,May,květen,2026-05,2026-05-01,1,5,Friday,pátek,121,18,2026,False
20260502,2026-05-02,2026,2,2026-Q2,5,May,květen,2026-05,2026-05-01,2,6,Saturday,sobota,122,18,2026,True
20260503,2026-05-03,2026,2,2026-Q2,5,May,květen,2026-05,2026-05-01,3,7,Sunday,neděle,123,18,2026,True
20260504,2026-05-04,2026,2,2026-Q2,5,May,květen,2026-05,2026-05-01,4,1,Monday,pondělí,124,19,2026,False
20260505,2026-05-05,2026,2,2026-Q2,5,May,květen,2026-05,2026-05-01,5,2,Tuesday,úterý,125,19,2026,False
20260506,2026-05-06,2026,2,2026-Q2,5,May,květen,2026-05,2026-05-01,6,3,Wednesday,středa,126,19,2026,False
20260507,2026-05-07,2026,2,2026-Q2,5,May,květen,2026-05,2026-05-01,7,4,Thursday,čtvrtek,127,19,2026,False
20260508,2026-05-08,2026,2,2026-Q2,5,May,květen,2026-05,2026-05-01,8,5,Friday,pátek,128,19,2026,False
20260509,2026-05-09,2026,2,2026-Q2,5,May,květen,2026-05,2026-05-01,9,6,Saturday,sobota,129,19,2026,True
20260510,2026-05-10,2026,2,2026-Q2,5,May,květen,2026-05,2026-05-01,10,7,Sunday,neděle,130,19,2026,True
20260511,2026-05-11,2026,2,2026-Q2,5,May,květen,2026-05,2026-05-01,11,1,Monday,pondělí,131,20,2026,False
20260512,2026-05-12,2026,2,2026-Q2,5,May,květen,2026-05,2026-05-01,12,2,Tuesday,úterý,132,20,2026,False
20260513,2026-05-13,2026,2,2026-Q2,5,May,květen,2026-05,2026-05-01,13,3,Wednesday,středa,133,20,2026,False
20260514,2026-05-14,2026,2,2026-Q2,5,May,květen,2026-05,2026-05-01,14,4,Thursday,čtvrtek,134,20,2026,False
20260515,2026-05-15,2026,2,2026-Q2,5,May,květen,2026-05,2026-05-01,15,5,Friday,pátek,135,20,2026,False
20260516,2026-05-16,2026,2,2026-Q2,5,May,květen,2026-05,2026-05-01,16,6,Saturday,sobota,136,20,2026,True
20260517,2026-05-17,2026,2,2026-Q2,5,May,květen,2026-05,2026-05-01,17,7,Sunday,neděle,137,20,2026,True
20260518,2026-05-18,2026,2,2026-Q2,5,May,květen,2026-05,2026-05-01,18,1,Monday,pondělí,138,21,2026,False
20260519,2026-05-19,2026,2,2026-Q2,5,May,květen,2026-05,2026-05-01,19,2,Tuesday,úterý,139,21,2026,False
20260520,2026-05-20,2026,2,2026-Q2,5,May,květen,2026-05,2026-05-01,20,3,Wednesday,středa,140,21,2026,False
20260521,2026-05-21,2026,2,2026-Q2,5,May,květen,2026-05,2026-05-01,21,4,Thursday,čtvrtek,141,21,2026,False
20260522,2026-05-22,2026,2,2026-Q2,5,May,květen,2026-05,2026-05-01,22,5,Friday,pátek,142,21,2026,False
20260523,2026-05-23,2026,2,2026-Q2,5,May,květen,2026-05,2026-05-01,23,6,Saturday,sobota,143,21,2026,True
20260524,2026-05-24,2026,2,2026-Q2,5,May,květen,2026-05,2026-05-01,24,7,Sunday,neděle,144,21,2026,True
20260525,2026-05-25,2026,2,2026-Q2,5,May,květen,2026-05,2026-05-01,25,1,Monday,pondělí,145,22,2026,False
20260526,2026-05-26,2026,2,2026-Q2,5,May,květen,2026-05,2026-05-01,26,2,Tuesday,úterý,146,22,2026,False
20260527,2026-05-27,2026,2,2026-Q2,5,May,květen,2026-05,2026-05-01,27,3,Wednesday,středa,147,22,2026,False
20260528,2026-05-28,2026,2,2026-Q2,5,May,květen,2026-05,2026-05-01,28,4,Thursday,čtvrtek,148,22,2026,False
20260529,2026-05-29,2026,2,2026-Q2,5,May,květen,2026-05,2026-05-01,29,5,Friday,pátek,149,22,2026,False
20260530,2026-05-30,2026,2,2026-Q2,5,May,květen,2026-05,2026-05-01,30,6,Saturday,sobota,150,22,2026,True
20260531,2026-05-31,2026,2,2026-Q2,5,May,květen,2026-05,2026-05-01,31,7,Sunday,neděle,151,22,2026,True
20260601,2026-06-01,2026,2,2026-Q2,6,June,červen,2026-06,2026-06-01,1,1,Monday,pondělí,152,23,2026,False
20260602,2026-06-02,2026,2,2026-Q2,6,June,červen,2026-06,2026-06-01,2,2,Tuesday,úterý,153,23,2026,False
20260603,2026-06-03,2026,2,2026-Q2,6,June,červen,2026-06,2026-06-01,3,3,Wednesday,středa,154,23,2026,False
20260604,2026-06-04,2026,2,2026-Q2,6,June,červen,2026-06,2026-06-01,4,4,Thursday,čtvrtek,155,23,2026,False
20260605,2026-06-05,2026,2,2026-Q2,6,June,červen,2026-06,2026-06-01,5,5,Friday,pátek,156,23,2026,False
20260606,2026-06-06,2026,2,2026-Q2,6,June,červen,2026-06,2026-06-01,6,6,Saturday,sobota,157,23,2026,True
20260607,2026-06-07,2026,2,2026-Q2,6,June,červen,2026-06,2026-06-01,7,7,Sunday,neděle,158,23,2026,True
20260608,2026-06-08,2026,2,2026-Q2,6,June,červen,2026-06,2026-06-01,8,1,Monday,pondělí,159,24,2026,False
20260609,2026-06-09,2026,2,2026-Q2,6,June,červen,2026-06,2026-06-01,9,2,Tuesday,úterý,160,24,2026,False
20260610,2026-06-10,2026,2,2026-Q2,6,June,červen,2026-06,2026-06-01,10,3,Wednesday,středa,161,24,2026,False
20260611,2026-06-11,2026,2,2026-Q2,6,June,červen,2026-06,2026-06-01,11,4,Thursday,čtvrtek,162,24,2026,False
20260612,2026-06-12,2026,2,2026-Q2,6,June,červen,2026-06,2026-06-01,12,5,Friday,pátek,163,24,2026,False
20260613,2026-06-13,2026,2,2026-Q2,6,June,červen,2026-06,2026-06-01,13,6,Saturday,sobota,164,24,2026,True
20260614,2026-06-14,2026,2,2026-Q2,6,June,červen,2026-06,2026-06-01,14,7,Sunday,neděle,165,24,2026,True
20260615,2026-06-15,2026,2,2026-Q2,6,June,červen,2026-06,2026-06-01,15,1,Monday,pondělí,166,25,2026,False
20260616,2026-06-16,2026,2,2026-Q2,6,June,červen,2026-06,2026-06-01,16,2,Tuesday,úterý,167,25,2026,False
20260617,2026-06-17,2026,2,2026-Q2,6,June,červen,2026-06,2026-06-01,17,3,Wednesday,středa,168,25,2026,False
20260618,2026-06-18,2026,2,2026-Q2,6,June,červen,2026-06,2026-06-01,18,4,Thursday,čtvrtek,169,25,2026,False
20260619,2026-06-19,2026,2,2026-Q2,6,June,červen,2026-06,2026-06-01,19,5,Friday,pátek,170,25,2026,False
20260620,2026-06-20,2026,2,2026-Q2,6,June,červen,2026-06,2026-06-01,20,6,Saturday,sobota,171,25,2026,True
20260621,2026-06-21,2026,2,2026-Q2,6,June,červen,2026-06,2026-06-01,21,7,Sunday,neděle,172,25,2026,True
20260622,2026-06-22,2026,2,2026-Q2,6,June,červen,2026-06,2026-06-01,22,1,Monday,pondělí,173,26,2026,False
20260623,2026-06-23,2026,2,2026-Q2,6,June,červen,2026-06,2026-06-01,23,2,Tuesday,úterý,174,26,2026,False
20260624,2026-06-24,2026,2,2026-Q2,6,June,červen,2026-06,2026-06-01,24,3,Wednesday,středa,175,26,2026,False
20260625,2026-06-25,2026,2,2026-Q2,6,June,červen,2026-06,2026-06-01,25,4,Thursday,čtvrtek,176,26,2026,False
20260626,2026-06-26,2026,2,2026-Q2,6,June,červen,2026-06,2026-06-01,26,5,Friday,pátek,177,26,2026,False
20260627,2026-06-27,2026,2,2026-Q2,6,June,červen,2026-06,2026-06-01,27,6,Saturday,sobota,178,26,2026,True
20260628,2026-06-28,2026,2,2026-Q2,6,June,červen,2026-06,2026-06-01,28,7,Sunday,neděle,179,26,2026,True
20260629,2026-06-29,2026,2,2026-Q2,6,June,červen,2026-06,2026-06-01,29,1,Monday,pondělí,180,27,2026,False
20260630,2026-06-30,2026,2,2026-Q2,6,June,červen,2026-06,2026-06-01,30,2,Tuesday,úterý,181,27,2026,False
20260701,2026-07-01,2026,3,2026-Q3,7,July,červenec,2026-07,2026-07-01,1,3,Wednesday,středa,182,27,2026,False
20260702,2026-07-02,2026,3,2026-Q3,7,July,červenec,2026-07,2026-07-01,2,4,Thursday,čtvrtek,183,27,2026,False
20260703,2026-07-03,2026,3,2026-Q3,7,July,červenec,2026-07,2026-07-01,3,5,Friday,pátek,184,27,2026,False
20260704,2026-07-04,2026,3,2026-Q3,7,July,červenec,2026-07,2026-07-01,4,6,Saturday,sobota,185,27,2026,True
20260705,2026-07-05,2026,3,2026-Q3,7,July,červenec,2026-07,2026-07-01,5,7,Sunday,neděle,186,27,2026,True
20260706,2026-07-06,2026,3,2026-Q3,7,July,červenec,2026-07,2026-07-01,6,1,Monday,pondělí,187,28,2026,False
20260707,2026-07-07,2026,3,2026-Q3,7,July,červenec,2026-07,2026-07-01,7,2,Tuesday,úterý,188,28,2026,False
20260708,2026-07-08,2026,3,2026-Q3,7,July,červenec,2026-07,2026-07-01,8,3,Wednesday,středa,189,28,2026,False
20260709,2026-07-09,2026,3,2026-Q3,7,July,červenec,2026-07,2026-07-01,9,4,Thursday,čtvrtek,190,28,2026,False
20260710,2026-07-10,2026,3,2026-Q3,7,July,červenec,2026-07,2026-07-01,10,5,Friday,pátek,191,28,2026,False
20260711,2026-07-11,2026,3,2026-Q3,7,July,červenec,2026-07,2026-07-01,11,6,Saturday,sobota,192,28,2026,True
20260712,2026-07-12,2026,3,2026-Q3,7,July,červenec,2026-07,2026-07-01,12,7,Sunday,neděle,193,28,2026,True
20260713,2026-07-13,2026,3,2026-Q3,7,July,červenec,2026-07,2026-07-01,13,1,Monday,pondělí,194,29,2026,False
20260714,2026-07-14,2026,3,2026-Q3,7,July,červenec,2026-07,2026-07-01,14,2,Tuesday,úterý,195,29,2026,False
20260715,2026-07-15,2026,3,2026-Q3,7,July,červenec,2026-07,2026-07-01,15,3,Wednesday,středa,196,29,2026,False
20260716,2026-07-16,2026,3,2026-Q3,7,July,červenec,2026-07,2026-07-01,16,4,Thursday,čtvrtek,197,29,2026,False
20260717,2026-07-17,2026,3,2026-Q3,7,July,červenec,2026-07,2026-07-01,17,5,Friday,pátek,198,29,2026,False
20260718,2026-07-18,2026,3,2026-Q3,7,July,červenec,2026-07,2026-07-01,18,6,Saturday,sobota,199,29,2026,True
20260719,2026-07-19,2026,3,2026-Q3,7,July,červenec,2026-07,2026-07-01,19,7,Sunday,neděle,200,29,2026,True
20260720,2026-07-20,2026,3,2026-Q3,7,July,červenec,2026-07,2026-07-01,20,1,Monday,pondělí,201,30,2026,False
20260721,2026-07-21,2026,3,2026-Q3,7,July,červenec,2026-07,2026-07-01,21,2,Tuesday,úterý,202,30,2026,False
20260722,2026-07-22,2026,3,2026-Q3,7,July,červenec,2026-07,2026-07-01,22,3,Wednesday,středa,203,30,2026,False
20260723,2026-07-23,2026,3,2026-Q3,7,July,červenec,2026-07,2026-07-01,23,4,Thursday,čtvrtek,204,30,2026,False
20260724,2026-07-24,2026,3,2026-Q3,7,July,červenec,2026-07,2026-07-01,24,5,Friday,pátek,205,30,2026,False
20260725,2026-07-25,2026,3,2026-Q3,7,July,červenec,2026-07,2026-07-01,25,6,Saturday,sobota,206,30,2026,True
20260726,2026-07-26,2026,3,2026-Q3,7,July,červenec,2026-07,2026-07-01,26,7,Sunday,neděle,207,30,2026,True
20260727,2026-07-27,2026,3,2026-Q3,7,July,červenec,2026-07,2026-07-01,27,1,Monday,pondělí,208,31,2026,False
20260728,2026-07-28,2026,3,2026-Q3,7,July,červenec,2026-07,2026-07-01,28,2,Tuesday,úterý,209,31,2026,False
20260729,2026-07-29,2026,3,2026-Q3,7,July,červenec,2026-07,2026-07-01,29,3,Wednesday,středa,210,31,2026,False
20260730,2026-07-30,2026,3,2026-Q3,7,July,červenec,2026-07,2026-07-01,30,4,Thursday,čtvrtek,211,31,2026,False
20260731,2026-07-31,2026,3,2026-Q3,7,July,červenec,2026-07,2026-07-01,31,5,Friday,pátek,212,31,2026,False
20260801,2026-08-01,2026,3,2026-Q3,8,August,srpen,2026-08,2026-08-01,1,6,Saturday,sobota,213,31,2026,True
20260802,2026-08-02,2026,3,2026-Q3,8,August,srpen,2026-08,2026-08-01,2,7,Sunday,neděle,214,31,2026,True
20260803,2026-08-03,2026,3,2026-Q3,8,August,srpen,2026-08,2026-08-01,3,1,Monday,pondělí,215,32,2026,False
20260804,2026-08-04,2026,3,2026-Q3,8,August,srpen,2026-08,2026-08-01,4,2,Tuesday,úterý,216,32,2026,False
20260805,2026-08-05,2026,3,2026-Q3,8,August,srpen,2026-08,2026-08-01,5,3,Wednesday,středa,217,32,2026,False
20260806,2026-08-06,2026,3,2026-Q3,8,August,srpen,2026-08,2026-08-01,6,4,Thursday,čtvrtek,218,32,2026,False
20260807,2026-08-07,2026,3,2026-Q3,8,August,srpen,2026-08,2026-08-01,7,5,Friday,pátek,219,32,2026,False
20260808,2026-08-08,2026,3,2026-Q3,8,August,srpen,2026-08,2026-08-01,8,6,Saturday,sobota,220,32,2026,True
20260809,2026-08-09,2026,3,2026-Q3,8,August,srpen,2026-08,2026-08-01,9,7,Sunday,neděle,221,32,2026,True
20260810,2026-08-10,2026,3,2026-Q3,8,August,srpen,2026-08,2026-08-01,10,1,Monday,pondělí,222,33,2026,False
20260811,2026-08-11,2026,3,2026-Q3,8,August,srpen,2026-08,2026-08-01,11,2,Tuesday,úterý,223,33,2026,False
20260812,2026-08-12,2026,3,2026-Q3,8,August,srpen,2026-08,2026-08-01,12,3,Wednesday,středa,224,33,2026,False
20260813,2026-08-13,2026,3,2026-Q3,8,August,srpen,2026-08,2026-08-01,13,4,Thursday,čtvrtek,225,33,2026,False
20260814,2026-08-14,2026,3,2026-Q3,8,August,srpen,2026-08,2026-08-01,14,5,Friday,pátek,226,33,2026,False
20260815,2026-08-15,2026,3,2026-Q3,8,August,srpen,2026-08,2026-08-01,15,6,Saturday,sobota,227,33,2026,True
20260816,2026-08-16,2026,3,2026-Q3,8,August,srpen,2026-08,2026-08-01,16,7,Sunday,neděle,228,33,2026,True
20260817,2026-08-17,2026,3,2026-Q3,8,August,srpen,2026-08,2026-08-01,17,1,Monday,pondělí,229,34,2026,False
20260818,2026-08-18,2026,3,2026-Q3,8,August,srpen,2026-08,2026-08-01,18,2,Tuesday,úterý,230,34,2026,False
20260819,2026-08-19,2026,3,2026-Q3,8,August,srpen,2026-08,2026-08-01,19,3,Wednesday,středa,231,34,2026,False
20260820,2026-08-20,2026,3,2026-Q3,8,August,srpen,2026-08,2026-08-01,20,4,Thursday,čtvrtek,232,34,2026,False
20260821,2026-08-21,2026,3,2026-Q3,8,August,srpen,2026-08,2026-08-01,21,5,Friday,pátek,233,34,2026,False
20260822,2026-08-22,2026,3,2026-Q3,8,August,srpen,2026-08,2026-08-01,22,6,Saturday,sobota,234,34,2026,True
20260823,2026-08-23,2026,3,2026-Q3,8,August,srpen,2026-08,2026-08-01,23,7,Sunday,neděle,235,34,2026,True
20260824,2026-08-24,2026,3,2026-Q3,8,August,srpen,2026-08,2026-08-01,24,1,Monday,pondělí,236,35,2026,False
20260825,2026-08-25,2026,3,2026-Q3,8,August,srpen,2026-08,2026-08-01,25,2,Tuesday,úterý,237,35,2026,False
20260826,2026-08-26,2026,3,2026-Q3,8,August,srpen,2026-08,2026-08-01,26,3,Wednesday,středa,238,35,2026,False
20260827,2026-08-27,2026,3,2026-Q3,8,August,srpen,2026-08,2026-08-01,27,4,Thursday,čtvrtek,239,35,2026,False
20260828,2026-08-28,2026,3,2026-Q3,8,August,srpen,2026-08,2026-08-01,28,5,Friday,pátek,240,35,2026,False
20260829,2026-08-29,2026,3,2026-Q3,8,August,srpen,2026-08,2026-08-01,29,6,Saturday,sobota,241,35,2026,True
20260830,2026-08-30,2026,3,2026-Q3,8,August,srpen,2026-08,2026-08-01,30,7,Sunday,neděle,242,35,2026,True
20260831,2026-08-31,2026,3,2026-Q3,8,August,srpen,2026-08,2026-08-01,31,1,Monday,pondělí,243,36,2026,False
20260901,2026-09-01,2026,3,2026-Q3,9,September,září,2026-09,2026-09-01,1,2,Tuesday,úterý,244,36,2026,False
20260902,2026-09-02,2026,3,2026-Q3,9,September,září,2026-09,2026-09-01,2,3,Wednesday,středa,245,36,2026,False
20260903,2026-09-03,2026,3,2026-Q3,9,September,září,2026-09,2026-09-01,3,4,Thursday,čtvrtek,246,36,2026,False
20260904,2026-09-04,2026,3,2026-Q3,9,September,září,2026-09,2026-09-01,4,5,Friday,pátek,247,36,2026,False
20260905,2026-09-05,2026,3,2026-Q3,9,September,září,2026-09,2026-09-01,5,6,Saturday,sobota,248,36,2026,True
20260906,2026-09-06,2026,3,2026-Q3,9,September,září,2026-09,2026-09-01,6,7,Sunday,neděle,249,36,2026,True
20260907,2026-09-07,2026,3,2026-Q3,9,September,září,2026-09,2026-09-01,7,1,Monday,pondělí,250,37,2026,False
20260908,2026-09-08,2026,3,2026-Q3,9,September,září,2026-09,2026-09-01,8,2,Tuesday,úterý,251,37,2026,False
20260909,2026-09-09,2026,3,2026-Q3,9,September,září,2026-09,2026-09-01,9,3,Wednesday,středa,252,37,2026,False
20260910,2026-09-10,2026,3,2026-Q3,9,September,září,2026-09,2026-09-01,10,4,Thursday,čtvrtek,253,37,2026,False
20260911,2026-09-11,2026,3,2026-Q3,9,September,září,2026-09,2026-09-01,11,5,Friday,pátek,254,37,2026,False
20260912,2026-09-12,2026,3,2026-Q3,9,September,září,2026-09,2026-09-01,12,6,Saturday,sobota,255,37,2026,True
20260913,2026-09-13,2026,3,2026-Q3,9,September,září,2026-09,2026-09-01,13,7,Sunday,neděle,256,37,2026,True
20260914,2026-09-14,2026,3,2026-Q3,9,September,září,2026-09,2026-09-01,14,1,Monday,pondělí,257,38,2026,False
20260915,2026-09-15,2026,3,2026-Q3,9,September,září,2026-09,2026-09-01,15,2,Tuesday,úterý,258,38,2026,False
20260916,2026-09-16,2026,3,2026-Q3,9,September,září,2026-09,2026-09-01,16,3,Wednesday,středa,259,38,2026,False
20260917,2026-09-17,2026,3,2026-Q3,9,September,září,2026-09,2026-09-01,17,4,Thursday,čtvrtek,260,38,2026,False
20260918,2026-09-18,2026,3,2026-Q3,9,September,září,2026-09,2026-09-01,18,5,Friday,pátek,261,38,2026,False
20260919,2026-09-19,2026,3,2026-Q3,9,September,září,2026-09,2026-09-01,19,6,Saturday,sobota,262,38,2026,True
20260920,2026-09-20,2026,3,2026-Q3,9,September,září,2026-09,2026-09-01,20,7,Sunday,neděle,263,38,2026,True
20260921,2026-09-21,2026,3,2026-Q3,9,September,září,2026-09,2026-09-01,21,1,Monday,pondělí,264,39,2026,False
20260922,2026-09-22,2026,3,2026-Q3,9,September,září,2026-09,2026-09-01,22,2,Tuesday,úterý,265,39,2026,False
20260923,2026-09-23,2026,3,2026-Q3,9,September,září,2026-09,2026-09-01,23,3,Wednesday,středa,266,39,2026,False
20260924,2026-09-24,2026,3,2026-Q3,9,September,září,2026-09,2026-09-01,24,4,Thursday,čtvrtek,267,39,2026,False
20260925,2026-09-25,2026,3,2026-Q3,9,September,září,2026-09,2026-09-01,25,5,Friday,pátek,268,39,2026,False
20260926,2026-09-26,2026,3,2026-Q3,9,September,září,2026-09,2026-09-01,26,6,Saturday,sobota,269,39,2026,True
20260927,2026-09-27,2026,3,2026-Q3,9,September,září,2026-09,2026-09-01,27,7,Sunday,neděle,270,39,2026,True
20260928,2026-09-28,2026,3,2026-Q3,9,September,září,2026-09,2026-09-01,28,1,Monday,pondělí,271,40,2026,False
20260929,2026-09-29,2026,3,2026-Q3,9,September,září,2026-09,2026-09-01,29,2,Tuesday,úterý,272,40,2026,False
20260930,2026-09-30,2026,3,2026-Q3,9,September,září,2026-09,2026-09-01,30,3,Wednesday,středa,273,40,2026,False
20261001,2026-10-01,2026,4,2026-Q4,10,October,říjen,2026-10,2026-10-01,1,4,Thursday,čtvrtek,274,40,2026,False
20261002,2026-10-02,2026,4,2026-Q4,10,October,říjen,2026-10,2026-10-01,2,5,Friday,pátek,275,40,2026,False
20261003,2026-10-03,2026,4,2026-Q4,10,October,říjen,2026-10,2026-10-01,3,6,Saturday,sobota,276,40,2026,True
20261004,2026-10-04,2026,4,2026-Q4,10,October,říjen,2026-10,2026-10-01,4,7,Sunday,neděle,277,40,2026,True
20261005,2026-10-05,2026,4,2026-Q4,10,October,říjen,2026-10,2026-10-01,5,1,Monday,pondělí,278,41,2026,False
20261006,2026-10-06,2026,4,2026-Q4,10,October,říjen,2026-10,2026-10-01,6,2,Tuesday,úterý,279,41,2026,False
20261007,2026-10-07,2026,4,2026-Q4,10,October,říjen,2026-10,2026-10-01,7,3,Wednesday,středa,280,41,2026,False
20261008,2026-10-08,2026,4,2026-Q4,10,October,říjen,2026-10,2026-10-01,8,4,Thursday,čtvrtek,281,41,2026,False
20261009,2026-10-09,2026,4,2026-Q4,10,October,říjen,2026-10,2026-10-01,9,5,Friday,pátek,282,41,2026,False
20261010,2026-10-10,2026,4,2026-Q4,10,October,říjen,2026-10,2026-10-01,10,6,Saturday,sobota,283,41,2026,True
20261011,2026-10-11,2026,4,2026-Q4,10,October,říjen,2026-10,2026-10-01,11,7,Sunday,neděle,284,41,2026,True
20261012,2026-10-12,2026,4,2026-Q4,10,October,říjen,2026-10,2026-10-01,12,1,Monday,pondělí,285,42,2026,False
20261013,2026-10-13,2026,4,2026-Q4,10,October,říjen,2026-10,2026-10-01,13,2,Tuesday,úterý,286,42,2026,False
20261014,2026-10-14,2026,4,2026-Q4,10,October,říjen,2026-10,2026-10-01,14,3,Wednesday,středa,287,42,2026,False
20261015,2026-10-15,2026,4,2026-Q4,10,October,říjen,2026-10,2026-10-01,15,4,Thursday,čtvrtek,288,42,2026,False
20261016,2026-10-16,2026,4,2026-Q4,10,October,říjen,2026-10,2026-10-01,16,5,Friday,pátek,289,42,2026,False
20261017,2026-10-17,2026,4,2026-Q4,10,October,říjen,2026-10,2026-10-01,17,6,Saturday,sobota,290,42,2026,True
20261018,2026-10-18,2026,4,2026-Q4,10,October,říjen,2026-10,2026-10-01,18,7,Sunday,neděle,291,42,2026,True
20261019,2026-10-19,2026,4,2026-Q4,10,October,říjen,2026-10,2026-10-01,19,1,Monday,pondělí,292,43,2026,False
20261020,2026-10-20,2026,4,2026-Q4,10,October,říjen,2026-10,2026-10-01,20,2,Tuesday,úterý,293,43,2026,False
20261021,2026-10-21,2026,4,2026-Q4,10,October,říjen,2026-10,2026-10-01,21,3,Wednesday,středa,294,43,2026,False
20261022,2026-10-22,2026,4,2026-Q4,10,October,říjen,2026-10,2026-10-01,22,4,Thursday,čtvrtek,295,43,2026,False
20261023,2026-10-23,2026,4,2026-Q4,10,October,říjen,2026-10,2026-10-01,23,5,Friday,pátek,296,43,2026,False
20261024,2026-10-24,2026,4,2026-Q4,10,October,říjen,2026-10,2026-10-01,24,6,Saturday,sobota,297,43,2026,True
20261025,2026-10-25,2026,4,2026-Q4,10,October,říjen,2026-10,2026-10-01,25,7,Sunday,neděle,298,43,2026,True
20261026,2026-10-26,2026,4,2026-Q4,10,October,říjen,2026-10,2026-10-01,26,1,Monday,pondělí,299,44,2026,False
20261027,2026-10-27,2026,4,2026-Q4,10,October,říjen,2026-10,2026-10-01,27,2,Tuesday,úterý,300,44,2026,False
20261028,2026-10-28,2026,4,2026-Q4,10,October,říjen,2026-10,2026-10-01,28,3,Wednesday,středa,301,44,2026,False
20261029,2026-10-29,2026,4,2026-Q4,10,October,říjen,2026-10,2026-10-01,29,4,Thursday,čtvrtek,302,44,2026,False
20261030,2026-10-30,2026,4,2026-Q4,10,October,říjen,2026-10,2026-10-01,30,5,Friday,pátek,303,44,2026,False
20261031,2026-10-31,2026,4,2026-Q4,10,October,říjen,2026-10,2026-10-01,31,6,Saturday,sobota,304,44,2026,True
20261101,2026-11-01,2026,4,2026-Q4,11,November,listopad,2026-11,2026-11-01,1,7,Sunday,neděle,305,44,2026,True
20261102,2026-11-02,2026,4,2026-Q4,11,November,listopad,2026-11,2026-11-01,2,1,Monday,pondělí,306,45,2026,False
20261103,2026-11-03,2026,4,2026-Q4,11,November,listopad,2026-11,2026-11-01,3,2,Tuesday,úterý,307,45,2026,False
20261104,2026-11-04,2026,4,2026-Q4,11,November,listopad,2026-11,2026-11-01,4,3,Wednesday,středa,308,45,2026,False
20261105,2026-11-05,2026,4,2026-Q4,11,November,listopad,2026-11,2026-11-01,5,4,Thursday,čtvrtek,309,45,2026,False
20261106,2026-11-06,2026,4,2026-Q4,11,November,listopad,2026-11,2026-11-01,6,5,Friday,pátek,310,45,2026,False
20261107,2026-11-07,2026,4,2026-Q4,11,November,listopad,2026-11,2026-11-01,7,6,Saturday,sobota,311,45,2026,True
20261108,2026-11-08,2026,4,2026-Q4,11,November,listopad,2026-11,2026-11-01,8,7,Sunday,neděle,312,45,2026,True
20261109,2026-11-09,2026,4,2026-Q4,11,November,listopad,2026-11,2026-11-01,9,1,Monday,pondělí,313,46,2026,False
20261110,2026-11-10,2026,4,2026-Q4,11,November,listopad,2026-11,2026-11-01,10,2,Tuesday,úterý,314,46,2026,False
20261111,2026-11-11,2026,4,2026-Q4,11,November,listopad,2026-11,2026-11-01,11,3,Wednesday,středa,315,46,2026,False
20261112,2026-11-12,2026,4,2026-Q4,11,November,listopad,2026-11,2026-11-01,12,4,Thursday,čtvrtek,316,46,2026,False
20261113,2026-11-13,2026,4,2026-Q4,11,November,listopad,2026-11,2026-11-01,13,5,Friday,pátek,317,46,2026,False
20261114,2026-11-14,2026,4,2026-Q4,11,November,listopad,2026-11,2026-11-01,14,6,Saturday,sobota,318,46,2026,True
20261115,2026-11-15,2026,4,2026-Q4,11,November,listopad,2026-11,2026-11-01,15,7,Sunday,neděle,319,46,2026,True
20261116,2026-11-16,2026,4,2026-Q4,11,November,listopad,2026-11,2026-11-01,16,1,Monday,pondělí,320,47,2026,False
20261117,2026-11-17,2026,4,2026-Q4,11,November,listopad,2026-11,2026-11-01,17,2,Tuesday,úterý,321,47,2026,False
20261118,2026-11-18,2026,4,2026-Q4,11,November,listopad,2026-11,2026-11-01,18,3,Wednesday,středa,322,47,2026,False
20261119,2026-11-19,2026,4,2026-Q4,11,November,listopad,2026-11,2026-11-01,19,4,Thursday,čtvrtek,323,47,2026,False
20261120,2026-11-20,2026,4,2026-Q4,11,November,listopad,2026-11,2026-11-01,20,5,Friday,pátek,324,47,2026,False
20261121,2026-11-21,2026,4,2026-Q4,11,November,listopad,2026-11,2026-11-01,21,6,Saturday,sobota,325,47,2026,True
20261122,2026-11-22,2026,4,2026-Q4,11,November,listopad,2026-11,2026-11-01,22,7,Sunday,neděle,326,47,2026,True
20261123,2026-11-23,2026,4,2026-Q4,11,November,listopad,2026-11,2026-11-01,23,1,Monday,pondělí,327,48,2026,False
20261124,2026-11-24,2026,4,2026-Q4,11,November,listopad,2026-11,2026-11-01,24,2,Tuesday,úterý,328,48,2026,False
20261125,2026-11-25,2026,4,2026-Q4,11,November,listopad,2026-11,2026-11-01,25,3,Wednesday,středa,329,48,2026,False
20261126,2026-11-26,2026,4,2026-Q4,11,November,listopad,2026-11,2026-11-01,26,4,Thursday,čtvrtek,330,48,2026,False
20261127,2026-11-27,2026,4,2026-Q4,11,November,listopad,2026-11,2026-11-01,27,5,Friday,pátek,331,48,2026,False
20261128,2026-11-28,2026,4,2026-Q4,11,November,listopad,2026-11,2026-11-01,28,6,Saturday,sobota,332,48,2026,True
20261129,2026-11-29,2026,4,2026-Q4,11,November,listopad,2026-11,2026-11-01,29,7,Sunday,neděle,333,48,2026,True
20261130,2026-11-30,2026,4,2026-Q4,11,November,listopad,2026-11,2026-11-01,30,1,Monday,pondělí,334,49,2026,False
20261201,2026-12-01,2026,4,2026-Q4,12,December,prosinec,2026-12,2026-12-01,1,2,Tuesday,úterý,335,49,2026,False
20261202,2026-12-02,2026,4,2026-Q4,12,December,prosinec,2026-12,2026-12-01,2,3,Wednesday,středa,336,49,2026,False
20261203,2026-12-03,2026,4,2026-Q4,12,December,prosinec,2026-12,2026-12-01,3,4,Thursday,čtvrtek,337,49,2026,False
20261204,2026-12-04,2026,4,2026-Q4,12,December,prosinec,2026-12,2026-12-01,4,5,Friday,pátek,338,49,2026,False
20261205,2026-12-05,2026,4,2026-Q4,12,December,prosinec,2026-12,2026-12-01,5,6,Saturday,sobota,339,49,2026,True
20261206,2026-12-06,2026,4,2026-Q4,12,December,prosinec,2026-12,2026-12-01,6,7,Sunday,neděle,340,49,2026,True
20261207,2026-12-07,2026,4,2026-Q4,12,December,prosinec,2026-12,2026-12-01,7,1,Monday,pondělí,341,50,2026,False
20261208,2026-12-08,2026,4,2026-Q4,12,December,prosinec,2026-12,2026-12-01,8,2,Tuesday,úterý,342,50,2026,False
20261209,2026-12-09,2026,4,2026-Q4,12,December,prosinec,2026-12,2026-12-01,9,3,Wednesday,středa,343,50,2026,False
20261210,2026-12-10,2026,4,2026-Q4,12,December,prosinec,2026-12,2026-12-01,10,4,Thursday,čtvrtek,344,50,2026,False
20261211,2026-12-11,2026,4,2026-Q4,12,December,prosinec,2026-12,2026-12-01,11,5,Friday,pátek,345,50,2026,False
20261212,2026-12-12,2026,4,2026-Q4,12,December,prosinec,2026-12,2026-12-01,12,6,Saturday,sobota,346,50,2026,True
20261213,2026-12-13,2026,4,2026-Q4,12,December,prosinec,2026-12,2026-12-01,13,7,Sunday,neděle,347,50,2026,True
20261214,2026-12-14,2026,4,2026-Q4,12,December,prosinec,2026-12,2026-12-01,14,1,Monday,pondělí,348,51,2026,False
20261215,2026-12-15,2026,4,2026-Q4,12,December,prosinec,2026-12,2026-12-01,15,2,Tuesday,úterý,349,51,2026,False
20261216,2026-12-16,2026,4,2026-Q4,12,December,prosinec,2026-12,2026-12-01,16,3,Wednesday,středa,350,51,2026,False
20261217,2026-12-17,2026,4,2026-Q4,12,December,prosinec,2026-12,2026-12-01,17,4,Thursday,čtvrtek,351,51,2026,False
20261218,2026-12-18,2026,4,2026-Q4,12,December,prosinec,2026-12,2026-12-01,18,5,Friday,pátek,352,51,2026,False
20261219,2026-12-19,2026,4,2026-Q4,12,December,prosinec,2026-12,2026-12-01,19,6,Saturday,sobota,353,51,2026,True
20261220,2026-12-20,2026,4,2026-Q4,12,December,prosinec,2026-12,2026-12-01,20,7,Sunday,neděle,354,51,2026,True
20261221,2026-12-21,2026,4,2026-Q4,12,December,prosinec,2026-12,2026-12-01,21,1,Monday,pondělí,355,52,2026,False
20261222,2026-12-22,2026,4,2026-Q4,12,December,prosinec,2026-12,2026-12-01,22,2,Tuesday,úterý,356,52,2026,False
20261223,2026-12-23,2026,4,2026-Q4,12,December,prosinec,2026-12,2026-12-01,23,3,Wednesday,středa,357,52,2026,False
20261224,2026-12-24,2026,4,2026-Q4,12,December,prosinec,2026-12,2026-12-01,24,4,Thursday,čtvrtek,358,52,2026,False
20261225,2026-12-25,2026,4,2026-Q4,12,December,prosinec,2026-12,2026-12-01,25,5,Friday,pátek,359,52,2026,False
20261226,2026-12-26,2026,4,2026-Q4,12,December,prosinec,2026-12,2026-12-01,26,6,Saturday,sobota,360,52,2026,True
20261227,2026-12-27,2026,4,2026-Q4,12,December,prosinec,2026-12,2026-12-01,27,7,Sunday,neděle,361,52,2026,True
20261228,2026-12-28,2026,4,2026-Q4,12,December,prosinec,2026-12,2026-12-01,28,1,Monday,pondělí,362,53,2026,False
20261229,2026-12-29,2026,4,2026-Q4,12,December,prosinec,2026-12,2026-12-01,29,2,Tuesday,úterý,363,53,2026,False
20261230,2026-12-30,2026,4,2026-Q4,12,December,prosinec,2026-12,2026-12-01,30,3,Wednesday,středa,364,53,2026,False
20261231,2026-12-31,2026,4,2026-Q4,12,December,prosinec,2026-12,2026-12-01,31,4,Thursday,čtvrtek,365,53,2026,False
