type_group_key,type_set_label,n_types,primary_type,incident_count
1,74|97|120,3,120,10149013
2,77|97,2,77,1589004
3,74|97|124,3,124,1069222
4,76|97|111,3,111,852942
5,78|97|132,3,132,467222
6,74|97|120|126,4,126,373009
7,78|97|131,3,131,343693
8,74|97|122,3,122,271584
9,55|102,2,102,202851
10,76|97|107,3,107,174445
11,74|97|120|124,4,124,148998
12,75|97|112|113,4,113,138656
13,54,1,54,133547
14,74|97|120|122,4,122,128158
15,55|62,2,62,110230
16,75|97|118,3,118,101595
17,80|83,2,83,94816
18,75|97|119,3,119,92187
19,35|48,2,48,79933
20,76|77|97|111,4,111,71500
21,35|41,2,41,66885
22,35|43,2,43,61044
23,74|97|126,3,126,58986
24,35|43|55|102,4,43,41731
25,35|52,2,52,41193
26,18|34,2,34,40145
27,79,1,79,34749
28,35|41|55|102,4,41,33193
29,80|81,2,81,32274
30,35|101,2,101,25222
31,1|5|8,3,8,23732
32,55|58,2,58,23687
33,76|97|107|111,4,107,23061
34,35|37,2,37,22915
35,74|97|121,3,121,21315
36,78|97|127,3,127,20951
37,63|72,2,72,20602
38,1|8,2,8,20465
39,54|55|102,3,54,20283
40,63|70,2,70,20226
41,74|97|120|122|124,5,122,19728
42,74|75|97|118|122,5,118,18812
43,1|5,2,5,18636
44,75|97|112|114,4,114,17292
45,35|42,2,42,17291
46,74|75|97|112|113|120,6,113,16283
47,55|59,2,59,15453
48,54|55|58,3,58,15034
49,1|6,2,6,15019
50,18|20|63|72,4,20,13968
51,18|19|63|72,4,19,13837
52,18|34|63|72,4,34,13792
53,79|80|83,3,79,13681
54,18|35|41|100,4,100,13003
55,76|97|110,3,110,12104
56,35|49,2,49,11544
57,1|3,2,3,11063
58,74|97|120|123,4,123,10934
59,18|34|55|102,4,34,10525
60,18|22,2,22,10488
61,75|78|97|119|132,5,119,9822
62,74|75|97|118|120,5,118,9761
63,74|97|122|124,4,122,9639
64,74|78|97|120|132,5,132,9210
65,18|25|63|72,4,25,9025
66,95|96,2,95,8607
67,55|95|96|102,4,95,8572
68,74|97,2,74,8545
69,1|4,2,4,8245
70,76|78|97|111|132,5,132,8224
71,35|43|55|58,4,58,8001
72,74|75|97|112|113|122,6,113,7956
73,75|97|115|117,4,117,7255
74,74|78|97|122|132,5,122,7214
75,18|29,2,29,7204
76,18|35|41|55|100|102,6,100,6872
77,55|62|80|83,4,83,6429
78,35|48|52,3,52,6360
79,1|98,2,98,6285
80,18|20,2,20,6014
81,18|23,2,23,5927
82,35|52|55|102,4,52,5903
83,18|22|55|102,4,22,5882
84,35|55|101|102,4,101,5875
85,75|97|115|116,4,116,5697
86,13|14,2,14,5690
87,35|48|63|72,4,48,5218
88,18|25,2,25,4916
89,75|97,2,75,4803
90,18|20|55|63|72|102,6,20,4775
91,74|75|97|118|120|122,6,118,4733
92,74|75|97|112|113|124,6,113,4445
93,76|78|97|107|132,5,107,4251
94,76|77|97|107,4,107,4216
95,18|21,2,21,4200
96,35|48|55|102,4,48,4174
97,75|97|112|113|118,5,118,4124
98,1|5|55|102,4,5,4024
99,18|19,2,19,3965
100,55|57,2,57,3821
101,74|97|125,3,125,3732
102,1|9,2,9,3605
103,35|42|63|72,4,42,3550
104,74|78|97|120|122|132,6,122,3524
105,74|75|97|112|114|120,6,114,3511
106,18|34|35|42,4,42,3298
107,18|34|35|42|63|72,6,42,3239
108,55|63|72|102,4,72,3204
109,35|38,2,38,3186
110,63|69,2,69,3144
111,18|19|55|63|72|102,6,19,3143
112,55|61,2,61,3137
113,74|75|97|112|113|120|122,7,113,3101
114,77|78|97|132,4,132,3066
115,78|97|130,3,130,2952
116,78|97|131|132,4,131,2825
117,54|63|70,3,70,2816
118,1|5|6,3,6,2770
119,18|35|42|100,4,100,2475
120,35|63|72|101,4,101,2436
121,18|29|55|102,4,29,2425
122,18|23|55|102,4,23,2371
123,75|76|97|107|119,5,119,2351
124,18|35|42|63|72|100,6,100,2341
125,76|77|97|107|111,5,107,2306
126,18|34|35|52,4,52,2270
127,74|97|120|121,4,121,2254
128,35|48|77|97,4,48,2195
129,35|37|55|102,4,37,2119
130,76|97|108,3,108,2090
131,18|20|55|102,4,20,2047
132,18|24,2,24,1985
133,35|40,2,40,1952
134,18|24|63|72,4,24,1923
135,74|78|97|124|132,5,132,1881
136,35|41|55|58,4,58,1857
137,18|27,2,27,1787
138,54|55|62,3,62,1771
139,55|56,2,56,1720
140,74|97|120|122|126,5,126,1719
141,18|31,2,31,1707
142,35|43|53,3,53,1665
143,55|77|97|102,4,102,1665
144,18|25|55|63|72|102,6,25,1640
145,18|34|35|41,4,34,1633
146,35|52|55|58,4,58,1633
147,74|76|97|111|120,5,111,1577
148,35|43|48,3,48,1567
149,18|100,2,100,1506
150,74|75|97|112|114|122,6,114,1502
151,74|75|97|112|113|118|122,7,118,1495
152,63|71,2,71,1492
153,75|97|115,3,115,1458
154,35|42|48,3,42,1443
155,1|6|8,3,6,1428
156,13|14|55|102,4,14,1400
157,35|37|55|62,4,37,1387
158,35|50,2,50,1378
159,18|34|35|101,4,101,1371
160,35|55|58|101,4,101,1369
161,75|78|97|115|116|132,6,116,1356
162,74|97|122|126,4,126,1351
163,35|39,2,39,1329
164,35|43|52,3,52,1325
165,74|79|97|120,4,79,1320
166,18|34|55|63|72|102,6,34,1295
167,63|67,2,67,1274
168,74|76|97|107|120,5,107,1271
169,55|62|80|81,4,81,1267
170,35|52|63|72,4,52,1262
171,18|19|55|102,4,19,1252
172,35|43|53|55|102,5,53,1251
173,55|62|79,3,79,1250
174,18|34|35|48,4,34,1240
175,54|77|97,3,54,1224
176,1|5|9,3,9,1210
177,35|49|55|102,4,49,1172
178,1|2,2,2,1151
179,74|77|97|120,4,77,1126
180,1|3|55|102,4,3,1123
181,63|70|79,3,70,1114
182,35|48|55|62,4,48,1113
183,35|45,2,45,1111
184,74|97|120|125,4,125,1108
185,18|30,2,30,1102
186,1|8|63|72,4,8,1098
187,35|37|41,3,37,1057
188,18|21|63|72,4,21,1050
189,75|80|83|97|118,5,83,1034
190,35|52|77|97,4,52,1001
191,1|4|55|102,4,4,984
192,35|42|49,3,49,976
193,1|6|63|72,4,6,974
194,35|49|52,3,49,924
195,75|97|112|114|118,5,114,917
196,55|63|70|102,4,70,902
197,1|10,2,10,899
198,18|20|35|42|63|72,6,20,878
199,74|97|123,3,123,855
200,35|48|55|63|72|102,6,48,845
201,1|79|98,3,98,815
202,1|5|6|8,4,6,802
203,74|97|121|122,4,121,800
204,18|22|35|52,4,22,799
205,35|52|55|62,4,52,791
206,35|41|63|72,4,41,790
207,76|97|109,3,109,784
208,35|43|48|55|102,5,48,775
209,18|34|35|41|55|102,6,34,756
210,18|21|55|102,4,21,752
211,18|27|55|102,4,27,735
212,74|75|97|112|113|118|120,7,118,722
213,18|24|55|102,4,24,721
214,18|19|35|42|63|72,6,19,712
215,18|19|35|48|63|72,6,19,707
216,35|53,2,53,697
217,74|80|83|97|120,5,83,688
218,18|20|35|48|63|72,6,20,687
219,76|78|97|107|111|132,6,107,659
220,18|35|37|100,4,100,656
221,75|78|97|118|132,5,118,648
222,1|4|6,3,4,639
223,55|62|79|80|83,5,79,634
224,18|30|55|102,4,30,626
225,18|19|35|63|72|101,6,19,612
226,35|77|97|101,4,101,610
227,74|75|78|97|118|122|132,7,118,606
228,78|97,2,78,604
229,76|97|107|110,4,110,603
230,35|41|52,3,52,601
231,74|75|97|118|124,5,118,599
232,18|31|55|102,4,31,593
233,75|78|97|112|113|132,6,113,592
234,35|43|52|55|102,5,52,589
235,76|78|97|111|127,5,127,577
236,74|75|97|112|113|118|120|122,8,118,571
237,35|48|55|58,4,58,567
238,18|34|35|52|63|72,6,52,563
239,35|51,2,51,559
240,18|20|35|52|63|72,6,20,547
241,91|96,2,91,547
242,35|37|80|83,4,37,544
243,1|3|4,3,4,536
244,55|62|75|97|118,5,62,530
245,18|22|35|48,4,22,523
246,35|43|63|72,4,43,522
247,18|19|35|52|63|72,6,19,516
248,1|5|8|55|102,5,8,512
249,74|75|78|97|118|120|132,7,118,512
250,18|25|55|102,4,25,511
251,18|34|35|52|55|102,6,52,505
252,18|26,2,26,501
253,35|36,2,36,492
254,18|63|72|100,4,100,490
255,18|29|35|52,4,29,484
256,55|62|63|70,4,70,482
257,74|80|83|97|122,5,83,482
258,18|28,2,28,481
259,76|77|78|97|111|132,6,132,479
260,18|20|35|63|72|101,6,20,476
261,35|37|63|72,4,37,472
262,74|76|97|107|122,5,107,471
263,1|8|76|97|111,5,8,470
264,1|3|63|72,4,3,465
265,35|43|49,3,49,465
266,74|75|78|97|118|120|122|132,8,118,463
267,35|53|55|102,4,53,460
268,18|55|100|102,4,100,453
269,1|6|76|97|111,5,6,446
270,74|75|78|97|112|113|120|132,8,113,439
271,75|78|97|115|117|132,6,117,438
272,1|4|5,3,4,437
273,35|37|41|55|102,5,37,435
274,18|34|35|63|72|101,6,101,433
275,1|3|5,3,3,429
276,18|24|55|63|72|102,6,24,428
277,18|35|41|55|58|100,6,100,422
278,1|6|55|102,4,6,421
279,74|75|97|112|113|120|124,7,113,421
280,35|42|48|63|72,5,42,408
281,74|75|97|112|114|120|122,7,114,397
282,18|23|35|52,4,23,396
283,1|5|35|43,4,5,391
284,35|48|52|77|97,5,52,385
285,74|76|97|111|122,5,122,377
286,74|97|120|121|122,5,121,376
287,18|34|35|42|55|102,6,42,374
288,76|97,2,76,374
289,18|34|35|48|63|72,6,34,370
290,35|41|55|63|72|102,6,41,362
291,18|25|35|52|63|72,6,25,360
292,1|4|8,3,4,358
293,55|57|59,3,57,354
294,1|4|54,3,4,352
295,55|62|74|97|120,5,62,352
296,18|34|35|38,4,38,351
297,35|38|63|72,4,38,348
298,35|37|79|80|83,5,37,346
299,1|8|55|102,4,8,345
300,35|55|63|72|101|102,6,101,342
301,54|55|63|70|102,5,70,337
302,35|42|55|102,4,42,333
303,18|22|35|52|55|102,6,22,332
304,18|29|35|48,4,29,331
305,1|5|76|97|111,5,5,324
306,55|62|74|97|122,5,62,324
307,35|49|63|72,4,49,318
308,54|55|57,3,57,309
309,18|22|35|101,4,22,308
310,76|97|108|111,4,108,303
311,74|79|80|83|97|120,6,79,302
312,35|42|52,3,42,300
313,1|4|63|72,4,4,296
314,35|43|77|97,4,43,296
315,18|25|35|48|63|72,6,25,294
316,63|65,2,65,294
317,1|5|35|48,4,5,293
318,18|34|35|55|101|102,6,101,291
319,74|97|120|122|123,5,123,291
320,35|48|52|55|102,5,52,290
321,18|23|35|48,4,23,289
322,18|32,2,32,289
323,75|80|83|97|112|113,6,83,288
324,18|29|34,3,29,287
325,55|62|75|97|112|113,6,62,287
326,90|96,2,90,286
327,35|41|55|62,4,62,281
328,74|75|78|97|112|113|122|132,8,113,278
329,80|82,2,82,277
330,35|41|42,3,42,275
331,18|20|35|48,4,20,274
332,18|29|35|101,4,29,271
333,74|78|97|121|132,5,121,264
334,74|97|120|121|122|125,6,125,264
335,18|34|35|42|55|63|72|102,8,42,259
336,18|35|42|55|100|102,6,100,259
337,18|29|35|41,4,29,258
338,1|4|5|8,4,4,257
339,35|41|43,3,43,256
340,74|75|97|112|113|123,6,123,255
341,74|78|97|120|131,5,131,254
342,63|66,2,66,251
343,18|20|35|52,4,20,249
344,77|78|97|131,4,131,249
345,18|28|55|102,4,28,248
346,74|75|97|112|113|122|124,7,113,248
347,18|21|35|41,4,21,247
348,35|41|77|97,4,41,247
349,35|41|52|55|102,5,52,245
350,18|34|35|37,4,37,239
351,1|3|35|43,4,3,237
352,18|34|63|70,4,70,237
353,74|78|97|120|124|132,6,132,237
354,75|76|97|107|112|113,6,113,237
355,75|76|97|107|110|119,6,110,236
356,35|49|63|70,4,49,232
357,80|81|83,3,81,232
358,1|5|8|35|43,5,8,230
359,1|5|63|72,4,5,229
360,74|76|77|97|111|120,6,111,229
361,35|41|48,3,48,228
362,18|20|35|48|55|63|72|102,8,20,225
363,18|20|35|101,4,20,225
364,74|77|97|122,4,122,224
365,18|25|35|63|72|101,6,25,219
366,74|97|124|125,4,125,219
367,18|34|35|48|55|102,6,34,217
368,35|38|55|102,4,38,216
369,18|23|35|101,4,23,214
370,75|97|118|119,4,119,212
371,74|76|97|107|120|122,6,107,211
372,35|52|54|55|102,5,52,210
373,74|75|80|83|97|112|113|120,8,83,210
374,18|34|35|49,4,49,209
375,54|55|56,3,56,209
376,1|5|6|55|102,5,6,208
377,1|6|10,3,10,208
378,18|22|35|48|55|102,6,22,208
379,63|70|76|97|111,5,70,207
380,35|41|43|55|102,5,43,206
381,35|47,2,47,206
382,35|42|77|97,4,42,204
383,35|45|48,3,45,204
384,18|19|34|63|72,5,19,202
385,1|6|55|62,4,6,201
386,18|35|37|55|100|102,6,100,201
387,35|41|49,3,49,200
388,35|48|49,3,49,200
389,35|52|54,3,52,198
390,18|20|34|63|72,5,20,196
391,18|35|41|63|72|100,6,100,196
392,35|43|49|55|102,5,49,196
393,76|78|97|107|127,5,127,196
394,18|21|35|101,4,21,195
395,35|37|55|62|80|83,6,37,193
396,1|5|8|76|97|111,6,8,192
397,18|19|35|42,4,19,191
398,18|22|34,3,22,190
399,18|35|37|41|100,5,100,189
400,18|35|38|100,4,38,189
401,18|19|55|58|63|72,6,19,188
402,18|21|35|52,4,21,188
403,35|43|55|62,4,43,188
404,18|25|35|52,4,25,186
405,35|37|52,3,37,186
406,18|19|35|48|55|63|72|102,8,19,185
407,75|77|97|119,4,119,185
408,1|8|10,3,10,184
409,1|76|97|98|111,5,98,184
410,1|6|8|63|72,5,6,183
411,74|75|97|112|113|120|122|124,8,113,182
412,63|70|77|97,4,70,179
413,18|34|55|58,4,58,178
414,35|40|42,3,40,178
415,55|58|63|72,4,58,175
416,75|76|97|111|119,5,119,172
417,54|55|61,3,61,171
418,63|69|80|81,4,69,171
419,18|21|35|48,4,21,170
420,35|52|63|70,4,70,170
421,1|8|35|43,4,8,168
422,13|14|63|71,4,71,168
423,18|19|35|48,4,19,168
424,74|75|97|118|122|124,6,118,167
425,18|20|35|37|63|72,6,20,166
426,1|63|72|98,4,98,165
427,35|52|54|55|58,5,58,165
428,35|49|77|97,4,49,164
429,18|20|35|42,4,20,163
430,35|43|53|55|58,5,53,163
431,18|19|35|52,4,19,162
432,55|62|63|72,4,62,162
433,76|97|109|111,4,109,162
434,75|80|81|97|119,5,81,161
435,80|81|82,3,82,161
436,1|4|35|43,4,4,160
437,18|20|35|52|55|63|72|102,8,20,160
438,35|40|63|72,4,40,160
439,35|63|70|101,4,70,160
440,54|55|59,3,59,160
441,74|97|120|124|126,5,126,158
442,18|24|35|42,4,24,156
443,35|48|54,3,48,155
444,18|24|35|52,4,24,154
445,74|75|78|97|112|113|120|122|132,9,113,154
446,35|48|52|63|72,5,52,153
447,18|19|35|101,4,19,152
448,18|22|35|55|101|102,6,22,150
449,35|36|55|102,4,36,150
450,35|54|55|101|102,5,101,149
451,18|19|35|52|55|63|72|102,8,19,148
452,18|35|42|55|63|72|100|102,8,100,146
453,1|5|8|63|72,5,8,145
454,13|16,2,16,145
455,55|80|83|102,4,83,145
456,35|52|55|63|72|102,6,52,144
457,77|78|97|127,4,127,144
458,35|49|55|58,4,49,142
459,54|55|62|63|70,5,70,141
460,55|80|81|102,4,81,141
461,74|78|97|120|126|132,6,126,141
462,1|4|10,3,10,140
463,1|6|9,3,9,140
464,1|5|55|62,4,5,139
465,35|48|52|55|62,5,52,139
466,13|14|63|72,4,14,138
467,35|48|55|58|63|72,6,58,138
468,18|20|55|58|63|72,6,20,137
469,54|55|58|63|70,5,70,137
470,18|26|55|102,4,26,136
471,74|80|83|97|120|122,6,83,136
472,1|9|55|62,4,9,134
473,55|59|61,3,61,134
474,18|25|35|48,4,25,131
475,35|43|55|63|72|102,6,43,131
476,1|3|55|58,4,3,130
477,35|43|48|52,4,52,130
478,18|29|34|55|102,5,29,129
479,18|20|35|55|63|72|101|102,8,20,127
480,13|15,2,15,126
481,35|42|43,3,42,126
482,18|22|34|55|102,5,22,125
483,18|25|35|42|63|72,6,25,125
484,74|75|97|112|114|118|120,7,114,125
485,74|75|97|118|120|124,6,118,125
486,55|57|62,3,57,124
487,18|20|35|38|63|72,6,38,123
488,18|25|34|63|72,5,25,122
489,74|75|79|80|83|97|112|113|120,9,79,122
490,74|78|97|120|121|122|132,7,121,122
491,75|76|97|107|118,5,118,122
492,35|37|41|55|62,5,37,121
493,63|71|79,3,71,121
494,74|75|97|115|116|120,6,116,121
495,74|97|122|125,4,125,121
496,1|3|5|8,4,3,120
497,18|29|35|52|55|102,6,29,120
498,18|24|35|63|72|101,6,24,119
499,78|97|127|132,4,127,119
500,1|5|91|96,4,91,117
501,35|54|101,3,101,117
502,55|58|77|97,4,58,117
503,78|97|130|132,4,130,117
504,1|5|35|52,4,5,116
505,18|23|35|52|55|102,6,23,116
506,35|37|48,3,37,116
507,55|62|74|97|120|122,6,62,116
508,18|19|35|55|63|72|101|102,8,19,115
509,18|35|37|41|55|100|102,7,100,115
510,74|75|80|83|97|118|122,7,83,115
511,74|75|97|123,4,123,115
512,1|63|70|98,4,98,114
513,18|24|35|48|63|72,6,24,114
514,18|35|100|101,4,100,114
515,1|6|55|63|72|102,6,6,113
516,18|24|35|48,4,24,113
517,74|75|97|118|120|122|124,7,118,113
518,18|20|35|42|55|63|72|102,8,20,112
519,89|96,2,89,112
520,18|34|77|97,4,34,111
521,35|37|79,3,37,111
522,35|43|48|63|72,5,48,111
523,18|19|35|43|63|72,6,19,110
524,18|25|34,3,25,110
525,18|25|35|101,4,25,109
526,35|40|48,3,40,109
527,18|20|34,3,20,108
528,35|49|55|62,4,49,108
529,74|78|97|121|122|132,6,121,107
530,1|5|63|70,4,70,105
531,1|55|62|98,4,98,105
532,35|43|52|55|58,5,58,105
533,55|76|97|102|111,5,102,105
534,74|78|97|120|122|124|132,7,122,105
535,76|97|108|109,4,109,105
536,1|3|55|62,4,3,104
537,63|72|77|97,4,72,104
538,18|22|35|42|55|102,6,22,103
539,18|34|35|41|63|72,6,34,103
540,35|48|63|70,4,70,103
541,74|75|80|83|97|118|120,7,83,102
542,1|4|35|48,4,4,101
543,1|3|6,3,3,100
544,1|4|55|62,4,4,100
545,1|6|63|70,4,6,100
546,18|27|35|52,4,27,100
547,74|78|97|120|121|132,6,121,100
548,74|79|97|120|122,5,79,100
549,76|77|78|97|107|132,6,107,100
550,76|97|107|109,4,109,100
551,1|8|55|62,4,8,99
552,18|34|55|62,4,34,99
553,74|78|97|122|124|132,6,122,99
554,18|21|55|63|72|102,6,21,98
555,1|5|8|9,4,9,97
556,1|5|8|55|62,5,8,97
557,18|35|41|55|63|72|100|102,8,100,97
558,35|40|49,3,40,97
559,35|42|55|63|72|102,6,42,97
560,75|97|112|113|115|117,6,117,97
561,76|97|110|111,4,110,97
562,1|5|8|35|48,5,8,96
563,1|12,2,12,96
564,18|19|34,3,19,96
565,63|70|78|97|132,5,70,96
566,74|78|97|126|132,5,126,96
567,18|20|35|41|63|72,6,20,95
568,63|70|80|83,4,70,95
569,18|22|23,3,23,94
570,35|53|55|58,4,53,94
571,74|77|97|120|122,5,122,94
572,1|4|76|97|111,5,4,93
573,18|21|34,3,21,93
574,18|34|35|48|52,5,52,93
575,35|46,2,46,93
576,55|62|80|81|83,5,81,93
577,1|4|5|6,4,4,92
578,35|37|54,3,37,92
579,55|62|76|97|107,5,62,92
580,63|64,2,64,92
581,75|76|97|107|115|116,6,116,92
582,76|97|107|108,4,108,92
583,35|55|62|101,4,101,91
584,54|55|77|97|102,5,54,91
585,18|20|25|63|72,5,25,90
586,18|23|35|48|55|102,6,23,90
587,35|36|43,3,36,90
588,18|29|63|72,4,29,89
589,35|41|42|55|102,5,42,89
590,35|49|52|55|102,5,49,89
591,75|97|115|116|117,5,116,89
592,1|10|63|72,4,10,88
593,18|22|63|72,4,22,88
594,63|72|76|97|111,5,72,88
595,74|75|97|120,4,75,88
596,1|3|8,3,3,87
597,18|29|35|37,4,29,87
598,18|34|35|38|63|72,6,38,87
599,18|34|35|43,4,34,87
600,18|31|35|52,4,31,86
601,18|55|63|72|100|102,6,100,86
602,74|75|76|97|107|118|122,7,118,86
603,76|77|97|108,4,108,86
604,76|78|97|110|132,5,110,86
605,77|78|97|130,4,130,86
606,1|11,2,11,85
607,18|34|35|42|52,5,42,85
608,74|97|120|122|125,5,125,85
609,74|97|124|126,4,126,85
610,91|95|96,3,91,85
611,1|9|55|102,4,9,84
612,18|21|35|42,4,21,84
613,18|29|35|41|55|102,6,29,84
614,35|37|74|97|120,5,37,84
615,35|44,2,44,84
616,74|76|97|107|111|120,6,107,84
617,1|3|35|43|55|102,6,3,83
618,1|6|35|43,4,6,83
619,1|55|98|102,4,98,83
620,18|29|35|48|55|102,6,29,83
621,80|104,2,104,83
622,1|3|35|48,4,3,82
623,1|5|6|9,4,9,82
624,18|34|35|39,4,39,82
625,35|47|48,3,47,82
626,35|37|55|63|72|102,6,37,81
627,35|43|48|52|55|102,6,52,81
628,1|4|63|70,4,4,80
629,18|34|35|40,4,40,80
630,35|37|55|62|79|80|83,7,37,80
631,35|40|55|102,4,40,80
632,74|76|97|111|120|122,6,122,80
633,75|76|97|107|112|114,6,114,80
634,1|6|63|69,4,69,79
635,18|35|41|52|100,5,100,79
636,35|36|41,3,36,79
637,35|37|52|55|62,5,37,79
638,35|39|55|102,4,39,79
639,75|78|97|112|114|132,6,114,79
640,18|24|35|101,4,24,78
641,18|35|41|42|100,5,100,78
642,35|36|37,3,36,78
643,63|70|79|80|83,5,70,78
644,1|5|6|63|72,5,6,77
645,1|8|35|48,4,8,77
646,1|5|9|55|102,5,9,76
647,1|5|93|96,4,93,76
648,35|41|48|55|102,5,48,76
649,35|45|52,3,45,76
650,1|79|80|83|98,5,98,75
651,54|63|72,3,72,75
652,74|75|76|97|107|112|113|120,8,113,75
653,1|4|80|81,4,4,74
654,18|22|35|48|52,5,22,74
655,18|24|55|58|63|72,6,24,74
656,18|25|35|42,4,25,74
657,18|27|35|101,4,27,74
658,18|29|35|42,4,29,74
659,55|62|74|75|97|118|120,7,62,74
660,55|62|74|75|97|118|122,7,62,74
661,74|79|97|122,4,79,74
662,1|5|13|14,4,14,73
663,1|6|8|10,4,10,73
664,18|21|35|37,4,21,73
665,18|23|63|72,4,23,73
666,35|41|48|63|72,5,48,73
667,35|50|63|70,4,50,73
668,74|80|83|97|124,5,83,73
669,1|5|55|63|72|102,6,5,72
670,18|27|35|48,4,27,72
671,35|43|48|55|58,5,58,72
672,35|45|55|102,4,45,72
673,1|4|6|63|72,5,4,71
674,18|22|35|42,4,22,71
675,18|35|38|63|72|100,6,38,71
676,1|8|84|86,4,86,70
677,18|25|35|52|55|63|72|102,8,25,70
678,35|42|55|62,4,42,70
679,35|54|55|58|101,5,101,70
680,18|34|35|42|52|63|72,7,42,69
681,35|37|77|97,4,37,69
682,1|9|80|83,4,9,68
683,18|23|35|55|101|102,6,23,68
684,35|38|41,3,38,68
685,55|76|77|97|102|111,6,102,68
686,1|5|35|43|55|102,6,5,67
687,13|14|78|97|132,5,14,67
688,18|21|35|42|63|72,6,21,67
689,18|25|35|48|55|63|72|102,8,25,67
690,63|70|74|97|120,5,70,67
691,63|70|80|81,4,70,67
692,74|75|76|97|107|118|120,7,118,67
693,1|5|7,3,7,66
694,18|22|23|55|102,5,23,66
695,18|27|63|72,4,27,66
696,18|34|35|37|55|102,6,37,66
697,18|34|35|52|55|63|72|102,8,52,66
698,35|42|48|52,4,42,66
699,35|42|49|63|72,5,49,66
700,1|3|55|63|72|102,6,3,65
701,1|8|55|63|72|102,6,8,65
702,18|23|34,3,23,65
703,1|6|84|86,4,86,64
704,18|20|35|37|55|63|72|102,8,20,64
705,18|24|35|52|63|72,6,24,64
706,55|62|74|97|124,5,62,64
707,18|19|20|63|72,5,19,63
708,18|20|35|41|55|63|72|102,8,20,63
709,18|32|55|102,4,32,63
710,76|77|78|97|107|111|132,7,107,63
711,1|4|8|63|72,5,4,62
712,18|20|35|48|55|102,6,20,62
713,18|31|35|48,4,31,62
714,35|37|38,3,38,62
715,74|75|97|112|113|125,6,125,62
716,74|76|78|97|107|120|132,7,107,62
717,75|97|115|117|119,5,117,62
718,18|21|35|52|63|72,6,21,61
719,18|24|35|42|63|72,6,24,61
720,55|62|74|75|97|112|113|120,8,62,61
721,74|75|97|112|113|118|124,7,118,61
722,18|24|34,3,24,60
723,18|29|35|55|101|102,6,29,60
724,35|37|55|58,4,37,60
725,35|37|55|62|79,5,37,60
726,74|97|122|123,4,123,60
727,1|4|6|8,4,4,59
728,18|19|34|35|42|63|72,7,19,59
729,18|21|35|48|63|72,6,21,59
730,35|37|39,3,39,59
731,35|37|49,3,49,59
732,1|5|35|48|52,5,5,58
733,18|20|34|55|63|72|102,7,20,58
734,18|34|35|41|55|58,6,58,58
735,55|62|74|79|97|120,6,79,58
736,74|75|97|118|123,5,123,58
737,1|3|4|63|72,5,4,57
738,18|34|35|48|55|63|72|102,8,34,57
739,63|103,2,103,57
740,18|20|35|52|55|102,6,20,56
741,18|20|35|55|101|102,6,20,56
742,18|34|35|41|55|63|72|102,8,34,56
743,35|40|52,3,40,56
744,35|41|50,3,50,56
745,35|42|52|63|72,5,42,56
746,35|43|54|55|102,5,43,56
747,74|75|76|97|107|118|120|122,8,118,56
748,1|4|5|6|8,5,4,55
749,1|5|10,3,10,55
750,18|25|35|55|63|72|101|102,8,25,55
751,18|34|35|50,4,50,55
752,35|36|43|55|102,5,36,55
753,55|62|77|97,4,62,55
754,74|75|97|119|120,5,119,55
755,75|76|97|111|115|116,6,116,55
756,75|76|97|111|115|117,6,117,55
757,18|20|55|62|63|72,6,20,54
758,18|35|41|52|55|100|102,7,100,54
759,35|48|49|52,4,49,54
760,74|75|79|97|112|113|120,7,79,54
761,1|3|5|55|102,5,3,53
762,1|7,2,7,53
763,18|19|35|37|63|72,6,19,53
764,18|31|35|101,4,31,53
765,35|37|74|97|120|122,6,37,53
766,1|2|5,3,2,52
767,1|6|35|48,4,6,52
768,35|37|74|97|122,5,37,52
769,35|38|52,3,38,52
770,74|75|76|97|107|112|113|122,8,113,52
771,74|75|80|83|97|112|113|120|122,9,83,52
772,93|96,2,93,52
773,1|4|35|52,4,4,51
774,18|19|35|42|55|63|72|102,8,19,51
775,18|21|35|38,4,38,51
776,18|30|35|101,4,30,51
777,18|33,2,33,51
778,18|34|35|42|48|63|72,7,42,51
779,18|35|37|63|72|100,6,100,51
780,18|35|52|100,4,100,51
781,35|40|41,3,40,51
782,55|79|80|83|102,5,79,51
783,76|78|97|107|111|127,6,127,51
784,18|22|29,3,29,50
785,35|43|48|55|63|72|102,7,48,50
786,55|59|62,3,59,50
787,55|91|95|96|102,5,91,50
788,74|75|78|97|112|113|118|120|132,9,118,50
789,76|78|97|111|130,5,130,50
790,1|3|80|81,4,3,49
791,18|30|35|52,4,30,49
792,18|34|35|42|48,5,42,49
793,55|57|61,3,61,49
794,55|63|71|102,4,71,49
795,74|75|97|112|114|118|122,7,114,49
796,74|76|77|97|111|122,6,122,49
797,1|6|8|55|102,5,6,48
798,18|22|29|55|102,5,29,48
799,18|34|35|52|55|62,6,52,48
800,35|43|54,3,43,48
801,74|75|78|97|112|113|118|120|122|132,10,118,48
802,1|5|8|35|52,5,8,47
803,1|8|35|52,4,8,47
804,18|23|24,3,24,47
805,35|38|48,3,38,47
806,35|38|55|62,4,38,47
807,35|39|49,3,39,47
808,55|62|76|97|111,5,62,47
809,74|75|78|97|112|113|118|122|132,9,118,47
810,1|5|80|83,4,5,46
811,1|9|63|72,4,9,46
812,18|21|35|63|72|101,6,21,46
813,55|62|75|97|112|113|118,7,62,46
814,74|79|80|83|97|122,6,79,46
815,1|4|54|55|102,5,4,45
816,18|20|63|69|72,5,69,45
817,18|21|35|41|55|102,6,21,45
818,18|22|55|63|72|102,6,22,45
819,18|32|35|48,4,32,45
820,55|58|63|70,4,70,45
821,75|76|97|107|111|119,6,119,45
822,1|3|10,3,10,44
823,1|5|6|8|63|72,6,6,44
824,18|20|35|48|52|63|72,7,20,44
825,18|24|35|43|63|72,6,24,44
826,18|30|35|48,4,30,44
827,18|33|55|102,4,33,44
828,18|35|41|55|62|100,6,100,44
829,18|35|42|52|63|72|100,7,100,44
830,35|48|80|81,4,81,44
831,35|50|55|102,4,50,44
832,74|75|76|97|107|112|114|120,8,114,44
833,75|77|97|115|117,5,117,44
834,89|90|96,3,89,44
835,1|5|6|76|97|111,6,6,43
836,13|14|77|97,4,14,43
837,18|20|25|55|63|72|102,7,25,43
838,18|20|34|55|102,5,20,43
839,18|20|35|38,4,38,43
840,18|20|35|47|63|72,6,47,43
841,18|34|35|55|63|72|101|102,8,101,43
842,35|41|55|77|97|102,6,41,43
843,35|50|52,3,50,43
844,1|3|4|5,4,4,42
845,18|19|20|55|63|72|102,7,19,42
846,18|20|34|35|42|63|72,7,20,42
847,18|22|35|41|55|102,6,22,42
848,18|24|35|52|55|102,6,24,42
849,18|29|55|58,4,29,42
850,18|34|35|40|63|72,6,40,42
851,54|55|58|77|97,5,58,42
852,78|97|129,3,129,42
853,1|4|9,3,9,41
854,1|5|8|35|43|55|102,7,8,41
855,1|6|35|52,4,6,41
856,35|38|49,3,38,41
857,35|39|63|72,4,39,41
858,55|63|69|102,4,69,41
859,75|97|112|114|115|116,6,116,41
860,1|4|6|10,4,10,40
861,1|4|55|63|72|102,6,4,40
862,1|5|35|48|55|102,6,5,40
863,1|8|63|70,4,70,40
864,1|74|79|97|98|120,6,98,40
865,18|20|35|40|63|72,6,40,40
866,18|20|35|43|63|72,6,20,40
867,18|27|35|42,4,27,40
868,18|34|55|63|70|102,6,70,40
869,18|35|48|100,4,100,40
870,35|37|55|62|63|72,6,37,40
871,35|48|54|55|102,5,48,40
872,35|48|55|77|97|102,6,48,40
873,74|75|80|83|97|118|120|122,8,83,40
874,1|3|84|85,4,85,39
875,1|5|55|77|97|102,6,5,39
876,18|19|35|43|55|63|72|102,8,19,39
877,18|19|35|48|55|102,6,19,39
878,18|23|34|55|102,5,23,39
879,18|24|35|48|55|63|72|102,8,24,39
880,18|32|63|72,4,32,39
881,35|37|52|55|102,5,37,39
882,35|40|42|63|72,5,40,39
883,35|41|42|63|72,5,42,39
884,35|55|58|63|72|101,6,101,39
885,55|62|63|71,4,71,39
886,63|70|74|79|97|120,6,70,39
887,75|97|112|113|114,5,114,39
888,76|77|97|108|111,5,108,39
889,1|8|9,3,9,38
890,18|22|35|41,4,22,38
891,18|25|35|38|63|72,6,38,38
892,18|34|35|49|55|102,6,49,38
893,35|37|43,3,37,38
894,35|40|43,3,40,38
895,35|52|55|63|70|102,6,70,38
896,55|74|97|102|120,5,102,38
897,74|75|79|80|83|97|112|113|120|122,10,79,38
898,74|76|78|97|111|120|132,7,132,38
899,1|3|84|86,4,86,37
900,18|34|35|37|63|72,6,37,37
901,18|34|35|41|52,5,52,37
902,18|35|42|48|63|72|100,7,100,37
903,35|43|48|55|62,5,48,37
904,35|47|63|72,4,47,37
905,54|63|70|77|97,5,70,37
906,74|97|121|126,4,121,37
907,75|97|112|114|115|117,6,117,37
908,1|3|76|97|111,5,3,36
909,1|4|63|67,4,67,36
910,1|5|6|8|55|102,6,6,36
911,1|10|35|43,4,10,36
912,18|20|35|41,4,20,36
913,18|21|29,3,21,36
914,18|26|35|52,4,26,36
915,18|27|55|58,4,27,36
916,18|29|35|37|55|102,6,29,36
917,18|35|63|72|100|101,6,100,36
918,35|36|48,3,36,36
919,35|41|52|55|62,5,52,36
920,55|62|78|97|132,5,62,36
921,1|3|35|52,4,3,35
922,1|5|6|55|62,5,6,35
923,1|8|80|81,4,81,35
924,18|20|35|37,4,20,35
925,18|28|35|52,4,28,35
926,18|31|34,3,31,35
927,18|34|35|48|52|63|72,7,52,35
928,35|39|52,3,39,35
929,35|43|55|77|97|102,6,43,35
930,35|49|52|63|70,5,49,35
931,55|62|74|75|97|118|120|122,8,62,35
932,74|75|97|112|113|121,6,121,35
933,74|75|97|118|119|122,6,119,35
934,74|78|97|120|122|126|132,7,126,35
935,75|80|83|97|112|113|118,7,83,35
936,76|77|97|109,4,109,35
937,1|5|35|43|52,5,5,34
938,1|5|55|63|70|102,6,70,34
939,1|6|63|67,4,67,34
940,1|6|80|83,4,6,34
941,1|54|98,3,98,34
942,18|19|24|63|72,5,24,34
943,18|19|34|55|63|72|102,7,19,34
944,18|19|35|48|52|63|72,7,19,34
945,18|19|35|55|101|102,6,19,34
946,18|20|21|63|72,5,21,34
947,18|20|35|42|48|63|72,7,20,34
948,18|22|55|62,4,22,34
949,18|29|35|49,4,29,34
950,18|35|42|48|100,5,100,34
951,35|36|63|72,4,36,34
952,35|41|49|55|102,5,49,34
953,35|48|55|62|63|72,6,48,34
954,63|70|72,3,70,34
955,63|72|80|81,4,81,34
956,1|4|5|55|102,5,4,33
957,1|5|89|96,4,89,33
958,1|6|54,3,6,33
959,1|63|70|79|98,5,98,33
960,1|74|97|98|120,5,98,33
961,18|22|34|35|52,5,22,33
962,18|25|55|62|63|72,6,25,33
963,18|27|34,3,27,33
964,18|27|35|52|55|102,6,27,33
965,18|30|34,3,30,33
966,18|35|41|42|55|100|102,7,100,33
967,35|43|48|77|97,5,48,33
968,35|48|52|55|63|72|102,7,52,33
969,63|72|95|96,4,95,33
970,74|76|77|97|107|120,6,107,33
971,74|79|80|83|97|120|122,7,79,33
972,1|4|6|55|102,5,4,32
973,18|23|55|63|72|102,6,23,32
974,18|34|35|38|55|102,6,38,32
975,18|35|40|42|100,5,40,32
976,18|35|43|100,4,100,32
977,35|37|48|55|62,5,37,32
978,35|37|48|63|72,5,37,32
979,35|41|55|58|63|72,6,58,32
980,35|45|48|52,4,45,32
981,35|48|50,3,50,32
982,35|52|55|58|63|72,6,58,32
983,35|55|63|70|101|102,6,70,32
984,55|79|102,3,79,32
985,75|97|112|113|115|116,6,116,32
986,90|91|96,3,90,32
987,1|2|8,3,2,31
988,1|2|63|72,4,2,31
989,1|3|4|35|43,5,4,31
990,1|5|8|63|70,5,70,31
991,1|5|76|97|107,5,5,31
992,1|6|8|55|63|72|102,7,6,31
993,1|6|55|62|63|72,6,6,31
994,1|55|62|79|98,5,98,31
995,13|14|35|37,4,14,31
996,18|19|35|52|55|102,6,19,31
997,18|21|25|63|72,5,21,31
998,18|22|35|48|52|55|102,7,22,31
999,18|22|77|97,4,22,31
1000,18|25|34|55|63|72|102,7,25,31
1001,18|25|35|47|63|72,6,47,31
1002,18|29|34|35|52,5,29,31
1003,18|35|55|100|101|102,6,100,31
1004,35|43|55|58|63|72,6,58,31
1005,55|58|62,3,58,31
1006,55|62|63|69,4,69,31
1007,55|63|72|95|96|102,6,95,31
1008,55|91|96|102,4,91,31
1009,63|70|71,3,71,31
1010,75|76|97|110|115|116,6,116,31
1011,1|2|63|69,4,2,30
1012,1|3|4|55|102,5,4,30
1013,1|4|8|10,4,10,30
1014,1|5|8|10,4,10,30
1015,1|6|10|63|72,5,10,30
1016,13|14|15,3,15,30
1017,13|14|55|63|72|102,6,14,30
1018,18|34|35|43|63|72,6,34,30
1019,35|37|40,3,40,30
1020,35|43|63|70,4,70,30
1021,35|48|55|62|77|97,6,48,30
1022,35|52|80|81,4,81,30
1023,74|75|76|97|107|112|113|120|122,9,113,30
1024,75|76|97|107|112|113|118,7,118,30
1025,76|77|97|110,4,110,30
1026,78|97|128,3,128,30
1027,13|14|63|70,4,14,29
1028,18|21|34|55|102,5,21,29
1029,18|24|35|52|55|63|72|102,8,24,29
1030,18|26|35|48,4,26,29
1031,18|28|35|48,4,28,29
1032,18|29|34|35|48,5,29,29
1033,18|29|55|63|72|102,6,29,29
1034,35|36|52,3,36,29
1035,35|38|42,3,38,29
1036,35|39|41,3,39,29
1037,35|48|49|55|102,5,49,29
1038,35|48|52|55|58,5,58,29
1039,63|72|76|77|97|111,6,72,29
1040,74|75|97|112|114|115|116|120|122,9,116,29
1041,74|97|122|124|125,5,125,29
1042,75|76|78|97|107|119|132,7,119,29
1043,75|79|80|83|97|112|113,7,79,29
1044,75|97|115|116|119,5,116,29
1045,1|8|35|43|55|102,6,8,28
1046,18|19|34|35|52|63|72,7,19,28
1047,18|19|35|41|63|72,6,19,28
1048,18|26|35|101,4,26,28
1049,18|31|35|42,4,31,28
1050,18|34|35|48|55|62,6,34,28
1051,18|34|35|49|63|72,6,49,28
1052,18|35|40|41|100,5,40,28
1053,18|35|42|52|100,5,100,28
1054,18|35|48|63|72|100,6,100,28
1055,35|37|41|52,4,37,28
1056,35|42|48|55|102,5,42,28
1057,35|48|49|63|72,5,49,28
1058,54|55|58|62,4,58,28
1059,55|56|62,3,56,28
1060,55|62|63|70|80|83,6,70,28
1061,1|4|5|35|43,5,4,27
1062,1|5|35|49,4,49,27
1063,1|9|63|70,4,9,27
1064,1|10|55|102,4,10,27
1065,18|19|35|42|48|63|72,7,19,27
1066,18|19|35|43,4,19,27
1067,18|19|63|72|77|97,6,19,27
1068,18|20|35|49|63|72,6,49,27
1069,18|21|35|48|55|102,6,21,27
1070,18|22|34|35|48|55|102,7,22,27
1071,18|22|35|43,4,22,27
1072,18|24|35|55|101|102,6,24,27
1073,18|25|35|38,4,38,27
1074,18|34|35|48|52|55|102,7,52,27
1075,35|37|41|63|72,5,37,27
1076,35|37|63|70,4,70,27
1077,35|39|48,3,39,27
1078,55|56|61,3,56,27
1079,74|75|80|83|97|112|113|122,8,83,27
1080,74|97|120|124|125,5,125,27
1081,75|78|97|112|113|118|132,7,118,27
1082,76|78|97|107|131,5,107,27
1083,1|3|5|6,4,3,26
1084,1|5|55|95|96|102,6,95,26
1085,1|5|77|97,4,5,26
1086,1|10|18|19,4,10,26
1087,1|35|43|98,4,98,26
1088,18|19|55|62|63|72,6,19,26
1089,18|20|35|48|55|62|63|72,8,20,26
1090,18|23|35|42,4,23,26
1091,18|24|35|55|63|72|101|102,8,24,26
1092,18|34|35|41|52|55|102,7,52,26
1093,35|36|55|58,4,36,26
1094,35|37|54|55|102,5,37,26
1095,35|41|43|55|58,5,58,26
1096,35|43|52|63|72,5,52,26
1097,55|57|63|70,4,57,26
1098,55|62|74|75|97|112|113|122,8,62,26
1099,55|62|75|80|83|97|118,7,83,26
1100,55|78|97|102|132,5,102,26
1101,75|76|97|111|112|113,6,113,26
1102,75|78|97|119|127,5,127,26
1103,75|97|112|113|114|118,6,114,26
1104,1|3|4|6,4,4,25
1105,1|5|8|80|83,5,8,25
1106,1|6|80|81,4,6,25
1107,1|80|83|98,4,98,25
1108,13|14|80|81,4,14,25
1109,18|19|34|55|102,5,19,25
1110,18|20|35|42|55|102,6,20,25
1111,18|24|35|43,4,24,25
1112,18|25|35|42|55|63|72|102,8,25,25
1113,18|30|35|48|55|102,6,30,25
1114,18|31|35|52|55|102,6,31,25
1115,18|34|35|49|52,5,49,25
1116,18|35|38|55|100|102,6,38,25
1117,18|55|58|100,4,100,25
1118,35|38|41|55|102,5,38,25
1119,35|41|52|63|72,5,52,25
1120,35|42|48|49,4,49,25
1121,35|49|52|63|72,5,49,25
1122,35|52|53,3,53,25
1123,55|56|59,3,56,25
1124,63|68,2,68,25
1125,74|76|78|97|107|122|132,7,107,25
1126,74|77|97|126,4,126,25
1127,76|77|78|97|111|127,6,127,25
1128,1|5|76|77|97|111,6,5,24
1129,1|6|63|72|76|97|111,7,6,24
1130,18|20|34|35|52|63|72,7,20,24
1131,18|21|35|39,4,39,24
1132,18|21|35|49,4,21,24
1133,18|24|34|55|102,5,24,24
1134,18|27|35|55|101|102,6,27,24
1135,18|30|35|52|55|102,6,30,24
1136,18|35|41|48|100,5,100,24
1137,35|36|41|55|102,5,36,24
1138,35|40|48|63|72,5,40,24
1139,35|41|48|52,4,52,24
1140,35|43|52|55|62,5,52,24
1141,35|43|80|81,4,81,24
1142,35|49|55|63|72|102,6,49,24
1143,54|80|81,3,81,24
1144,55|62|74|80|83|97|120,7,83,24
1145,74|75|79|80|83|97|112|113|122,9,79,24
1146,74|75|97|118|121,5,121,24
1147,75|76|77|97|111|119,6,119,24
1148,75|76|97|107|115|117,6,117,24
1149,75|79|97|112|113,5,79,24
1150,1|3|35|43|52,5,3,23
1151,1|3|35|48|52,5,3,23
1152,1|5|8|35|48|52,6,8,23
1153,1|6|8|76|97|111,6,6,23
1154,1|6|84|85,4,85,23
1155,1|8|76|77|97|111,6,8,23
1156,13|14|79,3,14,23
1157,18|19|35|37|55|63|72|102,8,19,23
1158,18|19|35|42|55|102,6,19,23
1159,18|20|35|47,4,47,23
1160,18|20|55|62,4,20,23
1161,18|20|55|63|69|72|102,7,69,23
1162,18|27|34|55|102,5,27,23
1163,18|30|55|58,4,30,23
1164,18|31|55|58,4,31,23
1165,18|34|35|41|48,5,34,23
1166,18|34|35|43|55|102,6,34,23
1167,18|35|38|41|100,5,38,23
1168,35|37|41|55|58,5,37,23
1169,35|40|42|48,4,40,23
1170,35|42|43|55|102,5,42,23
1171,35|43|76|97|111,5,43,23
1172,35|49|55|63|70|102,6,49,23
1173,55|62|63|103,4,103,23
1174,63|72|80|83,4,83,23
1175,74|75|78|97|112|113|124|132,8,113,23
1176,74|97|120|121|126,5,121,23
1177,76|80|83|97|107,5,83,23
1178,1|3|4|5|8,5,4,22
1179,1|3|4|10,4,10,22
1180,1|3|5|35|43,5,3,22
1181,1|4|63|69,4,69,22
1182,1|5|6|35|48,5,6,22
1183,1|5|8|80|81,5,81,22
1184,1|5|63|69,4,69,22
1185,1|6|18|19|63|72,6,6,22
1186,18|20|35|37|55|62|63|72,8,20,22
1187,18|22|34|35|52|55|102,7,22,22
1188,18|22|35|52|55|62,6,22,22
1189,18|25|35|48|52|63|72,7,25,22
1190,18|28|63|72,4,28,22
1191,18|29|63|70,4,29,22
1192,18|30|63|72,4,30,22
1193,18|31|35|48|55|102,6,31,22
1194,18|35|40|42|63|72|100,7,40,22
1195,18|35|41|43|100,5,100,22
1196,35|37|48|55|102,5,37,22
1197,35|43|52|53,4,53,22
1198,35|44|48,3,44,22
1199,35|48|52|55|62|77|97,7,52,22
1200,54|55|57|62,4,57,22
1201,55|56|57,3,56,22
1202,74|75|97|119|122,5,119,22
1203,74|76|78|97|111|122|132,7,122,22
1204,74|79|97|126,4,79,22
1205,78|97|127|130,4,130,22
1206,1|4|5|35|48,5,4,21
1207,1|4|35|37,4,4,21
1208,1|5|6|89|96,5,89,21
1209,1|5|8|76|77|97|111,7,8,21
1210,1|9|76|97|111,5,9,21
1211,13|14|18|34,4,14,21
1212,18|22|35|37|55|102,6,22,21
1213,18|27|35|48|55|102,6,27,21
1214,18|29|35|38,4,38,21
1215,18|29|35|48|52,5,29,21
1216,18|29|77|97,4,29,21
1217,18|34|35|37|41,5,37,21
1218,18|34|55|62|63|72,6,34,21
1219,18|34|55|95|96|102,6,95,21
1220,54|76|97|111,4,54,21
1221,55|62|63|69|80|81,6,69,21
1222,74|75|76|97|107|112|113|118|120,9,118,21
1223,74|75|78|97|112|114|120|132,8,114,21
1224,74|75|97|112|113|126,6,113,21
1225,74|76|97|107|111|122,6,107,21
1226,74|78|97|125|132,5,125,21
1227,74|97|120|123|126,5,123,21
1228,1|3|5|8|55|102,6,3,20
1229,1|3|35|48|55|102,6,3,20
1230,1|3|35|52|55|102,6,3,20
1231,1|5|8|84|86,5,86,20
1232,1|6|76|77|97|111,6,6,20
1233,1|6|89|96,4,89,20
1234,13|15|55|102,4,15,20
1235,18|20|63|72|77|97,6,20,20
1236,18|21|35|52|55|102,6,21,20
1237,18|22|35|37,4,22,20
1238,18|23|27,3,27,20
1239,18|23|35|41|55|102,6,23,20
1240,18|23|35|43,4,23,20
1241,18|24|34|63|72,5,24,20
1242,18|25|35|41,4,25,20
1243,18|25|35|41|63|72,6,25,20
1244,18|25|77|97,4,25,20
1245,18|34|35|52|63|70,6,70,20
1246,35|41|48|55|63|72|102,7,48,20
1247,35|42|49|52,4,49,20
1248,55|62|74|80|83|97|122,7,83,20
1249,55|62|80|82,4,82,20
1250,74|75|97|112|113|114|120,7,114,20
1251,75|78|97|112|114|118|132,7,114,20
1252,76|97|107|108|111,5,108,20
1253,76|97|108|109|111,5,109,20
1254,1|3|9,3,9,19
1255,1|5|7|8,4,7,19
1256,1|5|8|55|63|72|102,7,8,19
1257,1|6|90|96,4,90,19
1258,1|8|10|63|72,5,10,19
1259,1|8|35|101,4,101,19
1260,1|63|69|98,4,69,19
1261,18|19|34|35|48|63|72,7,19,19
1262,18|19|35|42|52|63|72,7,19,19
1263,18|19|35|47|63|72,6,47,19
1264,18|19|35|48|55|58|63|72,8,19,19
1265,18|20|25|35|48|63|72,7,25,19
1266,18|21|29|55|102,5,21,19
1267,18|21|34|35|52,5,21,19
1268,18|23|35|48|52,5,23,19
1269,18|23|55|62,4,23,19
1270,18|24|35|48|55|102,6,24,19
1271,18|24|55|58,4,24,19
1272,18|29|34|35|101,5,29,19
1273,18|29|35|43,4,29,19
1274,18|30|34|55|102,5,30,19
1275,18|32|55|63|72|102,6,32,19
1276,18|34|35|38|41,5,38,19
1277,18|34|35|38|42,5,38,19
1278,18|34|35|40|42|63|72,7,40,19
1279,18|34|35|41|42|63|72,7,42,19
1280,18|34|35|47,4,47,19
1281,35|37|41|52|55|102,6,37,19
1282,35|37|41|55|63|72|102,7,37,19
1283,35|37|55|80|83|102,6,37,19
1284,35|38|48|63|72,5,38,19
1285,35|41|52|55|58,5,58,19
1286,35|41|63|69,4,69,19
1287,35|42|43|48,4,42,19
1288,35|43|48|55|77|97|102,7,48,19
1289,35|43|49|55|58,5,49,19
1290,35|55|77|97|101|102,6,101,19
1291,74|75|97|112|114|118|120|122,8,114,19
1292,76|97|107|110|111,5,110,19
1293,77|95|96|97,4,95,19
1294,1|3|63|70,4,3,18
1295,1|4|5|9,4,9,18
1296,1|4|6|55|62,5,4,18
1297,1|5|6|35|43,5,6,18
1298,1|5|55|80|83|102,6,5,18
1299,1|6|35|101,4,6,18
1300,1|8|77|97,4,8,18
1301,1|8|80|83,4,8,18
1302,1|9|80|81,4,9,18
1303,1|10|35|52,4,10,18
1304,18|19|35|41|55|63|72|102,8,19,18
1305,18|20|35|52|55|62|63|72,8,20,18
1306,18|21|22,3,21,18
1307,18|21|25,3,21,18
1308,18|21|35|55|101|102,6,21,18
1309,18|21|55|62,4,21,18
1310,18|23|35|37,4,23,18
1311,18|24|35|48|52,5,24,18
1312,18|25|35|48|55|102,6,25,18
1313,18|25|35|52|55|102,6,25,18
1314,18|29|35|39,4,39,18
1315,18|29|35|45,4,45,18
1316,18|29|55|62,4,29,18
1317,18|31|34|55|102,5,31,18
1318,18|34|35|41|42,5,42,18
1319,18|34|35|45,4,45,18
1320,18|35|49|100,4,49,18
1321,35|36|77|97,4,36,18
1322,35|42|48|77|97,5,42,18
1323,35|42|52|55|102,5,42,18
1324,35|49|54,3,49,18
1325,35|51|55|102,4,51,18
1326,35|52|54|55|63|70|102,7,70,18
1327,35|52|55|62|77|97,6,52,18
1328,55|62|63|70|79,5,70,18
1329,55|62|79|80|81,5,81,18
1330,74|75|97|112|114|124,6,114,18
1331,74|76|78|97|107|120|122|132,8,107,18
1332,74|77|78|97|120|132,6,132,18
1333,79|80|81|83,4,81,18
1334,1|3|6|63|72,5,3,17
1335,1|3|35|37,4,3,17
1336,1|4|35|43|55|102,6,4,17
1337,1|4|35|43|63|72,6,4,17
1338,1|4|84|86,4,86,17
1339,1|5|6|55|63|72|102,7,6,17
1340,1|5|6|63|69,5,69,17
1341,1|5|6|91|96,5,91,17
1342,1|5|35|52|55|102,6,5,17
1343,1|6|91|96,4,91,17
1344,1|8|13|14,4,14,17
1345,1|8|79,3,8,17
1346,1|10|18|34,4,10,17
1347,1|80|81|98,4,98,17
1348,18|19|34|35|42|55|63|72|102,9,19,17
1349,18|19|77|97,4,19,17
1350,18|20|35|48|52,5,20,17
1351,18|21|34|63|72,5,21,17
1352,18|21|35|41|63|72,6,21,17
1353,18|22|23|35|52|55|102,7,23,17
1354,18|22|35|48|55|62,6,22,17
1355,18|34|35|38|52,5,38,17
1356,18|34|35|39|63|72,6,39,17
1357,18|34|63|72|77|97,6,34,17
1358,18|35|52|63|72|100,6,100,17
1359,35|39|40,3,39,17
1360,35|41|54|55|102,5,41,17
1361,35|42|53,3,53,17
1362,35|43|48|49,4,49,17
1363,35|43|48|52|55|58,6,58,17
1364,35|43|49|52,4,49,17
1365,35|47|48|63|72,5,47,17
1366,35|48|63|69,4,69,17
1367,35|50|54,3,50,17
1368,35|52|54|55|62,5,52,17
1369,35|52|55|77|97|102,6,52,17
1370,55|62|74|75|97|112|113|120|122,9,62,17
1371,55|62|74|78|97|120|132,7,62,17
1372,63|68|80|81,4,68,17
1373,74|75|97|118|119|120,6,119,17
1374,74|78|97|126|131,5,131,17
1375,76|78|97|108|132,5,108,17
1376,79|80|81,3,81,17
1377,1|3|6|8,4,3,16
1378,1|5|6|8|55|63|72|102,8,6,16
1379,1|5|6|84|86,5,86,16
1380,1|5|8|89|96,5,89,16
1381,1|6|13|14,4,14,16
1382,1|6|35|37,4,6,16
1383,1|6|35|48|52,5,6,16
1384,1|8|35|43|63|72,6,8,16
1385,1|8|63|69,4,69,16
1386,13|14|18|20|63|72,6,14,16
1387,18|19|20,3,19,16
1388,18|19|35|41,4,19,16
1389,18|20|22|63|72,5,22,16
1390,18|20|63|69,4,69,16
1391,18|20|63|72|80|81,6,20,16
1392,18|21|35|38|63|72,6,38,16
1393,18|22|35|48|55|63|72|102,8,22,16
1394,18|25|35|52|55|62|63|72,8,25,16
1395,18|34|63|69,4,69,16
1396,18|34|95|96,4,95,16
1397,18|35|37|38|100,5,38,16
1398,18|35|43|55|100|102,6,100,16
1399,35|37|49|55|62,5,49,16
1400,35|38|42|63|72,5,38,16
1401,35|40|77|97,4,40,16
1402,35|41|49|52,4,49,16
1403,35|41|55|95|96|102,6,95,16
1404,35|43|54|55|58,5,58,16
1405,35|46|63|72,4,46,16
1406,55|62|74|97|122|124,6,62,16
1407,55|63|72|77|97|102,6,72,16
1408,63|69|84|85,4,85,16
1409,63|71|74|97|120,5,71,16
1410,63|71|80|83,4,71,16
1411,74|75|76|97|107|112|113|118|120|122,10,118,16
1412,74|75|79|97|112|113|120|122,8,79,16
1413,74|75|97|115|116|122,6,116,16
1414,74|78|97|122|126|132,6,126,16
1415,75|97|112,3,112,16
1416,76|78|97|111|129,5,129,16
1417,76|97|107|108|109,5,109,16
1418,1|3|18|20|63|72,6,3,15
1419,1|3|35|43|48,5,3,15
1420,1|3|35|101,4,3,15
1421,1|4|5|8|63|72,6,4,15
1422,1|4|8|55|102,5,4,15
1423,1|4|35|43|52,5,4,15
1424,1|4|35|48|63|72,6,4,15
1425,1|4|55|63|70|102,6,4,15
1426,1|5|6|80|83,5,6,15
1427,1|5|8|35|43|52,6,8,15
1428,1|5|13|14|55|102,6,14,15
1429,1|5|18|22|55|102,6,22,15
1430,1|5|18|34|55|102,6,5,15
1431,1|5|35|101,4,101,15
1432,1|6|8|9,4,9,15
1433,1|6|9|63|72,5,9,15
1434,1|9|76|97|107,5,9,15
1435,1|13|14|98,4,14,15
1436,13|14|18|22,4,14,15
1437,18|19|35|48|52,5,19,15
1438,18|19|35|48|55|62|63|72,8,19,15
1439,18|20|34|35|42,5,20,15
1440,18|20|34|35|42|55|63|72|102,9,20,15
1441,18|20|35|38|42|63|72,7,38,15
1442,18|20|35|39|63|72,6,39,15
1443,18|20|35|42|52|63|72,7,20,15
1444,18|20|35|48|52|55|63|72|102,9,20,15
1445,18|22|34|35|48,5,22,15
1446,18|22|35|48|63|72,6,22,15
1447,18|22|55|77|97|102,6,22,15
1448,18|23|55|58,4,23,15
1449,18|24|35|42|55|102,6,24,15
1450,18|24|77|97,4,24,15
1451,18|25|35|37|63|72,6,25,15
1452,18|25|35|49,4,49,15
1453,18|28|34,3,28,15
1454,18|28|35|101,4,28,15
1455,18|29|35|42|55|102,6,29,15
1456,18|34|35|36,4,36,15
1457,18|34|35|40|42,5,40,15
1458,18|34|35|41|42|55|102,7,42,15
1459,18|34|54,3,34,15
1460,18|34|55|77|97|102,6,34,15
1461,18|35|38|42|100,5,38,15
1462,18|35|41|43|55|100|102,7,100,15
1463,35|36|37|41,4,36,15
1464,35|37|41|52|55|62,6,37,15
1465,35|41|54,3,41,15
1466,35|41|63|70,4,70,15
1467,35|45|50,3,45,15
1468,35|46|48,3,46,15
1469,35|48|76|77|97|111,6,48,15
1470,35|49|51,3,51,15
1471,35|49|52|55|62,5,49,15
1472,35|49|52|77|97,5,49,15
1473,35|52|54|63|70,5,70,15
1474,35|80|81|101,4,81,15
1475,54|55|57|59,4,57,15
1476,74|76|97|107|120|124,6,107,15
1477,1|3|5|63|72,5,3,14
1478,1|3|35|43|55|58,6,3,14
1479,1|4|5|63|72,5,4,14
1480,1|4|6|8|10,5,10,14
1481,1|4|35|48|52,5,4,14
1482,1|5|6|10,4,10,14
1483,1|5|6|84|85,5,85,14
1484,1|5|9|93|96,5,93,14
1485,1|5|80|81,4,81,14
1486,1|5|95|96,4,95,14
1487,1|6|8|55|62,5,6,14
1488,1|6|77|97,4,6,14
1489,1|55|63|72|98|102,6,98,14
1490,1|63|68|98,4,68,14
1491,1|76|77|97|98|111,6,98,14
1492,13|14|18|25|63|72,6,14,14
1493,13|14|35|41,4,14,14
1494,18|19|34|35|48|55|63|72|102,9,19,14
1495,18|20|25|35|52|55|63|72|102,9,25,14
1496,18|20|34|35|48|63|72,7,20,14
1497,18|20|34|35|52|55|63|72|102,9,20,14
1498,18|20|35|43|55|63|72|102,8,20,14
1499,18|23|35|52|55|62,6,23,14
1500,18|29|34|35|52|55|102,7,29,14
1501,18|29|35|37|55|62,6,29,14
1502,18|29|35|52|55|62,6,29,14
1503,18|34|35|37|41|55|102,7,37,14
1504,18|34|35|37|55|62,6,37,14
1505,18|34|35|42|48|55|102,7,42,14
1506,18|34|35|42|52|55|63|72|102,9,42,14
1507,18|34|35|50|55|102,6,50,14
1508,18|34|35|52|55|63|70|102,8,70,14
1509,18|35|37|41|55|62|100,7,100,14
1510,18|35|40|41|55|100|102,7,40,14
1511,18|35|41|42|63|72|100,7,100,14
1512,35|37|43|55|102,5,37,14
1513,35|37|48|52,4,37,14
1514,35|37|74|75|97|112|113|120|122,9,37,14
1515,35|38|77|97,4,38,14
1516,35|39|55|62,4,39,14
1517,35|41|52|55|63|72|102,7,52,14
1518,35|47|52,3,47,14
1519,35|51|63|69,4,51,14
1520,35|52|54|55|58|63|70,7,70,14
1521,55|56|63|70,4,56,14
1522,55|62|74|78|97|120|122|132,8,62,14
1523,55|62|75|80|83|97|112|113,8,83,14
1524,55|63|66|102,4,66,14
1525,63|71|74|79|97|120,6,71,14
1526,74|75|80|83|97|112|113|118|120,9,83,14
1527,74|75|97|112|113|115|116|120|122,9,116,14
1528,74|77|78|97|122|132,6,122,14
1529,74|97|120|125|126,5,125,14
1530,75|76|97|107|111|115|116,7,116,14
1531,75|97|112|113|119,5,119,14
1532,1|3|8|63|72,5,3,13
1533,1|3|35|48|63|72,6,3,13
1534,1|4|18|19|63|72,6,4,13
1535,1|5|6|8|35|43,6,6,13
1536,1|5|9|55|62,5,9,13
1537,1|5|55|76|77|97|102|111,8,5,13
1538,1|6|8|35|43,5,6,13
1539,1|6|35|43|63|72,6,6,13
1540,1|8|18|19|63|72,6,19,13
1541,1|9|55|62|80|83,6,9,13
1542,1|10|35|48,4,10,13
1543,1|10|76|97|111,5,10,13
1544,1|63|72|76|97|98|111,7,98,13
1545,18|19|20|35|48|55|63|72|102,9,19,13
1546,18|19|20|35|48|63|72,7,19,13
1547,18|19|55|58,4,19,13
1548,18|20|21,3,21,13
1549,18|20|25,3,25,13
1550,18|21|35|48|52,5,21,13
1551,18|21|63|70,4,21,13
1552,18|22|23|35|48|55|102,7,23,13
1553,18|22|30,3,30,13
1554,18|22|35|48|77|97,6,22,13
1555,18|23|27|55|102,5,27,13
1556,18|23|35|41,4,23,13
1557,18|23|35|48|52|55|102,7,23,13
1558,18|24|35|37,4,24,13
1559,18|24|35|43|55|63|72|102,8,24,13
1560,18|25|35|37,4,25,13
1561,18|25|35|48|55|62|63|72,8,25,13
1562,18|25|63|72|77|97,6,25,13
1563,18|27|35|43,4,27,13
1564,18|29|35|52|63|72,6,29,13
1565,18|30|35|55|101|102,6,30,13
1566,18|31|35|43,4,31,13
1567,18|31|35|55|101|102,6,31,13
1568,18|34|35|41|42|55|63|72|102,9,42,13
1569,18|34|35|41|48|55|102,7,34,13
1570,18|34|35|44,4,44,13
1571,18|34|35|48|52|55|63|72|102,9,52,13
1572,18|34|35|49|63|70,6,49,13
1573,18|35|36|41|100,5,36,13
1574,18|35|37|41|55|58|100,7,100,13
1575,18|35|41|48|55|100|102,7,100,13
1576,35|37|41|55|62|63|72,7,37,13
1577,35|37|55|62|74|97|120,7,37,13
1578,35|38|55|63|72|102,6,38,13
1579,35|38|80|83,4,38,13
1580,35|39|77|97,4,39,13
1581,35|41|48|52|55|102,6,52,13
1582,35|41|48|55|62,5,48,13
1583,35|43|48|55|58|63|72,7,58,13
1584,35|43|52|53|55|102,6,53,13
1585,35|47|55|102,4,47,13
1586,35|51|63|65,4,65,13
1587,35|52|53|55|102,5,53,13
1588,35|52|55|62|63|72,6,52,13
1589,35|54|55|63|70|101|102,7,70,13
1590,54|78|97|132,4,54,13
1591,55|62|74|79|97|122,6,79,13
1592,63|69|78|97|127,5,69,13
1593,74|75|76|78|97|107|112|113|120|132,10,113,13
1594,74|75|80|83|97|118|124,7,83,13
1595,74|76|77|97|111|120|122,7,122,13
1596,74|78|97|120|130,5,130,13
1597,74|97|120|121|124,5,121,13
1598,75|77|78|97|119|132,6,119,13
1599,76|78|97|111|131,5,131,13
1600,78|80|81|97|132,5,81,13
1601,89|91|96,3,89,13
1602,1|2|6,3,2,12
1603,1|3|4|5|6,5,4,12
1604,1|3|4|8,4,4,12
1605,1|3|4|55|62,5,4,12
1606,1|3|4|80|81,5,4,12
1607,1|3|55|62|63|72,6,3,12
1608,1|4|6|35|43,5,4,12
1609,1|4|6|55|63|72|102,7,4,12
1610,1|4|54|55|58,5,4,12
1611,1|5|6|8|10,5,10,12
1612,1|5|8|35|101,5,101,12
1613,1|5|35|41|55|102,6,5,12
1614,1|5|84|85,4,85,12
1615,1|6|18|20|63|72,6,6,12
1616,1|8|76|97,4,8,12
1617,1|9|35|48,4,9,12
1618,1|9|55|62|63|71,6,71,12
1619,13|14|35|37|55|102,6,14,12
1620,13|14|35|41|55|102,6,14,12
1621,13|16|63|70,4,16,12
1622,18|19|22|63|72,5,22,12
1623,18|19|35|40|63|72,6,40,12
1624,18|19|35|52|55|58|63|72,8,19,12
1625,18|19|35|52|55|62|63|72,8,19,12
1626,18|20|23|63|72,5,23,12
1627,18|20|35|49,4,49,12
1628,18|20|77|97,4,20,12
1629,18|21|35|40,4,40,12
1630,18|21|35|42|55|63|72|102,8,21,12
1631,18|22|23|34|55|102,6,23,12
1632,18|22|34|35|41|55|102,7,22,12
1633,18|22|35|52|63|72,6,22,12
1634,18|23|35|48|63|72,6,23,12
1635,18|25|34|35|42|63|72,7,25,12
1636,18|26|34,3,26,12
1637,18|32|35|48|63|72,6,32,12
1638,18|34|35|37|55|63|72|102,8,37,12
1639,18|34|35|42|77|97,6,42,12
1640,18|34|35|44|55|102,6,44,12
1641,18|34|35|53,4,53,12
1642,18|34|80|81,4,81,12
1643,18|35|37|55|62|100,6,100,12
1644,35|36|39,3,36,12
1645,35|37|41|48,4,37,12
1646,35|37|48|55|62|63|72,7,37,12
1647,35|38|40,3,40,12
1648,35|40|41|55|102,5,40,12
1649,35|42|43|48|52,5,42,12
1650,35|43|48|53,4,53,12
1651,35|43|55|58|62,5,58,12
1652,35|43|55|58|77|97,6,58,12
1653,35|43|55|63|70|102,6,70,12
1654,35|44|55|102,4,44,12
1655,35|48|52|54,4,52,12
1656,35|48|54|55|58,5,58,12
1657,35|48|55|62|80|83,6,83,12
1658,35|48|55|63|70|102,6,70,12
1659,55|58|60,3,60,12
1660,55|61|63|70,4,61,12
1661,55|76|97|102|107,5,107,12
1662,63|69|70,3,69,12
1663,63|70|91|96,4,91,12
1664,74|75|80|83|97|112|113|118|120|122,10,83,12
1665,74|75|97|112|113|118|120|124,8,118,12
1666,74|76|77|97|107|111|120,7,107,12
1667,74|76|97|107|124,5,107,12
1668,74|77|97|121,4,121,12
1669,75|79|97|118,4,79,12
1670,75|97|112|114|119,5,114,12
1671,88|96,2,88,12
1672,1|2|13|14,4,2,11
1673,1|2|84|86,4,86,11
1674,1|3|35|41|55|102,6,3,11
1675,1|4|5|8|35|43,6,4,11
1676,1|4|35|43|48,5,4,11
1677,1|4|35|48|55|102,6,4,11
1678,1|4|35|52|55|102,6,4,11
1679,1|4|55|58,4,4,11
1680,1|5|6|80|81,5,6,11
1681,1|5|8|91|96,5,91,11
1682,1|5|35|43|49,5,49,11
1683,1|5|35|48|55|62,6,5,11
1684,1|6|35|48|63|72,6,6,11
1685,1|8|10|55|102,5,10,11
1686,1|8|35|48|52,5,8,11
1687,1|8|35|48|63|72,6,8,11
1688,1|10|18|20,4,10,11
1689,13|14|18|34|55|102,6,14,11
1690,13|14|55|77|97|102,6,14,11
1691,18|19|20|35|52|63|72,7,19,11
1692,18|19|35|48|52|55|63|72|102,9,19,11
1693,18|19|63|69|72,5,69,11
1694,18|20|22|55|63|72|102,7,22,11
1695,18|20|25|35|48|55|63|72|102,9,25,11
1696,18|20|29|63|72,5,29,11
1697,18|20|34|35|101,5,20,11
1698,18|20|35|37|41|63|72,7,20,11
1699,18|20|35|37|55|102,6,20,11
1700,18|20|35|39,4,39,11
1701,18|20|35|41|55|102,6,20,11
1702,18|20|35|43,4,20,11
1703,18|20|35|47|55|63|72|102,8,47,11
1704,18|20|35|48|55|58|63|72,8,20,11
1705,18|21|34|35|48,5,21,11
1706,18|22|23|35|52,5,23,11
1707,18|22|30|55|102,5,30,11
1708,18|22|35|49,4,49,11
1709,18|24|35|41,4,24,11
1710,18|25|35|39,4,39,11
1711,18|29|34|35|48|55|102,7,29,11
1712,18|29|34|35|55|101|102,7,29,11
1713,18|29|35|40,4,40,11
1714,18|29|35|48|63|72,6,29,11
1715,18|34|35|37|38,5,38,11
1716,18|34|35|38|48,5,38,11
1717,18|34|35|42|63|72|77|97,8,42,11
1718,18|34|35|43|53,5,53,11
1719,18|34|35|52|55|62|63|72,8,52,11
1720,18|35|37|52|100,5,100,11
1721,18|35|41|49|100,5,49,11
1722,18|35|41|77|97|100,6,100,11
1723,35|36|42,3,36,11
1724,35|37|74|79|80|83|97|120,8,37,11
1725,35|37|74|80|83|97|122,7,37,11
1726,35|40|43|55|102,5,40,11
1727,35|41|43|63|72,5,43,11
1728,35|41|55|62|63|72,6,62,11
1729,35|42|48|55|63|72|102,7,42,11
1730,35|43|48|52|63|72,6,52,11
1731,35|43|48|52|77|97,6,52,11
1732,35|48|52|63|70,5,70,11
1733,35|48|54|55|62,5,48,11
1734,35|48|63|72|77|97,6,48,11
1735,35|48|76|97|111,5,48,11
1736,35|49|50,3,50,11
1737,35|52|55|57,4,57,11
1738,35|55|62|63|72|101,6,101,11
1739,55|61|62,3,61,11
1740,55|62|74|78|97|122|132,7,62,11
1741,55|62|74|79|97|120|122,7,79,11
1742,55|62|76|97|107|111,6,62,11
1743,55|62|80|81|82,5,82,11
1744,63|67|70,3,67,11
1745,63|69|80|83,4,69,11
1746,74|75|76|97|107|112|113|118|122,9,118,11
1747,74|75|97|112|113|114|118|122,8,114,11
1748,74|75|97|112|113|120|126,7,113,11
1749,74|75|97|118,4,118,11
1750,74|75|97|118|126,5,118,11
1751,74|78|80|83|97|122|132,7,83,11
1752,75|76|97|107|112|114|118,7,114,11
1753,75|77|97|112|114,5,114,11
1754,1|2|55|102,4,2,10
1755,1|3|4|5|35|43,6,4,10
1756,1|3|18|19|63|72,6,3,10
1757,1|3|35|43|55|62,6,3,10
1758,1|3|35|43|63|72,6,3,10
1759,1|3|54,3,3,10
1760,1|3|77|97,4,3,10
1761,1|3|80|83,4,3,10
1762,1|4|6|76|97|111,6,4,10
1763,1|5|6|8|9,5,9,10
1764,1|5|8|9|55|102,6,9,10
1765,1|5|8|35|43|49,6,49,10
1766,1|5|9|80|83,5,9,10
1767,1|5|18|34,4,5,10
1768,1|5|35|37,4,37,10
1769,1|5|35|43|52|55|102,7,5,10
1770,1|5|35|48|52|55|102,7,5,10
1771,1|5|35|55|101|102,6,101,10
1772,1|5|76|97|107|111,6,5,10
1773,1|6|8|84|86,5,86,10
1774,1|8|55|62|63|72,6,8,10
1775,1|9|55|63|72|102,6,9,10
1776,13|14|18|25,4,14,10
1777,13|14|55|63|71|102,6,71,10
1778,18|19|29|63|72,5,29,10
1779,18|19|34|35|42|52|63|72,8,19,10
1780,18|19|35|37|48|63|72,7,19,10
1781,18|19|35|38|63|72,6,38,10
1782,18|19|35|43|48|63|72,7,19,10
1783,18|19|63|70,4,19,10
1784,18|20|25|35|52|63|72,7,25,10
1785,18|20|34|35|41|55|63|72|102,9,20,10
1786,18|20|34|35|48|55|63|72|102,9,20,10
1787,18|20|35|37|48|55|62|63|72,9,20,10
1788,18|20|35|40,4,40,10
1789,18|20|35|40|42|63|72,7,40,10
1790,18|20|35|41|48|55|63|72|102,9,20,10
1791,18|21|34|35|41|55|102,7,21,10
1792,18|21|34|35|52|55|102,7,21,10
1793,18|21|35|37|55|102,6,21,10
1794,18|21|35|42|55|102,6,21,10
1795,18|22|27,3,27,10
1796,18|22|34|35|101,5,22,10
1797,18|22|35|43|55|102,6,22,10
1798,18|23|24|55|102,5,24,10
1799,18|23|29,3,23,10
1800,18|23|31,3,31,10
1801,18|23|35|37|55|102,6,23,10
1802,18|23|77|97,4,23,10
1803,18|24|35|41|63|72,6,24,10
1804,18|25|35|38|55|63|72|102,8,38,10
1805,18|25|35|40|63|72,6,40,10
1806,18|25|35|42|48|63|72,7,25,10
1807,18|25|35|49|63|72,6,49,10
1808,18|25|55|58|63|72,6,25,10
1809,18|25|55|62,4,25,10
1810,18|27|35|43|55|102,6,27,10
1811,18|29|34|35|41,5,29,10
1812,18|30|35|42,4,30,10
1813,18|31|63|72,4,31,10
1814,18|34|35|38|55|63|72|102,8,38,10
1815,18|34|35|39|55|102,6,39,10
1816,18|34|35|43|52,5,52,10
1817,18|34|35|43|55|63|72|102,8,34,10
1818,18|34|35|48|55|62|63|72,8,34,10
1819,18|35|37|55|58|100,6,100,10
1820,18|35|41|50|100,5,50,10
1821,18|35|41|63|69|100,6,69,10
1822,18|35|42|77|97|100,6,100,10
1823,35|36|38,3,36,10
1824,35|37|38|63|72,5,38,10
1825,35|37|41|55|62|80|83,7,37,10
1826,35|37|48|55|63|72|102,7,37,10
1827,35|37|52|55|62|63|72,7,37,10
1828,35|38|55|62|63|72,6,38,10
1829,35|39|43|55|102,5,39,10
1830,35|42|48|52|63|72,6,42,10
1831,35|42|49|55|102,5,49,10
1832,35|42|55|58,4,42,10
1833,35|48|52|55|62|63|72,7,52,10
1834,35|48|52|63|72|77|97,7,52,10
1835,35|48|53,3,53,10
1836,35|48|80|83,4,83,10
1837,35|52|76|97|111,5,52,10
1838,35|52|80|83,4,52,10
1839,54|55|63|72|102,5,72,10
1840,55|59|63|70,4,59,10
1841,55|62|63|67,4,67,10
1842,55|62|74|79|80|83|97|120,8,79,10
1843,55|62|74|97|120|124,6,62,10
1844,55|62|79|80|81|83,6,81,10
1845,55|63|70|72|102,5,70,10
1846,55|63|70|95|96|102,6,95,10
1847,55|74|97|102|122,5,102,10
1848,63|64|66,3,64,10
1849,63|69|71,3,71,10
1850,63|70|76|77|97|111,6,70,10
1851,74|75|79|80|83|97|118|120,8,79,10
1852,74|75|80|83|97|112|113|118|122,9,83,10
1853,74|75|97|112|113|118|123,7,123,10
1854,74|75|97|112|113|120|123,7,123,10
1855,74|75|97|112|114|126,6,114,10
1856,74|75|97|118|125,5,125,10
1857,74|76|97|108|120,5,108,10
1858,74|97|120|123|124,5,123,10
1859,75|76|77|97|107|119,6,119,10
1860,75|76|78|97|111|119|132,7,119,10
1861,75|76|97|111|112|114,6,114,10
1862,75|77|97|112|113,5,113,10
1863,75|77|97|115|116,5,116,10
1864,75|77|97|118,4,118,10
1865,75|78|97|115|116|117|132,7,116,10
1866,78|80|83|97|132,5,83,10
1867,1|2|4,3,2,9
1868,1|2|5|8,4,2,9
1869,1|3|5|6|8,5,3,9
1870,1|3|35|43|52|55|102,7,3,9
1871,1|3|35|49,4,3,9
1872,1|3|63|72|80|81,6,3,9
1873,1|3|76|77|97|111,6,3,9
1874,1|4|5|6|55|102,6,4,9
1875,1|4|5|8|35|48,6,4,9
1876,1|4|5|10,4,10,9
1877,1|4|13|14,4,14,9
1878,1|4|18|20|63|72,6,4,9
1879,1|4|55|62|80|81,6,4,9
1880,1|5|6|8|55|62,6,6,9
1881,1|5|55|62|80|83,6,5,9
1882,1|6|10|35|43,5,10,9
1883,1|6|54|55|102,5,6,9
1884,1|6|63|71,4,71,9
1885,1|7|8,3,7,9
1886,1|8|35|37,4,37,9
1887,1|8|63|71,4,71,9
1888,1|9|79|80|83,5,9,9
1889,1|11|55|62,4,11,9
1890,1|12|80|81,4,12,9
1891,1|55|62|79|80|83|98,7,98,9
1892,13|14|55|62,4,14,9
1893,18|19|22|55|63|72|102,7,22,9
1894,18|19|24,3,24,9
1895,18|19|34|35|42,5,19,9
1896,18|19|34|35|42|48|55|63|72|102,10,19,9
1897,18|19|34|35|63|72|101,7,19,9
1898,18|19|35|37,4,19,9
1899,18|19|35|42|48,5,19,9
1900,18|20|25|34|63|72,6,25,9
1901,18|20|34|35|52|55|102,7,20,9
1902,18|20|34|35|63|72|101,7,20,9
1903,18|20|35|38|55|63|72|102,8,38,9
1904,18|20|35|41|48|63|72,7,20,9
1905,18|20|35|48|52|55|102,7,20,9
1906,18|21|22|55|102,5,21,9
1907,18|21|35|37|63|72,6,21,9
1908,18|21|77|97,4,21,9
1909,18|22|29|34|55|102,6,29,9
1910,18|22|34|35|55|101|102,7,22,9
1911,18|22|34|55|63|72|102,7,22,9
1912,18|22|35|43|48|55|102,7,22,9
1913,18|22|35|45,4,45,9
1914,18|22|35|48|52|77|97,7,22,9
1915,18|22|35|63|72|101,6,22,9
1916,18|23|26|55|102,5,26,9
1917,18|23|35|48|55|62,6,23,9
1918,18|23|35|52|55|63|72|102,8,23,9
1919,18|24|35|41|55|102,6,24,9
1920,18|26|27,3,26,9
1921,18|26|35|48|55|102,6,26,9
1922,18|26|35|55|101|102,6,26,9
1923,18|27|31,3,31,9
1924,18|27|35|42|63|72,6,27,9
1925,18|27|35|49,4,27,9
1926,18|28|35|48|55|102,6,28,9
1927,18|28|35|52|55|102,6,28,9
1928,18|29|35|48|55|62,6,29,9
1929,18|30|55|63|72|102,6,30,9
1930,18|32|34,3,32,9
1931,18|34|35|40|55|102,6,40,9
1932,18|34|35|41|48|55|63|72|102,9,34,9
1933,18|34|35|41|52|63|72,7,52,9
1934,18|34|35|41|55|62,6,34,9
1935,18|34|35|48|77|97,6,34,9
1936,18|34|35|63|70|101,6,70,9
1937,18|34|55|80|81|102,6,81,9
1938,18|35|38|41|55|100|102,7,38,9
1939,18|35|40|100,4,40,9
1940,18|35|41|55|77|97|100|102,8,100,9
1941,18|35|48|52|100,5,100,9
1942,18|35|48|55|100|102,6,100,9
1943,18|35|52|55|100|102,6,100,9
1944,18|77|97|100,4,100,9
1945,35|37|39|55|102,5,39,9
1946,35|37|54|55|62,5,37,9
1947,35|37|55|62|75|97|118,7,37,9
1948,35|39|43,3,39,9
1949,35|39|48|52,4,39,9
1950,35|39|55|58,4,39,9
1951,35|41|42|48,4,42,9
1952,35|41|42|48|63|72,6,42,9
1953,35|41|42|55|63|72|102,7,42,9
1954,35|42|48|55|62,5,42,9
1955,35|42|54,3,42,9
1956,35|43|48|49|55|102,6,49,9
1957,35|43|49|52|55|102,6,49,9
1958,35|43|52|55|63|72|102,7,52,9
1959,35|43|54|55|63|70|102,7,70,9
1960,35|43|63|69,4,69,9
1961,35|43|76|77|97|111,6,43,9
1962,35|48|49|55|62,5,49,9
1963,35|48|49|77|97,5,49,9
1964,35|48|55|58|62,5,58,9
1965,35|48|55|95|96|102,6,95,9
1966,35|50|77|97,4,50,9
1967,35|52|55|58|77|97,6,58,9
1968,35|63|69|101,4,69,9
1969,55|58|80|81,4,81,9
1970,55|60,2,60,9
1971,55|62|80|104,4,104,9
1972,63|70|90|96,4,90,9
1973,63|71|72,3,71,9
1974,63|80|83|103,4,103,9
1975,74|75|97|112|113|118|122|124,8,118,9
1976,74|75|97|112|114|121,6,114,9
1977,74|76|77|97|107|122,6,107,9
1978,74|77|78|97|120|122|132,7,122,9
1979,74|97|125|126,4,125,9
1980,75|76|77|97|111|115|116,7,116,9
1981,76|77|97,3,76,9
1982,76|78|97|107|127|132,6,127,9
1983,76|97|107|109|111,5,109,9
1984,84|85,2,85,9
1985,89|90|91|96,4,89,9
1986,1|3|4|55|63|72|102,7,4,8
1987,1|3|5|6|55|102,6,3,8
1988,1|3|5|55|62,5,3,8
1989,1|3|6|55|63|72|102,7,3,8
1990,1|3|6|55|102,5,3,8
1991,1|3|18|22|55|102,6,3,8
1992,1|3|18|34,4,3,8
1993,1|3|18|34|55|102,6,3,8
1994,1|3|35|42,4,3,8
1995,1|3|63|69,4,69,8
1996,1|4|5|6|63|72,6,4,8
1997,1|4|5|8|55|62,6,4,8
1998,1|4|5|35|52,5,4,8
1999,1|5|6|9|55|102,6,9,8
2000,1|5|8|35|37,5,37,8
2001,1|5|8|35|48|55|102,7,8,8
2002,1|5|8|63|69,5,69,8
2003,1|5|8|77|97,5,8,8
2004,1|5|18|22,4,22,8
2005,1|5|35|41,4,5,8
2006,1|5|35|48|63|72,6,5,8
2007,1|5|63|67,4,67,8
2008,1|6|10|55|102,5,10,8
2009,1|6|35|37|55|62,6,6,8
2010,1|6|35|55|101|102,6,6,8
2011,1|6|76|97,4,6,8
2012,1|6|76|97|107|111,6,6,8
2013,1|8|35|43|52,5,8,8
2014,1|8|35|49,4,49,8
2015,1|8|55|79|102,5,8,8
2016,1|8|63|72|76|97|111,7,8,8
2017,1|8|74|97|120,5,8,8
2018,1|10|18|19|55|102,6,10,8
2019,1|10|35|43|63|72,6,10,8
2020,1|10|35|101,4,10,8
2021,1|10|63|70,4,10,8
2022,1|55|62|63|72|98,6,98,8
2023,13|14|18|29,4,14,8
2024,13|14|63|71|80|81,6,71,8
2025,13|15|63|71,4,15,8
2026,13|16|63|71,4,16,8
2027,18|19|20|35|52|55|63|72|102,9,19,8
2028,18|19|23|55|63|72|102,7,23,8
2029,18|19|34|35|41|42|55|63|72|102,10,19,8
2030,18|19|34|35|48,5,19,8
2031,18|19|34|35|52,5,19,8
2032,18|19|34|35|52|55|63|72|102,9,19,8
2033,18|19|35|40,4,40,8
2034,18|19|35|41|52|63|72,7,19,8
2035,18|19|35|41|55|102,6,19,8
2036,18|19|35|43|52|55|63|72|102,9,19,8
2037,18|19|35|43|55|58|63|72,8,19,8
2038,18|19|35|43|55|102,6,19,8
2039,18|19|54,3,19,8
2040,18|20|23|55|63|72|102,7,23,8
2041,18|20|29|55|102,5,29,8
2042,18|20|34|35|41|63|72,7,20,8
2043,18|20|34|35|52,5,20,8
2044,18|20|35|37|48|63|72,7,20,8
2045,18|20|35|37|52|63|72,7,20,8
2046,18|20|35|41|42|63|72,7,20,8
2047,18|21|35|42|48|63|72,7,21,8
2048,18|21|55|58,4,21,8
2049,18|22|23|34|35|52|55|102,8,23,8
2050,18|22|28|55|102,5,28,8
2051,18|22|34|35|48|52,6,22,8
2052,18|22|35|42|48|55|102,7,22,8
2053,18|22|35|43|48,5,22,8
2054,18|22|35|52|55|63|72|102,8,22,8
2055,18|22|55|58,4,22,8
2056,18|23|34|35|48,5,23,8
2057,18|23|35|49,4,23,8
2058,18|24|25,3,24,8
2059,18|24|25|63|72,5,24,8
2060,18|24|35|42|55|63|72|102,8,24,8
2061,18|25|34|35|48,5,25,8
2062,18|25|35|41|55|63|72|102,8,25,8
2063,18|25|35|43|63|72,6,25,8
2064,18|27|35|37,4,27,8
2065,18|27|55|63|72|102,6,27,8
2066,18|29|35|37|52,5,29,8
2067,18|29|35|42|63|72,6,29,8
2068,18|29|35|48|52|55|102,7,29,8
2069,18|32|35|48|55|63|72|102,8,32,8
2070,18|34|35|38|42|63|72,7,38,8
2071,18|34|35|40|52,5,40,8
2072,18|34|35|41|48|63|72,7,34,8
2073,18|34|35|42|48|52,6,42,8
2074,18|34|35|42|48|55|63|72|102,9,42,8
2075,18|34|35|42|52|55|102,7,42,8
2076,18|34|35|42|55|62,6,42,8
2077,18|34|35|43|48,5,34,8
2078,18|34|35|47|63|72,6,47,8
2079,18|34|35|52|55|58,6,58,8
2080,18|34|35|52|77|97,6,52,8
2081,18|34|54|55|102,5,34,8
2082,18|34|80|83,4,34,8
2083,18|35|39|41|100,5,39,8
2084,18|35|41|42|55|63|72|100|102,9,100,8
2085,18|35|41|52|55|63|72|100|102,9,100,8
2086,18|63|70|100,4,70,8
2087,35|36|43|55|58,5,36,8
2088,35|37|55|62|80|81,6,81,8
2089,35|37|74|75|97|112|113|122,8,37,8
2090,35|37|74|79|80|83|97|120|122,9,37,8
2091,35|37|80|81,4,81,8
2092,35|39|54|55|102,5,39,8
2093,35|40|42|52,4,40,8
2094,35|41|43|52,4,52,8
2095,35|41|43|52|55|102,6,52,8
2096,35|41|48|77|97,5,48,8
2097,35|41|55|63|69|102,6,69,8
2098,35|41|95|96,4,95,8
2099,35|42|48|49|52,5,49,8
2100,35|42|49|77|97,5,49,8
2101,35|42|52|55|62,5,42,8
2102,35|42|63|72|77|97,6,42,8
2103,35|43|48|52|55|77|97|102,8,52,8
2104,35|43|48|53|55|102,6,53,8
2105,35|45|48|55|102,5,45,8
2106,35|48|49|52|55|102,6,49,8
2107,35|48|52|55|77|97|102,7,52,8
2108,35|48|55|58|77|97,6,58,8
2109,35|76|77|97|101|111,6,101,8
2110,54|55|56|57,4,56,8
2111,54|55|56|62,4,56,8
2112,55|62|63|70|80|81,6,70,8
2113,55|62|63|71|79,5,71,8
2114,63|69|72,3,69,8
2115,63|70|74|97|122,5,70,8
2116,63|70|76|97|107,5,70,8
2117,63|71|80|81,4,71,8
2118,74|75|76|78|97|107|118|120|132,9,118,8
2119,74|75|76|97|107|112|114|122,8,114,8
2120,74|75|78|80|83|97|118|122|132,9,83,8
2121,74|75|78|97|118|124|132,7,118,8
2122,74|75|97|118|122|123,6,123,8
2123,74|76|80|83|97|107|120,7,83,8
2124,74|76|97|108|122,5,108,8
2125,74|79|97|120|126,5,79,8
2126,74|97|121|124,4,121,8
2127,75|76|78|97|107|115|116|132,8,116,8
2128,75|76|97|108|112|113,6,108,8
2129,75|80|81|83|97|118,6,81,8
2130,76|77|78|97|111|130,6,130,8
2131,76|78|97|111|127|132,6,127,8
2132,77|78|97|127|132,5,127,8
2133,77|78|97|131|132,5,131,8
2134,94|96,2,94,8
2135,1|3|4|35|43|55|102,7,4,7
2136,1|3|4|35|43|63|72,7,4,7
2137,1|3|4|54,4,4,7
2138,1|3|5|6|63|72,6,3,7
2139,1|3|5|8|35|43,6,3,7
2140,1|3|6|10,4,10,7
2141,1|3|8|10,4,10,7
2142,1|3|10|63|72,5,10,7
2143,1|3|35|37|55|102,6,3,7
2144,1|3|55|63|70|102,6,3,7
2145,1|4|5|55|62,5,4,7
2146,1|4|6|8|63|72,6,4,7
2147,1|4|6|54,4,4,7
2148,1|4|6|63|69,5,69,7
2149,1|4|8|35|43,5,4,7
2150,1|4|8|55|63|72|102,7,4,7
2151,1|4|10|35|43,5,10,7
2152,1|4|10|80|81,5,10,7
2153,1|4|18|34,4,4,7
2154,1|4|35|41,4,4,7
2155,1|4|35|43|48|55|102,7,4,7
2156,1|4|35|55|101|102,6,4,7
2157,1|4|35|101,4,4,7
2158,1|5|6|63|70,5,6,7
2159,1|5|8|35|49,5,49,7
2160,1|5|8|93|96,5,93,7
2161,1|5|9|91|96,5,91,7
2162,1|5|55|76|97|102|111,7,5,7
2163,1|5|78|97|127,5,127,7
2164,1|6|9|55|102,5,9,7
2165,1|6|35|43|55|102,6,6,7
2166,1|6|55|76|97|102|111,7,6,7
2167,1|6|95|96,4,95,7
2168,1|8|35|48|55|62,6,8,7
2169,1|8|54,3,8,7
2170,1|8|84|105,4,105,7
2171,1|8|93|96,4,93,7
2172,1|9|35|43,4,9,7
2173,1|9|63|67,4,67,7
2174,1|10|80|81,4,10,7
2175,1|55|63|70|98|102,6,98,7
2176,1|76|97|98,4,98,7
2177,1|77|97|98,4,98,7
2178,13|14|18|20|55|63|72|102,8,14,7
2179,13|14|77|78|97|132,6,14,7
2180,13|17,2,17,7
2181,18|19|22|35|52|55|63|72|102,9,22,7
2182,18|19|23|63|72,5,23,7
2183,18|19|24|35|48|63|72,7,24,7
2184,18|19|25|63|72,5,25,7
2185,18|19|34|35|42|48|52|55|63|72|102,11,19,7
2186,18|19|35|37|55|62|63|72,8,19,7
2187,18|19|35|43|52|63|72,7,19,7
2188,18|19|35|55|58|63|72|101,8,19,7
2189,18|19|63|72|80|81,6,19,7
2190,18|20|25|35|63|72|101,7,25,7
2191,18|20|35|37|52|55|62|63|72,9,20,7
2192,18|20|35|38|52|63|72,7,38,7
2193,18|20|35|52|55|58|63|72,8,20,7
2194,18|20|54,3,20,7
2195,18|20|54|63|72,5,20,7
2196,18|21|35|36,4,36,7
2197,18|21|35|41|48,5,21,7
2198,18|22|23|35|101,5,23,7
2199,18|22|29|34,4,29,7
2200,18|22|34|35|42|55|102,7,22,7
2201,18|22|34|35|48|52|55|102,8,22,7
2202,18|22|34|35|52|63|72,7,22,7
2203,18|22|35|47,4,47,7
2204,18|22|55|95|96|102,6,95,7
2205,18|23|26,3,26,7
2206,18|23|29|55|102,5,23,7
2207,18|23|34|35|52,5,23,7
2208,18|24|25|55|63|72|102,7,24,7
2209,18|24|34|35|42,5,24,7
2210,18|24|34|35|48,5,24,7
2211,18|24|34|55|63|72|102,7,24,7
2212,18|24|35|37|63|72,6,24,7
2213,18|24|35|38,4,38,7
2214,18|24|35|43|55|102,6,24,7
2215,18|24|35|48|52|55|102,7,24,7
2216,18|24|35|48|52|63|72,7,24,7
2217,18|24|55|62,4,24,7
2218,18|25|34|35|52|55|63|72|102,9,25,7
2219,18|25|35|39|63|72,6,39,7
2220,18|25|35|42|52|63|72,7,25,7
2221,18|25|35|47|55|63|72|102,8,47,7
2222,18|25|55|63|72|95|96|102,8,95,7
2223,18|27|35|41|55|102,6,27,7
2224,18|28|34|55|102,5,28,7
2225,18|29|34|35|48|52,6,29,7
2226,18|29|34|55|63|72|102,7,29,7
2227,18|29|34|63|72,5,29,7
2228,18|30|35|43|55|102,6,30,7
2229,18|31|77|97,4,31,7
2230,18|32|35|52,4,32,7
2231,18|34|35|36|37,5,36,7
2232,18|34|35|41|49,5,49,7
2233,18|34|35|41|52|55|63|72|102,9,52,7
2234,18|34|35|42|48|52|55|63|72|102,10,42,7
2235,18|34|35|43|48|55|102,7,34,7
2236,18|34|35|43|52|55|102,7,52,7
2237,18|34|35|48|55|58,6,58,7
2238,18|34|35|49|52|63|72,7,49,7
2239,18|34|35|55|58|101,6,101,7
2240,18|34|63|72|80|81,6,81,7
2241,18|35|37|41|52|55|100|102,8,100,7
2242,18|35|37|41|55|63|72|100|102,9,100,7
2243,18|35|38|42|63|72|100,7,38,7
2244,18|35|41|49|55|100|102,7,49,7
2245,18|35|42|48|55|63|72|100|102,9,100,7
2246,35|37|41|48|55|102,6,37,7
2247,35|37|42,3,37,7
2248,35|37|48|52|55|62,6,37,7
2249,35|37|52|63|72,5,37,7
2250,35|37|55|62|74|97|120|122,8,37,7
2251,35|37|75|97|112|113,6,37,7
2252,35|39|41|55|102,5,39,7
2253,35|39|52|55|62,5,39,7
2254,35|40|42|49,4,40,7
2255,35|40|48|55|102,5,40,7
2256,35|40|52|55|102,5,40,7
2257,35|41|42|48|55|63|72|102,8,42,7
2258,35|41|43|48,4,48,7
2259,35|41|52|77|97,5,52,7
2260,35|41|55|62|80|83,6,83,7
2261,35|42|43|49,4,49,7
2262,35|42|43|63|72,5,42,7
2263,35|42|48|52|77|97,6,42,7
2264,35|43|48|52|55|63|72|102,8,52,7
2265,35|43|49|55|62,5,49,7
2266,35|43|49|63|72,5,49,7
2267,35|45|54,3,45,7
2268,35|46|49,3,46,7
2269,35|48|49|55|63|72|102,7,49,7
2270,35|48|52|55|58|63|72,7,58,7
2271,35|48|55|62|63|70,6,70,7
2272,35|48|95|96,4,95,7
2273,35|49|63|71,4,71,7
2274,35|50|55|62,4,50,7
2275,35|51|52,3,51,7
2276,35|52|55|61,4,61,7
2277,35|63|72|77|97|101,6,101,7
2278,54|55|63|70|77|97|102,7,70,7
2279,54|80|83,3,83,7
2280,55|62|74|76|97|107|120,7,62,7
2281,55|62|74|77|97|120,6,62,7
2282,55|62|76|97,4,62,7
2283,55|63|67|102,4,67,7
2284,63|70|74|97|120|122,6,70,7
2285,63|70|76|78|97|111|132,7,70,7
2286,63|70|95|96,4,95,7
2287,74|75|78|97|112|113|122|124|132,9,113,7
2288,74|75|78|97|112|114|122|132,8,114,7
2289,74|75|97|112|113|114|120|122,8,114,7
2290,74|75|97|112|114|122|126,7,114,7
2291,74|76|97|107|126,5,107,7
2292,74|78|97|120|127,5,127,7
2293,74|78|97|122|130,5,130,7
2294,74|80|83|97|120|124,6,83,7
2295,74|97|123|124,4,123,7
2296,75|76|77|97|111|115|117,7,117,7
2297,75|78|97|112|113|127,6,127,7
2298,75|80|83|97|119,5,119,7
2299,76|77|97|109|111,5,109,7
2300,78|84|85|97|127,5,85,7
2301,90|95|96,3,90,7
2302,1|2|3,3,2,6
2303,1|3|4|6|63|72,6,4,6
2304,1|3|4|8|63|72,6,4,6
2305,1|3|4|35|52,5,4,6
2306,1|3|5|35|48,5,3,6
2307,1|3|6|35|43,5,3,6
2308,1|3|8|55|102,5,3,6
2309,1|3|35|55|101|102,6,3,6
2310,1|4|5|6|8|35|43,7,4,6
2311,1|4|5|35|43|55|102,7,4,6
2312,1|4|6|10|63|72,6,10,6
2313,1|4|6|35|43|63|72,7,4,6
2314,1|4|6|35|52,5,4,6
2315,1|4|8|55|62,5,4,6
2316,1|4|8|76|97|111,6,4,6
2317,1|4|54|63|70,5,4,6
2318,1|4|77|97,4,4,6
2319,1|5|6|8|76|97|111,7,6,6
2320,1|5|6|8|84|86,6,86,6
2321,1|5|6|35|52,5,6,6
2322,1|5|6|76|77|97|111,7,6,6
2323,1|5|8|35|43|52|55|102,8,8,6
2324,1|5|8|35|48|52|55|102,8,8,6
2325,1|5|8|35|52|55|102,7,8,6
2326,1|5|8|54,4,8,6
2327,1|5|8|76|97,5,8,6
2328,1|5|8|79,4,8,6
2329,1|5|9|76|97|111,6,9,6
2330,1|5|18|22|35|48|55|102,8,22,6
2331,1|5|35|37|55|102,6,37,6
2332,1|5|35|43|55|58,6,58,6
2333,1|5|35|48|52|77|97,7,5,6
2334,1|5|35|49|55|102,6,49,6
2335,1|5|90|96,4,90,6
2336,1|6|8|10|55|102,6,10,6
2337,1|6|8|10|63|72,6,10,6
2338,1|6|8|35|48,5,6,6
2339,1|6|13|14|55|102,6,14,6
2340,1|6|35|41,4,6,6
2341,1|6|55|95|96|102,6,95,6
2342,1|6|63|67|70,5,67,6
2343,1|8|35|55|101|102,6,101,6
2344,1|8|78|97|132,5,8,6
2345,1|9|55|62|79,5,9,6
2346,1|9|79,3,9,6
2347,1|10|35|48|55|102,6,10,6
2348,1|10|55|62,4,10,6
2349,1|10|55|63|72|102,6,10,6
2350,1|35|43|55|98|102,6,98,6
2351,1|35|52|98,4,98,6
2352,13|14|15|80|81,5,15,6
2353,13|14|35|49,4,14,6
2354,13|14|54,3,14,6
2355,13|14|55|78|97|102|132,7,14,6
2356,18|19|23,3,23,6
2357,18|19|24|35|52|63|72,7,24,6
2358,18|19|24|35|63|72|101,7,24,6
2359,18|19|35|48|55|62,6,19,6
2360,18|19|54|63|72,5,19,6
2361,18|19|55|62,4,19,6
2362,18|19|63|70|72,5,19,6
2363,18|20|21|55|63|72|102,7,21,6
2364,18|20|29,3,29,6
2365,18|20|34|35|48,5,20,6
2366,18|20|35|38|55|102,6,38,6
2367,18|20|35|41|55|62|63|72,8,20,6
2368,18|20|35|42|48|55|63|72|102,9,20,6
2369,18|20|35|43|48|55|63|72|102,9,20,6
2370,18|20|35|55|58|63|72|101,8,20,6
2371,18|21|24,3,24,6
2372,18|21|27,3,27,6
2373,18|21|35|47,4,47,6
2374,18|21|35|49|63|72,6,21,6
2375,18|21|55|95|96|102,6,21,6
2376,18|22|23|34,4,23,6
2377,18|22|24,3,24,6
2378,18|22|24|55|102,5,24,6
2379,18|22|29|35|52,5,29,6
2380,18|22|35|41|52,5,22,6
2381,18|22|35|41|52|55|102,7,22,6
2382,18|22|35|42|55|63|72|102,8,22,6
2383,18|22|35|44,4,44,6
2384,18|22|63|70,4,22,6
2385,18|23|34|35|42,5,23,6
2386,18|23|35|43|55|102,6,23,6
2387,18|23|35|52|63|72,6,23,6
2388,18|23|35|55|63|72|101|102,8,23,6
2389,18|24|34|35|52|55|102,7,24,6
2390,18|24|35|40,4,40,6
2391,18|24|35|43|48|55|63|72|102,9,24,6
2392,18|24|35|48|55|58|63|72,8,24,6
2393,18|24|63|72|77|97,6,24,6
2394,18|25|34|35|48|63|72,7,25,6
2395,18|25|34|35|52,5,25,6
2396,18|25|34|35|101,5,25,6
2397,18|25|35|40,4,40,6
2398,18|25|55|63|72|77|97|102,8,25,6
2399,18|27|35|41,4,27,6
2400,18|27|77|97,4,27,6
2401,18|28|31|55|102,5,28,6
2402,18|28|35|41,4,28,6
2403,18|29|30|55|102,5,30,6
2404,18|29|34|35|41|55|102,7,29,6
2405,18|29|34|35|48|52|55|102,8,29,6
2406,18|29|35|41|52,5,29,6
2407,18|29|55|95|96|102,6,29,6
2408,18|31|35|37,4,31,6
2409,18|31|35|41,4,31,6
2410,18|31|35|43|55|102,6,31,6
2411,18|34|35|37|52|55|62,7,37,6
2412,18|34|35|37|52|55|102,7,37,6
2413,18|34|35|43|55|58,6,58,6
2414,18|34|35|48|49,5,49,6
2415,18|34|35|48|52|77|97,7,52,6
2416,18|34|35|49|52|55|102,7,49,6
2417,18|34|35|52|80|81,6,81,6
2418,18|34|35|55|62|101,6,101,6
2419,18|34|35|77|97|101,6,101,6
2420,18|34|55|58|63|72,6,58,6
2421,18|35|37|52|55|62|100,7,100,6
2422,18|35|37|55|63|72|100|102,8,100,6
2423,18|35|38|48|100,5,38,6
2424,18|35|41|43|52|55|100|102,8,100,6
2425,18|35|41|43|63|72|100,7,100,6
2426,18|35|41|55|58|63|72|100,8,100,6
2427,18|35|42|52|55|63|72|100|102,9,100,6
2428,18|35|42|55|62|63|72|100,8,100,6
2429,18|35|42|55|62|100,6,100,6
2430,18|35|50|100,4,50,6
2431,35|36|37|41|55|102,6,36,6
2432,35|36|37|55|102,5,36,6
2433,35|36|54|55|102,5,36,6
2434,35|37|38|55|102,5,38,6
2435,35|37|42|55|62,5,37,6
2436,35|37|49|55|102,5,49,6
2437,35|37|55|79|80|83|102,7,37,6
2438,35|37|55|79|102,5,37,6
2439,35|37|63|72|79|80|83,7,37,6
2440,35|38|39,3,39,6
2441,35|38|41|63|72,5,38,6
2442,35|38|43,3,38,6
2443,35|38|79,3,38,6
2444,35|38|79|80|83,5,38,6
2445,35|40|42|55|102,5,40,6
2446,35|40|55|62,4,40,6
2447,35|41|42|52,4,42,6
2448,35|41|43|48|55|102,6,48,6
2449,35|41|43|55|63|72|102,7,43,6
2450,35|41|45,3,45,6
2451,35|41|48|52|77|97,6,52,6
2452,35|41|48|55|58,5,58,6
2453,35|41|50|55|102,5,50,6
2454,35|41|55|58|62,5,58,6
2455,35|42|43|48|55|102,6,42,6
2456,35|42|48|49|63|72,6,49,6
2457,35|42|52|55|63|72|102,7,42,6
2458,35|42|55|62|63|72,6,42,6
2459,35|42|80|81,4,81,6
2460,35|43|44,3,44,6
2461,35|43|48|52|55|62,6,52,6
2462,35|43|52|53|55|58,6,53,6
2463,35|43|52|77|97,5,52,6
2464,35|43|53|55|62,5,53,6
2465,35|43|55|62|63|72,6,43,6
2466,35|44|52,3,44,6
2467,35|45|48|50,4,45,6
2468,35|45|55|58,4,45,6
2469,35|46|55|102,4,46,6
2470,35|48|52|80|81,5,81,6
2471,35|48|52|80|83,5,52,6
2472,35|48|77|78|97|132,6,48,6
2473,35|49|52|55|58,5,49,6
2474,35|49|52|55|63|70|102,7,49,6
2475,35|49|55|77|97|102,6,49,6
2476,35|50|55|63|70|102,6,50,6
2477,35|52|55|62|80|83,6,52,6
2478,35|52|55|80|81|102,6,81,6
2479,35|52|78|97|132,5,52,6
2480,35|54|63|70|101,5,70,6
2481,35|76|97|101|111,5,101,6
2482,54|63|69,3,69,6
2483,54|76|77|97|111,5,54,6
2484,55|56|78|97|132,5,56,6
2485,55|59|63|68,4,68,6
2486,55|62|74|75|78|97|118|120|132,9,62,6
2487,55|62|74|75|97|118|124,7,62,6
2488,55|63|72|80|83|102,6,83,6
2489,55|63|102|103,4,103,6
2490,55|74|97|102|120|122,6,102,6
2491,55|76|77|97|102|107,6,107,6
2492,74|75|76|78|97|107|118|120|122|132,10,118,6
2493,74|75|76|97|107|112|114|118|120,9,114,6
2494,74|75|77|97|118|122,6,118,6
2495,74|75|78|80|83|97|118|120|132,9,83,6
2496,74|75|79|80|83|97|112|113|118|120|122,11,79,6
2497,74|75|79|97|118|120,6,79,6
2498,74|75|80|83|97|112|113|124,8,83,6
2499,74|75|97|112|113|114|118|120|122,9,114,6
2500,74|75|97|112|113|118|120|122|124,9,118,6
2501,74|75|97|115|116|120|122,7,116,6
2502,74|75|97|118|119|120|122,7,119,6
2503,74|75|97|118|122|125,6,125,6
2504,74|75|97|118|122|126,6,118,6
2505,74|76|78|97|107|111|120|132,8,107,6
2506,74|76|97|107|121,5,121,6
2507,74|76|97|111|124,5,111,6
2508,74|78|80|83|97|120|122|132,8,83,6
2509,74|78|80|83|97|120|132,7,83,6
2510,74|78|97|120|126|130,6,130,6
2511,74|80|83|97|126,5,83,6
2512,75|76|77|97|111|112|114,7,114,6
2513,75|76|78|97|107|115|117|132,8,117,6
2514,75|78|80|83|97|118|132,7,83,6
2515,75|78|97|115|117|119|132,7,117,6
2516,75|78|97|118|119|132,6,119,6
2517,75|79|80|83|97,5,79,6
2518,75|80|81|97|118,5,81,6
2519,76|77|97|107|109,5,109,6
2520,76|77|97|108|109,5,109,6
2521,76|78|97|107|110|132,6,110,6
2522,76|78|97|107|130,5,130,6
2523,76|78|97|109|132,5,109,6
2524,76|97|107|108|109|111,6,109,6
2525,77|80|81|97,4,81,6
2526,91|93|96,3,93,6
2527,1|2|55|62,4,2,5
2528,1|2|63|71,4,2,5
2529,1|3|4|5|8|35|43,7,4,5
2530,1|3|4|5|55|102,6,4,5
2531,1|3|4|35|43|52,6,4,5
2532,1|3|4|35|48,5,4,5
2533,1|3|4|55|58,5,4,5
2534,1|3|18|20|35|48|55|63|72|102,10,3,5
2535,1|3|35|43|48|55|102,7,3,5
2536,1|3|35|43|55|63|72|102,8,3,5
2537,1|3|35|48|55|62,6,3,5
2538,1|3|35|48|55|63|72|102,8,3,5
2539,1|3|35|52|55|63|72|102,8,3,5
2540,1|3|35|52|63|72,6,3,5
2541,1|3|55|80|81|102,6,3,5
2542,1|4|5|6|8|55|102,7,4,5
2543,1|4|5|8|10,5,10,5
2544,1|4|5|8|55|102,6,4,5
2545,1|4|5|80|81,5,4,5
2546,1|4|6|63|70,5,4,5
2547,1|4|6|80|81,5,4,5
2548,1|4|10|63|72,5,10,5
2549,1|4|35|43|55|62,6,4,5
2550,1|5|6|8|35|52,6,6,5
2551,1|5|6|35|43|52,6,6,5
2552,1|5|6|35|48|52,6,6,5
2553,1|5|8|13|14,5,14,5
2554,1|5|8|35|48|55|62,7,8,5
2555,1|5|8|35|52|63|72,7,8,5
2556,1|5|9|35|48,5,9,5
2557,1|5|9|63|72,5,9,5
2558,1|5|9|89|96,5,89,5
2559,1|5|18|19|63|72,6,19,5
2560,1|5|35|43|48,5,5,5
2561,1|5|35|43|63|72,6,5,5
2562,1|5|35|48|52|55|62,7,5,5
2563,1|5|63|71,4,71,5
2564,1|5|74|97|120,5,5,5
2565,1|5|79|80|83,5,79,5
2566,1|6|8|80|81,5,6,5
2567,1|6|18|20|55|63|72|102,8,6,5
2568,1|6|35|37|55|102,6,6,5
2569,1|6|35|38,4,38,5
2570,1|6|35|43|55|62,6,6,5
2571,1|6|35|48|55|102,6,6,5
2572,1|6|55|62|80|83,6,6,5
2573,1|6|84|105,4,105,5
2574,1|6|89|90|96,5,89,5
2575,1|8|9|63|72,5,9,5
2576,1|8|13|14|55|102,6,14,5
2577,1|8|18|20|63|72,6,20,5
2578,1|8|35|43|55|58,6,8,5
2579,1|8|35|48|55|102,6,8,5
2580,1|9|35|37,4,9,5
2581,1|9|35|52,4,9,5
2582,1|9|63|71,4,71,5
2583,1|10|18|19|63|72,6,10,5
2584,1|10|18|25,4,10,5
2585,1|35|43|63|72|98,6,98,5
2586,1|55|62|76|97|98|111,7,98,5
2587,1|63|70|72|98,5,98,5
2588,1|63|71|98,4,71,5
2589,13|14|63|71|72,5,71,5
2590,13|15|63|69,4,15,5
2591,13|15|63|70,4,15,5
2592,18|19|20|55|102,5,19,5
2593,18|19|21|55|63|72|102,7,21,5
2594,18|19|24|35|42|63|72,7,24,5
2595,18|19|24|55|58|63|72,7,24,5
2596,18|19|24|55|63|72|102,7,24,5
2597,18|19|25|35|48|63|72,7,25,5
2598,18|19|34|35|41|55|63|72|102,9,19,5
2599,18|19|34|35|41|63|72,7,19,5
2600,18|19|34|35|48|52|55|63|72|102,10,19,5
2601,18|19|34|35|48|52|63|72,8,19,5
2602,18|19|35|37|48|55|62|63|72,9,19,5
2603,18|19|35|37|55|102,6,19,5
2604,18|19|35|40|42|63|72,7,40,5
2605,18|19|35|42|52|55|63|72|102,9,19,5
2606,18|19|35|43|48|55|63|72|102,9,19,5
2607,18|19|35|49|63|72,6,49,5
2608,18|19|35|52|54|55|63|72|102,9,19,5
2609,18|19|35|52|55|62,6,19,5
2610,18|20|21|35|42|63|72,7,21,5
2611,18|20|21|35|52,5,21,5
2612,18|20|22|35|52|55|63|72|102,9,22,5
2613,18|20|25|34|55|63|72|102,8,25,5
2614,18|20|29|55|63|72|102,7,29,5
2615,18|20|34|35|42|52|63|72,8,20,5
2616,18|20|34|35|48|55|102,7,20,5
2617,18|20|34|55|62|63|72,7,20,5
2618,18|20|35|37|48|55|63|72|102,9,20,5
2619,18|20|35|40|42,5,40,5
2620,18|20|35|41|43|55|63|72|102,9,20,5
2621,18|20|35|41|52|55|63|72|102,9,20,5
2622,18|20|35|42|55|62|63|72,8,20,5
2623,18|20|35|43|52|63|72,7,20,5
2624,18|20|35|47|48|63|72,7,47,5
2625,18|20|35|48|52|55|62|63|72,9,20,5
2626,18|20|35|49|55|63|72|102,8,49,5
2627,18|20|35|55|62|63|72|101,8,20,5
2628,18|20|55|63|72|80|81|102,8,20,5
2629,18|20|55|95|96|102,6,95,5
2630,18|20|63|70|72,5,70,5
2631,18|20|95|96,4,95,5
2632,18|21|22|35|52,5,21,5
2633,18|21|23|55|102,5,21,5
2634,18|21|25|35|52,5,21,5
2635,18|21|29|34,4,21,5
2636,18|21|29|35|41,5,21,5
2637,18|21|34|35|41,5,21,5
2638,18|21|34|55|63|72|102,7,21,5
2639,18|21|35|48|49,5,21,5
2640,18|21|35|52|55|62,6,21,5
2641,18|21|35|55|63|72|101|102,8,21,5
2642,18|22|23|31|55|102,6,31,5
2643,18|22|23|34|35|48|52|55|102,9,23,5
2644,18|22|23|35|41|55|102,7,23,5
2645,18|22|23|35|48,5,23,5
2646,18|22|23|35|55|101|102,7,23,5
2647,18|22|25|63|72,5,25,5
2648,18|22|26,3,26,5
2649,18|22|28,3,28,5
2650,18|22|29|35|48|55|102,7,29,5
2651,18|22|29|35|101,5,29,5
2652,18|22|34|35|42,5,22,5
2653,18|22|34|63|72,5,22,5
2654,18|22|35|36,4,36,5
2655,18|22|35|37|41|55|102,7,22,5
2656,18|22|35|42|48,5,22,5
2657,18|22|35|42|55|62,6,22,5
2658,18|22|35|49|55|102,6,49,5
2659,18|23|24|63|72,5,24,5
2660,18|23|30,3,30,5
2661,18|23|35|42|55|102,6,23,5
2662,18|23|35|43|48|55|102,7,23,5
2663,18|23|35|45,4,45,5
2664,18|24|31|63|72,5,31,5
2665,18|24|34|35|42|63|72,7,24,5
2666,18|24|34|35|52,5,24,5
2667,18|24|35|52|55|58|63|72,8,24,5
2668,18|24|35|52|55|62,6,24,5
2669,18|24|35|55|58|63|72|101,8,24,5
2670,18|25|34|35|48|55|63|72|102,9,25,5
2671,18|25|34|35|52|63|72,7,25,5
2672,18|25|34|55|102,5,25,5
2673,18|25|35|37|55|63|72|102,8,25,5
2674,18|25|35|42|55|102,6,25,5
2675,18|25|35|48|52|55|63|72|102,9,25,5
2676,18|25|35|55|101|102,6,25,5
2677,18|25|63|69|72,5,69,5
2678,18|26|32,3,32,5
2679,18|26|34|55|102,5,26,5
2680,18|26|55|58,4,26,5
2681,18|26|63|72,4,26,5
2682,18|27|35|48|52,5,27,5
2683,18|27|35|48|52|55|102,7,27,5
2684,18|27|35|52|63|72,6,27,5
2685,18|28|29,3,28,5
2686,18|28|33|55|102,5,33,5
2687,18|28|35|42,4,28,5
2688,18|28|35|48|52,5,28,5
2689,18|28|55|62,4,28,5
2690,18|28|55|63|72|102,6,28,5
2691,18|29|35|36,4,36,5
2692,18|29|35|37|41,5,29,5
2693,18|29|35|38|55|102,6,38,5
2694,18|29|35|42|48,5,29,5
2695,18|29|35|49|52,5,29,5
2696,18|29|35|49|55|102,6,29,5
2697,18|29|35|52|63|70,6,29,5
2698,18|30|34|35|52,5,30,5
2699,18|30|35|43,4,30,5
2700,18|33|34|55|102,5,33,5
2701,18|34|35|36|63|72,6,36,5
2702,18|34|35|37|42,5,37,5
2703,18|34|35|37|48|63|72,7,37,5
2704,18|34|35|41|42|52|55|63|72|102,10,42,5
2705,18|34|35|41|55|62|63|72,8,34,5
2706,18|34|35|41|77|97,6,34,5
2707,18|34|35|42|43,5,42,5
2708,18|34|35|42|48|52|63|72,8,42,5
2709,18|34|35|42|55|62|63|72,8,42,5
2710,18|34|35|43|48|63|72,7,34,5
2711,18|34|35|48|52|55|62,7,52,5
2712,18|34|35|55|63|70|101|102,8,70,5
2713,18|34|55|63|72|77|97|102,8,34,5
2714,18|35|37|40|100,5,40,5
2715,18|35|39|100,4,39,5
2716,18|35|41|52|55|62|100,7,100,5
2717,18|35|42|48|55|100|102,7,100,5
2718,18|35|43|63|72|100,6,100,5
2719,18|35|48|55|63|72|100|102,8,100,5
2720,18|35|55|63|72|100|101|102,8,100,5
2721,18|55|58|63|72|100,6,100,5
2722,35|36|49,3,36,5
2723,35|36|52|55|102,5,36,5
2724,35|36|55|63|72|102,6,36,5
2725,35|37|38|52,4,38,5
2726,35|37|41|48|55|63|72|102,8,37,5
2727,35|37|41|49,4,49,5
2728,35|37|41|52|63|72,6,37,5
2729,35|37|42|63|72,5,37,5
2730,35|37|43|52,4,37,5
2731,35|37|43|55|62,5,37,5
2732,35|37|48|54,4,37,5
2733,35|37|55|62|63|70,6,70,5
2734,35|37|55|74|97|102|120,7,37,5
2735,35|37|63|70|79|80|83,7,70,5
2736,35|37|63|72|80|83,6,37,5
2737,35|37|74|75|97|118|120|122,8,37,5
2738,35|37|74|75|97|118|122,7,37,5
2739,35|37|74|79|97|120|122,7,37,5
2740,35|37|74|80|83|97|120|122,8,37,5
2741,35|37|75|97|118,5,37,5
2742,35|38|52|55|62,5,38,5
2743,35|39|49|52,4,39,5
2744,35|40|41|63|72,5,40,5
2745,35|40|42|48|63|72,6,40,5
2746,35|40|52|63|72,5,40,5
2747,35|41|55|62|77|97,6,62,5
2748,35|41|55|62|80|81,6,81,5
2749,35|42|43|52,4,42,5
2750,35|42|43|55|58,5,42,5
2751,35|43|45,3,45,5
2752,35|43|48|49|52,5,49,5
2753,35|43|49|77|97,5,49,5
2754,35|43|55|80|81|102,6,81,5
2755,35|43|63|72|77|97,6,43,5
2756,35|43|80|83,4,83,5
2757,35|45|52|55|102,5,45,5
2758,35|46|47|48,4,46,5
2759,35|48|49|52|55|58,6,49,5
2760,35|48|49|52|63|72,6,49,5
2761,35|48|49|52|77|97,6,49,5
2762,35|48|52|53,4,53,5
2763,35|48|53|55|102,5,53,5
2764,35|48|54|63|72,5,48,5
2765,35|48|55|62|80|81,6,81,5
2766,35|48|63|72|80|81,6,81,5
2767,35|49|54|55|102,5,49,5
2768,35|49|55|62|63|72,6,49,5
2769,35|49|80|81,4,49,5
2770,35|51|55|62,4,51,5
2771,35|51|84|85,4,85,5
2772,35|52|55|58|62,5,58,5
2773,35|52|63|71,4,71,5
2774,35|52|63|72|77|97,6,52,5
2775,35|55|62|77|97|101,6,101,5
2776,35|80|83|101,4,101,5
2777,54|55|57|61,4,61,5
2778,54|55|62|63|72,5,62,5
2779,54|74|97|120,4,54,5
2780,55|56|63|69,4,56,5
2781,55|57|59|62,4,57,5
2782,55|58|59,3,59,5
2783,55|62|63|70|79|80|83,7,70,5
2784,55|62|74|75|79|97|112|113|120|122,10,79,5
2785,55|62|74|75|80|83|97|118|122,9,83,5
2786,55|62|74|80|83|97|120|122,8,83,5
2787,55|62|75|76|97|107|118,7,62,5
2788,55|62|75|97|119,5,119,5
2789,55|62|95|96,4,95,5
2790,55|63|64|102,4,64,5
2791,55|80|81|95|96|102,6,95,5
2792,63|65|80|81,4,65,5
2793,63|69|80|81|83,5,69,5
2794,63|70|74|79|80|83|97|120,8,70,5
2795,74|75|76|78|97|107|112|113|118|120|132,11,118,5
2796,74|75|76|78|97|107|118|122|132,9,118,5
2797,74|75|76|97|111|112|113|120,8,113,5
2798,74|75|76|97|111|118|122,7,118,5
2799,74|75|77|97|118|120|122,7,118,5
2800,74|75|78|97|112|113|120|131,8,113,5
2801,74|75|79|80|83|97|112|113|118|120,10,79,5
2802,74|75|97|112|113|120|121,7,121,5
2803,74|75|97|112|113|120|122|126,8,113,5
2804,74|75|97|115|117|120,6,117,5
2805,74|76|80|83|97|107|122,7,83,5
2806,74|76|97|107|122|124,6,107,5
2807,74|76|97|110|120,5,110,5
2808,74|76|97|111|121,5,121,5
2809,74|76|97|120,4,76,5
2810,74|78|97|120|122|123|132,7,123,5
2811,74|78|97|120|123|132,6,123,5
2812,74|97|120|122|124|126,6,126,5
2813,74|97|121|125,4,125,5
2814,75|78|97|115|116|127,6,116,5
2815,75|78|97|118|127,5,127,5
2816,75|79|80|83|97|118,6,79,5
2817,75|80|82|97|119,5,82,5
2818,75|80|83|97|112|114,6,114,5
2819,76|77|78|97|107|127,6,127,5
2820,76|78|97|111|130|132,6,130,5
2821,77|78|97|130|132,5,130,5
2822,78|79|80|83|97|132,6,79,5
2823,80|81|95|96,4,95,5
2824,80|82|83,3,82,5
2825,1|2|9,3,2,4
2826,1|2|35|43,4,2,4
2827,1|2|80|81,4,2,4
2828,1|3|4|6|8,5,4,4
2829,1|3|4|6|10,5,10,4
2830,1|3|4|6|35|43,6,4,4
2831,1|3|4|8|10,5,10,4
2832,1|3|4|10|55|102,6,10,4
2833,1|3|4|55|80|81|102,7,4,4
2834,1|3|5|8|35|52,6,3,4
2835,1|3|5|9,4,9,4
2836,1|3|5|35|43|52,6,3,4
2837,1|3|5|35|43|55|102,7,3,4
2838,1|3|5|80|81,5,3,4
2839,1|3|6|8|10,5,10,4
2840,1|3|8|35|43,5,3,4
2841,1|3|8|55|62,5,3,4
2842,1|3|10|55|102,5,10,4
2843,1|3|18|19|35|48|55|63|72|102,10,3,4
2844,1|3|18|19|35|48|63|72,8,3,4
2845,1|3|18|23,4,23,4
2846,1|3|18|34|35|43,6,3,4
2847,1|3|35|37|55|62,6,3,4
2848,1|3|35|37|63|72,6,3,4
2849,1|3|35|48|52|55|102,7,3,4
2850,1|3|35|52|55|58,6,3,4
2851,1|3|54|55|102,5,3,4
2852,1|4|5|6|8|63|72,7,4,4
2853,1|4|5|6|9,5,9,4
2854,1|4|5|6|55|63|72|102,8,4,4
2855,1|4|5|8|80|81,6,4,4
2856,1|4|5|55|63|72|102,7,4,4
2857,1|4|5|76|97|111,6,4,4
2858,1|4|6|8|55|102,6,4,4
2859,1|4|6|9,4,9,4
2860,1|4|6|10|55|102,6,10,4
2861,1|4|6|63|67,5,67,4
2862,1|4|8|10|35|43,6,10,4
2863,1|4|8|35|48,5,4,4
2864,1|4|8|63|70,5,4,4
2865,1|4|8|80|81,5,4,4
2866,1|4|18|19|35|48|63|72,8,4,4
2867,1|4|18|22,4,4,4
2868,1|4|35|43|55|58,6,4,4
2869,1|4|35|48|52|77|97,7,4,4
2870,1|4|35|48|55|62,6,4,4
2871,1|4|35|49,4,4,4
2872,1|4|35|52|54,5,4,4
2873,1|4|35|63|72|101,6,4,4
2874,1|4|76|77|97|111,6,4,4
2875,1|4|84|85,4,85,4
2876,1|4|84|105,4,105,4
2877,1|5|6|8|35|43|55|102,8,6,4
2878,1|5|6|9|63|72,6,9,4
2879,1|5|6|35|43|55|102,7,6,4
2880,1|5|6|35|101,5,6,4
2881,1|5|8|18|23,5,23,4
2882,1|5|8|35|49|55|102,7,49,4
2883,1|5|8|76|97|107|111,7,8,4
2884,1|5|9|63|70,5,9,4
2885,1|5|9|76|97|107,6,9,4
2886,1|5|18|20|35|48|55|63|72|102,10,20,4
2887,1|5|35|42,4,42,4
2888,1|5|35|48|49,5,49,4
2889,1|5|54,3,5,4
2890,1|5|55|91|96|102,6,91,4
2891,1|5|88|96,4,88,4
2892,1|5|94|96,4,94,4
2893,1|6|8|9|63|72,6,9,4
2894,1|6|8|10|35|43,6,10,4
2895,1|6|8|55|62|63|72,7,6,4
2896,1|6|8|63|72|76|97|111,8,6,4
2897,1|6|8|80|83,5,6,4
2898,1|6|35|41|55|102,6,6,4
2899,1|6|35|41|63|72,6,6,4
2900,1|6|35|43|52|63|72,7,6,4
2901,1|6|35|52|55|102,6,6,4
2902,1|6|35|63|72|101,6,6,4
2903,1|6|54|55|58,5,6,4
2904,1|6|55|62|63|70,6,6,4
2905,1|6|55|62|76|97|107,7,6,4
2906,1|6|55|63|70|102,6,6,4
2907,1|6|55|80|83|102,6,6,4
2908,1|6|63|70|72,5,6,4
2909,1|6|63|70|76|97|111,7,6,4
2910,1|6|63|72|80|83,6,6,4
2911,1|6|63|103,4,103,4
2912,1|6|89|91|96,5,89,4
2913,1|8|18|34,4,8,4
2914,1|8|35|43|52|55|102,7,8,4
2915,1|8|35|43|55|62,6,8,4
2916,1|8|35|52|55|102,6,8,4
2917,1|8|55|62|80|83,6,8,4
2918,1|8|63|72|80|81,6,81,4
2919,1|9|13|14,4,9,4
2920,1|9|18|20|63|72,6,9,4
2921,1|9|35|37|55|62,6,9,4
2922,1|9|55|62|80|81,6,9,4
2923,1|9|55|80|83|102,6,9,4
2924,1|9|91|96,4,91,4
2925,1|10|18|24,4,10,4
2926,1|10|35|43|48|55|102,7,10,4
2927,1|10|35|43|55|102,6,10,4
2928,1|10|54,3,10,4
2929,1|18|19|63|72|98,6,98,4
2930,1|35|37|79|98,5,98,4
2931,1|35|48|98,4,98,4
2932,1|54|63|70|98,5,98,4
2933,1|63|67|98,4,67,4
2934,13|14|15|63|71,5,15,4
2935,13|14|18|19|63|72,6,14,4
2936,13|14|18|29|55|102,6,14,4
2937,13|14|35|37|55|62,6,14,4
2938,13|14|35|101,4,14,4
2939,13|15|80|81,4,15,4
2940,13|16|79,3,16,4
2941,18|19|20|35|41|55|63|72|102,9,19,4
2942,18|19|21|63|72,5,21,4
2943,18|19|22,3,22,4
2944,18|19|22|55|102,5,22,4
2945,18|19|25|55|63|72|102,7,25,4
2946,18|19|27|55|63|72|102,7,27,4
2947,18|19|29|55|63|72|102,7,29,4
2948,18|19|31|63|72,5,31,4
2949,18|19|32|35|48|63|72,7,32,4
2950,18|19|32|63|72,5,32,4
2951,18|19|34|35|42|52|55|63|72|102,10,19,4
2952,18|19|35|36,4,36,4
2953,18|19|35|37|41|55|63|72|102,9,19,4
2954,18|19|35|41|55|58|63|72,8,19,4
2955,18|19|35|43|48|52|55|63|72|102,10,19,4
2956,18|19|35|43|48|52|63|72,8,19,4
2957,18|19|35|48|52|55|58|63|72,9,19,4
2958,18|19|54|55|58|63|72,7,19,4
2959,18|19|54|55|63|72|102,7,19,4
2960,18|19|80|81,4,19,4
2961,18|20|21|35|52|63|72,7,21,4
2962,18|20|21|55|102,5,21,4
2963,18|20|23|34|63|72,6,23,4
2964,18|20|24|63|72,5,24,4
2965,18|20|25|35|48|52|63|72,8,25,4
2966,18|20|25|35|52|55|62|63|72,9,25,4
2967,18|20|25|35|55|63|72|101|102,9,25,4
2968,18|20|26|63|72,5,26,4
2969,18|20|34|35|37,5,20,4
2970,18|20|34|35|42|48|52|55|63|72|102,11,20,4
2971,18|20|34|35|42|48|63|72,8,20,4
2972,18|20|35|37|41|55|62|63|72,9,20,4
2973,18|20|35|37|42|63|72,7,20,4
2974,18|20|35|37|55|58|63|72,8,20,4
2975,18|20|35|38|48|63|72,7,38,4
2976,18|20|35|38|52,5,38,4
2977,18|20|35|41|42|48|63|72,8,20,4
2978,18|20|35|41|42|55|63|72|102,9,20,4
2979,18|20|35|41|52|63|72,7,20,4
2980,18|20|35|41|55|58|63|72,8,20,4
2981,18|20|35|42|48,5,20,4
2982,18|20|35|42|48|52|63|72,8,20,4
2983,18|20|35|42|52,5,20,4
2984,18|20|35|42|52|55|63|72|102,9,20,4
2985,18|20|35|43|48|52|55|63|72|102,10,20,4
2986,18|20|35|43|48|63|72,7,20,4
2987,18|20|35|47|52|63|72,7,47,4
2988,18|20|35|48|55|62,6,20,4
2989,18|20|35|48|55|63|69|72|102,9,69,4
2990,18|20|35|49|55|102,6,49,4
2991,18|20|35|52|55|62,6,20,4
2992,18|20|63|70,4,70,4
2993,18|20|80|81,4,20,4
2994,18|21|23,3,21,4
2995,18|21|29|34|55|102,6,21,4
2996,18|21|34|35|48|63|72,7,21,4
2997,18|21|35|38|41,5,38,4
2998,18|21|35|41|55|62,6,21,4
2999,18|21|35|41|55|63|72|102,8,21,4
3000,18|21|35|43,4,21,4
3001,18|21|35|48|52|55|102,7,21,4
3002,18|21|35|48|55|62,6,21,4
3003,18|21|35|49|52,5,21,4
3004,18|21|35|52|55|63|72|102,8,21,4
3005,18|22|23|29|55|102,6,23,4
3006,18|22|23|34|35|48|55|102,8,23,4
3007,18|22|23|35|42|55|102,7,23,4
3008,18|22|23|55|62,5,23,4
3009,18|22|23|55|63|72|102,7,23,4
3010,18|22|25|55|63|72|102,7,25,4
3011,18|22|29|35|48,5,29,4
3012,18|22|35|37|52|55|62,7,22,4
3013,18|22|35|38,4,38,4
3014,18|22|35|40,4,40,4
3015,18|22|35|41|48,5,22,4
3016,18|22|35|41|48|55|102,7,22,4
3017,18|22|35|42|63|72,6,22,4
3018,18|22|35|43|52|55|102,7,22,4
3019,18|22|35|48|52|55|62,7,22,4
3020,18|22|35|49|52,5,49,4
3021,18|22|35|52|55|62|63|72,8,22,4
3022,18|22|55|80|81|102,6,22,4
3023,18|22|80|81,4,22,4
3024,18|23|24|35|48,5,24,4
3025,18|23|25|55|63|72|102,7,23,4
3026,18|23|28|55|102,5,28,4
3027,18|23|29|35|48|55|102,7,23,4
3028,18|23|29|35|52|55|102,7,23,4
3029,18|23|34|35|52|55|102,7,23,4
3030,18|23|34|63|72,5,23,4
3031,18|23|35|38,4,38,4
3032,18|23|35|41|55|63|72|102,8,23,4
3033,18|23|35|43|48,5,23,4
3034,18|23|35|43|48|52,6,23,4
3035,18|23|35|44|55|102,6,44,4
3036,18|23|35|52|55|62|63|72,8,23,4
3037,18|23|55|95|96|102,6,23,4
3038,18|24|30,3,30,4
3039,18|24|34|35|41|55|102,7,24,4
3040,18|24|34|35|52|55|63|72|102,9,24,4
3041,18|24|35|40|42,5,40,4
3042,18|24|35|40|63|72,6,40,4
3043,18|24|35|41|55|63|72|102,8,24,4
3044,18|24|35|43|48|55|58|63|72,9,24,4
3045,18|24|35|43|52|63|72,7,24,4
3046,18|24|35|43|55|58|63|72,8,24,4
3047,18|24|35|48|55|62|63|72,8,24,4
3048,18|24|55|62|63|72,6,24,4
3049,18|25|27,3,27,4
3050,18|25|34|35|41|63|72,7,25,4
3051,18|25|34|35|63|72|101,7,25,4
3052,18|25|35|37|55|102,6,25,4
3053,18|25|35|41|55|102,6,25,4
3054,18|25|35|49|52|63|72,7,49,4
3055,18|25|35|55|62|63|72|101,8,25,4
3056,18|25|63|72|80|81,6,25,4
3057,18|25|95|96,4,95,4
3058,18|26|35|41,4,26,4
3059,18|26|35|47,4,47,4
3060,18|27|34|35|41|55|102,7,27,4
3061,18|27|35|37|55|102,6,27,4
3062,18|27|35|39,4,39,4
3063,18|27|35|48|63|72,6,27,4
3064,18|27|35|49|55|102,6,27,4
3065,18|27|55|62,4,27,4
3066,18|28|35|55|101|102,6,28,4
3067,18|29|34|35|48|55|63|72|102,9,29,4
3068,18|29|35|37|41|55|102,7,29,4
3069,18|29|35|37|48,5,29,4
3070,18|29|35|37|52|55|62,7,29,4
3071,18|29|35|41|48,5,29,4
3072,18|29|35|41|48|55|102,7,29,4
3073,18|29|35|41|52|55|102,7,29,4
3074,18|29|35|41|55|62,6,29,4
3075,18|29|35|42|52,5,29,4
3076,18|29|35|43|48,5,29,4
3077,18|29|35|63|72|101,6,29,4
3078,18|29|55|63|70|102,6,29,4
3079,18|30|34|35|52|55|102,7,30,4
3080,18|30|35|48|52,5,30,4
3081,18|30|35|49,4,30,4
3082,18|30|35|52|55|62,6,30,4
3083,18|30|55|62,4,30,4
3084,18|31|34|35|52,5,31,4
3085,18|31|35|48|52,5,31,4
3086,18|31|35|49,4,31,4
3087,18|32|34|55|102,5,32,4
3088,18|32|35|42,4,32,4
3089,18|32|35|47,4,32,4
3090,18|32|35|48|55|102,6,32,4
3091,18|33|34,3,33,4
3092,18|33|63|70,4,33,4
3093,18|34|35|36|38,5,36,4
3094,18|34|35|36|41,5,36,4
3095,18|34|35|36|52,5,36,4
3096,18|34|35|37|41|55|62,7,37,4
3097,18|34|35|38|40,5,40,4
3098,18|34|35|38|41|63|72,7,38,4
3099,18|34|35|38|52|63|72,7,38,4
3100,18|34|35|40|41,5,40,4
3101,18|34|35|40|41|55|102,7,40,4
3102,18|34|35|41|42|48|55|63|72|102,10,42,4
3103,18|34|35|41|48|52|55|63|72|102,10,52,4
3104,18|34|35|41|48|52|55|102,8,52,4
3105,18|34|35|42|49,5,49,4
3106,18|34|35|43|48|55|63|72|102,9,34,4
3107,18|34|35|48|49|52,6,49,4
3108,18|34|35|48|49|55|102,7,49,4
3109,18|34|35|48|55|58|63|72,8,58,4
3110,18|34|55|62|80|83,6,34,4
3111,18|34|63|69|72,5,69,4
3112,18|34|63|71,4,71,4
3113,18|35|36|41|55|100|102,7,36,4
3114,18|35|37|41|42|100,6,100,4
3115,18|35|37|41|63|72|100,7,100,4
3116,18|35|37|42|100,5,100,4
3117,18|35|37|48|100,5,100,4
3118,18|35|37|77|97|100,6,100,4
3119,18|35|40|42|55|100|102,7,40,4
3120,18|35|41|48|63|72|100,7,100,4
3121,18|35|41|49|52|100,6,49,4
3122,18|35|41|50|55|100|102,7,50,4
3123,18|35|41|52|55|58|100,7,100,4
3124,18|35|41|55|58|62|100,7,100,4
3125,18|35|41|55|63|69|100|102,8,69,4
3126,18|35|43|55|58|100,6,100,4
3127,35|36|41|52,4,36,4
3128,35|36|43|52,4,36,4
3129,35|36|48|52|77|97,6,36,4
3130,35|36|48|77|97,5,36,4
3131,35|36|54,3,36,4
3132,35|36|63|70,4,36,4
3133,35|37|38|55|62,5,38,4
3134,35|37|41|43,4,37,4
3135,35|37|41|48|55|62,6,37,4
3136,35|37|41|48|55|62|63|72,8,37,4
3137,35|37|41|77|97,5,37,4
3138,35|37|43|48,4,37,4
3139,35|37|48|55|62|80|83,7,37,4
3140,35|37|49|52,4,49,4
3141,35|37|55|58|63|72,6,37,4
3142,35|37|55|62|63|72|80|83,8,37,4
3143,35|37|55|62|77|97,6,37,4
3144,35|37|63|71,4,71,4
3145,35|37|74|75|80|83|97|112|113|120|122,11,37,4
3146,35|37|74|80|83|97|120,7,37,4
3147,35|37|76|97|111,5,37,4
3148,35|37|78|97|132,5,37,4
3149,35|38|42|48,4,38,4
3150,35|38|42|55|62,5,38,4
3151,35|38|49|52,4,38,4
3152,35|38|49|55|62,5,38,4
3153,35|38|52|63|72,5,38,4
3154,35|38|55|62|80|83,6,38,4
3155,35|39|63|70,4,39,4
3156,35|40|42|77|97,5,40,4
3157,35|40|48|52,4,40,4
3158,35|40|48|77|97,5,40,4
3159,35|40|49|52,4,40,4
3160,35|40|63|70,4,40,4
3161,35|41|43|48|55|63|72|102,8,48,4
3162,35|41|43|48|63|72,6,48,4
3163,35|41|43|49,4,49,4
3164,35|41|43|49|55|102,6,49,4
3165,35|41|43|55|62,5,43,4
3166,35|41|48|49,4,49,4
3167,35|41|48|49|63|72,6,49,4
3168,35|41|48|52|55|62,6,52,4
3169,35|41|48|52|63|72,6,52,4
3170,35|41|48|55|58|63|72,7,58,4
3171,35|41|49|63|72,5,49,4
3172,35|41|55|80|81|102,6,81,4
3173,35|41|80|83,4,83,4
3174,35|42|43|52|55|102,6,42,4
3175,35|42|48|49|55|102,6,49,4
3176,35|42|48|52|55|62,6,42,4
3177,35|42|48|52|55|102,6,42,4
3178,35|42|49|55|62,5,49,4
3179,35|42|52|77|97,5,42,4
3180,35|43|50,3,50,4
3181,35|43|52|53|55|62,6,53,4
3182,35|43|52|55|58|62,6,58,4
3183,35|43|52|55|58|63|72,7,58,4
3184,35|44|63|72,4,44,4
3185,35|45|48|52|55|102,6,45,4
3186,35|45|49,3,45,4
3187,35|46|47,3,46,4
3188,35|47|48|55|63|72|102,7,47,4
3189,35|47|49,3,47,4
3190,35|48|49|55|58,5,49,4
3191,35|48|52|54|55|58,6,58,4
3192,35|48|54|77|97,5,48,4
3193,35|48|55|63|72|77|97|102,8,48,4
3194,35|48|63|70|77|97,6,70,4
3195,35|49|55|95|96|102,6,95,4
3196,35|49|63|66,4,66,4
3197,35|50|55|58,4,50,4
3198,35|52|55|62|63|70,6,70,4
3199,35|52|55|62|80|81,6,81,4
3200,35|55|95|96|101|102,6,95,4
3201,54|55|56|59,4,56,4
3202,54|55|56|63|70,5,56,4
3203,54|55|58|62|63|70,6,70,4
3204,54|55|61|63|70,5,61,4
3205,54|55|62|80|81,5,81,4
3206,54|55|80|81|102,5,81,4
3207,55|56|63|64,4,64,4
3208,55|56|63|65,4,65,4
3209,55|56|63|68,4,68,4
3210,55|59|80|81,4,59,4
3211,55|62|63|71|80|81,6,71,4
3212,55|62|63|72|80|81,6,81,4
3213,55|62|74|75|97|112|113|118|120,9,62,4
3214,55|62|74|75|97|118|122|124,8,62,4
3215,55|62|74|79|80|83|97|120|122,9,79,4
3216,55|62|91|96,4,91,4
3217,55|63|69|80|81|102,6,69,4
3218,55|63|72|76|77|97|102|111,8,72,4
3219,55|63|72|76|97|102|111,7,72,4
3220,55|77|95|96|97|102,6,95,4
3221,55|90|95|96|102,5,90,4
3222,63|66|71,3,66,4
3223,63|67|78|97|132,5,67,4
3224,63|70|74|97|124,5,70,4
3225,63|70|75|97|119,5,70,4
3226,63|70|89|90|96,5,89,4
3227,63|71|78|97|132,5,71,4
3228,63|71|79|80|83,5,71,4
3229,63|73,2,73,4
3230,74|75|76|78|97|107|112|113|120|122|132,11,113,4
3231,74|75|76|78|97|107|112|113|122|132,10,113,4
3232,74|75|76|97|107|111|112|114|120,9,114,4
3233,74|75|78|97|118|120|122|124|132,9,118,4
3234,74|75|79|97|112|113|118|120|122,9,79,4
3235,74|75|79|97|112|114|120,7,114,4
3236,74|75|79|97|118|120|122,7,79,4
3237,74|75|97|112|113|114|118|120|122|124,10,114,4
3238,74|75|97|112|113|114|122,7,114,4
3239,74|75|97|112|113|122|126,7,113,4
3240,74|75|97|112|113|123|124,7,123,4
3241,74|75|97|112|114|120|124,7,114,4
3242,74|75|97|118|120|123,6,123,4
3243,74|75|97|118|121|122,6,121,4
3244,74|75|97|119|120|122,6,119,4
3245,74|78|97|122|127,5,127,4
3246,74|78|97|122|131,5,131,4
3247,74|97|120|121|125,5,125,4
3248,74|97|123|125,4,125,4
3249,75|76|77|97|107|115|117,7,117,4
3250,75|76|78|97|107|112|113|132,8,113,4
3251,75|76|97|107|111|112|113,7,113,4
3252,75|76|97|107|111|112|114,7,114,4
3253,75|76|97|110|119,5,110,4
3254,75|78|97|115|116|119|132,7,116,4
3255,75|78|97|119|131,5,119,4
3256,75|80|83|97,4,83,4
3257,75|97|112|113|118|119,6,119,4
3258,75|97|115|116|117|119,6,116,4
3259,76|77|97|107|108,5,108,4
3260,76|77|97|107|110,5,110,4
3261,76|78|97|107|131|132,6,107,4
3262,76|78|97|110|111|132,6,110,4
3263,76|78|97|110|127,5,110,4
3264,76|78|97|132,4,132,4
3265,76|97|108|110,4,108,4
3266,78|97|128|132,4,128,4
3267,1|2|3|63|72,5,2,3
3268,1|2|5|8|55|102,6,2,3
3269,1|2|55|63|69|102,6,2,3
3270,1|2|63|70,4,2,3
3271,1|2|80|83,4,2,3
3272,1|2|84|105,4,105,3
3273,1|3|4|5|6|8,6,4,3
3274,1|3|4|5|6|63|72,7,4,3
3275,1|3|4|5|8|63|72,7,4,3
3276,1|3|4|6|35|48,6,4,3
3277,1|3|4|18|20|63|72,7,4,3
3278,1|3|4|35|41|63|72,7,4,3
3279,1|3|4|84|86,5,86,3
3280,1|3|5|6|8|63|72,7,3,3
3281,1|3|5|6|35|43,6,3,3
3282,1|3|5|8|9,5,9,3
3283,1|3|5|8|55|62,6,3,3
3284,1|3|5|35|52,5,3,3
3285,1|3|5|55|63|72|102,7,3,3
3286,1|3|6|8|63|72,6,3,3
3287,1|3|6|9,4,9,3
3288,1|3|6|10|63|72,6,10,3
3289,1|3|6|84|86,5,86,3
3290,1|3|8|35|43|55|102,7,3,3
3291,1|3|10|55|63|72|102,7,10,3
3292,1|3|18|19|35|52|63|72,8,3,3
3293,1|3|18|20|35|43|63|72,8,3,3
3294,1|3|18|20|55|63|72|102,8,3,3
3295,1|3|18|22|35|48,6,3,3
3296,1|3|18|22|55|62,6,3,3
3297,1|3|18|25,4,3,3
3298,1|3|18|25|63|72,6,3,3
3299,1|3|18|34|35|52|63|72,8,3,3
3300,1|3|35|41,4,3,3
3301,1|3|35|41|43,5,3,3
3302,1|3|35|41|43|55|102,7,3,3
3303,1|3|35|43|48|52|77|97,8,3,3
3304,1|3|35|43|49,5,3,3
3305,1|3|35|43|49|55|102,7,3,3
3306,1|3|35|43|53,5,53,3
3307,1|3|35|43|53|55|102,7,53,3
3308,1|3|35|48|77|97,6,3,3
3309,1|3|35|49|55|102,6,3,3
3310,1|3|55|58|63|72,6,3,3
3311,1|3|55|62|80|83,6,3,3
3312,1|3|55|80|83|102,6,3,3
3313,1|3|78|97|132,5,3,3
3314,1|4|5|8|35|48|52,7,4,3
3315,1|4|5|55|80|81|102,7,4,3
3316,1|4|5|77|97,5,4,3
3317,1|4|5|80|83,5,4,3
3318,1|4|5|84|85,5,85,3
3319,1|4|6|8|35|43,6,4,3
3320,1|4|6|8|55|63|72|102,8,4,3
3321,1|4|6|35|48,5,4,3
3322,1|4|6|77|97,5,4,3
3323,1|4|8|35|101,5,4,3
3324,1|4|8|55|62|63|72,7,4,3
3325,1|4|10|11,4,11,3
3326,1|4|10|55|63|72|102,7,10,3
3327,1|4|12,3,12,3
3328,1|4|13|14|63|72,6,14,3
3329,1|4|18|19,4,4,3
3330,1|4|18|20|55|63|72|102,8,4,3
3331,1|4|35|41|55|102,6,4,3
3332,1|4|35|43|52|55|102,7,4,3
3333,1|4|35|43|54,5,4,3
3334,1|4|35|43|63|70,6,4,3
3335,1|4|35|48|54,5,4,3
3336,1|4|35|52|63|72,6,4,3
3337,1|4|35|52|77|97,6,4,3
3338,1|4|54|80|81,5,4,3
3339,1|4|55|57,4,57,3
3340,1|4|63|71,4,71,3
3341,1|4|78|97|132,5,4,3
3342,1|4|79,3,4,3
3343,1|4|80|83,4,4,3
3344,1|4|91|96,4,91,3
3345,1|5|6|8|9|55|102,7,9,3
3346,1|5|6|8|10|63|72,7,10,3
3347,1|5|6|8|35|48,6,6,3
3348,1|5|6|8|35|48|55|102,8,6,3
3349,1|5|6|8|80|83,6,6,3
3350,1|5|6|8|89|96,6,89,3
3351,1|5|6|54,4,6,3
3352,1|5|6|55|76|97|102|111,8,6,3
3353,1|5|6|55|80|83|102,7,6,3
3354,1|5|6|55|95|96|102,7,95,3
3355,1|5|6|76|97,5,6,3
3356,1|5|6|84|105,5,105,3
3357,1|5|6|95|96,5,95,3
3358,1|5|7|55|102,5,7,3
3359,1|5|8|9|55|63|72|102,8,9,3
3360,1|5|8|18|20|63|72,7,20,3
3361,1|5|8|35|37|55|62,7,37,3
3362,1|5|8|35|37|80|83,7,37,3
3363,1|5|8|35|41,5,8,3
3364,1|5|8|35|42,5,42,3
3365,1|5|8|35|43|48,6,8,3
3366,1|5|8|35|43|55|58,7,8,3
3367,1|5|8|35|48|55|63|72|102,9,8,3
3368,1|5|8|35|48|63|72,7,8,3
3369,1|5|8|35|48|77|97,7,8,3
3370,1|5|8|55|76|97|102|111,8,8,3
3371,1|5|8|55|77|97|102,7,8,3
3372,1|5|8|63|72|76|97|111,8,8,3
3373,1|5|8|76|78|97|111|132,8,8,3
3374,1|5|8|76|97|107,6,8,3
3375,1|5|8|79|80|83,6,8,3
3376,1|5|8|84|85,5,85,3
3377,1|5|9|35|43,5,9,3
3378,1|5|9|55|63|72|102,7,9,3
3379,1|5|10|35|43,5,10,3
3380,1|5|10|55|102,5,10,3
3381,1|5|18|19|55|63|72|102,8,19,3
3382,1|5|18|23,4,23,3
3383,1|5|35|43|55|63|72|102,8,5,3
3384,1|5|35|43|80|81,6,81,3
3385,1|5|35|48|52|55|77|97|102,9,5,3
3386,1|5|35|48|55|77|97|102,8,5,3
3387,1|5|55|62|76|97|111,7,5,3
3388,1|5|55|63|69|102,6,69,3
3389,1|5|55|63|71|102,6,71,3
3390,1|5|55|74|97|102|120,7,5,3
3391,1|5|63|69|84|85,6,85,3
3392,1|5|63|72|76|97|111,7,5,3
3393,1|5|76|91|96|97|111,7,91,3
3394,1|5|76|97,4,5,3
3395,1|5|89|91|96,5,89,3
3396,1|6|8|10|76|97|111,7,10,3
3397,1|6|8|10|80|81,6,10,3
3398,1|6|8|35|37|55|62,7,6,3
3399,1|6|8|35|48|63|72,7,6,3
3400,1|6|9|55|62,5,9,3
3401,1|6|9|63|70,5,9,3
3402,1|6|10|55|63|72|102,7,10,3
3403,1|6|10|63|72|76|97|111,8,10,3
3404,1|6|18|20|35|48|63|72,8,6,3
3405,1|6|18|34,4,6,3
3406,1|6|35|48|52|55|102,7,6,3
3407,1|6|35|48|55|62,6,6,3
3408,1|6|35|48|55|63|72|102,8,6,3
3409,1|6|35|49,4,49,3
3410,1|6|55|58,4,6,3
3411,1|6|55|62|80|81,6,6,3
3412,1|6|55|77|97|102,6,6,3
3413,1|6|63|69|80|81,6,69,3
3414,1|6|63|70|90|96,6,90,3
3415,1|6|63|72|76|77|97|111,8,6,3
3416,1|6|63|72|77|97,6,6,3
3417,1|6|63|72|84|85,6,85,3
3418,1|6|78|97|127,5,127,3
3419,1|7|76|97|111,5,7,3
3420,1|8|9|55|102,5,9,3
3421,1|8|10|35|43,5,10,3
3422,1|8|18|19|55|63|72|102,8,19,3
3423,1|8|18|29,4,29,3
3424,1|8|18|34|55|102,6,8,3
3425,1|8|35|41|55|62,6,8,3
3426,1|8|35|42,4,42,3
3427,1|8|35|43|48,5,8,3
3428,1|8|54|55|102,5,8,3
3429,1|8|55|58,4,8,3
3430,1|8|55|74|97|102|120,7,8,3
3431,1|8|63|70|76|97|111,7,70,3
3432,1|8|63|72|80|83,6,8,3
3433,1|8|76|78|97|111|132,7,8,3
3434,1|8|76|97|107|111,6,8,3
3435,1|9|13|14|55|102,6,9,3
3436,1|9|35|37|55|102,6,9,3
3437,1|9|55|62|74|97|120,7,9,3
3438,1|9|55|62|80|81|83,7,9,3
3439,1|9|55|63|71|102,6,71,3
3440,1|9|55|79|80|83|102,7,9,3
3441,1|9|63|69,4,69,3
3442,1|9|77|97,4,9,3
3443,1|10|18|20|63|72,6,10,3
3444,1|10|18|34|55|102,6,10,3
3445,1|10|55|58,4,10,3
3446,1|10|55|62|63|72,6,10,3
3447,1|11|63|70,4,11,3
3448,1|18|19|55|63|72|98|102,8,98,3
3449,1|18|20|63|72|98,6,98,3
3450,1|18|34|63|72|98,6,98,3
3451,1|35|37|55|62|79|98,7,98,3
3452,1|35|52|55|98|102,6,98,3
3453,1|35|52|63|72|98,6,98,3
3454,1|54|55|98|102,5,98,3
3455,1|55|76|97|98|102|111,7,98,3
3456,1|63|70|79|80|83|98,7,98,3
3457,1|74|79|80|83|97|98|120,8,98,3
3458,13|14|16,3,16,3
3459,13|14|16|63|71,5,16,3
3460,13|14|18|23,4,14,3
3461,13|14|18|24|55|102,6,24,3
3462,13|14|18|27|55|102,6,27,3
3463,13|14|35|37|63|72,6,14,3
3464,13|14|35|48,4,14,3
3465,13|14|35|48|55|102,6,14,3
3466,13|14|35|52|55|102,6,14,3
3467,13|14|63|71|78|97|132,7,71,3
3468,13|14|63|71|79,5,71,3
3469,13|15|18|34|55|102,6,15,3
3470,13|16|63|70|71,5,16,3
3471,13|17|55|102,4,17,3
3472,18|19|20|34|35|42|63|72,8,19,3
3473,18|19|20|35|42|55|63|72|102,9,19,3
3474,18|19|20|35|48|52|55|63|72|102,10,19,3
3475,18|19|20|35|48|55|62|63|72,9,19,3
3476,18|19|20|35|52,5,19,3
3477,18|19|20|35|63|72|101,7,19,3
3478,18|19|21|34|35|42|63|72,8,21,3
3479,18|19|23|35|48,5,23,3
3480,18|19|23|55|102,5,23,3
3481,18|19|24|34|35|42|55|63|72|102,10,24,3
3482,18|19|24|34|55|102,6,24,3
3483,18|19|29,3,29,3
3484,18|19|34|35|37|41|55|63|72|102,10,19,3
3485,18|19|34|35|41|48|55|63|72|102,10,19,3
3486,18|19|34|35|42|48|63|72|77|97,10,19,3
3487,18|19|34|35|42|63|72|77|97,9,19,3
3488,18|19|34|55|62|63|72,7,19,3
3489,18|19|35|36|63|72,6,36,3
3490,18|19|35|37|41|63|72,7,19,3
3491,18|19|35|37|42|63|72,7,19,3
3492,18|19|35|37|43|63|72,7,19,3
3493,18|19|35|37|52|55|62|63|72,9,19,3
3494,18|19|35|41|42|55|63|72|102,9,19,3
3495,18|19|35|41|48|55|63|72|102,9,19,3
3496,18|19|35|41|48|63|72,7,19,3
3497,18|19|35|42|43|55|63|72|102,9,19,3
3498,18|19|35|42|52,5,19,3
3499,18|19|35|42|55|62|63|72,8,19,3
3500,18|19|35|47,4,47,3
3501,18|19|35|48|54|63|72,7,19,3
3502,18|19|35|48|63|72|77|97,8,19,3
3503,18|19|35|49|52|63|72,7,49,3
3504,18|19|35|55|58|101,6,19,3
3505,18|19|55|63|72|77|97|102,8,19,3
3506,18|19|55|63|72|95|96|102,8,95,3
3507,18|19|55|77|97|102,6,19,3
3508,18|19|63|69,4,69,3
3509,18|19|63|72|76|97|111,7,19,3
3510,18|19|63|72|95|96,6,95,3
3511,18|20|21|34|63|72,6,21,3
3512,18|20|21|35|48|55|63|72|102,9,21,3
3513,18|20|21|35|48|63|72,7,21,3
3514,18|20|22,3,22,3
3515,18|20|22|35|48|52|55|63|72|102,10,22,3
3516,18|20|22|35|48|55|63|72|102,9,22,3
3517,18|20|22|35|48|63|72,7,22,3
3518,18|20|22|55|102,5,22,3
3519,18|20|23|55|102,5,23,3
3520,18|20|25|34|35|48|52|55|63|72|102,11,25,3
3521,18|20|25|34|35|52|55|63|72|102,10,25,3
3522,18|20|25|34|35|63|72|101,8,25,3
3523,18|20|25|55|62|63|72,7,25,3
3524,18|20|25|55|102,5,25,3
3525,18|20|27,3,27,3
3526,18|20|27|55|63|72|102,7,27,3
3527,18|20|29|35|41|55|63|72|102,9,29,3
3528,18|20|29|35|52|55|63|72|102,9,29,3
3529,18|20|29|35|52|63|72,7,29,3
3530,18|20|34|35|37|63|72,7,20,3
3531,18|20|34|35|38|63|72,7,38,3
3532,18|20|34|35|41|52|55|63|72|102,10,20,3
3533,18|20|34|35|41|52|63|72,8,20,3
3534,18|20|34|35|42|48|55|63|72|102,10,20,3
3535,18|20|34|35|42|52|55|63|72|102,10,20,3
3536,18|20|34|35|48|52|55|63|72|102,10,20,3
3537,18|20|34|35|55|101|102,7,20,3
3538,18|20|35|37|38|63|72,7,38,3
3539,18|20|35|37|41|48|55|63|72|102,10,20,3
3540,18|20|35|37|42|55|63|72|102,9,20,3
3541,18|20|35|37|52,5,20,3
3542,18|20|35|37|52|55|63|72|102,9,20,3
3543,18|20|35|38|42,5,38,3
3544,18|20|35|38|48,5,38,3
3545,18|20|35|38|48|52|63|72,8,38,3
3546,18|20|35|38|55|62|63|72,8,38,3
3547,18|20|35|40|48|63|72,7,40,3
3548,18|20|35|40|55|63|72|102,8,40,3
3549,18|20|35|41|48,5,20,3
3550,18|20|35|41|52|55|62|63|72,9,20,3
3551,18|20|35|42|43|63|72,7,20,3
3552,18|20|35|42|48|55|62|63|72,9,20,3
3553,18|20|35|42|49|63|72,7,49,3
3554,18|20|35|42|55|58|63|72,8,20,3
3555,18|20|35|42|63|72|77|97,8,20,3
3556,18|20|35|43|52|55|63|72|102,9,20,3
3557,18|20|35|43|55|58|63|72,8,20,3
3558,18|20|35|43|55|102,6,20,3
3559,18|20|35|46,4,46,3
3560,18|20|35|48|49,5,49,3
3561,18|20|35|48|52|55|62,7,20,3
3562,18|20|35|48|54,5,20,3
3563,18|20|35|49|52|63|72,7,49,3
3564,18|20|54|55|102,5,20,3
3565,18|20|55|63|72|95|96|102,8,95,3
3566,18|21|22|35|48,5,21,3
3567,18|21|23|35|52,5,21,3
3568,18|21|25|35|52|63|72,7,21,3
3569,18|21|25|55|63|72|102,7,21,3
3570,18|21|25|55|102,5,21,3
3571,18|21|27|55|102,5,27,3
3572,18|21|29|35|48,5,21,3
3573,18|21|29|35|52,5,21,3
3574,18|21|31,3,31,3
3575,18|21|34|35|37,5,21,3
3576,18|21|34|35|52|55|63|72|102,9,21,3
3577,18|21|34|35|52|63|72,7,21,3
3578,18|21|35|37|41,5,21,3
3579,18|21|35|38|39,5,39,3
3580,18|21|35|39|63|72,6,39,3
3581,18|21|35|40|63|72,6,40,3
3582,18|21|35|42|52|63|72,7,21,3
3583,18|21|35|48|55|62|63|72,8,21,3
3584,18|21|35|48|55|63|72|102,8,21,3
3585,18|21|55|63|70|102,6,21,3
3586,18|21|55|77|97|102,6,21,3
3587,18|21|63|72|80|81,6,21,3
3588,18|22|23|27|55|102,6,27,3
3589,18|22|23|30|55|102,6,30,3
3590,18|22|23|31|35|52|55|102,8,31,3
3591,18|22|23|35|48|52,6,23,3
3592,18|22|23|35|48|52|55|102,8,23,3
3593,18|22|24|35|52|55|102,7,24,3
3594,18|22|26|55|102,5,26,3
3595,18|22|27|34|55|102,6,27,3
3596,18|22|27|55|102,5,27,3
3597,18|22|29|34|35|52|55|102,8,29,3
3598,18|22|29|35|41|55|102,7,29,3
3599,18|22|30|34|55|102,6,30,3
3600,18|22|30|35|52|55|102,7,30,3
3601,18|22|31,3,31,3
3602,18|22|34|35|42|63|72,7,22,3
3603,18|22|34|35|49,5,49,3
3604,18|22|35|37|48|52|55|62,8,22,3
3605,18|22|35|37|48|55|102,7,22,3
3606,18|22|35|37|55|62,6,22,3
3607,18|22|35|38|55|102,6,38,3
3608,18|22|35|41|42,5,22,3
3609,18|22|35|41|55|62,6,22,3
3610,18|22|35|42|48|63|72,7,22,3
3611,18|22|35|42|55|77|97|102,8,22,3
3612,18|22|35|48|52|55|58,7,22,3
3613,18|22|35|48|52|55|63|72|102,9,22,3
3614,18|22|35|48|52|63|72,7,22,3
3615,18|22|35|52|55|80|81|102,8,22,3
3616,18|22|35|52|80|81,6,22,3
3617,18|22|35|55|63|72|101|102,8,22,3
3618,18|22|54|55|102,5,22,3
3619,18|22|55|62|63|72,6,22,3
3620,18|22|95|96,4,95,3
3621,18|23|25,3,23,3
3622,18|23|25|34|55|63|72|102,8,23,3
3623,18|23|30|55|102,5,30,3
3624,18|23|33,3,33,3
3625,18|23|34|35|42|52,6,23,3
3626,18|23|34|35|48|55|102,7,23,3
3627,18|23|34|55|63|72|102,7,23,3
3628,18|23|35|37|48,5,23,3
3629,18|23|35|37|52|55|62,7,23,3
3630,18|23|35|41|52,5,23,3
3631,18|23|35|42|48|63|72,7,23,3
3632,18|23|35|42|55|63|72|102,8,23,3
3633,18|23|35|44,4,44,3
3634,18|23|35|48|52|63|72,7,23,3
3635,18|23|35|52|55|58,6,23,3
3636,18|23|35|63|72|101,6,23,3
3637,18|23|54,3,23,3
3638,18|24|27,3,27,3
3639,18|24|29,3,24,3
3640,18|24|31,3,31,3
3641,18|24|34|35|48|63|72,7,24,3
3642,18|24|34|35|101,5,24,3
3643,18|24|35|37|55|63|72|102,8,24,3
3644,18|24|35|37|55|102,6,24,3
3645,18|24|35|43|52|55|63|72|102,9,24,3
3646,18|24|63|70,4,24,3
3647,18|25|27|63|72,5,27,3
3648,18|25|29,3,29,3
3649,18|25|31,3,31,3
3650,18|25|34|35|42,5,25,3
3651,18|25|34|35|42|48|63|72,8,25,3
3652,18|25|34|35|55|63|72|101|102,9,25,3
3653,18|25|34|55|62|63|72,7,25,3
3654,18|25|35|37|48|63|72,7,25,3
3655,18|25|35|37|52|63|72,7,25,3
3656,18|25|35|37|55|62,6,25,3
3657,18|25|35|38|42|63|72,7,38,3
3658,18|25|35|42|52,5,25,3
3659,18|25|35|43|49|63|72,7,49,3
3660,18|25|35|43|55|102,6,25,3
3661,18|25|35|47,4,47,3
3662,18|25|35|47|48|63|72,7,47,3
3663,18|25|35|49|52,5,49,3
3664,18|25|35|52|63|72|77|97,8,25,3
3665,18|25|35|52|63|72|80|83,8,25,3
3666,18|25|55|62|63|72|80|83,8,25,3
3667,18|25|55|95|96|102,6,95,3
3668,18|26|28,3,26,3
3669,18|26|31,3,26,3
3670,18|26|35|43,4,26,3
3671,18|26|35|48|52,5,26,3
3672,18|26|35|52|55|102,6,26,3
3673,18|26|55|95|96|102,6,26,3
3674,18|27|31|55|102,5,31,3
3675,18|27|34|35|48,5,27,3
3676,18|27|34|35|48|55|102,7,27,3
3677,18|27|34|35|101,5,27,3
3678,18|27|34|63|72,5,27,3
3679,18|27|35|40,4,27,3
3680,18|27|35|43|48,5,27,3
3681,18|27|35|48|55|62,6,27,3
3682,18|27|35|52|55|62,6,27,3
3683,18|28|31,3,28,3
3684,18|28|35|40,4,28,3
3685,18|28|55|58,4,28,3
3686,18|28|63|70,4,28,3
3687,18|28|77|97,4,28,3
3688,18|29|31,3,31,3
3689,18|29|31|55|102,5,31,3
3690,18|29|34|35|37,5,29,3
3691,18|29|34|55|62,5,29,3
3692,18|29|34|77|97,5,29,3
3693,18|29|35|37|48|55|62,7,29,3
3694,18|29|35|37|48|55|102,7,29,3
3695,18|29|35|37|63|72,6,29,3
3696,18|29|35|41|48|55|63|72|102,9,29,3
3697,18|29|35|43|52,5,29,3
3698,18|29|35|43|55|102,6,29,3
3699,18|29|35|48|52|63|72,7,29,3
3700,18|29|35|48|55|58,6,29,3
3701,18|29|35|50,4,50,3
3702,18|29|35|52|55|58,6,29,3
3703,18|29|35|52|55|63|72|102,8,29,3
3704,18|29|63|69,4,69,3
3705,18|29|80|81,4,29,3
3706,18|29|95|96,4,29,3
3707,18|30|31,3,30,3
3708,18|30|31|55|102,5,30,3
3709,18|30|34|35|48,5,30,3
3710,18|30|34|35|48|52|55|102,8,30,3
3711,18|30|35|41,4,30,3
3712,18|30|35|41|55|102,6,30,3
3713,18|31|35|37|55|102,6,31,3
3714,18|31|35|41|55|102,6,31,3
3715,18|32|35|42|63|72,6,32,3
3716,18|32|55|62,4,32,3
3717,18|33|35|48,4,33,3
3718,18|34|35|36|55|102,6,36,3
3719,18|34|35|37|40,5,40,3
3720,18|34|35|37|41|48|55|102,8,37,3
3721,18|34|35|37|41|52|55|62,8,37,3
3722,18|34|35|37|41|55|62|63|72,9,37,3
3723,18|34|35|37|48,5,37,3
3724,18|34|35|37|52,5,37,3
3725,18|34|35|37|52|63|72,7,37,3
3726,18|34|35|37|55|58,6,37,3
3727,18|34|35|37|55|62|63|72,8,37,3
3728,18|34|35|38|42|52|55|102,8,38,3
3729,18|34|35|38|42|55|102,7,38,3
3730,18|34|35|38|48|63|72,7,38,3
3731,18|34|35|38|55|62,6,38,3
3732,18|34|35|40|42|55|63|72|102,9,40,3
3733,18|34|35|41|48|55|62,7,34,3
3734,18|34|35|41|49|55|102,7,49,3
3735,18|34|35|41|52|55|62,7,52,3
3736,18|34|35|41|55|77|97|102,8,34,3
3737,18|34|35|41|63|72|77|97,8,34,3
3738,18|34|35|42|48|49,6,49,3
3739,18|34|35|42|48|49|63|72,8,49,3
3740,18|34|35|42|49|55|102,7,49,3
3741,18|34|35|42|49|63|72,7,49,3
3742,18|34|35|42|52|55|62,7,42,3
3743,18|34|35|43|48|52,6,52,3
3744,18|34|35|43|55|58|63|72,8,58,3
3745,18|34|35|43|55|62,6,34,3
3746,18|34|35|45|48,5,45,3
3747,18|34|35|47|55|102,6,47,3
3748,18|34|35|48|49|52|63|72,8,49,3
3749,18|34|35|48|52|55|62|63|72,9,52,3
3750,18|34|35|48|53,5,53,3
3751,18|34|35|48|55|77|97|102,8,34,3
3752,18|34|35|48|63|70,6,70,3
3753,18|34|35|49|52|55|62,7,49,3
3754,18|34|35|50|52|55|102,7,50,3
3755,18|34|35|50|63|70,6,50,3
3756,18|34|35|52|54,5,52,3
3757,18|34|35|52|55|77|97|102,8,52,3
3758,18|34|55|62|63|70,6,70,3
3759,18|34|55|63|70|72|102,7,70,3
3760,18|34|55|63|72|95|96|102,8,95,3
3761,18|34|55|80|83|102,6,34,3
3762,18|34|63|72|80|83,6,34,3
3763,18|35|37|41|52|55|58|100,8,100,3
3764,18|35|37|41|52|55|62|100,8,100,3
3765,18|35|37|41|52|100,6,100,3
3766,18|35|37|41|55|62|63|72|100,9,100,3
3767,18|35|37|41|55|62|80|83|100,9,100,3
3768,18|35|37|48|63|72|100,7,100,3
3769,18|35|37|55|62|63|72|100,8,100,3
3770,18|35|38|52|63|72|100,7,38,3
3771,18|35|41|42|48|55|63|72|100|102,10,100,3
3772,18|35|41|52|55|77|97|100|102,9,100,3
3773,18|35|41|52|63|72|100,7,100,3
3774,18|35|41|54|100,5,100,3
3775,18|35|42|48|52|100,6,100,3
3776,18|35|42|63|72|77|97|100,8,100,3
3777,18|35|52|55|62|100,6,100,3
3778,18|35|52|77|97|100,6,100,3
3779,35|36|41|77|97,5,36,3
3780,35|36|48|55|102,5,36,3
3781,35|36|52|55|62,5,36,3
3782,35|37|38|41,4,38,3
3783,35|37|38|52|55|62,6,38,3
3784,35|37|39|52,4,39,3
3785,35|37|40|55|62,5,40,3
3786,35|37|41|42,4,37,3
3787,35|37|41|42|55|102,6,37,3
3788,35|37|41|43|55|102,6,37,3
3789,35|37|41|54,4,37,3
3790,35|37|41|55|62|80|81,7,81,3
3791,35|37|41|55|77|97|102,7,37,3
3792,35|37|41|55|80|81|102,7,81,3
3793,35|37|41|80|83,5,37,3
3794,35|37|43|48|55|102,6,37,3
3795,35|37|43|52|55|62,6,37,3
3796,35|37|48|52|55|62|63|72,8,37,3
3797,35|37|48|52|55|102,6,37,3
3798,35|37|48|54|55|62,6,37,3
3799,35|37|48|55|58|63|72,7,37,3
3800,35|37|50,3,50,3
3801,35|37|52|54|55|102,6,37,3
3802,35|37|52|55|63|72|102,7,37,3
3803,35|37|54|55|63|70|102,7,70,3
3804,35|37|55|57,4,57,3
3805,35|37|55|62|74|79|97|120,8,37,3
3806,35|37|55|63|70|102,6,70,3
3807,35|37|55|77|97|102,6,37,3
3808,35|37|63|69,4,69,3
3809,35|38|41|52|55|62,6,38,3
3810,35|38|41|55|62,5,38,3
3811,35|38|42|48|63|72,6,38,3
3812,35|38|48|55|63|72|102,7,38,3
3813,35|38|48|55|102,5,38,3
3814,35|38|52|55|102,5,38,3
3815,35|39|42,3,39,3
3816,35|39|43|55|58,5,39,3
3817,35|40|42|48|52,5,40,3
3818,35|40|49|55|102,5,40,3
3819,35|40|49|63|72,5,40,3
3820,35|40|55|58,4,40,3
3821,35|40|55|63|72|102,6,40,3
3822,35|41|42|43|55|102,6,42,3
3823,35|41|43|48|52|55|58|62,8,58,3
3824,35|41|43|48|52|55|102,7,52,3
3825,35|41|43|52|55|58,6,58,3
3826,35|41|43|53|55|102,6,53,3
3827,35|41|48|49|52,5,49,3
3828,35|41|48|55|62|77|97,7,48,3
3829,35|41|49|55|62,5,49,3
3830,35|41|49|55|63|72|102,7,49,3
3831,35|41|52|55|62|77|97,7,52,3
3832,35|41|52|55|77|97|102,7,52,3
3833,35|41|52|80|81,5,81,3
3834,35|41|55|80|83|102,6,83,3
3835,35|41|63|72|77|97,6,41,3
3836,35|42|43|55|62,5,42,3
3837,35|42|48|49|52|77|97,7,49,3
3838,35|42|48|52|55|63|72|102,8,42,3
3839,35|42|55|62|77|97,6,42,3
3840,35|42|76|97|111,5,42,3
3841,35|43|45|48,4,45,3
3842,35|43|48|52|55|58|63|72,8,58,3
3843,35|43|48|53|55|58,6,53,3
3844,35|43|48|54,4,48,3
3845,35|43|48|55|58|77|97,7,58,3
3846,35|43|49|52|55|62,6,49,3
3847,35|43|49|53|55|102,6,53,3
3848,35|43|49|55|77|97|102,7,49,3
3849,35|43|52|54,4,52,3
3850,35|43|52|54|55|58,6,58,3
3851,35|43|53|77|97,5,53,3
3852,35|43|54|63|70,5,70,3
3853,35|43|54|63|72,5,43,3
3854,35|43|55|63|102|103,6,103,3
3855,35|44|48|77|97,5,44,3
3856,35|45|54|55|102,5,45,3
3857,35|45|55|62,4,45,3
3858,35|45|55|63|72|102,6,45,3
3859,35|46|48|63|72,5,46,3
3860,35|47|48|55|102,5,47,3
3861,35|47|55|63|72|102,6,47,3
3862,35|47|77|97,4,47,3
3863,35|48|52|54|55|102,6,52,3
3864,35|48|52|55|62|80|83,7,52,3
3865,35|48|63|103,4,103,3
3866,35|48|76|77|97|107,6,48,3
3867,35|49|52|54,4,49,3
3868,35|49|52|55|62|77|97,7,49,3
3869,35|49|52|55|63|72|102,7,49,3
3870,35|49|54|55|58,5,49,3
3871,35|49|54|55|62,5,49,3
3872,35|49|55|62|77|97,6,49,3
3873,35|49|95|96,4,95,3
3874,35|52|54|55|58|62|63|70,8,70,3
3875,35|52|54|55|58|63|72,7,58,3
3876,35|52|54|55|58|77|97,7,58,3
3877,35|52|54|55|62|63|70,7,70,3
3878,35|52|54|77|97,5,52,3
3879,35|52|55|59,4,59,3
3880,35|52|55|62|79,5,79,3
3881,35|52|55|95|96|102,6,95,3
3882,35|52|63|69|72,5,69,3
3883,35|52|63|69|80|81,6,69,3
3884,35|52|76|77|97|111,6,52,3
3885,35|53|77|97,4,53,3
3886,35|54|55|63|72|101|102,7,101,3
3887,35|54|77|97|101,5,101,3
3888,35|63|71|101,4,71,3
3889,35|77|78|97|101|132,6,101,3
3890,35|78|97|101|132,5,101,3
3891,35|95|96|101,4,95,3
3892,54|55|56|61,4,56,3
3893,54|55|57|58,4,57,3
3894,54|55|61|62,4,61,3
3895,54|55|61|62|63|70|77|97,8,61,3
3896,54|55|62|63|70|77|97,7,70,3
3897,54|55|62|77|97,5,62,3
3898,54|63|71,3,71,3
3899,55|57|62|63|70,5,57,3
3900,55|59|61|62,4,61,3
3901,55|59|63|64,4,64,3
3902,55|62|63|70|74|97|120|122,8,70,3
3903,55|62|63|70|76|97|111,7,70,3
3904,55|62|63|72|76|97|107,7,62,3
3905,55|62|74|75|78|97|112|113|120|132,10,62,3
3906,55|62|74|75|78|97|118|120|122|132,10,62,3
3907,55|62|74|75|79|80|83|97|112|113|122,11,79,3
3908,55|62|74|75|79|97|118|120|122,9,79,3
3909,55|62|74|75|79|97|118|122,8,79,3
3910,55|62|74|75|80|81|97|112|113|120|122,11,81,3
3911,55|62|74|75|80|83|97|112|113|120,10,83,3
3912,55|62|74|75|80|83|97|112|113|122,10,83,3
3913,55|62|74|75|80|83|97|118|120,9,83,3
3914,55|62|74|75|97|112|113|118|120|122,10,62,3
3915,55|62|74|75|97|112|113|118|122,9,62,3
3916,55|62|74|75|97|112|113|124,8,62,3
3917,55|62|74|80|83|97|124,7,83,3
3918,55|62|74|97|120|122|124,7,62,3
3919,55|62|74|97|126,5,62,3
3920,55|62|75|78|97|112|113|132,8,62,3
3921,55|62|75|78|97|118|132,7,62,3
3922,55|62|75|79|97|112|113,7,79,3
3923,55|62|75|79|97|118,6,79,3
3924,55|62|76|97|108,5,108,3
3925,55|62|78|97|131,5,62,3
3926,55|63|68|102,4,68,3
3927,55|84|85|102,4,85,3
3928,55|89|95|96|102,5,89,3
3929,55|90|96|102,4,90,3
3930,63|67|80|81,4,67,3
3931,63|70|74|79|97|120|122,7,70,3
3932,63|70|75|97|118,5,70,3
3933,63|70|84|85,4,85,3
3934,63|72|76|97|107|111,6,72,3
3935,74|75|76|97|107|112|114|120|122,9,114,3
3936,74|75|76|97|107|115|116|120,8,116,3
3937,74|75|76|97|107|118|119|122,8,119,3
3938,74|75|77|97|112|113|120,7,113,3
3939,74|75|78|97|112|113|114|118|120|122|132,11,114,3
3940,74|75|78|97|112|114|118|120|132,9,114,3
3941,74|75|78|97|112|114|120|122|132,9,114,3
3942,74|75|78|97|118|119|122|132,8,119,3
3943,74|75|78|97|118|122|127,7,127,3
3944,74|75|79|80|83|97|112|113|124,9,79,3
3945,74|75|80|83|97|112|113|120|124,9,83,3
3946,74|75|80|83|97|118|122|124,8,83,3
3947,74|75|97|112|113|114|118|120,8,114,3
3948,74|75|97|112|113|115|117|120,8,117,3
3949,74|75|97|112|113|115|117|123,8,117,3
3950,74|75|97|112|113|118|119|122,8,119,3
3951,74|75|97|112|114|120|126,7,114,3
3952,74|75|97|112|114|122|124,7,114,3
3953,74|75|97|115|116|121,6,116,3
3954,74|75|97|119|126,5,119,3
3955,74|76|78|97|111|120|122|132,8,122,3
3956,74|76|78|97|111|120|127,7,127,3
3957,74|76|97|107|110|120,6,110,3
3958,74|76|97|107|111|120|122,7,107,3
3959,74|76|97|107|120|122|124,7,107,3
3960,74|76|97|111|120|124,6,111,3
3961,74|76|97|111|120|126,6,126,3
3962,74|77|78|97|121|132,6,121,3
3963,74|77|97|120|126,5,126,3
3964,74|78|97|120|122|131,6,131,3
3965,74|79|80|83|97|124,6,79,3
3966,74|79|97|120|124,5,79,3
3967,74|97|120|122|123|124,6,123,3
3968,74|97|120|122|124|125,6,125,3
3969,74|97|122|124|126,5,126,3
3970,75|76|77|97|107|111|119,7,119,3
3971,75|76|97|107,4,107,3
3972,75|76|97|107|110|115|116,7,116,3
3973,75|76|97|108|115|116,6,108,3
3974,75|76|97|108|119,5,108,3
3975,75|76|97|111|118,5,118,3
3976,75|78|97|112|114|127,6,127,3
3977,75|78|97|118|131,5,118,3
3978,75|97|115|116|118,5,116,3
3979,76|77|97|110|111,5,110,3
3980,76|78|97|107|108|109|132,7,109,3
3981,76|78|97|107|109|132,6,109,3
3982,76|78|97|107|130|132,6,130,3
3983,76|78|97|108|111|132,6,108,3
3984,84|87,2,87,3
3985,90|94|96,3,94,3
3986,1|2|3|5,4,2,2
3987,1|2|5|6,4,2,2
3988,1|2|5|6|8,5,2,2
3989,1|2|5|9,4,2,2
3990,1|2|6|9,4,2,2
3991,1|2|8|9,4,2,2
3992,1|2|13|15,4,15,2
3993,1|2|18|20|63|72,6,2,2
3994,1|2|35|37|55|102,6,2,2
3995,1|2|35|43|55|102,6,2,2
3996,1|2|35|48,4,2,2
3997,1|2|35|48|55|102,6,2,2
3998,1|2|54,3,2,2
3999,1|2|55|63|72|102,6,2,2
4000,1|2|63|69|72,5,2,2
4001,1|2|63|69|84|85,6,85,2
4002,1|2|77|97,4,2,2
4003,1|3|4|5|6|55|102,7,4,2
4004,1|3|4|5|8|10,6,10,2
4005,1|3|4|5|8|35|43|76|97|111,10,4,2
4006,1|3|4|5|35|43|48,7,4,2
4007,1|3|4|6|8|63|72,7,4,2
4008,1|3|4|6|10|63|72,7,10,2
4009,1|3|4|6|35|52,6,4,2
4010,1|3|4|8|35|43,6,4,2
4011,1|3|4|8|55|102,6,4,2
4012,1|3|4|9,4,9,2
4013,1|3|4|10|55|62,6,10,2
4014,1|3|4|10|63|72,6,10,2
4015,1|3|4|18|19|63|72,7,4,2
4016,1|3|4|18|34,5,4,2
4017,1|3|4|35|37|55|62,7,4,2
4018,1|3|4|35|41|55|102,7,4,2
4019,1|3|4|35|43|48,6,4,2
4020,1|3|4|35|43|54,6,4,2
4021,1|3|4|35|48|52,6,4,2
4022,1|3|4|35|48|55|62,7,4,2
4023,1|3|4|35|52|55|63|72|102,9,4,2
4024,1|3|4|54|55|102,6,4,2
4025,1|3|4|54|63|72,6,4,2
4026,1|3|4|55|63|70|102,7,4,2
4027,1|3|4|63|70,5,4,2
4028,1|3|5|8|35|43|55|102,8,3,2
4029,1|3|5|8|35|48,6,3,2
4030,1|3|5|8|55|80|81|102,8,3,2
4031,1|3|5|8|63|72,6,3,2
4032,1|3|5|8|84|86,6,86,2
4033,1|3|5|9|35|43|55|102,8,9,2
4034,1|3|5|9|55|102,6,9,2
4035,1|3|5|10,4,10,2
4036,1|3|5|35|41|55|102,7,3,2
4037,1|3|5|35|42,5,3,2
4038,1|3|5|35|52|55|102,7,3,2
4039,1|3|5|55|58,5,3,2
4040,1|3|5|63|70,5,3,2
4041,1|3|5|80|83,5,3,2
4042,1|3|6|35|48,5,3,2
4043,1|3|6|55|62|63|72,7,3,2
4044,1|3|6|76|97|111,6,3,2
4045,1|3|8|35|48,5,3,2
4046,1|3|8|63|70,5,3,2
4047,1|3|8|76|97|111,6,3,2
4048,1|3|9|35|43,5,9,2
4049,1|3|10|35|43|55|63|72|102,9,10,2
4050,1|3|10|35|52,5,10,2
4051,1|3|10|55|62,5,10,2
4052,1|3|12,3,12,2
4053,1|3|18|19|20|55|63|72|102,9,3,2
4054,1|3|18|19|35|43|48|55|63|72|102,11,3,2
4055,1|3|18|19|55|63|72|102,8,3,2
4056,1|3|18|19|55|102,6,3,2
4057,1|3|18|20|22|55|63|72|102,9,3,2
4058,1|3|18|20|35|52|55|62|63|72,10,3,2
4059,1|3|18|22|35|41,6,3,2
4060,1|3|18|22|35|41|43|48|55|102,10,3,2
4061,1|3|18|22|35|52|55|102,8,3,2
4062,1|3|18|23|35|48,6,23,2
4063,1|3|18|24|63|72,6,24,2
4064,1|3|18|25|35|43|63|72,8,3,2
4065,1|3|18|25|35|48|55|63|72|102,10,3,2
4066,1|3|18|32,4,32,2
4067,1|3|18|34|35|43|55|102,8,3,2
4068,1|3|18|34|35|52|55|62|63|72,10,3,2
4069,1|3|18|35|41|55|100|102,8,3,2
4070,1|3|35|40|63|72,6,40,2
4071,1|3|35|41|55|62,6,3,2
4072,1|3|35|42|43,5,3,2
4073,1|3|35|43|48|52,6,3,2
4074,1|3|35|43|48|52|55|102,8,3,2
4075,1|3|35|43|48|55|62,7,3,2
4076,1|3|35|43|49|55|62,7,3,2
4077,1|3|35|43|52|55|62,7,3,2
4078,1|3|35|43|52|63|72,7,3,2
4079,1|3|35|43|54,5,3,2
4080,1|3|35|43|54|55|102,7,3,2
4081,1|3|35|43|55|80|81|102,8,3,2
4082,1|3|35|43|76|97|111,7,3,2
4083,1|3|35|48|52|77|97,7,3,2
4084,1|3|35|55|63|72|101|102,8,3,2
4085,1|3|54|55|63|70|102,7,3,2
4086,1|3|54|63|72,5,3,2
4087,1|3|55|58|62,5,3,2
4088,1|3|55|62|63|72|80|81,8,3,2
4089,1|3|55|84|86|102,6,86,2
4090,1|3|63|67,4,67,2
4091,1|3|63|67|84|85,6,85,2
4092,1|3|63|69|72,5,69,2
4093,1|3|63|72|84|85,6,85,2
4094,1|3|63|72|84|86,6,86,2
4095,1|3|80|81|84|85,6,85,2
4096,1|3|84|85|86,5,85,2
4097,1|3|84|105,4,105,2
4098,1|3|93|96,4,93,2
4099,1|4|5|6|8|10,6,10,2
4100,1|4|5|6|8|55|63|72|102,9,4,2
4101,1|4|5|6|8|80|81,7,4,2
4102,1|4|5|6|10,5,10,2
4103,1|4|5|6|35|43,6,4,2
4104,1|4|5|6|35|48,6,4,2
4105,1|4|5|6|55|62,6,4,2
4106,1|4|5|6|55|62|80|83,8,4,2
4107,1|4|5|6|63|69,6,69,2
4108,1|4|5|6|76|97|111,7,4,2
4109,1|4|5|6|89|96,6,89,2
4110,1|4|5|8|9,5,9,2
4111,1|4|5|8|10|63|72,7,10,2
4112,1|4|5|8|55|62|80|81,8,4,2
4113,1|4|5|8|55|63|72|102,8,4,2
4114,1|4|5|9|55|102,6,9,2
4115,1|4|5|18|23|35|52|55|62,9,23,2
4116,1|4|5|35|43|52|55|102,8,4,2
4117,1|4|5|35|43|55|62,7,4,2
4118,1|4|5|35|48|55|102,7,4,2
4119,1|4|5|35|48|63|72,7,4,2
4120,1|4|5|63|69,5,69,2
4121,1|4|6|8|10|55|102,7,10,2
4122,1|4|6|8|10|63|72,7,10,2
4123,1|4|6|8|55|62,6,4,2
4124,1|4|6|8|63|69|72,7,69,2
4125,1|4|6|10|55|63|72|102,8,10,2
4126,1|4|6|18|19|63|72,7,4,2
4127,1|4|6|35|37,5,4,2
4128,1|4|6|35|43|55|63|72|102,9,4,2
4129,1|4|6|35|43|55|102,7,4,2
4130,1|4|6|35|55|101|102,7,4,2
4131,1|4|6|55|63|70|102,7,4,2
4132,1|4|6|63|72|80|81,7,4,2
4133,1|4|8|10|63|72,6,10,2
4134,1|4|8|35|43|55|102,7,4,2
4135,1|4|8|35|48|52,6,4,2
4136,1|4|8|54,4,4,2
4137,1|4|9|63|72,5,9,2
4138,1|4|10|35|48,5,10,2
4139,1|4|10|55|102,5,10,2
4140,1|4|10|63|70,5,10,2
4141,1|4|13|14|55|102,6,14,2
4142,1|4|18|19|55|63|72|102,8,4,2
4143,1|4|18|20|35|48|63|72,8,4,2
4144,1|4|18|21,4,21,2
4145,1|4|18|23,4,23,2
4146,1|4|18|29,4,29,2
4147,1|4|18|29|35|52,6,29,2
4148,1|4|18|34|35|52|55|102,8,4,2
4149,1|4|35|37|43,5,4,2
4150,1|4|35|37|55|62,6,4,2
4151,1|4|35|40,4,40,2
4152,1|4|35|41|48|55|63|72|102,9,4,2
4153,1|4|35|43|52|63|72,7,4,2
4154,1|4|35|43|55|63|72|102,8,4,2
4155,1|4|35|48|55|58|63|72,8,4,2
4156,1|4|35|48|55|63|72|102,8,4,2
4157,1|4|35|48|55|80|81|102,8,4,2
4158,1|4|35|48|77|97,6,4,2
4159,1|4|35|49|52,5,4,2
4160,1|4|35|49|63|72,6,4,2
4161,1|4|35|52|76|97|111,7,4,2
4162,1|4|35|54|55|58|101,7,4,2
4163,1|4|35|55|58|101,6,4,2
4164,1|4|54|55|62,5,4,2
4165,1|4|54|63|72,5,4,2
4166,1|4|55|62|63|70,6,4,2
4167,1|4|55|62|63|72,6,4,2
4168,1|4|55|76|97|102|111,7,4,2
4169,1|4|55|84|85|102,6,85,2
4170,1|4|63|69|72,5,69,2
4171,1|4|63|69|80|81,6,69,2
4172,1|4|63|70|76|97|111,7,4,2
4173,1|4|63|70|80|81,6,4,2
4174,1|4|63|72|76|97|111,7,4,2
4175,1|4|80|82,4,82,2
4176,1|4|95|96,4,4,2
4177,1|5|6|8|9|76|97|107,8,9,2
4178,1|5|6|8|35|43|48,7,6,2
4179,1|5|6|8|35|49,6,49,2
4180,1|5|6|8|54,5,6,2
4181,1|5|6|8|55|80|83|102,8,6,2
4182,1|5|6|8|55|84|86|102,8,86,2
4183,1|5|6|8|63|69,6,69,2
4184,1|5|6|8|63|72|84|86,8,86,2
4185,1|5|6|8|80|81,6,6,2
4186,1|5|6|9|35|48|52,7,9,2
4187,1|5|6|9|55|62|80|83,8,9,2
4188,1|5|6|9|55|63|72|102,8,9,2
4189,1|5|6|10|55|62,6,10,2
4190,1|5|6|10|55|102,6,10,2
4191,1|5|6|13|14|55|102,7,14,2
4192,1|5|6|18|19|63|72,7,6,2
4193,1|5|6|18|29|55|102,7,29,2
4194,1|5|6|18|34|55|102,7,6,2
4195,1|5|6|35|37,5,6,2
4196,1|5|6|35|38|63|72,7,38,2
4197,1|5|6|35|43|48|52,7,6,2
4198,1|5|6|35|43|63|70|72,8,6,2
4199,1|5|6|35|48|55|102,7,6,2
4200,1|5|6|35|49,5,49,2
4201,1|5|6|35|52|55|102,7,6,2
4202,1|5|6|55|62|63|72,7,6,2
4203,1|5|6|55|63|72|74|75|80|83|97|102|118|120,14,6,2
4204,1|5|6|55|77|97|102,7,6,2
4205,1|5|6|63|71,5,71,2
4206,1|5|6|76|97|107|111,7,6,2
4207,1|5|6|78|97|127,6,127,2
4208,1|5|6|79,4,6,2
4209,1|5|6|79|80|83,6,6,2
4210,1|5|8|9|10,5,10,2
4211,1|5|8|9|35|48,6,9,2
4212,1|5|8|10|35|43,6,10,2
4213,1|5|8|10|63|72,6,10,2
4214,1|5|8|10|80|83,6,10,2
4215,1|5|8|13|14|55|102,7,14,2
4216,1|5|8|18|19|63|72,7,19,2
4217,1|5|8|18|22|35|48,7,22,2
4218,1|5|8|18|22|35|52,7,22,2
4219,1|5|8|18|22|55|102,7,22,2
4220,1|5|8|18|25|63|72,7,25,2
4221,1|5|8|18|34|35|52|55|63|72|102,11,8,2
4222,1|5|8|35|36,5,36,2
4223,1|5|8|35|37|55|102,7,37,2
4224,1|5|8|35|42|63|72,7,42,2
4225,1|5|8|35|43|55|62,7,8,2
4226,1|5|8|35|43|63|72,7,8,2
4227,1|5|8|35|49|55|62,7,49,2
4228,1|5|8|55|62|80|81,7,81,2
4229,1|5|8|55|63|70|102,7,70,2
4230,1|5|8|55|76|77|97|102|111,9,8,2
4231,1|5|8|55|80|81|102,7,81,2
4232,1|5|8|63|72|77|97,7,8,2
4233,1|5|8|63|103,5,103,2
4234,1|5|8|95|96,5,95,2
4235,1|5|9|35|43|55|102,7,9,2
4236,1|5|9|35|52,5,9,2
4237,1|5|9|55|62|80|81,7,9,2
4238,1|5|9|55|80|81|102,7,9,2
4239,1|5|9|77|97,5,9,2
4240,1|5|9|80|81,5,9,2
4241,1|5|10|55|62,5,10,2
4242,1|5|10|55|63|72|102,7,10,2
4243,1|5|10|63|72,5,10,2
4244,1|5|13|14|55|77|97|102,8,14,2
4245,1|5|13|15,4,15,2
4246,1|5|18|20|22|35|48|52|55|63|72|102,12,22,2
4247,1|5|18|20|35|48|63|72,8,20,2
4248,1|5|18|20|35|52|55|63|72|102,10,20,2
4249,1|5|18|20|63|72,6,20,2
4250,1|5|18|23|55|102,6,23,2
4251,1|5|18|29|55|102,6,29,2
4252,1|5|18|32,4,32,2
4253,1|5|18|34|63|72,6,5,2
4254,1|5|18|55|100|102,6,100,2
4255,1|5|35|37|41|55|62|63|72,9,37,2
4256,1|5|35|37|55|62,6,37,2
4257,1|5|35|37|55|62|80|83,8,37,2
4258,1|5|35|37|55|80|83|102,8,37,2
4259,1|5|35|42|48|52,6,42,2
4260,1|5|35|42|48|63|72,7,42,2
4261,1|5|35|43|48|49,6,49,2
4262,1|5|35|43|54|55|102,7,5,2
4263,1|5|35|43|55|62,6,5,2
4264,1|5|35|43|93|96,6,93,2
4265,1|5|35|48|49|52,6,49,2
4266,1|5|35|48|49|55|102,7,49,2
4267,1|5|35|48|49|77|97,7,49,2
4268,1|5|35|48|55|63|70|102,8,70,2
4269,1|5|35|48|76|97,6,5,2
4270,1|5|35|48|77|97,6,5,2
4271,1|5|35|48|80|81,6,81,2
4272,1|5|35|49|52,5,49,2
4273,1|5|35|52|55|77|97|102,8,5,2
4274,1|5|35|76|77|97|101|111,8,101,2
4275,1|5|55|62|63|72,6,5,2
4276,1|5|55|62|80|81,6,81,2
4277,1|5|55|76|97|102|107,7,5,2
4278,1|5|55|93|96|102,6,93,2
4279,1|5|63|70|89|96,6,89,2
4280,1|5|76|77|97|107|111,7,5,2
4281,1|5|78|97|132,5,5,2
4282,1|5|80|83|91|96,6,91,2
4283,1|5|84|86,4,86,2
4284,1|6|8|10|35|37,6,10,2
4285,1|6|8|35|43|63|72,7,6,2
4286,1|6|8|55|63|72|84|86|102,9,86,2
4287,1|6|8|63|69,5,69,2
4288,1|6|8|63|70,5,6,2
4289,1|6|8|76|77|97|111,7,6,2
4290,1|6|9|35|48,5,9,2
4291,1|6|9|55|63|72|102,7,9,2
4292,1|6|9|63|69,5,69,2
4293,1|6|9|76|97|111,6,9,2
4294,1|6|10|35|48,5,10,2
4295,1|6|10|63|69,5,10,2
4296,1|6|10|80|83,5,10,2
4297,1|6|13|14|63|72,6,14,2
4298,1|6|18|19|35|43|63|72,8,6,2
4299,1|6|18|20|55|102,6,6,2
4300,1|6|18|23|55|102,6,23,2
4301,1|6|18|25|63|72,6,25,2
4302,1|6|18|29|55|102,6,29,2
4303,1|6|35|37|38|55|102,7,38,2
4304,1|6|35|37|43|63|72,7,6,2
4305,1|6|35|37|54|55|62,7,6,2
4306,1|6|35|37|55|62|63|72,8,6,2
4307,1|6|35|37|55|63|72|102,8,6,2
4308,1|6|35|37|63|69,6,69,2
4309,1|6|35|37|63|72,6,6,2
4310,1|6|35|43|48,5,6,2
4311,1|6|35|43|49,5,49,2
4312,1|6|35|43|52,5,6,2
4313,1|6|35|43|55|63|72|102,8,6,2
4314,1|6|35|43|55|76|97|102|111,9,6,2
4315,1|6|35|48|63|69,6,69,2
4316,1|6|35|49|52,5,49,2
4317,1|6|35|49|55|62,6,49,2
4318,1|6|54|63|67,5,67,2
4319,1|6|55|62|63|69,6,69,2
4320,1|6|55|62|63|72|76|97|107,9,6,2
4321,1|6|55|62|63|72|76|97|111,9,6,2
4322,1|6|55|62|76|97|107|111,8,6,2
4323,1|6|55|62|76|97|111,7,6,2
4324,1|6|55|63|72|77|97|102,8,6,2
4325,1|6|55|76|77|97|102|111,8,6,2
4326,1|6|63|69|72,5,69,2
4327,1|6|63|70|90|91|96,7,90,2
4328,1|6|74|97|120,5,6,2
4329,1|6|76|78|97|111|127,7,127,2
4330,1|6|76|97|107,5,6,2
4331,1|6|88|96,4,88,2
4332,1|7|54,3,7,2
4333,1|8|9|63|70,5,9,2
4334,1|8|10|35|52,5,10,2
4335,1|8|10|55|63|72|102,7,10,2
4336,1|8|10|76|97|111,6,10,2
4337,1|8|13|14|63|72,6,14,2
4338,1|8|18|19|35|48|63|72,8,19,2
4339,1|8|18|19|35|52|63|72,8,19,2
4340,1|8|18|20|35|48|63|72,8,20,2
4341,1|8|35|37|55|62,6,37,2
4342,1|8|35|41,4,8,2
4343,1|8|35|41|63|72,6,8,2
4344,1|8|35|43|63|70,6,70,2
4345,1|8|35|48|55|58,6,8,2
4346,1|8|35|48|77|97,6,8,2
4347,1|8|35|49|55|62,6,49,2
4348,1|8|35|52|80|81,6,81,2
4349,1|8|35|63|72|101,6,101,2
4350,1|8|54|55|56,5,56,2
4351,1|8|54|63|72,5,8,2
4352,1|8|55|58|63|72,6,8,2
4353,1|8|55|62|63|70,6,70,2
4354,1|8|55|63|70|102,6,70,2
4355,1|8|55|63|72|76|97|102|111,9,8,2
4356,1|8|55|76|77|97|102|111,8,8,2
4357,1|8|55|80|81|102,6,81,2
4358,1|8|76|97|107,5,8,2
4359,1|8|79|80|83,5,8,2
4360,1|8|91|96,4,91,2
4361,1|9|18|20|35|48|63|72,8,9,2
4362,1|9|18|23|55|102,6,9,2
4363,1|9|18|24,4,9,2
4364,1|9|18|29,4,9,2
4365,1|9|35|37|63|72,6,9,2
4366,1|9|35|37|79,5,9,2
4367,1|9|35|37|80|83,6,9,2
4368,1|9|35|41|55|102,6,9,2
4369,1|9|35|48|52,5,9,2
4370,1|9|35|48|52|55|62,7,9,2
4371,1|9|55|62|63|72,6,9,2
4372,1|9|55|62|79|80|83,7,9,2
4373,1|9|63|67|70,5,67,2
4374,1|9|63|69|80|81,6,69,2
4375,1|9|74|79|80|83|97|120,8,9,2
4376,1|9|74|97|120,5,9,2
4377,1|9|75|80|83|97|112|113,8,9,2
4378,1|9|76|97|107|111,6,9,2
4379,1|9|84|86,4,86,2
4380,1|9|89|91|96,5,89,2
4381,1|9|90|96,4,90,2
4382,1|9|93|96,4,93,2
4383,1|10|11,3,11,2
4384,1|10|18|19|35|101,6,10,2
4385,1|10|18|19|55|63|72|102,8,10,2
4386,1|10|18|34|35|42,6,10,2
4387,1|10|18|35|41|55|100|102,8,10,2
4388,1|10|18|100,4,10,2
4389,1|10|35|37,4,10,2
4390,1|10|35|37|55|62,6,10,2
4391,1|10|35|48|52,5,10,2
4392,1|10|35|52|55|102,6,10,2
4393,1|10|54|55|102,5,10,2
4394,1|10|63|72|76|97|111,7,10,2
4395,1|11|55|62|63|70,6,11,2
4396,1|11|63|72,4,11,2
4397,1|13|14|63|72|98,6,14,2
4398,1|18|25|63|72|98,6,98,2
4399,1|35|37|55|98|102,6,98,2
4400,1|35|43|55|63|72|98|102,8,98,2
4401,1|35|48|76|97|98|111,7,98,2
4402,1|35|55|98|101|102,6,98,2
4403,1|54|55|62|98,5,98,2
4404,1|54|55|63|70|98|102,7,98,2
4405,1|54|63|72|98,5,98,2
4406,1|55|58|98,4,98,2
4407,1|55|62|63|70|98,6,98,2
4408,1|55|62|80|83|98,6,98,2
4409,1|55|76|77|97|98|102|111,8,98,2
4410,1|55|77|97|98|102,6,98,2
4411,1|63|70|76|97|98|111,7,98,2
4412,1|74|75|97|98|112|114|120,8,98,2
4413,1|74|79|97|98|122,6,98,2
4414,1|74|97|98|122,5,98,2
4415,1|76|97|98|107,5,98,2
4416,1|80|98|104,4,104,2
4417,1|84|85|98,4,85,2
4418,13|14|15|55|102,5,15,2
4419,13|14|15|79,4,15,2
4420,13|14|18|19|55|63|72|102,8,14,2
4421,13|14|18|19|63|71,6,71,2
4422,13|14|18|20|35|48|63|72,8,14,2
4423,13|14|18|22|55|102,6,14,2
4424,13|14|18|25|55|63|72|102,8,14,2
4425,13|14|18|29|35|37,6,14,2
4426,13|14|35|37|41,5,14,2
4427,13|14|35|37|41|55|102,7,14,2
4428,13|14|35|38|55|102,6,38,2
4429,13|14|35|42,4,14,2
4430,13|14|35|43|55|102,6,14,2
4431,13|14|35|51|63|69,6,51,2
4432,13|14|35|52,4,14,2
4433,13|14|55|62|80|81,6,14,2
4434,13|14|63|70|71,5,71,2
4435,13|14|63|70|80|81,6,14,2
4436,13|14|80|83,4,14,2
4437,13|15|16,3,16,2
4438,13|15|63|72,4,15,2
4439,13|15|79,3,15,2
4440,13|16|35|48,4,16,2
4441,13|16|55|102,4,16,2
4442,13|16|63|70|79,5,16,2
4443,13|99,2,99,2
4444,18|19|20|21|34|35|42|48|55|63|72|102,12,21,2
4445,18|19|20|22|34|55|63|72|102,9,22,2
4446,18|19|20|23|34|35|42|55|63|72|102,11,23,2
4447,18|19|20|25|63|72,6,25,2
4448,18|19|20|34|35|41|55|63|72|77|97|102,12,19,2
4449,18|19|20|34|35|42|48|55|63|72|102,11,19,2
4450,18|19|20|34|35|42|48|63|72,9,19,2
4451,18|19|20|34|35|42|55|63|72|102,10,19,2
4452,18|19|20|34|55|62|63|72,8,19,2
4453,18|19|20|34|55|63|72|102,8,19,2
4454,18|19|20|34|63|72,6,19,2
4455,18|19|20|35|37|63|72,7,19,2
4456,18|19|20|35|42|63|72,7,19,2
4457,18|19|20|55|58|63|72,7,19,2
4458,18|19|20|55|62|63|72,7,19,2
4459,18|19|21|34|35|41|42|55|63|72|102,11,21,2
4460,18|19|21|34|35|48|52|55|102,9,21,2
4461,18|19|21|34|35|48|55|63|72|102,10,21,2
4462,18|19|21|34|35|52|55|63|72|102,10,21,2
4463,18|19|21|35|42|63|72,7,21,2
4464,18|19|21|35|52|63|72,7,21,2
4465,18|19|21|55|102,5,21,2
4466,18|19|22|23|63|72,6,23,2
4467,18|19|22|34|35|42|52|55|63|72|102,11,22,2
4468,18|19|22|34|35|48|52|55|63|72|102,11,22,2
4469,18|19|22|34|35|48|55|63|72|102,10,22,2
4470,18|19|22|34|35|48|63|72,8,22,2
4471,18|19|22|34|55|63|72|102,8,22,2
4472,18|19|22|34|55|102,6,22,2
4473,18|19|22|35|52|63|72,7,22,2
4474,18|19|22|35|55|63|72|101|102,9,22,2
4475,18|19|23|35|63|72|101,7,23,2
4476,18|19|24|34|35|42|48|52|55|63|72|102,12,24,2
4477,18|19|24|35|48,5,24,2
4478,18|19|24|35|48|63|72|77|97,9,24,2
4479,18|19|24|55|102,5,24,2
4480,18|19|25|34|35|52|63|72,8,25,2
4481,18|19|27|63|72,5,27,2
4482,18|19|28|63|72,5,28,2
4483,18|19|29|35|42|63|72,7,29,2
4484,18|19|29|35|48|52|55|63|72|102,10,29,2
4485,18|19|29|55|102,5,29,2
4486,18|19|30,3,30,2
4487,18|19|30|35|48|63|72,7,30,2
4488,18|19|31,3,31,2
4489,18|19|31|55|63|72|102,7,31,2
4490,18|19|34|35|36|48,6,36,2
4491,18|19|34|35|37|55|63|72|102,9,19,2
4492,18|19|34|35|41|48|52|55|63|72|80|81|102,13,19,2
4493,18|19|34|35|42|43|55|63|72|102,10,19,2
4494,18|19|34|35|42|48|52|63|72,9,19,2
4495,18|19|34|35|42|48|63|72,8,19,2
4496,18|19|34|35|42|55|102,7,19,2
4497,18|19|34|35|43,5,19,2
4498,18|19|34|35|43|48|52|55|63|72|102,11,19,2
4499,18|19|34|35|48|55|62|63|72,9,19,2
4500,18|19|34|35|52|55|102,7,19,2
4501,18|19|34|35|55|101|102,7,19,2
4502,18|19|34|55|58|63|72,7,19,2
4503,18|19|35|37|41|55|62|63|72,9,19,2
4504,18|19|35|37|43|48|55|62|63|72,10,19,2
4505,18|19|35|37|48|55|63|72|102,9,19,2
4506,18|19|35|37|52,5,19,2
4507,18|19|35|37|52|63|72,7,19,2
4508,18|19|35|37|55|58|63|72,8,19,2
4509,18|19|35|38|55|102,6,38,2
4510,18|19|35|39|48|55|63|72|102,9,39,2
4511,18|19|35|41|43|55|63|72|102,9,19,2
4512,18|19|35|41|52|55|63|72|102,9,19,2
4513,18|19|35|41|55|63|72|77|97|102,10,19,2
4514,18|19|35|42|43|48|63|72,8,19,2
4515,18|19|35|42|43|48|63|72|77|97,10,19,2
4516,18|19|35|42|43|63|72,7,19,2
4517,18|19|35|42|48|52|55|63|72|102,10,19,2
4518,18|19|35|42|48|52|63|72,8,19,2
4519,18|19|35|42|48|55|63|72|102,9,19,2
4520,18|19|35|42|63|72|80|81,8,19,2
4521,18|19|35|43|48,5,19,2
4522,18|19|35|43|48|49|63|72,8,49,2
4523,18|19|35|43|48|52|55|63|72|77|97|102,12,19,2
4524,18|19|35|43|49|63|72,7,49,2
4525,18|19|35|43|54|55|63|72|102,9,19,2
4526,18|19|35|46|48|63|72,7,46,2
4527,18|19|35|47|48|63|72,7,47,2
4528,18|19|35|47|55|102,6,47,2
4529,18|19|35|48|49|52|63|72,8,49,2
4530,18|19|35|48|52|55|62|63|72,9,19,2
4531,18|19|35|48|52|55|63|72|77|97|102,11,19,2
4532,18|19|35|48|54,5,19,2
4533,18|19|35|48|63|69|72,7,69,2
4534,18|19|35|48|63|72|80|81,8,19,2
4535,18|19|35|49,4,49,2
4536,18|19|35|49|55|102,6,49,2
4537,18|19|35|52|54|55|102,7,19,2
4538,18|19|35|52|55|58,6,19,2
4539,18|19|35|52|63|72|77|97,8,19,2
4540,18|19|54|55|63|70|72|102,8,19,2
4541,18|19|54|55|102,5,19,2
4542,18|19|54|63|72|77|97,7,19,2
4543,18|19|55|63|69|72|102,7,69,2
4544,18|19|63|72|80|83,6,19,2
4545,18|19|76|77|97|111,6,19,2
4546,18|20|21|22|34|35|37|38|41|55|63|72|102,13,38,2
4547,18|20|21|25|34|35|42|48|49|52|55|63|72|102,14,21,2
4548,18|20|21|25|34|35|42|48|55|63|72|102,12,21,2
4549,18|20|21|34|35|41,6,21,2
4550,18|20|21|35|37|63|72,7,21,2
4551,18|20|21|35|42|48|55|63|72|102,10,21,2
4552,18|20|21|35|48,5,21,2
4553,18|20|21|35|48|55|62|63|72,9,21,2
4554,18|20|21|35|55|63|72|101|102,9,21,2
4555,18|20|21|35|63|72|101,7,21,2
4556,18|20|22|23|34|55|63|72|102,9,23,2
4557,18|20|22|23|35|48|55|63|72|102,10,23,2
4558,18|20|22|24|25|55|58|63|72,9,24,2
4559,18|20|22|34|35|37|41|52|55|102,10,22,2
4560,18|20|22|34|35|41|42|55|63|72|102,11,22,2
4561,18|20|22|35|37|48|55|63|72|102,10,22,2
4562,18|20|22|35|37|55|62|63|72,9,22,2
4563,18|20|22|35|37|55|102,7,22,2
4564,18|20|22|35|42|63|72,7,22,2
4565,18|20|22|55|62|63|72,7,22,2
4566,18|20|23|34|35|42|48|52|55|63|72|102,12,23,2
4567,18|20|23|34|35|48|63|72,8,23,2
4568,18|20|23|35|48,5,23,2
4569,18|20|23|35|48|55|63|72|102,9,23,2
4570,18|20|23|35|48|63|72,7,23,2
4571,18|20|23|35|52|63|72,7,23,2
4572,18|20|24,3,24,2
4573,18|20|24|35|48,5,24,2
4574,18|20|24|35|48|63|72,7,24,2
4575,18|20|24|35|52|63|72,7,24,2
4576,18|20|24|55|63|72|102,7,24,2
4577,18|20|25|29|34|63|72,7,29,2
4578,18|20|25|34|55|62|63|72,8,25,2
4579,18|20|25|35|37|55|62|63|72,9,25,2
4580,18|20|25|35|37|55|63|72|102,9,25,2
4581,18|20|25|35|41|55|63|72|102,9,25,2
4582,18|20|25|35|42|48|49|52|63|72,10,49,2
4583,18|20|25|35|42|52|55|63|69|72|102,11,69,2
4584,18|20|25|35|42|63|72,7,25,2
4585,18|20|26,3,26,2
4586,18|20|26|55|63|72|102,7,26,2
4587,18|20|27|35|41|55|63|72|102,9,27,2
4588,18|20|28|55|102,5,28,2
4589,18|20|29|34|35|41|55|63|72|102,10,29,2
4590,18|20|29|34|35|52|55|102,8,29,2
4591,18|20|29|35|48|52,6,29,2
4592,18|20|29|35|48|55|62|63|72,9,29,2
4593,18|20|29|35|48|63|72,7,29,2
4594,18|20|30|55|63|72|102,7,30,2
4595,18|20|30|55|102,5,30,2
4596,18|20|30|63|72,5,30,2
4597,18|20|31|55|63|72|102,7,31,2
4598,18|20|32|55|63|72|102,7,32,2
4599,18|20|34|35|37|38|41|42|55|63|72|102,12,38,2
4600,18|20|34|35|37|41|43|48|55|62,10,20,2
4601,18|20|34|35|37|55|62|63|72,9,20,2
4602,18|20|34|35|37|55|63|72|102,9,20,2
4603,18|20|34|35|38,5,38,2
4604,18|20|34|35|38|42|63|72,8,38,2
4605,18|20|34|35|38|55|63|72|102,9,38,2
4606,18|20|34|35|38|55|102,7,38,2
4607,18|20|34|35|41|42|48|55|63|72|102,11,20,2
4608,18|20|34|35|41|42|55|63|72|102,10,20,2
4609,18|20|34|35|41|48|52|55|63|72|102,11,20,2
4610,18|20|34|35|41|48|55|102,8,20,2
4611,18|20|34|35|42|43|48|55|63|72|102,11,20,2
4612,18|20|34|35|42|49|55|102,8,49,2
4613,18|20|34|35|42|55|62|63|72,9,20,2
4614,18|20|34|35|42|55|102,7,20,2
4615,18|20|34|35|47|63|72,7,47,2
4616,18|20|34|35|48|52,6,20,2
4617,18|20|34|35|48|52|63|72,8,20,2
4618,18|20|34|35|52|55|62|63|72,9,20,2
4619,18|20|34|35|55|63|72|101|102,9,20,2
4620,18|20|34|55|58|63|72,7,20,2
4621,18|20|34|55|62,5,20,2
4622,18|20|35|36,4,36,2
4623,18|20|35|37|39,5,39,2
4624,18|20|35|37|42|55|62|63|72,9,20,2
4625,18|20|35|37|48|49|52|55|62|63|72,11,49,2
4626,18|20|35|37|48|55|62,7,20,2
4627,18|20|35|37|48|55|102,7,20,2
4628,18|20|35|37|55|62,6,20,2
4629,18|20|35|38|41,5,38,2
4630,18|20|35|39|42,5,39,2
4631,18|20|35|39|52|63|72,7,39,2
4632,18|20|35|39|55|102,6,39,2
4633,18|20|35|40|41|63|72,7,40,2
4634,18|20|35|41|42|48|55|63|72|102,10,20,2
4635,18|20|35|41|48|52|55|63|72|102,10,20,2
4636,18|20|35|41|48|55|58|63|72,9,20,2
4637,18|20|35|41|52|55|102,7,20,2
4638,18|20|35|41|63|72|77|97,8,20,2
4639,18|20|35|42|43|48|52|55|63|72|102,11,20,2
4640,18|20|35|42|43|48|63|72,8,20,2
4641,18|20|35|42|48|52|55|63|72|102,10,20,2
4642,18|20|35|42|48|55|102,7,20,2
4643,18|20|35|42|48|63|72|80|81,9,20,2
4644,18|20|35|42|63|72|80|81,8,20,2
4645,18|20|35|43|48,5,20,2
4646,18|20|35|43|48|55|58|63|72,9,20,2
4647,18|20|35|47|48,5,47,2
4648,18|20|35|47|48|52|63|72,8,47,2
4649,18|20|35|47|48|55|63|72|102,9,47,2
4650,18|20|35|47|55|58|63|72,8,47,2
4651,18|20|35|47|55|102,6,47,2
4652,18|20|35|48|49|52|55|63|72|102,10,49,2
4653,18|20|35|48|49|63|72,7,49,2
4654,18|20|35|48|52|63|72|77|97,9,20,2
4655,18|20|35|48|55|63|72|77|97|102,10,20,2
4656,18|20|35|48|55|63|72|80|81|102,10,20,2
4657,18|20|35|48|63|69|72,7,69,2
4658,18|20|35|48|80|83,6,20,2
4659,18|20|35|49|52|55|63|72|102,9,49,2
4660,18|20|35|50|55|63|72|102,8,50,2
4661,18|20|35|52|63|69|72,7,69,2
4662,18|20|35|52|63|72|77|97,8,20,2
4663,18|20|35|55|62|101,6,20,2
4664,18|20|55|58,4,20,2
4665,18|20|55|63|70|72|102,7,70,2
4666,18|20|55|63|72|77|97|102,8,20,2
4667,18|20|55|77|97|102,6,20,2
4668,18|20|63|72|76|97|111,7,20,2
4669,18|21|22|23|55|102,6,21,2
4670,18|21|22|25|34|35|37|41|48|52|55|63|72|102,14,21,2
4671,18|21|22|34|35|48|55|102,8,21,2
4672,18|21|22|35|48|52,6,21,2
4673,18|21|23|35|48|55|102,7,21,2
4674,18|21|24|63|72,5,24,2
4675,18|21|25|34|63|72,6,21,2
4676,18|21|25|35|48|63|72,7,21,2
4677,18|21|25|35|52|55|63|72|102,9,21,2
4678,18|21|29|55|58,5,21,2
4679,18|21|29|55|62,5,21,2
4680,18|21|30,3,30,2
4681,18|21|34|35|41|52|55|102,8,21,2
4682,18|21|34|35|42,5,21,2
4683,18|21|34|35|42|48|63|72,8,21,2
4684,18|21|34|35|42|55|63|72|102,9,21,2
4685,18|21|34|35|42|63|72,7,21,2
4686,18|21|34|35|48|52,6,21,2
4687,18|21|34|35|48|52|55|102,8,21,2
4688,18|21|34|35|52|55|62,7,21,2
4689,18|21|34|35|63|72|101,7,21,2
4690,18|21|34|35|101,5,21,2
4691,18|21|34|55|62,5,21,2
4692,18|21|34|63|72|80|81,7,21,2
4693,18|21|35|37|38,5,38,2
4694,18|21|35|37|41|55|62,7,21,2
4695,18|21|35|37|48|55|62,7,21,2
4696,18|21|35|37|52|55|62,7,21,2
4697,18|21|35|37|55|62,6,21,2
4698,18|21|35|38|41|55|102,7,38,2
4699,18|21|35|38|42,5,38,2
4700,18|21|35|38|48|63|72,7,38,2
4701,18|21|35|38|55|102,6,38,2
4702,18|21|35|39|49,5,39,2
4703,18|21|35|39|55|62,6,39,2
4704,18|21|35|40|42,5,40,2
4705,18|21|35|40|55|102,6,40,2
4706,18|21|35|41|48|55|102,7,21,2
4707,18|21|35|41|49,5,21,2
4708,18|21|35|41|52|55|102,7,21,2
4709,18|21|35|42|43,5,21,2
4710,18|21|35|42|43|48|55|63|72|102,10,21,2
4711,18|21|35|42|48,5,21,2
4712,18|21|35|42|48|52|63|72,8,21,2
4713,18|21|35|42|52|55|63|72|102,9,21,2
4714,18|21|35|42|55|62|63|72,8,21,2
4715,18|21|35|43|52,5,21,2
4716,18|21|35|43|55|102,6,21,2
4717,18|21|35|43|63|72,6,21,2
4718,18|21|35|44,4,44,2
4719,18|21|35|47|63|72,6,47,2
4720,18|21|35|48|52|55|63|72|102,9,21,2
4721,18|21|35|49|55|102,6,21,2
4722,18|21|35|52|55|62|63|72,8,21,2
4723,18|21|35|55|62|63|72|101,8,21,2
4724,18|21|35|80|83|101,6,21,2
4725,18|21|54,3,21,2
4726,18|21|55|62|63|72,6,21,2
4727,18|21|55|63|69|102,6,69,2
4728,18|21|63|69,4,69,2
4729,18|22|23|25,4,23,2
4730,18|22|23|29,4,23,2
4731,18|22|23|29|34,5,23,2
4732,18|22|23|29|34|35|52|55|102,9,23,2
4733,18|22|23|34|35|48|55|62,8,23,2
4734,18|22|23|34|35|52,6,23,2
4735,18|22|23|34|35|52|55|62,8,23,2
4736,18|22|23|34|55|63|72|102,8,23,2
4737,18|22|23|35|41|55|63|72|102,9,23,2
4738,18|22|23|35|42|48|55|102,8,23,2
4739,18|22|23|35|42|55|62,7,23,2
4740,18|22|23|35|48|52|55|63|72|102,10,23,2
4741,18|22|23|35|48|55|63|72|102,9,23,2
4742,18|22|25,3,25,2
4743,18|22|25|35|43|55|63|72|102,9,25,2
4744,18|22|25|35|48|52|63|72,8,25,2
4745,18|22|25|35|52|55|63|72|102,9,25,2
4746,18|22|27|35|48,5,27,2
4747,18|22|28|35|52|55|102,7,28,2
4748,18|22|28|55|63|72|102,7,28,2
4749,18|22|29|34|35|41|55|62,8,29,2
4750,18|22|29|34|35|48|52|55|63|72|102,11,29,2
4751,18|22|29|34|35|52,6,29,2
4752,18|22|29|35|37|41|55|102,8,29,2
4753,18|22|31|35|48,5,31,2
4754,18|22|31|35|52|55|102,7,31,2
4755,18|22|34|35|37|55|102,7,22,2
4756,18|22|34|35|41,5,22,2
4757,18|22|34|35|41|42|48|55|102,9,22,2
4758,18|22|34|35|41|42|55|63|72|102,10,22,2
4759,18|22|34|35|41|52,6,22,2
4760,18|22|34|35|41|52|55|63|72|102,10,22,2
4761,18|22|34|35|41|52|55|102,8,22,2
4762,18|22|34|35|41|55|62,7,22,2
4763,18|22|34|35|42|48|52|55|102,9,22,2
4764,18|22|34|35|42|48|63|72,8,22,2
4765,18|22|34|35|42|52|55|63|72|102,10,22,2
4766,18|22|34|35|42|52|55|102,8,22,2
4767,18|22|34|35|42|55|63|72|102,9,22,2
4768,18|22|34|35|50|55|102,7,50,2
4769,18|22|34|35|52|55|63|72|102,9,22,2
4770,18|22|34|55|62,5,22,2
4771,18|22|35|37|38|41|55|102,8,38,2
4772,18|22|35|37|48,5,22,2
4773,18|22|35|37|48|55|62,7,22,2
4774,18|22|35|37|48|55|63|72|102,9,22,2
4775,18|22|35|37|52,5,22,2
4776,18|22|35|39|55|102,6,39,2
4777,18|22|35|41|43|48,6,22,2
4778,18|22|35|41|48|52|55|102,8,22,2
4779,18|22|35|41|52|63|72,7,22,2
4780,18|22|35|41|55|63|72|102,8,22,2
4781,18|22|35|42|43|48|52,7,22,2
4782,18|22|35|42|52|55|102,7,22,2
4783,18|22|35|42|77|97,6,22,2
4784,18|22|35|43|48|52|55|102,8,22,2
4785,18|22|35|43|48|55|63|72|102,9,22,2
4786,18|22|35|43|48|63|72,7,22,2
4787,18|22|35|43|55|62,6,22,2
4788,18|22|35|44|55|102,6,44,2
4789,18|22|35|45|55|102,6,45,2
4790,18|22|35|47|55|102,6,47,2
4791,18|22|35|48|49,5,49,2
4792,18|22|35|48|49|55|102,7,49,2
4793,18|22|35|48|52|55|80|81|102,9,22,2
4794,18|22|35|48|80|81,6,22,2
4795,18|22|35|50,4,50,2
4796,18|22|35|52|55|58,6,22,2
4797,18|22|35|52|55|77|97|102,8,22,2
4798,18|22|35|55|77|97|101|102,8,22,2
4799,18|22|35|63|70|101,6,22,2
4800,18|22|55|63|69|102,6,69,2
4801,18|22|55|63|70|102,6,22,2
4802,18|22|55|80|83|102,6,22,2
4803,18|22|76|77|97|111,6,22,2
4804,18|22|76|97|111,5,22,2
4805,18|22|80|83,4,22,2
4806,18|23|24|35|37|55|102,7,24,2
4807,18|23|25|35|48|55|63|72|102,9,23,2
4808,18|23|25|55|102,5,23,2
4809,18|23|25|63|72,5,23,2
4810,18|23|26|35|48,5,26,2
4811,18|23|27|34|55|102,6,27,2
4812,18|23|27|35|48|55|102,7,27,2
4813,18|23|28,3,28,2
4814,18|23|29|35|41|55|102,7,23,2
4815,18|23|29|35|48|52,6,23,2
4816,18|23|30|34|35|40|41|42|43|48|49|52|55|63|72|102,16,30,2
4817,18|23|31|34|55|102,6,31,2
4818,18|23|31|35|48|55|102,7,31,2
4819,18|23|34|35|42|48|55|63|72|102,10,23,2
4820,18|23|34|35|42|48|55|102,8,23,2
4821,18|23|34|35|42|55|63|72|102,9,23,2
4822,18|23|34|35|48|52,6,23,2
4823,18|23|34|35|52|63|72,7,23,2
4824,18|23|35|36,4,36,2
4825,18|23|35|37|41|55|63|72|102,9,23,2
4826,18|23|35|37|41|55|102,7,23,2
4827,18|23|35|37|48|52|55|63|72|102,10,23,2
4828,18|23|35|40,4,40,2
4829,18|23|35|40|49,5,40,2
4830,18|23|35|41|52|55|102,7,23,2
4831,18|23|35|42|43,5,23,2
4832,18|23|35|42|48,5,23,2
4833,18|23|35|43|48|52|55|102,8,23,2
4834,18|23|35|43|48|55|63|72|102,9,23,2
4835,18|23|35|43|52,5,23,2
4836,18|23|35|43|52|55|102,7,23,2
4837,18|23|35|48|52|77|97,7,23,2
4838,18|23|35|48|55|58,6,23,2
4839,18|23|35|48|55|63|72|102,8,23,2
4840,18|23|35|49|55|102,6,23,2
4841,18|23|35|49|63|72,6,23,2
4842,18|23|35|52|77|97,6,23,2
4843,18|23|35|55|62|101,6,23,2
4844,18|23|55|77|97|102,6,23,2
4845,18|23|63|69,4,69,2
4846,18|23|80|81,4,23,2
4847,18|23|95|96,4,23,2
4848,18|24|25|35|42|63|72,7,24,2
4849,18|24|25|35|48|52|55|63|72|77|97|102,12,24,2
4850,18|24|25|35|52|63|72,7,24,2
4851,18|24|27|55|102,5,27,2
4852,18|24|28,3,28,2
4853,18|24|29|34,4,24,2
4854,18|24|29|63|72,5,24,2
4855,18|24|30|55|102,5,30,2
4856,18|24|30|63|72,5,30,2
4857,18|24|32,3,32,2
4858,18|24|34|35|42|52|63|72,8,24,2
4859,18|24|34|35|42|55|102,7,24,2
4860,18|24|34|35|48|52,6,24,2
4861,18|24|34|35|48|55|63|72|102,9,24,2
4862,18|24|34|35|52|63|72,7,24,2
4863,18|24|35|39|63|72,6,39,2
4864,18|24|35|40|42|63|72,7,40,2
4865,18|24|35|40|48|63|72,7,40,2
4866,18|24|35|41|48|55|63|72|102,9,24,2
4867,18|24|35|41|48|55|102,7,24,2
4868,18|24|35|41|52|55|102,7,24,2
4869,18|24|35|41|52|63|72,7,24,2
4870,18|24|35|41|55|58,6,24,2
4871,18|24|35|41|55|62,6,24,2
4872,18|24|35|41|77|97,6,24,2
4873,18|24|35|42|48|63|72,7,24,2
4874,18|24|35|42|52,5,24,2
4875,18|24|35|42|52|63|72,7,24,2
4876,18|24|35|42|77|97,6,24,2
4877,18|24|35|43|48,5,24,2
4878,18|24|35|43|48|55|62,7,24,2
4879,18|24|35|43|48|63|72,7,24,2
4880,18|24|35|43|52|55|58|63|72,9,24,2
4881,18|24|35|43|55|58,6,24,2
4882,18|24|35|47,4,47,2
4883,18|24|35|48|52|55|63|72|102,9,24,2
4884,18|24|35|48|77|97,6,24,2
4885,18|24|35|49,4,24,2
4886,18|24|54|55|63|72|102,7,24,2
4887,18|24|55|63|72|80|81|102,8,24,2
4888,18|24|63|69|72,5,69,2
4889,18|25|29|35|37|41|55|63|72|77|97|102,12,29,2
4890,18|25|29|55|63|72|102,7,29,2
4891,18|25|29|63|72,5,29,2
4892,18|25|34|35|38,5,38,2
4893,18|25|34|35|39|48|63|72|80|81,10,39,2
4894,18|25|34|35|41,5,25,2
4895,18|25|34|35|41|42|55|58,8,25,2
4896,18|25|34|35|41|52|63|72,8,25,2
4897,18|25|34|35|41|55|63|72|102,9,25,2
4898,18|25|34|35|42|48|55|63|72|102,10,25,2
4899,18|25|34|35|42|52|63|72,8,25,2
4900,18|25|34|35|48|52,6,25,2
4901,18|25|35|37|38|52|55|63|72|102,10,38,2
4902,18|25|35|37|39|63|72,7,39,2
4903,18|25|35|37|41|63|72,7,25,2
4904,18|25|35|37|48|55|62|63|72,9,25,2
4905,18|25|35|38|41,5,38,2
4906,18|25|35|38|55|102,6,38,2
4907,18|25|35|39|55|63|72|102,8,39,2
4908,18|25|35|40|42|63|72,7,40,2
4909,18|25|35|41|42,5,25,2
4910,18|25|35|41|42|48|52|63|72,9,25,2
4911,18|25|35|41|48,5,25,2
4912,18|25|35|41|48|63|72|77|97,9,25,2
4913,18|25|35|41|55|62,6,25,2
4914,18|25|35|41|55|63|72|77|97|102,10,25,2
4915,18|25|35|42|47|63|72,7,47,2
4916,18|25|35|42|48|52|63|72,8,25,2
4917,18|25|35|43|48,5,25,2
4918,18|25|35|45,4,45,2
4919,18|25|35|47|52|55|63|72|102,9,47,2
4920,18|25|35|48|52,5,25,2
4921,18|25|35|48|52|55|62|63|72,9,25,2
4922,18|25|35|48|63|72|77|97,8,25,2
4923,18|25|35|49|52|55|63|72|102,9,49,2
4924,18|25|35|49|55|102,6,49,2
4925,18|25|35|52|55|63|69|72|102,9,69,2
4926,18|25|35|52|77|97,6,25,2
4927,18|25|55|58,4,25,2
4928,18|25|63|70,4,25,2
4929,18|25|63|70|72,5,25,2
4930,18|26|27|55|102,5,26,2
4931,18|26|34|35|52,5,26,2
4932,18|26|35|41|52|55|102,7,26,2
4933,18|26|35|42,4,26,2
4934,18|26|35|43|55|102,6,26,2
4935,18|26|35|47|55|102,6,47,2
4936,18|26|35|48|52|55|102,7,26,2
4937,18|26|35|49,4,26,2
4938,18|26|55|63|72|102,6,26,2
4939,18|26|77|97,4,26,2
4940,18|27|28,3,28,2
4941,18|27|29,3,27,2
4942,18|27|29|55|102,5,27,2
4943,18|27|31|35|52,5,31,2
4944,18|27|34|35|52,5,27,2
4945,18|27|34|35|52|55|102,7,27,2
4946,18|27|34|35|55|101|102,7,27,2
4947,18|27|35|36,4,36,2
4948,18|27|35|37|55|62,6,27,2
4949,18|27|35|38,4,27,2
4950,18|27|35|39|55|102,6,39,2
4951,18|27|35|41|49|55|102,7,27,2
4952,18|27|35|41|63|72,6,27,2
4953,18|27|35|42|48,5,27,2
4954,18|27|35|42|55|102,6,27,2
4955,18|27|35|44,4,44,2
4956,18|27|55|63|70|102,6,27,2
4957,18|27|63|70,4,27,2
4958,18|27|95|96,4,27,2
4959,18|28|34|35|48,5,28,2
4960,18|28|34|35|48|55|102,7,28,2
4961,18|28|35|37,4,28,2
4962,18|28|35|38,4,28,2
4963,18|28|35|41|55|102,6,28,2
4964,18|28|35|43|48|55|102,7,28,2
4965,18|28|35|45,4,28,2
4966,18|28|35|48|55|62,6,28,2
4967,18|28|35|48|63|72,6,28,2
4968,18|28|35|49,4,28,2
4969,18|29|32|55|102,5,32,2
4970,18|29|34|35|37|41|48|52|55|62,10,29,2
4971,18|29|34|35|41|48,6,29,2
4972,18|29|34|35|41|48|52|55|102,9,29,2
4973,18|29|34|35|41|48|55|102,8,29,2
4974,18|29|34|35|41|52,6,29,2
4975,18|29|34|35|41|55|62,7,29,2
4976,18|29|34|35|42,5,29,2
4977,18|29|34|35|42|48|52|55|62|63|72,11,29,2
4978,18|29|34|35|48|49|52,7,29,2
4979,18|29|34|35|48|55|58,7,29,2
4980,18|29|34|35|48|63|72,7,29,2
4981,18|29|34|55|58,5,29,2
4982,18|29|35|37|38,5,38,2
4983,18|29|35|37|41|55|62,7,29,2
4984,18|29|35|37|55|58,6,29,2
4985,18|29|35|38|48,5,38,2
4986,18|29|35|39|40,5,39,2
4987,18|29|35|41|63|72,6,29,2
4988,18|29|35|42|52|55|102,7,29,2
4989,18|29|35|44|55|102,6,44,2
4990,18|29|35|45|48,5,45,2
4991,18|29|35|45|52,5,45,2
4992,18|29|35|48|49,5,29,2
4993,18|29|35|48|55|62|63|72,8,29,2
4994,18|29|35|48|77|97,6,29,2
4995,18|29|35|48|80|81,6,29,2
4996,18|29|35|52|80|81,6,29,2
4997,18|29|35|55|58|101,6,29,2
4998,18|29|35|55|63|72|101|102,8,29,2
4999,18|29|35|77|97|101,6,29,2
5000,18|29|55|63|69|102,6,69,2
5001,18|29|80|83,4,29,2
5002,18|30|31|35|48|55|102,7,30,2
5003,18|30|32,3,32,2
5004,18|30|34|35|48|55|102,7,30,2
5005,18|30|34|63|72,5,30,2
5006,18|30|35|37,4,30,2
5007,18|30|35|42|52,5,30,2
5008,18|30|35|42|55|102,6,30,2
5009,18|30|35|48|52|55|102,7,30,2
5010,18|30|35|52|55|58,6,30,2
5011,18|30|35|55|58|101,6,30,2
5012,18|30|35|63|72|101,6,30,2
5013,18|30|77|97,4,30,2
5014,18|31|35|40,4,31,2
5015,18|31|35|43|48,5,31,2
5016,18|31|35|48|52|63|72,7,31,2
5017,18|31|35|48|55|63|72|102,8,31,2
5018,18|31|35|52|55|62,6,31,2
5019,18|31|35|52|55|63|72|102,8,31,2
5020,18|31|35|52|63|72,6,31,2
5021,18|31|35|52|77|97,6,31,2
5022,18|31|35|55|58|101,6,31,2
5023,18|32|34|35|48,5,32,2
5024,18|32|34|35|48|52|55|102,8,32,2
5025,18|32|35|47|48,5,32,2
5026,18|32|35|55|101|102,6,32,2
5027,18|32|35|101,4,32,2
5028,18|34|35|36|48,5,36,2
5029,18|34|35|37|38|41,6,38,2
5030,18|34|35|37|38|41|48|55|63|72|102,11,38,2
5031,18|34|35|37|38|41|55|102,8,38,2
5032,18|34|35|37|38|52,6,38,2
5033,18|34|35|37|39,5,39,2
5034,18|34|35|37|41|48,6,37,2
5035,18|34|35|37|41|52|55|102,8,37,2
5036,18|34|35|37|41|55|58,7,37,2
5037,18|34|35|37|41|55|63|72|102,9,37,2
5038,18|34|35|37|41|63|72,7,37,2
5039,18|34|35|37|42|55|102,7,37,2
5040,18|34|35|37|42|63|72,7,37,2
5041,18|34|35|37|43,5,37,2
5042,18|34|35|37|48|55|102,7,37,2
5043,18|34|35|37|74|97|120,7,37,2
5044,18|34|35|38|39,5,39,2
5045,18|34|35|38|41|55|102,7,38,2
5046,18|34|35|38|49|63|72,7,38,2
5047,18|34|35|38|52|55|62,7,38,2
5048,18|34|35|38|52|55|102,7,38,2
5049,18|34|35|38|55|62|63|72,8,38,2
5050,18|34|35|39|41,5,39,2
5051,18|34|35|40|41|42|55|102,8,40,2
5052,18|34|35|40|41|48|52,7,40,2
5053,18|34|35|40|42|55|102,7,40,2
5054,18|34|35|40|52|55|102,7,40,2
5055,18|34|35|41|42|43|48,7,42,2
5056,18|34|35|41|42|48,6,42,2
5057,18|34|35|41|42|48|52|63|72,9,42,2
5058,18|34|35|41|42|52,6,42,2
5059,18|34|35|41|42|52|55|102,8,42,2
5060,18|34|35|41|48|52|55|62,8,52,2
5061,18|34|35|41|48|52|63|72,8,52,2
5062,18|34|35|41|48|52|77|97,8,52,2
5063,18|34|35|41|49|52,6,49,2
5064,18|34|35|41|50,5,50,2
5065,18|34|35|41|52|55|58,7,58,2
5066,18|34|35|41|52|55|62|77|97,9,52,2
5067,18|34|35|41|55|58|63|72,8,58,2
5068,18|34|35|42|43|48|52,7,42,2
5069,18|34|35|42|43|55|102,7,42,2
5070,18|34|35|42|43|63|72,7,42,2
5071,18|34|35|42|48|52|55|62|63|72,10,42,2
5072,18|34|35|42|48|52|77|97,8,42,2
5073,18|34|35|42|48|63|72|77|97,9,42,2
5074,18|34|35|42|49|52,6,49,2
5075,18|34|35|42|55|77|97|102,8,42,2
5076,18|34|35|42|80|81,6,81,2
5077,18|34|35|43|48|55|62,7,34,2
5078,18|34|35|43|52|55|63|72|102,9,52,2
5079,18|34|35|43|53|55|102,7,53,2
5080,18|34|35|43|77|97,6,34,2
5081,18|34|35|44|48,5,44,2
5082,18|34|35|45|52,5,45,2
5083,18|34|35|45|55|102,6,45,2
5084,18|34|35|46,4,46,2
5085,18|34|35|48|54,5,34,2
5086,18|34|35|48|63|69|72,7,69,2
5087,18|34|35|48|63|72|77|97,8,34,2
5088,18|34|35|48|80|81,6,81,2
5089,18|34|35|49|52|63|70,7,49,2
5090,18|34|35|49|55|62,6,49,2
5091,18|34|35|49|55|63|72|102,8,49,2
5092,18|34|35|49|80|81,6,49,2
5093,18|34|35|50|52,5,50,2
5094,18|34|35|52|54|55|102,7,52,2
5095,18|34|35|52|55|58|63|72,8,58,2
5096,18|34|35|52|55|62|63|70,8,70,2
5097,18|34|35|52|55|62|80|83,8,52,2
5098,18|34|35|52|80|83,6,52,2
5099,18|34|35|53|55|102,6,53,2
5100,18|34|55|62|75|97|118,7,34,2
5101,18|34|55|63|69|102,6,69,2
5102,18|34|55|63|71|102,6,71,2
5103,18|34|55|63|102|103,6,103,2
5104,18|34|76|77|97|111,6,34,2
5105,18|35|36|37|41|55|100|102,8,36,2
5106,18|35|36|42|100,5,36,2
5107,18|35|36|55|100|102,6,36,2
5108,18|35|37|38|41|55|62|100,8,38,2
5109,18|35|37|38|63|72|100,7,38,2
5110,18|35|37|39|100,5,39,2
5111,18|35|37|40|55|100|102,7,40,2
5112,18|35|37|41|42|48|55|63|72|100|102,11,100,2
5113,18|35|37|41|42|55|100|102,8,100,2
5114,18|35|37|41|43|55|100|102,8,100,2
5115,18|35|37|41|52|55|62|63|72|100,10,100,2
5116,18|35|37|41|55|62|77|97|100,9,100,2
5117,18|35|37|41|55|77|97|100|102,9,100,2
5118,18|35|37|49|55|62|100,7,49,2
5119,18|35|37|49|100,5,49,2
5120,18|35|38|40|63|72|100,7,40,2
5121,18|35|38|42|55|63|72|100|102,9,38,2
5122,18|35|38|55|62|100,6,38,2
5123,18|35|39|42|100,5,39,2
5124,18|35|40|41|63|72|100,7,40,2
5125,18|35|40|42|48|100,6,40,2
5126,18|35|41|42|43|100,6,100,2
5127,18|35|41|42|48|55|100|102,8,100,2
5128,18|35|41|43|48|55|63|72|100|102,10,100,2
5129,18|35|41|43|55|62|100,7,100,2
5130,18|35|41|48|52|55|77|97|100|102,10,100,2
5131,18|35|41|48|52|55|100|102,8,100,2
5132,18|35|41|48|52|100,6,100,2
5133,18|35|41|48|55|62|100,7,100,2
5134,18|35|41|49|52|55|100|102,8,49,2
5135,18|35|41|49|55|62|100,7,49,2
5136,18|35|41|54|55|58|100,7,100,2
5137,18|35|41|55|80|81|100|102,8,100,2
5138,18|35|41|55|95|96|100|102,8,95,2
5139,18|35|41|63|70|100,6,70,2
5140,18|35|41|80|81|100,6,100,2
5141,18|35|42|43|55|63|72|100|102,9,100,2
5142,18|35|42|43|55|77|97|100|102,9,100,2
5143,18|35|42|48|52|55|63|72|100|102,10,100,2
5144,18|35|42|48|55|62|100,7,100,2
5145,18|35|42|49|100,5,49,2
5146,18|35|42|52|55|100|102,7,100,2
5147,18|35|42|52|77|97|100,7,100,2
5148,18|35|42|63|72|80|81|100,8,100,2
5149,18|35|43|52|100,5,100,2
5150,18|35|44|100,4,44,2
5151,18|35|48|49|100,5,49,2
5152,18|35|48|52|63|72|100,7,100,2
5153,18|35|48|55|62|63|72|100,8,100,2
5154,18|35|49|63|72|100,6,49,2
5155,18|35|52|55|63|72|100|102,8,100,2
5156,18|54|55|100|102,5,100,2
5157,18|55|62|100,4,100,2
5158,18|63|69|100,4,69,2
5159,35|36|37|55|62,5,36,2
5160,35|36|37|77|97,5,36,2
5161,35|36|38|55|102,5,36,2
5162,35|36|38|63|72,5,36,2
5163,35|36|40,3,36,2
5164,35|36|42|48,4,36,2
5165,35|36|42|55|102,5,36,2
5166,35|36|42|63|72,5,36,2
5167,35|36|43|48,4,36,2
5168,35|36|43|48|52|77|97,7,36,2
5169,35|36|43|48|55|102,6,36,2
5170,35|36|43|52|55|62,6,36,2
5171,35|36|43|53|55|102,6,36,2
5172,35|36|48|52,4,36,2
5173,35|36|48|63|72,5,36,2
5174,35|36|52|63|72,5,36,2
5175,35|36|53,3,36,2
5176,35|36|55|62,4,36,2
5177,35|36|55|77|97|102,6,36,2
5178,35|37|38|39,4,39,2
5179,35|37|38|41|52|55|62,7,38,2
5180,35|37|38|41|63|72,6,38,2
5181,35|37|38|48,4,38,2
5182,35|37|38|55|63|72|102,7,38,2
5183,35|37|39|40|41,5,39,2
5184,35|37|39|41,4,39,2
5185,35|37|39|52|55|62,6,39,2
5186,35|37|39|55|62,5,39,2
5187,35|37|39|63|72,5,39,2
5188,35|37|40|52|55|62,6,40,2
5189,35|37|40|55|102,5,40,2
5190,35|37|40|63|72,5,40,2
5191,35|37|41|48|52|55|102,7,37,2
5192,35|37|41|48|63|72,6,37,2
5193,35|37|41|55|58|62,6,37,2
5194,35|37|41|55|62|74|97|120,8,37,2
5195,35|37|41|55|63|70|102,7,70,2
5196,35|37|41|55|80|83|102,7,37,2
5197,35|37|41|55|95|96|102,7,95,2
5198,35|37|42|48|63|72,6,37,2
5199,35|37|42|55|102,5,37,2
5200,35|37|43|52|55|102,6,37,2
5201,35|37|43|55|58,5,37,2
5202,35|37|43|55|62|63|72,7,37,2
5203,35|37|43|63|72,5,37,2
5204,35|37|43|80|83,5,37,2
5205,35|37|45,3,45,2
5206,35|37|48|52|63|72,6,37,2
5207,35|37|48|55|76|97|102|111,8,37,2
5208,35|37|49|55|63|72|102,7,49,2
5209,35|37|49|63|72,5,49,2
5210,35|37|52|54,4,37,2
5211,35|37|52|54|55|58,6,37,2
5212,35|37|52|55|58,5,37,2
5213,35|37|52|55|62|80|83,7,37,2
5214,35|37|52|63|70,5,70,2
5215,35|37|52|77|97,5,37,2
5216,35|37|52|80|83,5,37,2
5217,35|37|54|63|70,5,70,2
5218,35|37|55|62|74|75|79|97|112|113|120|122,12,37,2
5219,35|37|55|62|74|79|80|83|97|120,10,37,2
5220,35|37|55|62|74|79|97|120|122,9,37,2
5221,35|37|55|62|74|80|83|97|120,9,37,2
5222,35|37|55|62|74|97|122,7,37,2
5223,35|37|55|62|75|97|112|113,8,37,2
5224,35|37|55|95|96|102,6,95,2
5225,35|37|63|70|79,5,70,2
5226,35|37|63|70|80|83,6,70,2
5227,35|37|63|72|74|97|120,7,37,2
5228,35|37|74|75|80|83|97|112|113|120,10,37,2
5229,35|37|74|77|97|120,6,37,2
5230,35|37|74|78|97|120|132,7,37,2
5231,35|37|74|79|80|83|97|122,8,37,2
5232,35|37|75|80|83|97,6,37,2
5233,35|38|39|63|72,5,39,2
5234,35|38|40|41,4,40,2
5235,35|38|40|48,4,40,2
5236,35|38|41|49,4,38,2
5237,35|38|42|49|63|72,6,38,2
5238,35|38|42|52,4,38,2
5239,35|38|42|52|55|102,6,38,2
5240,35|38|42|77|97,5,38,2
5241,35|38|48|52|63|72,6,38,2
5242,35|38|48|55|62|63|72,7,38,2
5243,35|38|48|55|63|72|77|97|102,9,38,2
5244,35|38|52|55|63|72|102,7,38,2
5245,35|38|54|55|62,5,38,2
5246,35|38|55|58,4,38,2
5247,35|38|55|62|79,5,38,2
5248,35|38|55|62|80|81,6,38,2
5249,35|38|55|77|97|102,6,38,2
5250,35|38|63|70,4,38,2
5251,35|38|74|97|122,5,38,2
5252,35|39|40|41,4,39,2
5253,35|39|41|63|72,5,39,2
5254,35|39|42|55|62,5,39,2
5255,35|39|47|48,4,47,2
5256,35|39|48|55|102,5,39,2
5257,35|39|48|63|72,5,39,2
5258,35|39|52|55|102,5,39,2
5259,35|39|52|77|97,5,39,2
5260,35|39|54,3,39,2
5261,35|39|55|62|63|72,6,39,2
5262,35|39|55|63|72|102,6,39,2
5263,35|39|80|83,4,39,2
5264,35|40|41|42|48,5,40,2
5265,35|40|41|49,4,40,2
5266,35|40|41|55|58,5,40,2
5267,35|40|42|48|52|77|97,7,40,2
5268,35|40|43|52,4,40,2
5269,35|40|43|55|58,5,40,2
5270,35|40|43|63|72,5,40,2
5271,35|40|48|49,4,40,2
5272,35|40|48|52|55|102,6,40,2
5273,35|40|49|77|97,5,40,2
5274,35|40|52|77|97,5,40,2
5275,35|40|53,3,40,2
5276,35|40|54,3,40,2
5277,35|41|42|43|55|63|72|102,8,42,2
5278,35|41|42|48|49|55|102,7,49,2
5279,35|41|42|48|52|55|63|72|102,9,42,2
5280,35|41|42|48|55|102,6,42,2
5281,35|41|42|49,4,49,2
5282,35|41|42|49|77|97,6,49,2
5283,35|41|42|52|55|63|72|102,8,42,2
5284,35|41|42|55|58,5,42,2
5285,35|41|42|55|62|63|72,7,42,2
5286,35|41|43|53,4,53,2
5287,35|41|45|55|102,5,45,2
5288,35|41|48|49|55|102,6,49,2
5289,35|41|48|49|77|97,6,49,2
5290,35|41|48|52|55|63|72|77|97|102,10,52,2
5291,35|41|48|52|63|72|77|97,8,52,2
5292,35|41|48|54|55|62,6,48,2
5293,35|41|48|55|77|97|102,7,48,2
5294,35|41|49|52|55|102,6,49,2
5295,35|41|49|55|77|97|102,7,49,2
5296,35|41|49|77|97,5,49,2
5297,35|41|52|55|62|80|83,7,52,2
5298,35|41|53,3,53,2
5299,35|41|54|55|62,5,62,2
5300,35|41|54|55|63|70|102,7,70,2
5301,35|41|54|55|63|72|102,7,41,2
5302,35|41|55|63|70|102,6,70,2
5303,35|41|55|63|102|103,6,103,2
5304,35|41|74|97|120,5,41,2
5305,35|41|77|80|83|97,6,83,2
5306,35|41|79,3,79,2
5307,35|42|43|48|52|55|102,7,42,2
5308,35|42|43|49|55|102,6,49,2
5309,35|42|43|52|55|62,6,42,2
5310,35|42|43|53,4,53,2
5311,35|42|48|49|77|97,6,49,2
5312,35|42|48|52|55|62|63|72,8,42,2
5313,35|42|48|63|72|77|97,7,42,2
5314,35|42|49|52|55|102,6,49,2
5315,35|42|49|52|63|72,6,49,2
5316,35|42|49|55|62|63|72,7,49,2
5317,35|42|52|55|62|63|72,7,42,2
5318,35|42|55|58|62,5,42,2
5319,35|42|80|83,4,42,2
5320,35|43|45|48|52,5,45,2
5321,35|43|47,3,47,2
5322,35|43|48|49|52|55|102,7,49,2
5323,35|43|48|52|53|55|102,7,53,2
5324,35|43|48|52|54|55|77|97|102,9,52,2
5325,35|43|48|52|55|58|77|97,8,58,2
5326,35|43|48|55|58|62,6,58,2
5327,35|43|48|55|62|80|83,7,83,2
5328,35|43|48|63|69,5,69,2
5329,35|43|49|52|55|58,6,49,2
5330,35|43|50|52,4,50,2
5331,35|43|50|55|58,5,50,2
5332,35|43|52|80|81,5,81,2
5333,35|43|54|55|62,5,43,2
5334,35|43|54|77|97,5,43,2
5335,35|43|55|58|63|103,6,103,2
5336,35|43|55|63|69|102,6,69,2
5337,35|43|55|80|83|102,6,83,2
5338,35|43|63|72|80|81,6,81,2
5339,35|44|48|52,4,44,2
5340,35|44|48|52|77|97,6,44,2
5341,35|44|77|97,4,44,2
5342,35|45|48|55|62,5,45,2
5343,35|45|50|77|97,5,45,2
5344,35|45|52|54|55|58,6,45,2
5345,35|45|55|57,4,45,2
5346,35|45|63|69,4,45,2
5347,35|45|63|70,4,45,2
5348,35|45|77|97,4,45,2
5349,35|45|80|81,4,45,2
5350,35|46|48|55|63|72|102,7,46,2
5351,35|46|48|55|102,5,46,2
5352,35|46|49|55|102,5,46,2
5353,35|46|52,3,46,2
5354,35|46|54|55|102,5,46,2
5355,35|47|48|52|63|72,6,47,2
5356,35|47|48|54,4,47,2
5357,35|47|49|55|102,5,47,2
5358,35|47|50,3,47,2
5359,35|48|49|55|62|80|83,7,49,2
5360,35|48|50|52,4,50,2
5361,35|48|50|54,4,50,2
5362,35|48|52|54|55|62|77|97,8,52,2
5363,35|48|52|54|63|72,6,52,2
5364,35|48|52|76|77|97|111,7,52,2
5365,35|48|54|55|63|70|102,7,70,2
5366,35|48|54|55|63|72|102,7,48,2
5367,35|48|54|55|77|97|102,7,48,2
5368,35|48|54|63|70,5,70,2
5369,35|48|54|63|70|72,6,70,2
5370,35|48|55|57,4,57,2
5371,35|48|55|58|63|70,6,70,2
5372,35|48|55|59,4,59,2
5373,35|48|55|62|63|70|77|97,8,70,2
5374,35|48|55|63|69|72|102,7,69,2
5375,35|48|55|63|69|102,6,69,2
5376,35|48|55|63|72|80|81|102,8,81,2
5377,35|48|55|76|97|102|111,7,48,2
5378,35|48|55|80|81|102,6,81,2
5379,35|48|63|68|80|81,6,68,2
5380,35|48|63|69|72,5,69,2
5381,35|48|63|70|72,5,70,2
5382,35|48|63|72|76|97|111,7,48,2
5383,35|48|74|97|120,5,48,2
5384,35|48|77|80|81|97,6,81,2
5385,35|48|78|97|132,5,48,2
5386,35|49|52|55|62|80|81,7,49,2
5387,35|49|52|80|81,5,49,2
5388,35|49|53,3,53,2
5389,35|49|54|55|58|63|70,7,49,2
5390,35|49|55|58|63|70,6,49,2
5391,35|49|55|58|63|72,6,49,2
5392,35|49|55|62|80|81,6,49,2
5393,35|49|55|62|80|83,6,49,2
5394,35|49|76|97|111,5,49,2
5395,35|49|80|83,4,49,2
5396,35|51|63|70,4,51,2
5397,35|51|78|97|130,5,51,2
5398,35|52|53|55|58,5,53,2
5399,35|52|54|55|58|62,6,58,2
5400,35|52|54|55|58|63|70|77|97,9,70,2
5401,35|52|54|55|61,5,61,2
5402,35|52|54|55|77|97|102,7,52,2
5403,35|52|55|58|61,5,61,2
5404,35|52|55|58|63|70,6,70,2
5405,35|52|55|61|62,5,61,2
5406,35|52|55|63|71|102,6,71,2
5407,35|52|55|63|72|77|97|102,8,52,2
5408,35|52|55|76|97|102|111,7,52,2
5409,35|52|55|80|83|102,6,52,2
5410,35|52|63|66,4,66,2
5411,35|52|63|72|80|81,6,81,2
5412,35|52|77|78|97|132,6,52,2
5413,35|52|95|96,4,95,2
5414,35|54|55|58|62|63|70|101,8,70,2
5415,35|54|55|62|101,5,101,2
5416,35|54|55|77|97|101|102,7,101,2
5417,35|54|63|72|101,5,101,2
5418,35|55|57|101,4,57,2
5419,35|55|58|62|101,5,101,2
5420,35|55|58|77|97|101,6,101,2
5421,35|55|63|72|77|97|101|102,8,101,2
5422,35|55|80|81|101|102,6,81,2
5423,35|63|69|72|101,5,69,2
5424,35|76|77|97|101|107,6,101,2
5425,54|55|56|58,4,56,2
5426,54|55|57|59|63|70,6,57,2
5427,54|55|57|63|70,5,57,2
5428,54|55|59|63|70,5,59,2
5429,54|55|61|63|70|77|97,7,61,2
5430,54|55|61|77|97,5,61,2
5431,54|55|62|63|103,5,103,2
5432,54|55|62|79,4,79,2
5433,54|55|62|79|80|83,6,79,2
5434,54|55|62|80|83,5,83,2
5435,54|55|76|97|102|111,6,54,2
5436,54|63|64,3,64,2
5437,54|63|67,3,67,2
5438,54|63|70|80|83,5,70,2
5439,54|63|72|77|97,5,72,2
5440,55|56|57|61,4,56,2
5441,55|56|59|61,4,56,2
5442,55|56|62|63|70,5,56,2
5443,55|56|63|71,4,56,2
5444,55|56|77|97,4,56,2
5445,55|56|80|81,4,56,2
5446,55|57|58,3,57,2
5447,55|57|61|62,4,61,2
5448,55|58|59|62,4,59,2
5449,55|58|62|80|81,5,81,2
5450,55|58|63|69|80|81,6,69,2
5451,55|58|63|72|77|97,6,58,2
5452,55|58|80|83,4,58,2
5453,55|59|61|80|81,5,61,2
5454,55|59|63|69,4,69,2
5455,55|59|63|71,4,71,2
5456,55|61|63|68,4,68,2
5457,55|61|78|97|132,5,61,2
5458,55|62|63|65,4,65,2
5459,55|62|63|69|80|81|83,7,69,2
5460,55|62|63|70|74|97|120,7,70,2
5461,55|62|63|70|75|97|118,7,70,2
5462,55|62|63|71|74|97|120,7,71,2
5463,55|62|63|71|80|81|83,7,71,2
5464,55|62|63|71|80|83,6,71,2
5465,55|62|63|72|79|80|83,7,79,2
5466,55|62|74|75|76|97|107|118|120|122,10,62,2
5467,55|62|74|75|79|80|81|97|112|113|120|122,12,81,2
5468,55|62|74|75|79|80|83|97|112|113|120|122,12,79,2
5469,55|62|74|75|79|97|112|113|120,9,79,2
5470,55|62|74|75|79|97|118|120,8,79,2
5471,55|62|74|76|97|107|120|122,8,62,2
5472,55|62|74|78|79|97|120|122|132,9,79,2
5473,55|62|74|80|81|83|97|120,8,81,2
5474,55|62|74|97|120|123,6,123,2
5475,55|62|75|76|97|107|112|113,8,62,2
5476,55|62|75|80|81|97|119,7,81,2
5477,55|62|75|97|118|119,6,119,2
5478,55|62|76|77|97|107|111,7,62,2
5479,55|62|76|77|97|111,6,62,2
5480,55|62|76|80|83|97|107,7,83,2
5481,55|62|77|78|97|132,6,62,2
5482,55|63|66|70|102,5,66,2
5483,55|63|70|71|102,5,71,2
5484,55|63|70|76|97|102|111,7,70,2
5485,55|63|70|77|97|102,6,70,2
5486,55|63|71|77|97|102,6,71,2
5487,55|63|72|79|80|83|102,7,79,2
5488,55|63|72|80|81|102,6,81,2
5489,55|74|75|79|80|83|97|102|112|113|120|122,12,79,2
5490,55|74|77|97|102|120,6,102,2
5491,55|74|79|97|102|120,6,79,2
5492,55|75|80|83|97|102|112|113,8,83,2
5493,55|75|97|102|119,5,119,2
5494,55|76|77|97|102,5,102,2
5495,55|76|77|97|102|107|111,7,107,2
5496,55|76|95|96|97|102|111,7,95,2
5497,55|80|81|83|102,5,81,2
5498,55|89|90|95|96|102,6,89,2
5499,55|89|96|102,4,89,2
5500,55|93|96|102,4,93,2
5501,55|94|95|96|102,5,94,2
5502,55|94|96|102,4,94,2
5503,63|65|66,3,66,2
5504,63|65|69,3,65,2
5505,63|65|70,3,65,2
5506,63|66|70,3,66,2
5507,63|66|78|97|132,5,66,2
5508,63|67|91|96,4,91,2
5509,63|68|80|81|82,5,68,2
5510,63|69|76|97|111,5,69,2
5511,63|69|80|81|82,5,82,2
5512,63|69|84|105,4,105,2
5513,63|70|74|97|120|126,6,70,2
5514,63|70|80|82,4,82,2
5515,63|70|89|91|96,5,89,2
5516,63|71|74|97|120|122,6,71,2
5517,63|71|75|97|118,5,71,2
5518,63|71|76|97|111,5,71,2
5519,63|71|77|97,4,71,2
5520,63|72|76|77|97,5,72,2
5521,63|72|76|77|97|107|111,7,72,2
5522,63|72|76|97,4,72,2
5523,63|72|76|97|107,5,72,2
5524,63|72|79,3,79,2
5525,63|76|97|103|111,5,103,2
5526,63|79|103,3,103,2
5527,74|75|76|97|107|111|112|113|120,9,113,2
5528,74|75|76|97|107|112|113|125,8,125,2
5529,74|75|76|97|107|115|116|120|122,9,116,2
5530,74|75|77|97|118|120,6,118,2
5531,74|75|78|80|83|97|112|113|120|132,10,83,2
5532,74|75|78|80|83|97|118|120|122|132,10,83,2
5533,74|75|78|97|112|113|114|120|122|132,10,114,2
5534,74|75|78|97|112|113|125|132,8,125,2
5535,74|75|78|97|112|114|118|122|132,9,114,2
5536,74|75|78|97|115|116|120|132,8,116,2
5537,74|75|78|97|118|119|120|132,8,119,2
5538,74|75|78|97|118|120|131,7,118,2
5539,74|75|78|97|118|122|124|132,8,118,2
5540,74|75|78|97|118|126|132,7,118,2
5541,74|75|78|97|119|120|132,7,119,2
5542,74|75|78|97|119|126|132,7,119,2
5543,74|75|79|80|83|97|112|114|120,9,114,2
5544,74|75|79|80|83|97|118|120|122,9,79,2
5545,74|75|79|80|83|97|118|122,8,79,2
5546,74|75|79|97|112|113|120|124,8,79,2
5547,74|75|79|97|112|113|122,7,79,2
5548,74|75|79|97|118|122,6,79,2
5549,74|75|80|83|97|112|114|120,8,114,2
5550,74|75|80|83|97|118|120|124,8,83,2
5551,74|75|97|112|113|118|119|120,8,119,2
5552,74|75|97|112|113|120|121|122,8,121,2
5553,74|75|97|112|113|121|122,7,121,2
5554,74|75|97|112|114|115|116|120,8,116,2
5555,74|75|97|112|114|115|117|120,8,117,2
5556,74|75|97|112|114|120|122|124,8,114,2
5557,74|75|97|112|114|125,6,125,2
5558,74|75|97|115|116|117|120,7,116,2
5559,74|75|97|115|116|119|120,7,116,2
5560,74|75|97|115|116|123,6,116,2
5561,74|75|97|115|117|125,6,125,2
5562,74|75|97|118|119|124,6,119,2
5563,74|75|97|118|120|121,6,121,2
5564,74|75|97|118|120|121|122,7,121,2
5565,74|75|97|118|120|122|126,7,118,2
5566,74|75|97|120|123,5,123,2
5567,74|76|77|78|97|111|122|132,8,122,2
5568,74|76|77|97|107|111|122,7,107,2
5569,74|76|78|97|107|111|122|132,8,107,2
5570,74|76|79|97|107|120,6,79,2
5571,74|76|97|107|121|122,6,121,2
5572,74|76|97|108|111|120,6,108,2
5573,74|76|97|110|120|122,6,110,2
5574,74|76|97|110|122,5,110,2
5575,74|76|97|111|126,5,126,2
5576,74|78|79|80|83|97|120|132,8,79,2
5577,74|78|79|97|120|132,6,79,2
5578,74|78|97|120|121|123|132,7,123,2
5579,74|78|97|120|129,5,129,2
5580,74|78|97|120|130|132,6,130,2
5581,74|78|97|126|130,5,130,2
5582,74|79|80|83|97|120|124,7,79,2
5583,74|79|97|120|122|126,6,79,2
5584,74|79|97|120|123,5,123,2
5585,74|79|97|124,4,79,2
5586,74|80|81|97|120,5,81,2
5587,74|80|83|97|122|124,6,83,2
5588,74|97|120|121|123,5,123,2
5589,75|76|77|78|97|111|119|132,8,119,2
5590,75|76|77|97|107|111|115|116,8,116,2
5591,75|76|77|97|107|115|116,7,116,2
5592,75|76|78|97|107|112|114|132,8,114,2
5593,75|76|78|97|107|119|127,7,127,2
5594,75|76|78|97|110|115|116|132,8,116,2
5595,75|76|80|83|97|107|112|113,8,83,2
5596,75|76|97|107|111|118,6,118,2
5597,75|76|97|110|115|117,6,117,2
5598,75|76|97|111,4,75,2
5599,75|76|97|111|112|113|118,7,118,2
5600,75|76|97|111|118|119,6,119,2
5601,75|77|97|115|117|119,6,117,2
5602,75|78|97|115|117|129,6,129,2
5603,75|78|97|119|131|132,6,119,2
5604,75|79|97|112|113|118,6,79,2
5605,75|79|97|112|114,5,114,2
5606,75|80|81|83|97|119,6,81,2
5607,75|97|112|113|115|116|118,7,116,2
5608,75|97|112|113|115|116|119,7,116,2
5609,75|97|112|114|115|116|117,7,116,2
5610,76|77|78|97|111|127|132,7,127,2
5611,76|78|97|107|128,5,128,2
5612,76|78|97|108|109|111|132,7,109,2
5613,76|78|97|109|111|132,6,109,2
5614,76|78|97|110|130,5,130,2
5615,76|78|97|111|128,5,128,2
5616,76|78|97|111|131|132,6,131,2
5617,76|80|83|97|111,5,83,2
5618,76|84|85|97|107,5,85,2
5619,76|91|96|97|107,5,91,2
5620,76|97|107|108|110,5,108,2
5621,77|78|97|129,4,129,2
5622,77|80|83|97,4,83,2
5623,78|97|127|130|132,5,130,2
5624,80|81|82|83,4,82,2
5625,80|83|95|96,4,95,2
5626,89|95|96,3,89,2
5627,1|2|3|4|8|55|102,7,2,1
5628,1|2|3|5|63|72,6,2,1
5629,1|2|3|6|8|10|80|81,8,2,1
5630,1|2|3|6|63|72,6,2,1
5631,1|2|3|8,4,2,1
5632,1|2|3|8|35|37|41|55|102,9,2,1
5633,1|2|3|10,4,2,1
5634,1|2|3|10|63|72,6,2,1
5635,1|2|3|18|20|21|25|35|37|48|52|55|63|72|102,15,2,1
5636,1|2|3|55|102,5,2,1
5637,1|2|4|5|6|63|71,7,2,1
5638,1|2|4|5|8,5,2,1
5639,1|2|4|5|63|72,6,2,1
5640,1|2|4|6,4,2,1
5641,1|2|4|8,4,2,1
5642,1|2|4|8|63|72,6,2,1
5643,1|2|4|8|80|81,6,2,1
5644,1|2|4|10|63|72,6,2,1
5645,1|2|4|35|48|80|81,7,2,1
5646,1|2|4|35|52,5,2,1
5647,1|2|4|63|69,5,2,1
5648,1|2|5|6|8|10,6,2,1
5649,1|2|5|8|9,5,2,1
5650,1|2|5|8|9|35|37|43|52|55|62,11,2,1
5651,1|2|5|35|43,5,2,1
5652,1|2|5|63|69|80|81|83,8,2,1
5653,1|2|5|80|83,5,2,1
5654,1|2|5|91|96,5,91,1
5655,1|2|6|8,4,2,1
5656,1|2|6|55|102,5,2,1
5657,1|2|6|63|70,5,2,1
5658,1|2|6|63|72,5,2,1
5659,1|2|8|10|55|102,6,2,1
5660,1|2|8|10|84|85,6,85,1
5661,1|2|8|13|14|55|102,7,2,1
5662,1|2|8|18|19|20|55|63|69|72|102,11,2,1
5663,1|2|8|55|102,5,2,1
5664,1|2|8|63|69,5,2,1
5665,1|2|8|63|69|80|83,7,2,1
5666,1|2|8|79|80|81,6,2,1
5667,1|2|9|63|69|80|83,7,2,1
5668,1|2|9|63|71,5,2,1
5669,1|2|10,3,2,1
5670,1|2|10|55|62|63|69,7,2,1
5671,1|2|13|14|55|84|85|102,8,85,1
5672,1|2|13|14|55|102,6,2,1
5673,1|2|18|19|35|52|63|72,8,2,1
5674,1|2|18|20,4,2,1
5675,1|2|18|20|35|48|52|63|72,9,2,1
5676,1|2|18|20|63|70|72,7,2,1
5677,1|2|18|22|35|48,6,2,1
5678,1|2|18|23,4,2,1
5679,1|2|35|37,4,2,1
5680,1|2|35|37|43|48|55|102,8,2,1
5681,1|2|35|37|48|55|102,7,2,1
5682,1|2|35|37|54,5,2,1
5683,1|2|35|37|55|62,6,2,1
5684,1|2|35|37|55|63|72|102,8,2,1
5685,1|2|35|37|55|79|80|83|102,9,2,1
5686,1|2|35|37|80|83,6,2,1
5687,1|2|35|47|48,5,47,1
5688,1|2|35|48|52|55|102,7,2,1
5689,1|2|35|48|55|62|63|69,8,2,1
5690,1|2|54|55|102,5,2,1
5691,1|2|54|63|70,5,2,1
5692,1|2|54|80|81,5,2,1
5693,1|2|55|62|63|69,6,2,1
5694,1|2|55|62|63|72,6,2,1
5695,1|2|55|79|102,5,2,1
5696,1|2|55|80|81|102,6,2,1
5697,1|2|55|80|83|102,6,2,1
5698,1|2|55|84|86|102,6,86,1
5699,1|2|63|69|80|81,6,2,1
5700,1|2|63|71|72,5,2,1
5701,1|2|74|75|97|112|113|120,8,2,1
5702,1|2|74|97|120,5,2,1
5703,1|2|76|97|107,5,2,1
5704,1|2|79,3,2,1
5705,1|2|84|85,4,85,1
5706,1|3|4|5|6|8|9|35|43|48|52,11,9,1
5707,1|3|4|5|6|8|10,7,10,1
5708,1|3|4|5|6|8|18|23,8,23,1
5709,1|3|4|5|6|8|35|37|48|55|62,11,4,1
5710,1|3|4|5|6|8|35|43|76|77|97|111,12,4,1
5711,1|3|4|5|6|8|55|63|72|102,10,4,1
5712,1|3|4|5|6|8|63|72,8,4,1
5713,1|3|4|5|6|8|91|96,8,91,1
5714,1|3|4|5|6|9|55|62|63|72,10,9,1
5715,1|3|4|5|6|10,6,10,1
5716,1|3|4|5|6|10|35|48|55|102,10,10,1
5717,1|3|4|5|6|18|19|35|37|43|55|63|72|102,14,4,1
5718,1|3|4|5|6|18|35|42|55|63|72|100|102,13,4,1
5719,1|3|4|5|6|35|43|49,8,4,1
5720,1|3|4|5|6|80|81,7,4,1
5721,1|3|4|5|8|10|55|102,8,10,1
5722,1|3|4|5|8|18|20|34|35|43|52|55|63|72|102,15,4,1
5723,1|3|4|5|8|18|23,7,23,1
5724,1|3|4|5|8|18|29|35|43|55|62,11,29,1
5725,1|3|4|5|8|35|43|48|52|55|102,11,4,1
5726,1|3|4|5|8|35|43|55|102,9,4,1
5727,1|3|4|5|8|35|43|63|72,9,4,1
5728,1|3|4|5|8|35|48,7,4,1
5729,1|3|4|5|8|54,6,4,1
5730,1|3|4|5|8|55|58,7,4,1
5731,1|3|4|5|8|55|62,7,4,1
5732,1|3|4|5|8|55|102,7,4,1
5733,1|3|4|5|8|63|70,7,4,1
5734,1|3|4|5|8|80|81,7,4,1
5735,1|3|4|5|10|35|43,7,10,1
5736,1|3|4|5|18|22|35|52|55|102,10,4,1
5737,1|3|4|5|18|24|55|62|79,9,24,1
5738,1|3|4|5|35|37,6,4,1
5739,1|3|4|5|35|37|43|55|63|72|102,11,4,1
5740,1|3|4|5|35|37|80|83,8,4,1
5741,1|3|4|5|35|38|43,7,38,1
5742,1|3|4|5|35|43|49|55|63|72|102,11,4,1
5743,1|3|4|5|35|43|54|55|102,9,4,1
5744,1|3|4|5|35|43|63|72,8,4,1
5745,1|3|4|5|35|43|77|97,8,4,1
5746,1|3|4|5|35|48,6,4,1
5747,1|3|4|5|35|52,6,4,1
5748,1|3|4|5|35|101,6,4,1
5749,1|3|4|5|54,5,4,1
5750,1|3|4|5|55|62,6,4,1
5751,1|3|4|5|55|62|80|83,8,4,1
5752,1|3|4|5|55|63|72|102,8,4,1
5753,1|3|4|5|55|76|80|81|97|102|111,11,4,1
5754,1|3|4|5|76|97|111,7,4,1
5755,1|3|4|5|89|91|96,7,89,1
5756,1|3|4|6|8|10|18|20|34|55|62|63|72,13,10,1
5757,1|3|4|6|8|55|62,7,4,1
5758,1|3|4|6|8|55|102,7,4,1
5759,1|3|4|6|8|76|97|111,8,4,1
5760,1|3|4|6|10|35|43,7,10,1
5761,1|3|4|6|10|35|48,7,10,1
5762,1|3|4|6|10|55|84|86|102,9,86,1
5763,1|3|4|6|18|19|20|34|35|41|52|55|102,13,4,1
5764,1|3|4|6|18|19|63|72,8,4,1
5765,1|3|4|6|18|22|35|101,8,4,1
5766,1|3|4|6|18|24|35|48|55|62|63|72,12,24,1
5767,1|3|4|6|18|34|35|55|101|102,10,4,1
5768,1|3|4|6|35|43|55|102,8,4,1
5769,1|3|4|6|35|52|55|62,8,4,1
5770,1|3|4|6|35|55|58|101,8,4,1
5771,1|3|4|6|54|55|102,7,4,1
5772,1|3|4|6|55|62|63|72,8,4,1
5773,1|3|4|6|55|63|72|80|81|102,10,4,1
5774,1|3|4|6|55|84|86|102,8,86,1
5775,1|3|4|6|55|102,6,4,1
5776,1|3|4|8|10|35|37|52|54|55|62|63|70,13,10,1
5777,1|3|4|8|13|14,6,14,1
5778,1|3|4|8|18|19|63|72,8,4,1
5779,1|3|4|8|55|62,6,4,1
5780,1|3|4|8|80|83,6,4,1
5781,1|3|4|9|35|43|49|52|55|102,10,9,1
5782,1|3|4|9|55|62,6,9,1
5783,1|3|4|9|55|63|69|102,8,69,1
5784,1|3|4|9|55|102,6,9,1
5785,1|3|4|10|18|19,6,10,1
5786,1|3|4|10|35|37|55|62|63|72|80|81,12,10,1
5787,1|3|4|10|35|37|63|72,8,10,1
5788,1|3|4|10|35|54|55|63|70|101|102,11,10,1
5789,1|3|4|10|35|55|58|101,8,10,1
5790,1|3|4|10|63|72|84|85,8,85,1
5791,1|3|4|12,4,12,1
5792,1|3|4|13|14,5,14,1
5793,1|3|4|13|14|55|63|72|102,9,14,1
5794,1|3|4|18|19,5,4,1
5795,1|3|4|18|19|21|22|34|35|41|48|55|58|63|72,15,21,1
5796,1|3|4|18|19|35|43|48|49|52|55|63|72|102,14,4,1
5797,1|3|4|18|19|35|43|48|52|55|63|72|102,13,4,1
5798,1|3|4|18|19|35|48|63|72,9,4,1
5799,1|3|4|18|19|54|63|72,8,4,1
5800,1|3|4|18|20|31|35|48|52|55|62|63|72,13,31,1
5801,1|3|4|18|20|35|37|55|62,9,4,1
5802,1|3|4|18|20|35|52,7,4,1
5803,1|3|4|18|20|35|52|63|72,9,4,1
5804,1|3|4|18|20|55|63|72|102,9,4,1
5805,1|3|4|18|20|63|72|80|81,9,4,1
5806,1|3|4|18|21,5,21,1
5807,1|3|4|18|22|29|35|36|37|55|63|72|102,13,36,1
5808,1|3|4|18|22|34|35|43|55|102,10,4,1
5809,1|3|4|18|22|34|35|48|52|55|102,11,4,1
5810,1|3|4|18|22|35|42|52|55|63|72|77|97|102,14,4,1
5811,1|3|4|18|22|35|43|77|97,9,4,1
5812,1|3|4|18|22|35|48,7,4,1
5813,1|3|4|18|22|35|52|63|72|77|97,11,4,1
5814,1|3|4|18|22|55|63|72|102,9,4,1
5815,1|3|4|18|24|34|35|42|43|48,10,24,1
5816,1|3|4|18|26|29|35|48,8,26,1
5817,1|3|4|18|26|35|43|55|62,9,26,1
5818,1|3|4|18|27|35|43|55|58,9,27,1
5819,1|3|4|18|29,5,29,1
5820,1|3|4|18|29|34|55|62|63|69,10,69,1
5821,1|3|4|18|29|55|102,7,29,1
5822,1|3|4|18|34|35|48|63|72,9,4,1
5823,1|3|4|18|34|55|102,7,4,1
5824,1|3|4|18|35|37|41|55|77|80|81|97|100|102,14,4,1
5825,1|3|4|35|37|41|52,7,4,1
5826,1|3|4|35|37|43,6,4,1
5827,1|3|4|35|37|52|63|72,8,4,1
5828,1|3|4|35|37|55|62|63|72|80|83,11,4,1
5829,1|3|4|35|37|63|72,7,4,1
5830,1|3|4|35|41|43|55|62|80|81,10,4,1
5831,1|3|4|35|41|43|55|102,8,4,1
5832,1|3|4|35|42|43,6,4,1
5833,1|3|4|35|42|55|102,7,4,1
5834,1|3|4|35|43|48|54,7,4,1
5835,1|3|4|35|43|48|76|77|97|107,10,4,1
5836,1|3|4|35|43|49,6,4,1
5837,1|3|4|35|43|50|53|55|62,9,50,1
5838,1|3|4|35|43|55|58,7,4,1
5839,1|3|4|35|43|55|62|63|72,9,4,1
5840,1|3|4|35|43|55|63|72|102,9,4,1
5841,1|3|4|35|43|80|81,7,4,1
5842,1|3|4|35|48|52|54|55|102,9,4,1
5843,1|3|4|35|48|52|55|63|72|102,10,4,1
5844,1|3|4|35|48|52|77|97,8,4,1
5845,1|3|4|35|48|55|62|80|83,9,4,1
5846,1|3|4|35|48|55|102,7,4,1
5847,1|3|4|35|48|63|72,7,4,1
5848,1|3|4|35|49|52,6,4,1
5849,1|3|4|35|52|54|55|58,8,4,1
5850,1|3|4|35|52|54|55|102,8,4,1
5851,1|3|4|35|55|79|101|102,8,4,1
5852,1|3|4|35|77|97|101,7,4,1
5853,1|3|4|54|55|62|80|81,8,4,1
5854,1|3|4|55|58|62,6,4,1
5855,1|3|4|55|58|63|72,7,4,1
5856,1|3|4|55|62|63|72,7,4,1
5857,1|3|4|55|62|63|72|80|81,9,4,1
5858,1|3|4|55|62|63|72|80|83,9,4,1
5859,1|3|4|55|62|76|97|107,8,4,1
5860,1|3|4|55|63|72|76|97|102|111,10,4,1
5861,1|3|4|55|63|72|77|97|102,9,4,1
5862,1|3|4|55|76|97|102|111,8,4,1
5863,1|3|4|63|67,5,67,1
5864,1|3|4|63|69,5,69,1
5865,1|3|4|63|72|80|81,7,4,1
5866,1|3|4|79,4,4,1
5867,1|3|4|80|81|84|85,7,85,1
5868,1|3|4|84|85,5,85,1
5869,1|3|5|6|8|10|55|102,8,10,1
5870,1|3|5|6|8|35|43|55|63|69|102,11,69,1
5871,1|3|5|6|8|35|48|63|72,9,3,1
5872,1|3|5|6|8|35|55|63|72|77|97|101|102,13,3,1
5873,1|3|5|6|8|54,6,3,1
5874,1|3|5|6|8|55|62,7,3,1
5875,1|3|5|6|8|55|63|72|80|83|102,11,3,1
5876,1|3|5|6|8|55|63|72|102,9,3,1
5877,1|3|5|6|8|55|102,7,3,1
5878,1|3|5|6|9|35|48|52,8,9,1
5879,1|3|5|6|9|89|96,7,89,1
5880,1|3|5|6|13|14|55|102,8,14,1
5881,1|3|5|6|18|19|35|52|55|63|72|102,12,3,1
5882,1|3|5|6|18|20|35|48|63|72,10,3,1
5883,1|3|5|6|18|21|55|63|72|76|97|102|111,13,21,1
5884,1|3|5|6|18|22|34|35|48|52,10,3,1
5885,1|3|5|6|18|25|63|72,8,3,1
5886,1|3|5|6|18|35|37|41|43|52|55|100|102,13,3,1
5887,1|3|5|6|35|43|55|58,8,3,1
5888,1|3|5|6|35|43|55|63|72|102,10,3,1
5889,1|3|5|6|35|43|55|76|77|97|102|111,12,3,1
5890,1|3|5|6|35|48,6,3,1
5891,1|3|5|6|35|52|63|72|76|97|111,11,3,1
5892,1|3|5|6|55|76|97|102|111,9,3,1
5893,1|3|5|6|63|72|89|96,8,89,1
5894,1|3|5|6|91|96,6,91,1
5895,1|3|5|7,4,7,1
5896,1|3|5|7|8,5,7,1
5897,1|3|5|8|9|10|18|19|35|37|41|52|55|62|63|72|74|79|97|120,20,10,1
5898,1|3|5|8|9|35|43|48,8,9,1
5899,1|3|5|8|10,5,10,1
5900,1|3|5|8|10|63|72|76|97,9,10,1
5901,1|3|5|8|18|20|55|62,8,3,1
5902,1|3|5|8|18|20|55|63|72|102,10,3,1
5903,1|3|5|8|18|20|63|72,8,3,1
5904,1|3|5|8|18|21|35|48|55|102,10,21,1
5905,1|3|5|8|18|22|55|77|97|102,10,3,1
5906,1|3|5|8|18|26|27|35|63|72|101,11,26,1
5907,1|3|5|8|35|37|41|52,8,3,1
5908,1|3|5|8|35|41|55|102,8,3,1
5909,1|3|5|8|35|41|63|72,8,3,1
5910,1|3|5|8|35|42|55|102,8,3,1
5911,1|3|5|8|35|43|52,7,3,1
5912,1|3|5|8|35|43|52|54|63|70,10,3,1
5913,1|3|5|8|35|48|63|72|77|97,10,3,1
5914,1|3|5|8|35|49,6,3,1
5915,1|3|5|8|35|101,6,3,1
5916,1|3|5|8|55|58,6,3,1
5917,1|3|5|8|55|62|80|83,8,3,1
5918,1|3|5|8|55|63|70|102,8,3,1
5919,1|3|5|8|55|63|72|80|81|102,10,3,1
5920,1|3|5|8|63|70,6,3,1
5921,1|3|5|8|80|81,6,3,1
5922,1|3|5|9|35|37|55|62,8,9,1
5923,1|3|5|9|55|62|63|72,8,9,1
5924,1|3|5|9|63|72,6,9,1
5925,1|3|5|18|19|24|34|35|43|48|52|55|58|63|72,15,24,1
5926,1|3|5|18|19|24|35|43|52|55|63|72|80|81|102,15,24,1
5927,1|3|5|18|19|34|35|42|52|63|72,11,3,1
5928,1|3|5|18|19|35|37|63|72,9,3,1
5929,1|3|5|18|19|63|72,7,3,1
5930,1|3|5|18|20,5,3,1
5931,1|3|5|18|20|22|55|80|83|102,10,3,1
5932,1|3|5|18|20|25|34|35|38|55|63|72|77|97|102,15,38,1
5933,1|3|5|18|21|55|62,7,21,1
5934,1|3|5|18|22,5,3,1
5935,1|3|5|18|22|23|35|52|55|102,10,23,1
5936,1|3|5|18|22|35|43|55|102,9,3,1
5937,1|3|5|18|22|35|48|52|77|97,10,3,1
5938,1|3|5|18|22|35|55|101|102,9,3,1
5939,1|3|5|18|23|35|41|52|63|72,10,23,1
5940,1|3|5|18|25|29|35|37|52|63|72,11,29,1
5941,1|3|5|18|25|35|43|63|72,9,3,1
5942,1|3|5|18|27|34|35|38|41|52|55|62,12,27,1
5943,1|3|5|18|29|63|72,7,29,1
5944,1|3|5|18|34,5,3,1
5945,1|3|5|18|34|35|41|43|48|49|52|55|77|97|102,15,3,1
5946,1|3|5|18|34|35|52|55|102,9,3,1
5947,1|3|5|35|37,5,3,1
5948,1|3|5|35|37|48|52|55|63|72|102,11,3,1
5949,1|3|5|35|37|55|62,7,3,1
5950,1|3|5|35|41,5,3,1
5951,1|3|5|35|42|43,6,3,1
5952,1|3|5|35|42|55|102,7,3,1
5953,1|3|5|35|43|48|49,7,3,1
5954,1|3|5|35|43|48|52|55|58,9,3,1
5955,1|3|5|35|43|48|55|102,8,3,1
5956,1|3|5|35|43|52|55|63|72|102,10,3,1
5957,1|3|5|35|43|53,6,53,1
5958,1|3|5|35|43|53|55|102,8,53,1
5959,1|3|5|35|43|55|62,7,3,1
5960,1|3|5|35|43|55|63|70|102,9,3,1
5961,1|3|5|35|45|55|102,7,45,1
5962,1|3|5|35|48|52|55|58,8,3,1
5963,1|3|5|35|48|52|55|62,8,3,1
5964,1|3|5|35|48|52|55|102,8,3,1
5965,1|3|5|35|48|55|62,7,3,1
5966,1|3|5|35|48|55|63|70|102,9,3,1
5967,1|3|5|35|48|55|102,7,3,1
5968,1|3|5|35|55|101|102,7,3,1
5969,1|3|5|35|101,5,3,1
5970,1|3|5|55|77|97|102,7,3,1
5971,1|3|5|55|80|81|102,7,3,1
5972,1|3|5|63|72|76|97|111,8,3,1
5973,1|3|5|89|96,5,89,1
5974,1|3|6|8|10|35|43,7,10,1
5975,1|3|6|8|35|43,6,3,1
5976,1|3|6|8|55|62|63|72,8,3,1
5977,1|3|6|8|55|62|63|72|79,9,3,1
5978,1|3|6|8|76|97|111,7,3,1
5979,1|3|6|9|55|80|83|102,8,9,1
5980,1|3|6|10|13|14,6,10,1
5981,1|3|6|10|18|19|63|72,8,10,1
5982,1|3|6|10|35|37|55|62|63|70,10,10,1
5983,1|3|6|10|35|43|48,7,10,1
5984,1|3|6|10|35|43|63|72,8,10,1
5985,1|3|6|10|55|63|70|102,8,10,1
5986,1|3|6|10|55|102,6,10,1
5987,1|3|6|10|63|70|72,7,10,1
5988,1|3|6|13|14|55|63|71|102,9,71,1
5989,1|3|6|18|20,5,3,1
5990,1|3|6|18|20|35|37|63|69|72,10,69,1
5991,1|3|6|18|20|55|62|63|72,9,3,1
5992,1|3|6|18|22|35|37|48|55|62,10,3,1
5993,1|3|6|18|22|35|41|55|62|63|70,11,3,1
5994,1|3|6|18|35|38|52|54|55|62|63|72|100,13,38,1
5995,1|3|6|35|37|42,6,3,1
5996,1|3|6|35|37|55|62|63|72,9,3,1
5997,1|3|6|35|41|48|55|102,8,3,1
5998,1|3|6|35|43|48|55|63|72|102,10,3,1
5999,1|3|6|35|43|48|55|102,8,3,1
6000,1|3|6|35|43|55|63|72|102,9,3,1
6001,1|3|6|35|43|63|70,7,3,1
6002,1|3|6|35|43|63|72,7,3,1
6003,1|3|6|35|48|63|72,7,3,1
6004,1|3|6|35|52,5,3,1
6005,1|3|6|35|52|55|102,7,3,1
6006,1|3|6|55|62,5,3,1
6007,1|3|6|55|63|70|102,7,3,1
6008,1|3|6|55|63|72|80|81|102,9,3,1
6009,1|3|6|63|69,5,69,1
6010,1|3|6|63|72|84|86,7,86,1
6011,1|3|6|76|77|97|111,7,3,1
6012,1|3|6|79|80|83,6,3,1
6013,1|3|6|80|81,5,3,1
6014,1|3|8|9|55|102,6,9,1
6015,1|3|8|10|35|41|55|62,8,10,1
6016,1|3|8|10|35|43|63|72,8,10,1
6017,1|3|8|10|55|62,6,10,1
6018,1|3|8|10|55|102,6,10,1
6019,1|3|8|10|63|72,6,10,1
6020,1|3|8|18|19|63|72,7,3,1
6021,1|3|8|18|20|55|63|72|102,9,3,1
6022,1|3|8|18|20|80|81,7,3,1
6023,1|3|8|18|25|35|48|55|63|72|102,11,3,1
6024,1|3|8|18|32|35|48,7,32,1
6025,1|3|8|18|34|35|40|41|42|52|63|72,12,40,1
6026,1|3|8|18|34|35|55|101|102,9,3,1
6027,1|3|8|35|37,5,3,1
6028,1|3|8|35|41|63|72,7,3,1
6029,1|3|8|35|43|52,6,3,1
6030,1|3|8|35|43|52|55|58,8,3,1
6031,1|3|8|35|52,5,3,1
6032,1|3|8|55|63|72|102,7,3,1
6033,1|3|8|84|86,5,86,1
6034,1|3|9|18|20|34|35|38|42|48|55|62|63|72,14,38,1
6035,1|3|9|35|37|41|55|62|63|72,10,9,1
6036,1|3|9|35|41|52|55|58|62|80|83,11,9,1
6037,1|3|9|35|43|48|52|54|55|63|72|102,12,9,1
6038,1|3|9|35|43|55|102,7,9,1
6039,1|3|9|55|58,5,9,1
6040,1|3|10|18|19|20|35|48|55|62|63|72|80|83,14,10,1
6041,1|3|10|18|19|63|72,7,10,1
6042,1|3|10|18|20|63|72,7,10,1
6043,1|3|10|18|22,5,10,1
6044,1|3|10|35|43|55|58,7,10,1
6045,1|3|10|35|48|55|102,7,10,1
6046,1|3|10|35|48|63|72,7,10,1
6047,1|3|10|35|55|101|102,7,10,1
6048,1|3|10|55|63|72|80|81|102,9,10,1
6049,1|3|11,3,11,1
6050,1|3|13|14,4,14,1
6051,1|3|13|14|18|23|35|41|55|102,10,14,1
6052,1|3|13|14|35|37|41|48,8,14,1
6053,1|3|13|14|35|37|55|84|85|102,10,85,1
6054,1|3|13|14|35|38|48|55|102,9,38,1
6055,1|3|13|14|35|43,6,14,1
6056,1|3|18|19,4,3,1
6057,1|3|18|19|20|24|34|35|37|41|42|48|55|63|72|102,16,24,1
6058,1|3|18|19|20|35|42|48|55|63|72|102,12,3,1
6059,1|3|18|19|22|23|34|35|55|58|63|72|77|97|101,15,23,1
6060,1|3|18|19|22|35|42|52|63|72,10,3,1
6061,1|3|18|19|22|55|63|72|102,9,3,1
6062,1|3|18|19|22|63|72,7,3,1
6063,1|3|18|19|23|25|29|34|35|37|38|41|49|55|63|69|72|102,18,69,1
6064,1|3|18|19|24|35|43|55|63|72|80|83|102,13,24,1
6065,1|3|18|19|24|35|52|63|72,9,24,1
6066,1|3|18|19|34|35|36|42|55|63|72|102,12,36,1
6067,1|3|18|19|35|37|41|42|48|52|55|63|72|102,14,3,1
6068,1|3|18|19|35|41|43|48|52|55|63|72|80|81|102,15,3,1
6069,1|3|18|19|35|41|43|52|55|63|72|102,12,3,1
6070,1|3|18|19|35|41|49,7,3,1
6071,1|3|18|19|35|41|55|63|72|102,10,3,1
6072,1|3|18|19|35|42|43|52|63|72,10,3,1
6073,1|3|18|19|35|42|55|102,8,3,1
6074,1|3|18|19|35|43,6,3,1
6075,1|3|18|19|35|43|48|52|55|63|72|77|97|102,14,3,1
6076,1|3|18|19|35|43|48|63|72,9,3,1
6077,1|3|18|19|35|43|52|55|102,9,3,1
6078,1|3|18|19|35|43|52|63|72,9,3,1
6079,1|3|18|19|35|43|55|63|72|102,10,3,1
6080,1|3|18|19|35|48,6,3,1
6081,1|3|18|19|35|48|54|55|63|72|102,11,3,1
6082,1|3|18|19|35|48|63|72|80|81,10,3,1
6083,1|3|18|19|35|52,6,3,1
6084,1|3|18|19|55|58|80|81,8,3,1
6085,1|3|18|19|55|62|63|72,8,3,1
6086,1|3|18|20|21|34|35|43|44|48|63|72,12,44,1
6087,1|3|18|20|22|23|55|63|72|102,10,23,1
6088,1|3|18|20|22|27|35|42|48|52|55|102,12,27,1
6089,1|3|18|20|23|24|34|35|41|48|52|55|63|72|102,15,24,1
6090,1|3|18|20|23|35|55|63|72|80|81|101|102,13,23,1
6091,1|3|18|20|24|25|35|42|55|63|72|102,12,24,1
6092,1|3|18|20|29|55|58|63|72,9,29,1
6093,1|3|18|20|29|63|72,7,29,1
6094,1|3|18|20|31|35|36|37|38|41|42|48|52|55|63|72|80|81|102,19,36,1
6095,1|3|18|20|34|35|43|48|55|63|72|102,12,3,1
6096,1|3|18|20|34|35|49|55|63|72|102,11,3,1
6097,1|3|18|20|34|63|72,7,3,1
6098,1|3|18|20|35|41|48|55|63|72|102,11,3,1
6099,1|3|18|20|35|42|43|48|63|72,10,3,1
6100,1|3|18|20|35|42|55|63|72|80|81|102,12,3,1
6101,1|3|18|20|35|42|55|63|72|102,10,3,1
6102,1|3|18|20|35|42|63|72,8,3,1
6103,1|3|18|20|35|43|49,7,3,1
6104,1|3|18|20|35|43|55|58,8,3,1
6105,1|3|18|20|35|43|55|63|72|102,10,3,1
6106,1|3|18|20|35|48|49|63|72,9,3,1
6107,1|3|18|20|35|48|63|72,8,3,1
6108,1|3|18|20|35|48|63|72|76|77|97,11,3,1
6109,1|3|18|20|35|48|63|72|80|81,10,3,1
6110,1|3|18|20|35|52|63|72,8,3,1
6111,1|3|18|20|35|55|58|63|72|80|81|101,12,3,1
6112,1|3|18|20|55|58|63|72,8,3,1
6113,1|3|18|21,4,21,1
6114,1|3|18|21|22|23|35|41|48|55|58,11,21,1
6115,1|3|18|21|22|25|34|35|41|42|43|52|55|63|72|77|97|102,18,21,1
6116,1|3|18|21|24|35|48|52|63|72,10,24,1
6117,1|3|18|21|34|35|101,7,21,1
6118,1|3|18|21|35|37|41|52|55|102,10,21,1
6119,1|3|18|21|35|37|55|74|97|102|120,11,21,1
6120,1|3|18|21|35|42|43|48|52|63|72,11,21,1
6121,1|3|18|21|35|43|48|49|52|55|62,11,21,1
6122,1|3|18|21|35|48|55|102,8,21,1
6123,1|3|18|21|55|58|63|72,8,21,1
6124,1|3|18|21|63|72,6,21,1
6125,1|3|18|22,4,3,1
6126,1|3|18|22|23,5,23,1
6127,1|3|18|22|23|31|34|35|43|48|52|55|58,13,31,1
6128,1|3|18|22|23|35|41|43|48|53|55|62,12,53,1
6129,1|3|18|22|23|35|41|43|52|55|58|63|72,13,23,1
6130,1|3|18|22|23|35|41|55|102,9,23,1
6131,1|3|18|22|23|35|48|55|77|97|102,11,23,1
6132,1|3|18|22|23|35|52|55|62,9,23,1
6133,1|3|18|22|23|35|55|80|81|82|101|102,12,82,1
6134,1|3|18|22|24|28|29|34|35|41|52|55|77|97|102,15,28,1
6135,1|3|18|22|28|35|41|43|48|55|77|97|102,13,28,1
6136,1|3|18|22|29|30|35|41|48|55|62|63|72|74|80|81|97|120,18,30,1
6137,1|3|18|22|29|34|35|37|74|75|97|118|120|122,14,29,1
6138,1|3|18|22|29|34|35|38|39|41|49|52|55|62|80|81,16,39,1
6139,1|3|18|22|29|34|35|55|101|102,10,29,1
6140,1|3|18|22|29|35|43|48|52,9,29,1
6141,1|3|18|22|30|35|48|55|102,9,30,1
6142,1|3|18|22|34|35|38|42|48|52|55|63|72|77|97|102,16,38,1
6143,1|3|18|22|34|35|42|52,8,3,1
6144,1|3|18|22|34|35|52|55|62,9,3,1
6145,1|3|18|22|35|37|43|48|55|102,10,3,1
6146,1|3|18|22|35|41|43|55|58,9,3,1
6147,1|3|18|22|35|42|43|48|52|55|77|97|102,13,3,1
6148,1|3|18|22|35|43|52|55|102,9,3,1
6149,1|3|18|22|35|43|53,7,53,1
6150,1|3|18|22|35|43|55|102,8,3,1
6151,1|3|18|22|35|48|52|55|63|72|102,11,3,1
6152,1|3|18|22|35|48|55|102,8,3,1
6153,1|3|18|22|35|52,6,3,1
6154,1|3|18|22|35|52|54,7,3,1
6155,1|3|18|22|55|62|63|70,8,3,1
6156,1|3|18|22|55|63|70|102,8,3,1
6157,1|3|18|22|55|63|72|102,8,3,1
6158,1|3|18|22|63|72,6,3,1
6159,1|3|18|23|24|34|35|48|55|63|72|102,12,24,1
6160,1|3|18|23|25|35|48|52|54|55|63|70|72|102,14,23,1
6161,1|3|18|23|26|27|29|30|34|35|48|52|54|55|58,15,26,1
6162,1|3|18|23|27|34|35|52|55|77|97|102,12,27,1
6163,1|3|18|23|29|35|43|63|72,9,23,1
6164,1|3|18|23|34,5,23,1
6165,1|3|18|23|34|35|40|48|52|63|72,11,40,1
6166,1|3|18|23|34|35|48,7,23,1
6167,1|3|18|23|34|35|48|52|55|102,10,23,1
6168,1|3|18|23|35|37|52|55|102,9,23,1
6169,1|3|18|23|35|38|42|43|55|77|97|102,12,38,1
6170,1|3|18|23|35|43|48|55|102,9,23,1
6171,1|3|18|23|35|43|52|55|102,9,23,1
6172,1|3|18|23|35|52,6,23,1
6173,1|3|18|23|55|58,6,23,1
6174,1|3|18|23|55|62,6,23,1
6175,1|3|18|23|55|77|97|102,8,23,1
6176,1|3|18|23|55|102,6,23,1
6177,1|3|18|24,4,24,1
6178,1|3|18|24|35|37|41|43|55|62|63|72,12,24,1
6179,1|3|18|24|35|42|43|52|53|55|77|97|102,13,53,1
6180,1|3|18|24|35|48,6,24,1
6181,1|3|18|24|35|48|55|102,8,24,1
6182,1|3|18|24|35|52|63|72|80|81,10,24,1
6183,1|3|18|24|35|63|72|101,8,24,1
6184,1|3|18|25|26|34|35|52|55|63|72|102,12,26,1
6185,1|3|18|25|27|63|72,7,27,1
6186,1|3|18|25|34|35|38|42|48|52|63|72|77|97,14,38,1
6187,1|3|18|25|34|35|41|48|52|55|63|72|102,13,3,1
6188,1|3|18|25|34|35|41|52|55|62|63|72,12,3,1
6189,1|3|18|25|34|35|43|55|63|72|102,11,3,1
6190,1|3|18|25|34|35|48|55|63|72|102,11,3,1
6191,1|3|18|25|35|48|63|72,8,3,1
6192,1|3|18|25|35|49|55|62|63|72,10,3,1
6193,1|3|18|25|35|52|55|63|72|102,10,3,1
6194,1|3|18|25|35|52|63|72,8,3,1
6195,1|3|18|25|55|63|72|102,8,3,1
6196,1|3|18|25|55|102,6,3,1
6197,1|3|18|25|80|83,6,3,1
6198,1|3|18|26|34|35|48|55|102,9,26,1
6199,1|3|18|27|31|35|40|42|43|48|55|77|97|102,14,31,1
6200,1|3|18|27|35|48,6,27,1
6201,1|3|18|27|35|48|52|55|62,9,27,1
6202,1|3|18|29|34|77|97,7,29,1
6203,1|3|18|29|35|40|43,7,40,1
6204,1|3|18|29|35|43|55|62,8,29,1
6205,1|3|18|29|35|52,6,29,1
6206,1|3|18|29|55|63|72|102,8,29,1
6207,1|3|18|29|55|102,6,29,1
6208,1|3|18|29|63|72,6,29,1
6209,1|3|18|30,4,30,1
6210,1|3|18|30|35|52,6,30,1
6211,1|3|18|31|35|41|55|102,8,31,1
6212,1|3|18|34|35|37|41|55|102,9,3,1
6213,1|3|18|34|35|37|43|53|55|58|80|83,12,53,1
6214,1|3|18|34|35|37|55|102,8,3,1
6215,1|3|18|34|35|41,6,3,1
6216,1|3|18|34|35|41|42|43|48|52|55|58|80|81,14,3,1
6217,1|3|18|34|35|41|42|52|55|102,10,3,1
6218,1|3|18|34|35|41|42|55|63|72|102,11,3,1
6219,1|3|18|34|35|41|48|55|102,9,3,1
6220,1|3|18|34|35|41|52|55|102,9,3,1
6221,1|3|18|34|35|42,6,3,1
6222,1|3|18|34|35|42|49|55|62|63|70|72|95|96,14,3,1
6223,1|3|18|34|35|42|63|72,8,3,1
6224,1|3|18|34|35|43|49|52|55|102,10,3,1
6225,1|3|18|34|35|43|52|55|77|97|102,11,3,1
6226,1|3|18|34|35|43|54|55|102,9,3,1
6227,1|3|18|34|35|43|55|62,8,3,1
6228,1|3|18|34|35|43|55|63|72|102,10,3,1
6229,1|3|18|34|35|48,6,3,1
6230,1|3|18|34|35|48|52,7,3,1
6231,1|3|18|34|35|48|52|55|102,9,3,1
6232,1|3|18|34|35|48|55|63|72|77|97|102,12,3,1
6233,1|3|18|34|35|48|55|63|72|102,10,3,1
6234,1|3|18|34|35|48|77|97,8,3,1
6235,1|3|18|34|35|48|80|81,8,3,1
6236,1|3|18|34|35|49|63|72,8,3,1
6237,1|3|18|34|35|52,6,3,1
6238,1|3|18|34|35|52|55|62,8,3,1
6239,1|3|18|34|35|55|62|63|72|101,10,3,1
6240,1|3|18|34|35|55|63|72|101|102,10,3,1
6241,1|3|18|34|63|72,6,3,1
6242,1|3|18|35|37|41|43|55|58|63|72|100,12,3,1
6243,1|3|18|35|37|41|55|62|100,9,3,1
6244,1|3|18|35|41|43|52|100,8,3,1
6245,1|3|18|35|41|43|55|58|100,9,3,1
6246,1|3|18|35|41|43|55|100|102,9,3,1
6247,1|3|18|35|41|43|100,7,3,1
6248,1|3|18|35|41|55|58|63|72|100,10,3,1
6249,1|3|18|35|41|55|63|72|100|102,10,3,1
6250,1|3|18|35|41|100,6,3,1
6251,1|3|18|35|42|55|58|100,8,3,1
6252,1|3|18|35|43|100,6,3,1
6253,1|3|18|35|48|100,6,3,1
6254,1|3|18|55|100|102,6,3,1
6255,1|3|35|36|37|52|55|58|77|97,10,36,1
6256,1|3|35|36|43|55|58,7,36,1
6257,1|3|35|37|41|55|58,7,3,1
6258,1|3|35|37|41|55|62,7,3,1
6259,1|3|35|37|41|55|74|97|102|122,10,3,1
6260,1|3|35|37|41|55|80|81|102,9,3,1
6261,1|3|35|37|42|77|97,7,3,1
6262,1|3|35|37|43,5,3,1
6263,1|3|35|37|43|48,6,3,1
6264,1|3|35|37|43|48|52|55|62|63|72,11,3,1
6265,1|3|35|37|43|48|80|82,8,82,1
6266,1|3|35|37|43|54|55|63|72|102,10,3,1
6267,1|3|35|37|43|55|62,7,3,1
6268,1|3|35|37|47|52|55|58,8,47,1
6269,1|3|35|37|48,5,3,1
6270,1|3|35|37|48|55|58,7,3,1
6271,1|3|35|37|55|62|63|72,8,3,1
6272,1|3|35|37|55|62|77|97,8,3,1
6273,1|3|35|37|55|62|80|81,8,3,1
6274,1|3|35|37|55|63|72|102,8,3,1
6275,1|3|35|37|55|74|97|102|120,9,3,1
6276,1|3|35|37|63|70,6,3,1
6277,1|3|35|37|63|72|80|81,8,3,1
6278,1|3|35|37|74|79|80|83|97|120,10,3,1
6279,1|3|35|37|74|97|120|122,8,3,1
6280,1|3|35|37|80|83,6,3,1
6281,1|3|35|38|41|55|62|63|72,9,38,1
6282,1|3|35|38|55|62,6,38,1
6283,1|3|35|39|52|55|102,7,39,1
6284,1|3|35|39|63|72,6,39,1
6285,1|3|35|40,4,40,1
6286,1|3|35|40|41|55|102,7,40,1
6287,1|3|35|40|42,5,40,1
6288,1|3|35|41|42|43|54|55|102,9,3,1
6289,1|3|35|41|42|48|55|102,8,3,1
6290,1|3|35|41|42|55|102,7,3,1
6291,1|3|35|41|43|48|55|102,8,3,1
6292,1|3|35|41|43|49|55|102,8,3,1
6293,1|3|35|41|43|52|55|102,8,3,1
6294,1|3|35|41|43|53|55|62,8,53,1
6295,1|3|35|41|43|55|63|72|102,9,3,1
6296,1|3|35|41|43|80|81,7,3,1
6297,1|3|35|41|48|52|55|63|72|102,10,3,1
6298,1|3|35|41|48|55|102,7,3,1
6299,1|3|35|41|52,5,3,1
6300,1|3|35|41|52|55|62,7,3,1
6301,1|3|35|41|52|55|63|72|80|83|102,11,3,1
6302,1|3|35|41|55|58|63|72,8,3,1
6303,1|3|35|41|55|62|63|72,8,3,1
6304,1|3|35|41|55|62|80|81,8,3,1
6305,1|3|35|42|43|49,6,3,1
6306,1|3|35|42|43|49|55|62,8,3,1
6307,1|3|35|42|43|52,6,3,1
6308,1|3|35|42|43|55|63|72|102,9,3,1
6309,1|3|35|42|43|55|102,7,3,1
6310,1|3|35|42|48,5,3,1
6311,1|3|35|42|55|63|70|102,8,3,1
6312,1|3|35|42|55|63|72|102,8,3,1
6313,1|3|35|42|63|72,6,3,1
6314,1|3|35|43|48|49|55|63|72|102,10,3,1
6315,1|3|35|43|48|52|55|58,8,3,1
6316,1|3|35|43|48|52|55|62,8,3,1
6317,1|3|35|43|48|52|55|77|97|102,10,3,1
6318,1|3|35|43|48|52|80|81,8,3,1
6319,1|3|35|43|48|55|63|72|102,9,3,1
6320,1|3|35|43|49|52,6,3,1
6321,1|3|35|43|49|52|55|102,8,3,1
6322,1|3|35|43|49|55|80|81|102,9,3,1
6323,1|3|35|43|52|53,6,53,1
6324,1|3|35|43|52|55|58,7,3,1
6325,1|3|35|43|52|55|58|63|72,9,3,1
6326,1|3|35|43|52|55|63|72|77|97|102,11,3,1
6327,1|3|35|43|52|63|70,7,3,1
6328,1|3|35|43|53|55|62,7,53,1
6329,1|3|35|43|54|55|58,7,3,1
6330,1|3|35|43|54|63|72,7,3,1
6331,1|3|35|43|55|62|63|72,8,3,1
6332,1|3|35|43|55|62|79|80|83,9,3,1
6333,1|3|35|43|63|70,6,3,1
6334,1|3|35|43|63|72|80|81,8,3,1
6335,1|3|35|43|77|97,6,3,1
6336,1|3|35|43|80|81,6,3,1
6337,1|3|35|43|80|83,6,3,1
6338,1|3|35|45|48,5,45,1
6339,1|3|35|48|49|52,6,3,1
6340,1|3|35|48|49|52|55|102,8,3,1
6341,1|3|35|48|52|55|62,7,3,1
6342,1|3|35|48|52|63|72,7,3,1
6343,1|3|35|48|55|62|63|72|79,9,3,1
6344,1|3|35|48|55|62|80|83,8,3,1
6345,1|3|35|48|63|72|80|81,8,3,1
6346,1|3|35|48|80|81,6,3,1
6347,1|3|35|48|84|85,6,85,1
6348,1|3|35|49|52,5,3,1
6349,1|3|35|49|52|55|62,7,3,1
6350,1|3|35|49|52|55|102,7,3,1
6351,1|3|35|49|52|63|70,7,3,1
6352,1|3|35|49|52|63|72,7,3,1
6353,1|3|35|49|55|58,6,3,1
6354,1|3|35|49|63|72,6,3,1
6355,1|3|35|50,4,50,1
6356,1|3|35|52|54,5,3,1
6357,1|3|35|52|54|55|62|80|81,9,3,1
6358,1|3|35|52|55|58|77|97,8,3,1
6359,1|3|35|52|55|62,6,3,1
6360,1|3|35|52|55|63|70|84|85|102,10,85,1
6361,1|3|35|52|63|72|84|85,8,85,1
6362,1|3|35|53,4,53,1
6363,1|3|35|54|55|58|62|101,8,3,1
6364,1|3|35|77|97|101,6,3,1
6365,1|3|35|84|86|101,6,86,1
6366,1|3|54|55|63|72|102,7,3,1
6367,1|3|54|63|70,5,3,1
6368,1|3|54|77|97,5,3,1
6369,1|3|54|84|85,5,85,1
6370,1|3|55|61,4,61,1
6371,1|3|55|62|63|72|80|83,8,3,1
6372,1|3|55|62|76|97|108,7,108,1
6373,1|3|55|62|79,5,3,1
6374,1|3|55|62|80|81,6,3,1
6375,1|3|55|62|80|81|83,7,3,1
6376,1|3|55|63|67|70|102,7,67,1
6377,1|3|55|63|69|80|81|102,8,69,1
6378,1|3|55|63|71|102,6,71,1
6379,1|3|55|63|72|80|81|102,8,3,1
6380,1|3|55|74|97|102|120|122,8,3,1
6381,1|3|55|84|85|102,6,85,1
6382,1|3|63|70|72,5,3,1
6383,1|3|63|70|72|79,6,3,1
6384,1|3|63|72|76|97|111,7,3,1
6385,1|3|63|72|80|83,6,3,1
6386,1|3|74|97|122,5,3,1
6387,1|3|75|79|97|119,6,3,1
6388,1|3|79|80|83,5,3,1
6389,1|3|80|81|83,5,3,1
6390,1|3|80|81|84|86,6,86,1
6391,1|3|89|96,4,89,1
6392,1|3|91|96,4,91,1
6393,1|4|5|6|8|9,6,9,1
6394,1|4|5|6|8|9|18|20|34|35|42|52|55|62|63|72,16,9,1
6395,1|4|5|6|8|10|35|43,8,10,1
6396,1|4|5|6|8|10|35|43|63|72,10,10,1
6397,1|4|5|6|8|18|19|35|43|63|72,11,4,1
6398,1|4|5|6|8|18|19|35|48,9,4,1
6399,1|4|5|6|8|18|20|63|72|80|81,11,4,1
6400,1|4|5|6|8|35|36|43|48|52|55|62,12,36,1
6401,1|4|5|6|8|35|37|48|52|55|76|77|79|80|83|97|102|111,18,4,1
6402,1|4|5|6|8|35|37|48|55|80|83|102,12,4,1
6403,1|4|5|6|8|35|43|48|80|81|91|96,12,91,1
6404,1|4|5|6|8|35|43|55|102,9,4,1
6405,1|4|5|6|8|35|48|52|80|81,10,4,1
6406,1|4|5|6|8|35|52,7,4,1
6407,1|4|5|6|8|35|52|63|69|80|81|82,12,82,1
6408,1|4|5|6|8|55|62,7,4,1
6409,1|4|5|6|8|55|63|71|102,9,71,1
6410,1|4|5|6|8|55|89|96|102,9,89,1
6411,1|4|5|6|8|63|72|76|78|97|107|132,12,4,1
6412,1|4|5|6|8|63|72|80|83,9,4,1
6413,1|4|5|6|9|35|41|55|91|96|102,11,91,1
6414,1|4|5|6|10|35|43,7,10,1
6415,1|4|5|6|10|55|102,7,10,1
6416,1|4|5|6|10|63|72,7,10,1
6417,1|4|5|6|18|20|35|38|42|55|63|72|102,13,38,1
6418,1|4|5|6|18|20|35|48|55|63|72|102,12,4,1
6419,1|4|5|6|18|20|55|63|72|80|81|102,12,4,1
6420,1|4|5|6|18|34|55|63|72|102,10,4,1
6421,1|4|5|6|35|43|48|52,8,4,1
6422,1|4|5|6|35|48|52,7,4,1
6423,1|4|5|6|35|48|52|55|102,9,4,1
6424,1|4|5|6|35|48|55|62|77|97,10,4,1
6425,1|4|5|6|35|52|74|79|97|120,10,4,1
6426,1|4|5|6|55|62|76|97|107,9,4,1
6427,1|4|5|6|55|62|80|81,8,4,1
6428,1|4|5|6|55|63|70|102,8,4,1
6429,1|4|5|6|55|89|96|102,8,89,1
6430,1|4|5|6|63|69|76|97|111,9,69,1
6431,1|4|5|6|63|70,6,4,1
6432,1|4|5|6|63|70|89|96,8,89,1
6433,1|4|5|6|63|72|76|77|97|111,10,4,1
6434,1|4|5|6|76|97|107|111,8,4,1
6435,1|4|5|6|80|83,6,4,1
6436,1|4|5|6|91|96,6,91,1
6437,1|4|5|8|9|18|20|63|72,9,9,1
6438,1|4|5|8|9|35|48|55|63|70|102,11,9,1
6439,1|4|5|8|10|55|62,7,10,1
6440,1|4|5|8|10|55|102,7,10,1
6441,1|4|5|8|10|63|70,7,10,1
6442,1|4|5|8|10|80|83,7,10,1
6443,1|4|5|8|13|14|35|37,8,14,1
6444,1|4|5|8|18|19|35|38|55|63|72|102,12,38,1
6445,1|4|5|8|18|20|35|42|48|52|63|72|77|97,14,4,1
6446,1|4|5|8|18|22|35|48|55|62|63|72|77|97,14,4,1
6447,1|4|5|8|35|41|55|102,8,4,1
6448,1|4|5|8|35|43|48|52,8,4,1
6449,1|4|5|8|35|43|48|55|62|80|81,11,4,1
6450,1|4|5|8|35|43|48|80|81,9,4,1
6451,1|4|5|8|35|43|53,7,53,1
6452,1|4|5|8|35|43|55|63|72|102,10,4,1
6453,1|4|5|8|35|43|55|102,8,4,1
6454,1|4|5|8|35|43|63|72|80|81,10,4,1
6455,1|4|5|8|35|43|80|81,8,4,1
6456,1|4|5|8|35|48|53|55|102,9,53,1
6457,1|4|5|8|35|48|63|72,8,4,1
6458,1|4|5|8|63|69|84|85,8,85,1
6459,1|4|5|8|79,5,4,1
6460,1|4|5|8|80|83,6,4,1
6461,1|4|5|9|35|37|54,7,9,1
6462,1|4|5|9|35|50|52,7,50,1
6463,1|4|5|9|55|62|75|76|97|111|119,11,9,1
6464,1|4|5|9|55|63|71|102,8,71,1
6465,1|4|5|9|77|97,6,9,1
6466,1|4|5|9|80|81,6,9,1
6467,1|4|5|10|35|43,6,10,1
6468,1|4|5|13|14,5,14,1
6469,1|4|5|13|14|63|71,7,71,1
6470,1|4|5|18|19|35|43|63|72,9,4,1
6471,1|4|5|18|20|24|35|41|43|48|52|55|63|72|80|81|102,17,24,1
6472,1|4|5|18|20|35|48|63|72,9,4,1
6473,1|4|5|18|21,5,21,1
6474,1|4|5|18|22,5,4,1
6475,1|4|5|18|22|35|48,7,4,1
6476,1|4|5|18|22|35|52|55|102,9,4,1
6477,1|4|5|18|24|63|72,7,24,1
6478,1|4|5|18|25|35|48|63|72,9,4,1
6479,1|4|5|18|34|35|43|49|55|102,10,4,1
6480,1|4|5|18|35|37|41|48|52|55|100|102,12,4,1
6481,1|4|5|35|37|38,6,38,1
6482,1|4|5|35|37|41|43|52|55|102,10,4,1
6483,1|4|5|35|37|52|80|83,8,4,1
6484,1|4|5|35|37|55|62|75|97|118,10,4,1
6485,1|4|5|35|38|48|52,7,38,1
6486,1|4|5|35|40|43,6,40,1
6487,1|4|5|35|41,5,4,1
6488,1|4|5|35|41|43,6,4,1
6489,1|4|5|35|42|48|49,7,4,1
6490,1|4|5|35|43|48,6,4,1
6491,1|4|5|35|43|52,6,4,1
6492,1|4|5|35|43|55|58,7,4,1
6493,1|4|5|35|48|52,6,4,1
6494,1|4|5|35|48|52|55|62|77|97,10,4,1
6495,1|4|5|35|48|52|55|102,8,4,1
6496,1|4|5|35|48|55|62,7,4,1
6497,1|4|5|35|48|55|77|97|102,9,4,1
6498,1|4|5|35|48|77|97,7,4,1
6499,1|4|5|35|49|52|55|102,8,4,1
6500,1|4|5|35|52|55|62,7,4,1
6501,1|4|5|35|55|101|102,7,4,1
6502,1|4|5|55|63|69|102,7,69,1
6503,1|4|5|55|63|70|102,7,4,1
6504,1|4|5|55|76|77|97|102|111,9,4,1
6505,1|4|5|55|76|97|102|111,8,4,1
6506,1|4|5|63|67,5,67,1
6507,1|4|5|63|69|80|81,7,69,1
6508,1|4|5|63|70,5,4,1
6509,1|4|5|79,4,4,1
6510,1|4|5|84|86,5,86,1
6511,1|4|5|91|96,5,91,1
6512,1|4|6|8|9|35|55|63|72|101|102,11,9,1
6513,1|4|6|8|10|35|43,7,10,1
6514,1|4|6|8|18|22|35|48|55|63|72|80|81|102,14,4,1
6515,1|4|6|8|35|37|43|52|55|58|62,11,4,1
6516,1|4|6|8|35|37|55|102,8,4,1
6517,1|4|6|8|35|41|55|58,8,4,1
6518,1|4|6|8|35|43|48|63|72,9,4,1
6519,1|4|6|8|35|43|52,7,4,1
6520,1|4|6|8|35|43|55|62|63|72,10,4,1
6521,1|4|6|8|35|43|55|102,8,4,1
6522,1|4|6|8|35|43|63|70|72,9,4,1
6523,1|4|6|8|35|48|55|102,8,4,1
6524,1|4|6|8|35|48|63|72,8,4,1
6525,1|4|6|8|35|48|63|72|80|81,10,4,1
6526,1|4|6|8|35|49|55|102,8,4,1
6527,1|4|6|8|35|52,6,4,1
6528,1|4|6|8|55|58|63|72,8,4,1
6529,1|4|6|8|55|62|63|70|71,9,71,1
6530,1|4|6|8|55|62|63|72,8,4,1
6531,1|4|6|8|55|77|97|102,8,4,1
6532,1|4|6|8|55|80|81|83|102,9,4,1
6533,1|4|6|8|63|72|77|97,8,4,1
6534,1|4|6|8|76|97|111,7,4,1
6535,1|4|6|8|80|81,6,4,1
6536,1|4|6|8|84|86,6,86,1
6537,1|4|6|9|10,5,10,1
6538,1|4|6|9|35|52|55|62,8,9,1
6539,1|4|6|9|55|63|72|80|81|102,10,9,1
6540,1|4|6|9|63|72,6,9,1
6541,1|4|6|9|80|81,6,9,1
6542,1|4|6|9|80|83,6,9,1
6543,1|4|6|10|18|19|63|72,8,10,1
6544,1|4|6|10|35|37,6,10,1
6545,1|4|6|10|35|43|52,7,10,1
6546,1|4|6|10|55|62,6,10,1
6547,1|4|6|10|55|62|63|72,8,10,1
6548,1|4|6|10|63|69,6,10,1
6549,1|4|6|10|63|70,6,10,1
6550,1|4|6|10|63|71,6,71,1
6551,1|4|6|10|63|72|76|97|111,9,10,1
6552,1|4|6|10|84|86,6,86,1
6553,1|4|6|11,4,11,1
6554,1|4|6|13|14,5,14,1
6555,1|4|6|13|14|18|20|35|37|63|72|79,12,14,1
6556,1|4|6|13|14|35|37|55|62,9,14,1
6557,1|4|6|13|14|55|102,7,14,1
6558,1|4|6|13|14|63|72,7,14,1
6559,1|4|6|18|19|35|48|52|55|63|72|102,12,4,1
6560,1|4|6|18|19|35|48|55|102,9,4,1
6561,1|4|6|18|19|35|52|63|72,9,4,1
6562,1|4|6|18|19|55|62|63|72|76|97|111,12,4,1
6563,1|4|6|18|19|55|102,7,4,1
6564,1|4|6|18|20|35|37|55|102,9,4,1
6565,1|4|6|18|21|34|80|81,8,21,1
6566,1|4|6|18|23|35|37|42|49|55|102,11,23,1
6567,1|4|6|18|23|55|62,7,23,1
6568,1|4|6|18|32|63|72,7,32,1
6569,1|4|6|35|37|48|54|55|58|63|72,11,4,1
6570,1|4|6|35|37|55|62|63|71,9,71,1
6571,1|4|6|35|37|55|102,7,4,1
6572,1|4|6|35|40|55|102,7,40,1
6573,1|4|6|35|43|48|52|54|55|58|62,11,4,1
6574,1|4|6|35|43|52,6,4,1
6575,1|4|6|35|43|55|62,7,4,1
6576,1|4|6|35|43|55|63|70|80|83|102,11,4,1
6577,1|4|6|35|48|52|63|72,8,4,1
6578,1|4|6|35|48|55|62,7,4,1
6579,1|4|6|35|48|55|62|63|72,9,4,1
6580,1|4|6|35|48|63|72,7,4,1
6581,1|4|6|35|52|63|72,7,4,1
6582,1|4|6|35|63|72|76|97|101|111,10,4,1
6583,1|4|6|35|101,5,4,1
6584,1|4|6|54|55|62,6,4,1
6585,1|4|6|54|55|102,6,4,1
6586,1|4|6|54|63|70,6,4,1
6587,1|4|6|54|80|81,6,4,1
6588,1|4|6|55|62|63|69|80|83,9,69,1
6589,1|4|6|55|62|63|72,7,4,1
6590,1|4|6|55|62|80|81,7,4,1
6591,1|4|6|55|63|71|102,7,71,1
6592,1|4|6|55|63|72|84|86|102,9,86,1
6593,1|4|6|63|70|76|97|111,8,4,1
6594,1|4|6|63|71,5,71,1
6595,1|4|6|63|71|72,6,71,1
6596,1|4|6|76|77|97|111,7,4,1
6597,1|4|6|76|97|107|111,7,4,1
6598,1|4|6|80|83,5,4,1
6599,1|4|6|84|86,5,86,1
6600,1|4|6|89|90|96,6,89,1
6601,1|4|8|10|35|48|55|76|77|97|102|111,12,10,1
6602,1|4|8|10|55|62|63|70,8,10,1
6603,1|4|8|10|55|102,6,10,1
6604,1|4|8|10|63|70,6,10,1
6605,1|4|8|18|19|35|55|63|72|101|102,11,4,1
6606,1|4|8|18|20|35|42,7,4,1
6607,1|4|8|18|20|55|63|72|102,9,4,1
6608,1|4|8|18|20|63|72,7,4,1
6609,1|4|8|18|22|35|52|55|102,9,4,1
6610,1|4|8|18|22|55|102,7,4,1
6611,1|4|8|18|34|35|37|55|102,9,4,1
6612,1|4|8|35|36,5,36,1
6613,1|4|8|35|37,5,4,1
6614,1|4|8|35|37|43|52|54|55|62|80|83,12,4,1
6615,1|4|8|35|37|79|80|83,8,4,1
6616,1|4|8|35|41,5,4,1
6617,1|4|8|35|41|43|48|49|52|55|102,11,4,1
6618,1|4|8|35|41|54|55|58|62,9,4,1
6619,1|4|8|35|43|55|62,7,4,1
6620,1|4|8|35|43|55|62|63|72,9,4,1
6621,1|4|8|35|43|55|63|72|102,9,4,1
6622,1|4|8|35|48|52|63|72,8,4,1
6623,1|4|8|35|48|55|102,7,4,1
6624,1|4|8|35|48|63|72,7,4,1
6625,1|4|8|35|49,5,4,1
6626,1|4|8|35|52,5,4,1
6627,1|4|8|35|52|55|102,7,4,1
6628,1|4|8|35|63|72|101,7,4,1
6629,1|4|8|55|62|63|69,7,69,1
6630,1|4|8|55|62|63|70,7,4,1
6631,1|4|8|55|62|63|72|80|81,9,4,1
6632,1|4|8|55|62|63|72|80|83,9,4,1
6633,1|4|8|63|72|80|81,7,4,1
6634,1|4|8|80|83,5,4,1
6635,1|4|8|84|86,5,86,1
6636,1|4|9|18|35|41|55|100|102,9,9,1
6637,1|4|9|35|41|55|62|63|69,9,69,1
6638,1|4|9|35|43|52,6,9,1
6639,1|4|9|35|48,5,9,1
6640,1|4|9|35|48|49|52,7,9,1
6641,1|4|9|55|62,5,9,1
6642,1|4|9|55|63|70|102,7,9,1
6643,1|4|9|63|70,5,9,1
6644,1|4|9|76|97|111,6,9,1
6645,1|4|9|80|83,5,9,1
6646,1|4|10|35|37,5,10,1
6647,1|4|10|35|37|55|62|63|72,9,10,1
6648,1|4|10|35|43|49,6,10,1
6649,1|4|10|35|43|54|55|58,8,10,1
6650,1|4|10|35|43|55|76|97|102|111,10,10,1
6651,1|4|10|35|52,5,10,1
6652,1|4|10|35|52|80|81,7,10,1
6653,1|4|10|54,4,10,1
6654,1|4|10|54|55|57,6,10,1
6655,1|4|10|54|55|63|70|72|102,9,10,1
6656,1|4|10|54|55|102,6,10,1
6657,1|4|10|55|62|63|72,7,10,1
6658,1|4|10|55|62|80|81,7,10,1
6659,1|4|10|55|63|70|102,7,10,1
6660,1|4|10|63|72|80|81,7,10,1
6661,1|4|10|76|97|111,6,10,1
6662,1|4|10|77|97,5,10,1
6663,1|4|10|80|82,5,82,1
6664,1|4|11,3,11,1
6665,1|4|11|63|72,5,11,1
6666,1|4|12|76|97|111,6,12,1
6667,1|4|12|80|81,5,12,1
6668,1|4|13|14|18|20|55|62|63|72,10,14,1
6669,1|4|13|14|18|22|34|55|102,9,14,1
6670,1|4|13|14|18|25|35|48|55|102,10,14,1
6671,1|4|13|14|18|55|63|71|100|102,10,71,1
6672,1|4|13|14|35|37,6,14,1
6673,1|4|13|14|55|62,6,14,1
6674,1|4|13|14|55|63|72|102,8,14,1
6675,1|4|13|14|80|83,6,14,1
6676,1|4|13|14|95|96,6,14,1
6677,1|4|18|19|20|22|35|42|43|47|48|55|63|72|102,15,47,1
6678,1|4|18|19|20|34|35|42|63|72,10,4,1
6679,1|4|18|19|22|35|41|77|97,9,4,1
6680,1|4|18|19|22|35|43|55|62|63|72,11,4,1
6681,1|4|18|19|22|55|63|72|102,9,4,1
6682,1|4|18|19|23|34|35|55|63|72|101|102,12,23,1
6683,1|4|18|19|24|35|52,7,24,1
6684,1|4|18|19|29|35|43|55|63|72|102,11,29,1
6685,1|4|18|19|34|35|41|42|48|52|55|63|72|84|85|102,16,85,1
6686,1|4|18|19|34|35|42|52|63|72,10,4,1
6687,1|4|18|19|35|37|63|72,8,4,1
6688,1|4|18|19|35|41|63|72,8,4,1
6689,1|4|18|19|35|43|63|72,8,4,1
6690,1|4|18|19|35|48|55|63|72|102,10,4,1
6691,1|4|18|19|35|52,6,4,1
6692,1|4|18|19|35|52|63|72,8,4,1
6693,1|4|18|19|35|52|63|72|80|81,10,4,1
6694,1|4|18|19|35|63|72|101,8,4,1
6695,1|4|18|19|54|55|63|72|102,9,4,1
6696,1|4|18|19|55|63|69|72|102,9,69,1
6697,1|4|18|19|55|63|72|77|97|102,10,4,1
6698,1|4|18|19|63|70|72,7,4,1
6699,1|4|18|19|63|72|80|81,8,4,1
6700,1|4|18|20|21|22|23|34|35|38|48|63|72,13,38,1
6701,1|4|18|20|24|34|35|42|52|55|63|72|102,13,24,1
6702,1|4|18|20|24|35|37|48|55|63|72|102,12,24,1
6703,1|4|18|20|24|54|63|72,8,24,1
6704,1|4|18|20|34|35|38|40|55|63|72|102,12,40,1
6705,1|4|18|20|34|35|41|48|63|72,10,4,1
6706,1|4|18|20|35|37|48|52|55|62|63|72,12,4,1
6707,1|4|18|20|35|37|48|63|72,9,4,1
6708,1|4|18|20|35|37|52|55|62|63|72,11,4,1
6709,1|4|18|20|35|43,6,4,1
6710,1|4|18|20|35|43|48|55|63|72|102,11,4,1
6711,1|4|18|20|35|43|55|63|72|102,10,4,1
6712,1|4|18|20|35|48|55|63|72|102,10,4,1
6713,1|4|18|20|35|52|55|62,8,4,1
6714,1|4|18|20|35|52|55|63|72|102,10,4,1
6715,1|4|18|20|35|52|63|72,8,4,1
6716,1|4|18|20|54|55|63|72|102,9,4,1
6717,1|4|18|20|63|72|80|81,8,4,1
6718,1|4|18|21|35|48|63|72,8,21,1
6719,1|4|18|21|55|102,6,21,1
6720,1|4|18|22|23|29|34|35|42|55|62,11,23,1
6721,1|4|18|22|23|29|35|48|52|55|62,11,23,1
6722,1|4|18|22|35|37|43|48|55|80|83|102,12,4,1
6723,1|4|18|22|35|43,6,4,1
6724,1|4|18|22|35|55|101|102,8,4,1
6725,1|4|18|22|55|102,6,4,1
6726,1|4|18|22|63|69|80|81,8,69,1
6727,1|4|18|23|34|35|55|62|77|97|101,11,23,1
6728,1|4|18|23|35|48|52,7,23,1
6729,1|4|18|23|35|48|55|62,8,23,1
6730,1|4|18|23|35|48|55|102,8,23,1
6731,1|4|18|23|35|52,6,23,1
6732,1|4|18|23|35|52|55|102,8,23,1
6733,1|4|18|23|54|55|58|63|70,9,23,1
6734,1|4|18|24,4,24,1
6735,1|4|18|24|35|43|48|55|102,9,24,1
6736,1|4|18|25|35|48|55|102,8,4,1
6737,1|4|18|25|55|102,6,4,1
6738,1|4|18|25|63|72,6,4,1
6739,1|4|18|27|35|52,6,27,1
6740,1|4|18|28|35|43,6,28,1
6741,1|4|18|29|34|35|40|41|42|52|55|63|72|102,14,40,1
6742,1|4|18|29|63|72,6,29,1
6743,1|4|18|30|35|52|55|102,8,30,1
6744,1|4|18|34|35|37|38|48|52|55|102,11,38,1
6745,1|4|18|34|35|37|55|102,8,4,1
6746,1|4|18|34|35|41|52,7,4,1
6747,1|4|18|34|35|41|52|55|63|70|72|102,12,4,1
6748,1|4|18|34|35|41|55|63|72|102,10,4,1
6749,1|4|18|34|35|42|48|49|63|72,10,4,1
6750,1|4|18|34|35|42|55|102,8,4,1
6751,1|4|18|34|35|43,6,4,1
6752,1|4|18|34|35|43|48|49|63|72,10,4,1
6753,1|4|18|34|35|43|52|55|63|72|102,11,4,1
6754,1|4|18|34|35|43|55|63|72|102,10,4,1
6755,1|4|18|34|35|48,6,4,1
6756,1|4|18|34|35|48|54|55|62,9,4,1
6757,1|4|18|34|35|48|55|102,8,4,1
6758,1|4|18|34|55|62,6,4,1
6759,1|4|18|34|55|80|81|83|102,9,4,1
6760,1|4|18|34|55|102,6,4,1
6761,1|4|18|34|63|72,6,4,1
6762,1|4|18|35|37|41|55|62|100,9,4,1
6763,1|4|18|35|41|52|100,7,4,1
6764,1|4|18|35|41|55|100|102,8,4,1
6765,1|4|18|35|41|63|72|100,8,4,1
6766,1|4|18|35|41|100,6,4,1
6767,1|4|35|37|41|48,6,4,1
6768,1|4|35|37|41|52|55|62,8,4,1
6769,1|4|35|37|41|55|62,7,4,1
6770,1|4|35|37|42|55|62,7,4,1
6771,1|4|35|37|43|52|55|62|63|70|72|79,12,4,1
6772,1|4|35|37|43|54|55|62,8,4,1
6773,1|4|35|37|43|55|62|79|80|83,10,4,1
6774,1|4|35|37|43|55|102,7,4,1
6775,1|4|35|37|43|63|72|79,8,4,1
6776,1|4|35|37|48,5,4,1
6777,1|4|35|37|52|55|62,7,4,1
6778,1|4|35|37|55|62|63|69|72|79|84|85,12,85,1
6779,1|4|35|37|55|62|63|72,8,4,1
6780,1|4|35|37|55|62|74|79|97|120|122,11,4,1
6781,1|4|35|37|55|102,6,4,1
6782,1|4|35|37|80|83,6,4,1
6783,1|4|35|39,4,39,1
6784,1|4|35|40|52,5,40,1
6785,1|4|35|41|42,5,4,1
6786,1|4|35|41|43|52|55|102,8,4,1
6787,1|4|35|41|48,5,4,1
6788,1|4|35|41|48|55|58,7,4,1
6789,1|4|35|41|49|55|62|80|81,9,4,1
6790,1|4|35|41|49|55|102,7,4,1
6791,1|4|35|41|52,5,4,1
6792,1|4|35|41|52|55|62,7,4,1
6793,1|4|35|41|52|55|102,7,4,1
6794,1|4|35|41|54,5,4,1
6795,1|4|35|41|55|62,6,4,1
6796,1|4|35|41|80|81,6,4,1
6797,1|4|35|42,4,4,1
6798,1|4|35|42|43,5,4,1
6799,1|4|35|42|48|52|63|72,8,4,1
6800,1|4|35|42|48|63|72,7,4,1
6801,1|4|35|42|80|81,6,4,1
6802,1|4|35|43|48|55|63|72|80|81|102,11,4,1
6803,1|4|35|43|48|55|80|81|102,9,4,1
6804,1|4|35|43|52|55|58|63|72,9,4,1
6805,1|4|35|43|52|55|80|81|102,9,4,1
6806,1|4|35|43|52|76|77|97,8,4,1
6807,1|4|35|43|54|55|58,7,4,1
6808,1|4|35|43|54|55|80|81|102,9,4,1
6809,1|4|35|43|54|55|102,7,4,1
6810,1|4|35|43|55|62|63|69|72,9,69,1
6811,1|4|35|43|63|70|72,7,4,1
6812,1|4|35|43|63|72|80|81,8,4,1
6813,1|4|35|43|76|97|111,7,4,1
6814,1|4|35|43|80|81,6,4,1
6815,1|4|35|43|80|83,6,4,1
6816,1|4|35|45|48|55|102,7,45,1
6817,1|4|35|47|48,5,47,1
6818,1|4|35|48|52|54,6,4,1
6819,1|4|35|48|52|54|55|62,8,4,1
6820,1|4|35|48|52|55|62,7,4,1
6821,1|4|35|48|52|55|102,7,4,1
6822,1|4|35|48|52|63|72,7,4,1
6823,1|4|35|48|54|55|58,7,4,1
6824,1|4|35|48|54|63|70,7,4,1
6825,1|4|35|48|54|63|72,7,4,1
6826,1|4|35|48|55|58|63|70,8,4,1
6827,1|4|35|48|55|62|63|72|80|81,10,4,1
6828,1|4|35|49|63|70,6,4,1
6829,1|4|35|51|84|85,6,85,1
6830,1|4|35|52|54|55|102,7,4,1
6831,1|4|35|52|55|58,6,4,1
6832,1|4|35|52|55|62,6,4,1
6833,1|4|35|52|55|63|72|102,8,4,1
6834,1|4|35|53,4,53,1
6835,1|4|35|53|55|102,6,53,1
6836,1|4|35|54|55|101|102,7,4,1
6837,1|4|35|54|101,5,4,1
6838,1|4|35|55|80|81|101|102,8,4,1
6839,1|4|35|77|97|101,6,4,1
6840,1|4|54|55|56|58|63|70,8,56,1
6841,1|4|54|55|57,5,57,1
6842,1|4|54|55|58|62,6,4,1
6843,1|4|54|55|63|70|77|97|102,9,4,1
6844,1|4|54|55|77|97|102,7,4,1
6845,1|4|55|56,4,56,1
6846,1|4|55|56|63|70,6,56,1
6847,1|4|55|58|63|70,6,4,1
6848,1|4|55|61,4,61,1
6849,1|4|55|61|63|70,6,61,1
6850,1|4|55|62|63|67,6,67,1
6851,1|4|55|62|63|69,6,69,1
6852,1|4|55|62|63|70|80|81,8,4,1
6853,1|4|55|62|63|72|80|83,8,4,1
6854,1|4|55|62|75|80|81|97|119,9,4,1
6855,1|4|55|62|75|97|118,7,4,1
6856,1|4|55|62|76|97|111,7,4,1
6857,1|4|55|62|80|81|82,7,82,1
6858,1|4|55|62|80|83,6,4,1
6859,1|4|55|62|84|85,6,85,1
6860,1|4|55|63|67|102,6,67,1
6861,1|4|55|63|69|80|81|102,8,69,1
6862,1|4|55|63|69|102,6,69,1
6863,1|4|55|63|70|72|102,7,4,1
6864,1|4|55|63|71|102,6,71,1
6865,1|4|55|77|97|102,6,4,1
6866,1|4|55|80|81|102,6,4,1
6867,1|4|55|94|96|102,6,94,1
6868,1|4|63|68|80|81,6,68,1
6869,1|4|63|69|72|84|85,7,85,1
6870,1|4|63|69|80|83,6,69,1
6871,1|4|63|69|84|85,6,85,1
6872,1|4|63|70|72,5,4,1
6873,1|4|63|70|72|80|81,7,4,1
6874,1|4|63|72|80|83,6,4,1
6875,1|4|76|78|97|111|127,7,4,1
6876,1|4|76|80|81|97|111,7,4,1
6877,1|4|80|81|82,5,82,1
6878,1|4|84|85|86,5,85,1
6879,1|5|6|7|8,5,7,1
6880,1|5|6|7|8|76|89|96|97|111,10,7,1
6881,1|5|6|8|9|35|48,7,9,1
6882,1|5|6|8|9|55|90|96|102,9,90,1
6883,1|5|6|8|9|63|72|89|96,9,89,1
6884,1|5|6|8|9|76|97|107|111,9,9,1
6885,1|5|6|8|9|80|83,7,9,1
6886,1|5|6|8|9|90|91|96,8,90,1
6887,1|5|6|8|10|35|43,7,10,1
6888,1|5|6|8|10|55|102,7,10,1
6889,1|5|6|8|10|63|72|80|83,9,10,1
6890,1|5|6|8|13|14|18|19|20|21|25|34|35|48|52|63|72,17,14,1
6891,1|5|6|8|18|19|35|43|48|52|55|63|72|102,14,6,1
6892,1|5|6|8|18|19|35|52|55|63|72|102,12,6,1
6893,1|5|6|8|18|19|63|72,8,6,1
6894,1|5|6|8|18|20|22|29|32|34|35|41|48|52|77|97,16,32,1
6895,1|5|6|8|18|20|29|34|35|40|41|52|55|63|72|102,16,40,1
6896,1|5|6|8|18|20|55|102,8,6,1
6897,1|5|6|8|18|20|63|72,8,6,1
6898,1|5|6|8|18|22|35|43|55|102,10,22,1
6899,1|5|6|8|18|22|35|48|55|102,10,22,1
6900,1|5|6|8|18|25|35|37|52|63|72|77|97,13,25,1
6901,1|5|6|8|18|25|63|69|72,9,69,1
6902,1|5|6|8|18|34|35|41|43|48|52|55|77|97|102,15,6,1
6903,1|5|6|8|18|34|35|52|77|97,10,6,1
6904,1|5|6|8|18|35|41|100,8,6,1
6905,1|5|6|8|35|36,6,36,1
6906,1|5|6|8|35|37,6,6,1
6907,1|5|6|8|35|37|79|80|83,9,6,1
6908,1|5|6|8|35|41|43,7,6,1
6909,1|5|6|8|35|41|43|54|55|62|80|83,12,6,1
6910,1|5|6|8|35|41|55|102,8,6,1
6911,1|5|6|8|35|42|55|62,8,6,1
6912,1|5|6|8|35|43|55|63|72|102,10,6,1
6913,1|5|6|8|35|43|63|72,8,6,1
6914,1|5|6|8|35|43|74|80|83|97|120|122,12,6,1
6915,1|5|6|8|35|43|80|83,8,6,1
6916,1|5|6|8|35|43|89|96,8,89,1
6917,1|5|6|8|35|48|52,7,6,1
6918,1|5|6|8|35|48|52|55|62,9,6,1
6919,1|5|6|8|35|48|63|72|80|82,10,82,1
6920,1|5|6|8|35|49|52,7,49,1
6921,1|5|6|8|35|52|55|62|63|72,10,6,1
6922,1|5|6|8|35|52|63|72,8,6,1
6923,1|5|6|8|35|55|62|63|72|101,10,6,1
6924,1|5|6|8|55|62|63|71|72|80|83,11,71,1
6925,1|5|6|8|55|62|63|72,8,6,1
6926,1|5|6|8|55|62|63|72|80|83,10,6,1
6927,1|5|6|8|55|63|72|80|81|102,10,6,1
6928,1|5|6|8|55|76|77|97|102|111,10,6,1
6929,1|5|6|8|55|76|97|102|111,9,6,1
6930,1|5|6|8|55|80|81|102,8,6,1
6931,1|5|6|8|63|70,6,6,1
6932,1|5|6|8|63|72|80|81,8,6,1
6933,1|5|6|8|63|72|80|83,8,6,1
6934,1|5|6|8|76|97|107|111,8,6,1
6935,1|5|6|8|77|97,6,6,1
6936,1|5|6|8|79|80|83,7,6,1
6937,1|5|6|8|84|85,6,85,1
6938,1|5|6|8|93|96,6,93,1
6939,1|5|6|9|10|63|72,7,10,1
6940,1|5|6|9|13|14|18|35|41|55|62|100,12,9,1
6941,1|5|6|9|13|14|63|72,8,9,1
6942,1|5|6|9|18|20|55|63|72|102,10,9,1
6943,1|5|6|9|35|37|55|62,8,9,1
6944,1|5|6|9|35|37|55|62|80|83,10,9,1
6945,1|5|6|9|35|43,6,9,1
6946,1|5|6|9|35|48,6,9,1
6947,1|5|6|9|35|52,6,9,1
6948,1|5|6|9|35|52|55|63|71|72|102,11,71,1
6949,1|5|6|9|55|62,6,9,1
6950,1|5|6|9|55|62|63|70,8,9,1
6951,1|5|6|9|55|62|89|96,8,89,1
6952,1|5|6|9|63|67|91|96,8,91,1
6953,1|5|6|9|63|70|72,7,9,1
6954,1|5|6|9|79|80|83,7,9,1
6955,1|5|6|9|80|81,6,9,1
6956,1|5|6|9|80|83,6,9,1
6957,1|5|6|9|89|96,6,89,1
6958,1|5|6|10|18|34|35|52|63|72,10,10,1
6959,1|5|6|10|35|43,6,10,1
6960,1|5|6|10|35|43|55|76|77|97|102|111,12,10,1
6961,1|5|6|10|63|72,6,10,1
6962,1|5|6|10|80|81,6,10,1
6963,1|5|6|13|14,5,14,1
6964,1|5|6|13|14|35|52|55|102,9,14,1
6965,1|5|6|13|15|55|102,7,15,1
6966,1|5|6|18|19|20|34|35|48|63|72,11,6,1
6967,1|5|6|18|19|22|35|52|54|55|63|72|102,13,22,1
6968,1|5|6|18|19|35|52|63|72,9,6,1
6969,1|5|6|18|19|55|63|72|102,9,6,1
6970,1|5|6|18|20|29|35|48|55|63|72|102,12,29,1
6971,1|5|6|18|20|63|72,7,6,1
6972,1|5|6|18|21|35|48,7,21,1
6973,1|5|6|18|21|55|63|72|102,9,21,1
6974,1|5|6|18|22,5,22,1
6975,1|5|6|18|22|23|25|29|30|34|35|55|63|72|101|102,16,30,1
6976,1|5|6|18|22|35|41|43|52|55|63|72|102,13,22,1
6977,1|5|6|18|22|35|48,7,22,1
6978,1|5|6|18|22|35|48|52|55|102,10,22,1
6979,1|5|6|18|22|35|52,7,22,1
6980,1|5|6|18|23,5,23,1
6981,1|5|6|18|23|26|35|48|52|55|102,11,26,1
6982,1|5|6|18|23|34|35|48|63|72|77|97,12,23,1
6983,1|5|6|18|23|55|102,7,23,1
6984,1|5|6|18|25|63|72,7,25,1
6985,1|5|6|18|29,5,29,1
6986,1|5|6|18|29|35|43,7,29,1
6987,1|5|6|18|32|35|48|55|62,9,32,1
6988,1|5|6|18|34|35|37|49,8,49,1
6989,1|5|6|18|34|35|38|41|42|48|49|54|55|63|72|102,16,38,1
6990,1|5|6|18|34|35|41,7,6,1
6991,1|5|6|18|34|35|43|52,8,6,1
6992,1|5|6|18|34|55|62|63|72,9,6,1
6993,1|5|6|18|34|63|72,7,6,1
6994,1|5|6|35|36|43,6,36,1
6995,1|5|6|35|37|41|63|70|80|81,10,6,1
6996,1|5|6|35|37|48|52,7,6,1
6997,1|5|6|35|37|48|52|55|58,9,6,1
6998,1|5|6|35|37|55|62|63|72,9,6,1
6999,1|5|6|35|37|55|62|75|97|118,10,6,1
7000,1|5|6|35|37|55|63|72|102,9,6,1
7001,1|5|6|35|37|55|102,7,6,1
7002,1|5|6|35|40|48,6,40,1
7003,1|5|6|35|41,5,6,1
7004,1|5|6|35|41|43|63|72,8,6,1
7005,1|5|6|35|41|48|52|55|63|72|102,11,6,1
7006,1|5|6|35|41|80|81,7,6,1
7007,1|5|6|35|42,5,6,1
7008,1|5|6|35|42|48|52,7,6,1
7009,1|5|6|35|42|52|63|72,8,6,1
7010,1|5|6|35|42|84|86,7,86,1
7011,1|5|6|35|43|48,6,6,1
7012,1|5|6|35|43|49,6,49,1
7013,1|5|6|35|43|53,6,53,1
7014,1|5|6|35|43|55|62,7,6,1
7015,1|5|6|35|43|55|62|63|70,9,6,1
7016,1|5|6|35|43|55|63|69|72|102,10,69,1
7017,1|5|6|35|43|80|81,7,6,1
7018,1|5|6|35|43|84|86,7,86,1
7019,1|5|6|35|48|52|55|62,8,6,1
7020,1|5|6|35|48|52|55|102,8,6,1
7021,1|5|6|35|48|52|63|70|77|97,10,6,1
7022,1|5|6|35|48|52|63|72,8,6,1
7023,1|5|6|35|48|54|55|58,8,6,1
7024,1|5|6|35|48|55|62,7,6,1
7025,1|5|6|35|48|63|72,7,6,1
7026,1|5|6|35|48|77|97,7,6,1
7027,1|5|6|35|48|89|96,7,89,1
7028,1|5|6|35|49|55|102,7,49,1
7029,1|5|6|35|52|55|62,7,6,1
7030,1|5|6|35|55|63|70|91|96|101|102,11,91,1
7031,1|5|6|35|55|63|72|101|102,9,6,1
7032,1|5|6|35|55|101|102,7,6,1
7033,1|5|6|55|62|63|70,7,6,1
7034,1|5|6|55|62|76|77|97|107|111,10,6,1
7035,1|5|6|55|62|76|97|107,8,6,1
7036,1|5|6|55|62|76|97|111,8,6,1
7037,1|5|6|55|63|67|102,7,67,1
7038,1|5|6|55|63|69|84|85|102,9,85,1
7039,1|5|6|55|63|72|76|77|91|96|97|102|111,13,91,1
7040,1|5|6|55|63|72|76|77|97|102|111,11,6,1
7041,1|5|6|55|76|77|97|102|111,9,6,1
7042,1|5|6|63|69|70,6,69,1
7043,1|5|6|63|69|80|81,7,69,1
7044,1|5|6|63|69|80|83,7,69,1
7045,1|5|6|63|69|84|85,7,85,1
7046,1|5|6|63|70|76|97|111,8,6,1
7047,1|5|6|63|72|76|97|107,8,6,1
7048,1|5|6|63|72|76|97|111,8,6,1
7049,1|5|6|63|72|79,6,6,1
7050,1|5|6|63|72|79|80|83,8,6,1
7051,1|5|6|63|72|89|96,7,89,1
7052,1|5|6|63|72|91|96,7,91,1
7053,1|5|6|75|97|119,6,6,1
7054,1|5|6|76|77|89|96|97|111,9,89,1
7055,1|5|6|76|77|97|107,7,6,1
7056,1|5|6|76|77|97|107|111,8,6,1
7057,1|5|6|76|97|107,6,6,1
7058,1|5|6|80|83|84|86,7,86,1
7059,1|5|6|84|86|88|96,7,88,1
7060,1|5|6|84|86|89|96,7,86,1
7061,1|5|6|88|94|96,6,88,1
7062,1|5|7|8|55|62,6,7,1
7063,1|5|7|8|55|102,6,7,1
7064,1|5|7|8|76|97|111,7,7,1
7065,1|5|7|9,4,7,1
7066,1|5|7|55|62,5,7,1
7067,1|5|7|55|76|93|96|97|102|111,10,7,1
7068,1|5|7|76|97|111,6,7,1
7069,1|5|7|93|96,5,7,1
7070,1|5|8|9|18|20|35|37|63|72,10,9,1
7071,1|5|8|9|18|20|63|72,8,9,1
7072,1|5|8|9|18|22|23|35|43|48|55|102,12,9,1
7073,1|5|8|9|18|23|27|35|48,9,27,1
7074,1|5|8|9|18|23|55|102,8,9,1
7075,1|5|8|9|35|37|63|71|79,9,71,1
7076,1|5|8|9|35|43|52,7,9,1
7077,1|5|8|9|35|43|55|102,8,9,1
7078,1|5|8|9|35|48|55|62,8,9,1
7079,1|5|8|9|35|48|76|97|111,9,9,1
7080,1|5|8|9|35|52|55|62,8,9,1
7081,1|5|8|9|55|62|80|81|83,9,9,1
7082,1|5|8|9|63|70,6,9,1
7083,1|5|8|9|76|97|107|110|111,9,9,1
7084,1|5|8|9|76|97|111,7,9,1
7085,1|5|8|9|93|96,6,93,1
7086,1|5|8|10|55|63|72|80|83|102,10,10,1
7087,1|5|8|11,4,11,1
7088,1|5|8|13|14|35|48|77|97,9,14,1
7089,1|5|8|18|19|20|21|25|34|63|72,11,21,1
7090,1|5|8|18|19|20|23|25|29|34|35|42|43|48|55|58|63|72,18,23,1
7091,1|5|8|18|19|20|25|27|35|40|43|48|52|55|63|72|77|97|102,19,27,1
7092,1|5|8|18|19|34|35|52|55|62|63|72|80|81,14,19,1
7093,1|5|8|18|19|35|37|43|48|52|55|62,12,19,1
7094,1|5|8|18|19|35|43|48|63|72,10,19,1
7095,1|5|8|18|19|35|43|55|63|72|102,11,19,1
7096,1|5|8|18|19|35|48|54|63|72,10,19,1
7097,1|5|8|18|19|35|48|55|62,9,19,1
7098,1|5|8|18|19|35|48|55|63|72|102,11,19,1
7099,1|5|8|18|19|35|48|63|72,9,19,1
7100,1|5|8|18|19|35|52|55|58|63|72,11,19,1
7101,1|5|8|18|19|35|52|55|63|72|102,11,19,1
7102,1|5|8|18|19|35|52|63|72,9,19,1
7103,1|5|8|18|19|35|55|63|72|101|102,11,19,1
7104,1|5|8|18|19|63|72|80|81,9,19,1
7105,1|5|8|18|20|22|35|37|55|63|72|102,12,22,1
7106,1|5|8|18|20|23|35|48|52|55|63|72|102,13,23,1
7107,1|5|8|18|20|25|63|72,8,25,1
7108,1|5|8|18|20|35|37|52|55|63|72|80|81|102,14,20,1
7109,1|5|8|18|20|35|48|55|62|63|72,11,20,1
7110,1|5|8|18|20|77|97,7,20,1
7111,1|5|8|18|21,5,21,1
7112,1|5|8|18|21|35|48|63|72,9,21,1
7113,1|5|8|18|21|63|72,7,21,1
7114,1|5|8|18|22,5,22,1
7115,1|5|8|18|22|29|34|35|42|52|63|72,12,29,1
7116,1|5|8|18|22|29|35|48|55|63|72|102,12,29,1
7117,1|5|8|18|22|34|35|42|43|52|55|63|72|102,14,22,1
7118,1|5|8|18|22|34|35|48|52|55|102,11,22,1
7119,1|5|8|18|22|35|37|41|52,9,22,1
7120,1|5|8|18|22|35|41|42|55|102,10,22,1
7121,1|5|8|18|22|35|48|52,8,22,1
7122,1|5|8|18|23|25|35|41|42|49|55|63|72|102,14,23,1
7123,1|5|8|18|23|35|52|55|102,9,23,1
7124,1|5|8|18|23|55|63|72|102,9,23,1
7125,1|5|8|18|24|26|35|43|48|49|52,11,26,1
7126,1|5|8|18|24|35|48,7,24,1
7127,1|5|8|18|24|35|48|52,8,24,1
7128,1|5|8|18|24|55|95|96|102,9,24,1
7129,1|5|8|18|25,5,25,1
7130,1|5|8|18|25|34|35|48|49|52|63|72,12,49,1
7131,1|5|8|18|25|35|41|55|63|72|102,11,25,1
7132,1|5|8|18|25|55|63|72|102,9,25,1
7133,1|5|8|18|25|80|82,7,82,1
7134,1|5|8|18|27|34|35|42|48|49|52|63|72,13,27,1
7135,1|5|8|18|27|35|43|48|55|62,10,27,1
7136,1|5|8|18|27|35|43|48|55|62|80|83,12,27,1
7137,1|5|8|18|27|63|72,7,27,1
7138,1|5|8|18|29,5,29,1
7139,1|5|8|18|29|35|42|63|72,9,29,1
7140,1|5|8|18|29|76|97|111,8,29,1
7141,1|5|8|18|32,5,32,1
7142,1|5|8|18|34,5,8,1
7143,1|5|8|18|34|35|37,7,37,1
7144,1|5|8|18|34|35|41|55|62|63|72,11,8,1
7145,1|5|8|18|34|35|42|48|55|102,10,42,1
7146,1|5|8|18|34|35|43|48|52|55|102,11,8,1
7147,1|5|8|18|34|35|43|55|102,9,8,1
7148,1|5|8|18|34|35|43|63|72,9,8,1
7149,1|5|8|18|34|35|48,7,8,1
7150,1|5|8|18|34|35|48|52,8,8,1
7151,1|5|8|18|34|35|48|52|77|97,10,8,1
7152,1|5|8|18|34|35|48|63|72,9,8,1
7153,1|5|8|18|34|35|52,7,8,1
7154,1|5|8|18|34|35|52|55|102,9,8,1
7155,1|5|8|18|34|35|55|101|102,9,101,1
7156,1|5|8|18|35|42|48|52|55|63|72|100|102,13,100,1
7157,1|5|8|18|100,5,100,1
7158,1|5|8|35|37|41,6,37,1
7159,1|5|8|35|37|41|43|49|55|102,10,49,1
7160,1|5|8|35|37|41|55|102,8,37,1
7161,1|5|8|35|37|43|55|63|67|102,10,67,1
7162,1|5|8|35|37|49|74|97|120,9,49,1
7163,1|5|8|35|37|55|62|74|97|120|122,11,37,1
7164,1|5|8|35|37|63|72,7,37,1
7165,1|5|8|35|37|74|97|120,8,37,1
7166,1|5|8|35|37|76|77|78|97|111|132,11,37,1
7167,1|5|8|35|38,5,38,1
7168,1|5|8|35|38|42|48|49|55|102,10,38,1
7169,1|5|8|35|38|52|63|72,8,38,1
7170,1|5|8|35|39,5,39,1
7171,1|5|8|35|41|43|76|97|111,9,8,1
7172,1|5|8|35|41|48,6,8,1
7173,1|5|8|35|41|48|52|55|62,9,8,1
7174,1|5|8|35|41|52,6,8,1
7175,1|5|8|35|41|52|55|102,8,8,1
7176,1|5|8|35|41|52|63|72,8,8,1
7177,1|5|8|35|41|55|62|80|81,9,81,1
7178,1|5|8|35|41|55|63|71|72|102,10,71,1
7179,1|5|8|35|41|55|102,7,8,1
7180,1|5|8|35|42|43|52|63|72,9,42,1
7181,1|5|8|35|42|48|63|72,8,42,1
7182,1|5|8|35|42|55|80|81|102,9,81,1
7183,1|5|8|35|43|48|49,7,49,1
7184,1|5|8|35|43|48|52,7,8,1
7185,1|5|8|35|43|48|55|63|72|102,10,8,1
7186,1|5|8|35|43|48|55|80|81|102,10,81,1
7187,1|5|8|35|43|48|63|72,8,8,1
7188,1|5|8|35|43|49|52,7,49,1
7189,1|5|8|35|43|50,6,50,1
7190,1|5|8|35|43|52|55|58,8,8,1
7191,1|5|8|35|43|55|58|62|63|72,10,8,1
7192,1|5|8|35|43|55|58|80|83,9,8,1
7193,1|5|8|35|43|55|62|63|72,9,8,1
7194,1|5|8|35|43|55|63|72|102,9,8,1
7195,1|5|8|35|43|55|76|97|102|111,10,8,1
7196,1|5|8|35|43|63|70,7,70,1
7197,1|5|8|35|43|76|97|111,8,8,1
7198,1|5|8|35|43|84|86,7,86,1
7199,1|5|8|35|48|49,6,49,1
7200,1|5|8|35|48|49|52|55|58,9,49,1
7201,1|5|8|35|48|52|55|62,8,8,1
7202,1|5|8|35|48|52|63|72,8,8,1
7203,1|5|8|35|48|52|80|81,8,81,1
7204,1|5|8|35|48|80|81,7,81,1
7205,1|5|8|35|48|84|86,7,86,1
7206,1|5|8|35|49|54|55|62,8,49,1
7207,1|5|8|35|52|54|55|102,8,8,1
7208,1|5|8|35|52|55|62,7,8,1
7209,1|5|8|35|52|55|62|63|72,9,8,1
7210,1|5|8|35|53,5,53,1
7211,1|5|8|35|55|58|101,7,101,1
7212,1|5|8|35|55|62|101,7,101,1
7213,1|5|8|54|55|62,6,8,1
7214,1|5|8|54|55|63|72|102,8,8,1
7215,1|5|8|54|55|102,6,8,1
7216,1|5|8|55|58,5,8,1
7217,1|5|8|55|62|63|69|80|81,9,69,1
7218,1|5|8|55|62|79,6,8,1
7219,1|5|8|55|62|79|80|81|83,9,81,1
7220,1|5|8|55|62|79|80|83,8,8,1
7221,1|5|8|55|62|80|83,7,8,1
7222,1|5|8|55|63|70|72|102,8,70,1
7223,1|5|8|55|63|72|76|97|102|111,10,8,1
7224,1|5|8|55|63|72|80|83|102,9,8,1
7225,1|5|8|55|74|97|102|120,8,8,1
7226,1|5|8|55|80|83|102,7,8,1
7227,1|5|8|55|91|96|102,7,91,1
7228,1|5|8|55|93|96|102,7,93,1
7229,1|5|8|63|69|76|97|111,8,69,1
7230,1|5|8|63|70|71,6,71,1
7231,1|5|8|63|70|80|83,7,70,1
7232,1|5|8|63|72|76|77|97|111,9,8,1
7233,1|5|8|63|72|80|81,7,81,1
7234,1|5|8|74|75|80|83|97|112|113|120,11,8,1
7235,1|5|8|74|97|120,6,8,1
7236,1|5|8|75|97|112|113,7,8,1
7237,1|5|8|76|77|78|97|111|132,9,8,1
7238,1|5|8|76|78|97|107|111|132,9,8,1
7239,1|5|8|76|89|96|97|107,8,89,1
7240,1|5|8|76|93|96|97|111,8,93,1
7241,1|5|8|89|91|96,6,89,1
7242,1|5|8|90|96,5,90,1
7243,1|5|9|13|14|55|62,7,9,1
7244,1|5|9|13|14|55|62|80|83,9,9,1
7245,1|5|9|13|15|63|67,7,15,1
7246,1|5|9|18|19|35|52|63|69|72,10,69,1
7247,1|5|9|18|19|55|102,7,9,1
7248,1|5|9|18|20|35|48|55|58|63|72,11,9,1
7249,1|5|9|18|22,5,9,1
7250,1|5|9|18|29|55|102,7,9,1
7251,1|5|9|18|34|35|48|49|50|63|72,11,50,1
7252,1|5|9|18|34|35|49|52,8,9,1
7253,1|5|9|18|100,5,9,1
7254,1|5|9|35|37|52|54|55|62,9,9,1
7255,1|5|9|35|37|55|62,7,9,1
7256,1|5|9|35|38|55|62,7,38,1
7257,1|5|9|35|41,5,9,1
7258,1|5|9|35|42|52|63|72,8,9,1
7259,1|5|9|35|43|52,6,9,1
7260,1|5|9|35|43|55|62,7,9,1
7261,1|5|9|35|43|63|69,7,69,1
7262,1|5|9|35|48|52,6,9,1
7263,1|5|9|35|48|55|102,7,9,1
7264,1|5|9|35|49|50,6,50,1
7265,1|5|9|35|52|55|102,7,9,1
7266,1|5|9|54,4,9,1
7267,1|5|9|55|62|63|70|80|83,9,9,1
7268,1|5|9|55|62|80|83,7,9,1
7269,1|5|9|55|63|67|72|102,8,67,1
7270,1|5|9|55|63|70|102,7,9,1
7271,1|5|9|55|80|83|102,7,9,1
7272,1|5|9|55|91|96|102,7,91,1
7273,1|5|9|55|93|96|102,7,93,1
7274,1|5|9|63|67,5,67,1
7275,1|5|9|63|72|80|81,7,9,1
7276,1|5|9|74|76|97|111|120,8,9,1
7277,1|5|9|74|79|80|83|97|120,9,9,1
7278,1|5|9|76|77|97|107|111,8,9,1
7279,1|5|9|76|97|107|111,7,9,1
7280,1|5|9|78|97|132,6,9,1
7281,1|5|9|79|80|83,6,9,1
7282,1|5|9|89|91|96,6,89,1
7283,1|5|10|55|62|84|86,7,86,1
7284,1|5|10|76|97|111,6,10,1
7285,1|5|10|94|96,5,94,1
7286,1|5|11,3,11,1
7287,1|5|13|14|18|29|35|48|52|77|97,11,14,1
7288,1|5|13|14|35|52|55|62,8,14,1
7289,1|5|13|14|55|62,6,14,1
7290,1|5|13|14|55|63|72|102,8,14,1
7291,1|5|13|14|55|78|97|102|132,9,14,1
7292,1|5|13|14|55|95|96|102,8,14,1
7293,1|5|13|14|63|70,6,14,1
7294,1|5|13|14|63|71|93|96,8,93,1
7295,1|5|13|14|63|72,6,14,1
7296,1|5|13|14|77|78|97|132,8,14,1
7297,1|5|13|15|55|102,6,15,1
7298,1|5|13|16|55|102,6,16,1
7299,1|5|18|19,4,19,1
7300,1|5|18|19|20|35|37|42|48|55|63|69|72|102,14,69,1
7301,1|5|18|19|21|25|34|35|42|52|55|63|72|102,14,21,1
7302,1|5|18|19|22|34|55|62|63|72,10,22,1
7303,1|5|18|19|22|35|52|55|62|63|72,11,22,1
7304,1|5|18|19|24|34|35|41|48|55|63|69|72|102,14,69,1
7305,1|5|18|19|26|29|35|40|41|42|43|55|63|72|102,15,26,1
7306,1|5|18|19|28|35|43|55|58|63|72,11,28,1
7307,1|5|18|19|29|35|41|55|63|72|102,11,29,1
7308,1|5|18|19|34|35|41|48|55|63|72|102,12,19,1
7309,1|5|18|19|34|35|42|52|63|72,10,19,1
7310,1|5|18|19|34|35|43|55|102,9,19,1
7311,1|5|18|19|34|35|55|63|72|101|102,11,19,1
7312,1|5|18|19|35|37|41|48|55|62|63|72,12,19,1
7313,1|5|18|19|35|38|42|43|55|63|72|102,12,38,1
7314,1|5|18|19|35|43,6,19,1
7315,1|5|18|19|35|43|55|58|63|72,10,19,1
7316,1|5|18|19|35|43|55|63|72|102,10,19,1
7317,1|5|18|19|35|43|63|72,8,19,1
7318,1|5|18|19|35|48|52|55|63|72|102,11,19,1
7319,1|5|18|19|35|48|52|63|72,9,19,1
7320,1|5|18|19|35|48|55|62|63|72,10,19,1
7321,1|5|18|19|35|52|55|63|72|102,10,19,1
7322,1|5|18|19|35|52|63|72,8,19,1
7323,1|5|18|19|55|77|97|102,8,19,1
7324,1|5|18|20|21|22|29|34|35|41|55|62|63|72|95|96,16,21,1
7325,1|5|18|20|21|25|35|52|63|72,10,21,1
7326,1|5|18|20|22|29|34|35|37|41|42|55|62|63|72,15,29,1
7327,1|5|18|20|22|35|41|42|48|52|55|63|72|102,14,22,1
7328,1|5|18|20|22|35|43|48|55|63|72|102,12,22,1
7329,1|5|18|20|23|25|35|37|42|52|55|63|72|102,14,23,1
7330,1|5|18|20|25|35|42|55|63|71|72|102,12,71,1
7331,1|5|18|20|31|34|35|43|63|72,10,31,1
7332,1|5|18|20|34|35|37|41|48|52|55|63|72|102,14,20,1
7333,1|5|18|20|35|42|48|52|55|76|77|97|102|107|111,15,20,1
7334,1|5|18|20|35|42|52|55|102,9,20,1
7335,1|5|18|20|35|43|55|63|72|102,10,20,1
7336,1|5|18|20|35|48|55|62,8,20,1
7337,1|5|18|20|55|63|69|72|102,9,69,1
7338,1|5|18|20|63|69|72,7,69,1
7339,1|5|18|21,4,21,1
7340,1|5|18|21|29|34|35|37|38|55|62|63|72|80|83,15,38,1
7341,1|5|18|21|34|55|102,7,21,1
7342,1|5|18|22|23|24|34|55|102,9,24,1
7343,1|5|18|22|23|27|34|35|42|48|49|52|55|63|72|102,16,27,1
7344,1|5|18|22|23|34|35|41|43|48|55|62,12,23,1
7345,1|5|18|22|23|35|52|55|102,9,23,1
7346,1|5|18|22|24|35|48|55|77|97|102,11,24,1
7347,1|5|18|22|29|35|43|63|72,9,29,1
7348,1|5|18|22|34|77|97,7,22,1
7349,1|5|18|22|35|37|41|55|63|69|102,11,69,1
7350,1|5|18|22|35|41|48|52|55|77|97|102,12,22,1
7351,1|5|18|22|35|47|55|102,8,47,1
7352,1|5|18|22|35|48,6,22,1
7353,1|5|18|22|35|48|52|55|62,9,22,1
7354,1|5|18|22|35|48|55|63|70|77|97|102,12,22,1
7355,1|5|18|22|35|48|55|63|72|102,10,22,1
7356,1|5|18|22|35|48|63|72,8,22,1
7357,1|5|18|22|55|62,6,22,1
7358,1|5|18|22|55|95|96|102,8,95,1
7359,1|5|18|22|84|85,6,85,1
7360,1|5|18|23|29,5,23,1
7361,1|5|18|23|35|37|52|55|63|72|102,11,23,1
7362,1|5|18|23|35|43,6,23,1
7363,1|5|18|23|35|43|48|55|58,9,23,1
7364,1|5|18|23|35|52,6,23,1
7365,1|5|18|23|35|52|55|102,8,23,1
7366,1|5|18|23|35|101,6,23,1
7367,1|5|18|24,4,24,1
7368,1|5|18|24|35|42|55|63|72|102,10,24,1
7369,1|5|18|24|35|43|55|102,8,24,1
7370,1|5|18|24|35|48|55|63|72|102,10,24,1
7371,1|5|18|24|89|96,6,89,1
7372,1|5|18|25|35|43|63|72,8,25,1
7373,1|5|18|25|35|48|52,7,25,1
7374,1|5|18|25|35|48|52|55|63|72|102,11,25,1
7375,1|5|18|25|35|52|55|62,8,25,1
7376,1|5|18|25|35|52|63|72,8,25,1
7377,1|5|18|25|55|63|72|95|96|102,10,95,1
7378,1|5|18|25|55|63|72|102,8,25,1
7379,1|5|18|26,4,26,1
7380,1|5|18|26|55|102,6,26,1
7381,1|5|18|27|55|102,6,27,1
7382,1|5|18|28,4,28,1
7383,1|5|18|28|35|48|52,7,28,1
7384,1|5|18|28|35|48|55|102,8,28,1
7385,1|5|18|28|35|49|55|102,8,28,1
7386,1|5|18|28|55|80|83|102,8,28,1
7387,1|5|18|29|34|35|40|41|42|43|48|52|55|63|72|77|97|102,18,40,1
7388,1|5|18|29|35|42|43|48|52|55|62|77|97,13,29,1
7389,1|5|18|29|35|45,6,45,1
7390,1|5|18|29|35|55|63|72|80|81|101|102,12,29,1
7391,1|5|18|29|55|62,6,29,1
7392,1|5|18|30|34|35|48|55|95|96|102,11,30,1
7393,1|5|18|31,4,31,1
7394,1|5|18|31|35|48|55|63|72|102,10,31,1
7395,1|5|18|31|55|102,6,31,1
7396,1|5|18|32|35|48|55|102,8,32,1
7397,1|5|18|32|55|102,6,32,1
7398,1|5|18|34|35|37|41|52|55|102,10,37,1
7399,1|5|18|34|35|40|41|48|52|55|102,11,40,1
7400,1|5|18|34|35|41,6,5,1
7401,1|5|18|34|35|41|49|55|102,9,49,1
7402,1|5|18|34|35|41|55|63|72|102,10,5,1
7403,1|5|18|34|35|42|52|63|72,9,42,1
7404,1|5|18|34|35|43,6,5,1
7405,1|5|18|34|35|43|48|55|102,9,5,1
7406,1|5|18|34|35|44|52|55|102,9,44,1
7407,1|5|18|34|35|48,6,5,1
7408,1|5|18|34|35|48|52|55|63|70|102,11,70,1
7409,1|5|18|34|35|48|52|55|102,9,5,1
7410,1|5|18|34|35|48|55|102,8,5,1
7411,1|5|18|34|35|49|55|102,8,49,1
7412,1|5|18|34|35|52,6,5,1
7413,1|5|18|34|35|55|101|102,8,101,1
7414,1|5|18|34|35|101,6,101,1
7415,1|5|18|34|55|63|72|102,8,5,1
7416,1|5|18|35|36|37|41|55|100|102,10,36,1
7417,1|5|18|35|37|52|55|100|102,9,100,1
7418,1|5|18|35|41|42|52|55|100|102,10,100,1
7419,1|5|18|35|41|52|55|77|97|100|102,11,100,1
7420,1|5|18|35|41|55|100|102,8,100,1
7421,1|5|18|35|42|43|48|52|55|63|72|100|102,13,100,1
7422,1|5|18|35|48|52|100,7,100,1
7423,1|5|18|100,4,100,1
7424,1|5|35|36,4,36,1
7425,1|5|35|37|39,5,39,1
7426,1|5|35|37|40|42|55|63|72|102,10,40,1
7427,1|5|35|37|41|52,6,37,1
7428,1|5|35|37|41|55|62|74|75|79|95|96|97|112|113|120,16,95,1
7429,1|5|35|37|41|55|102,7,37,1
7430,1|5|35|37|43|55|102,7,37,1
7431,1|5|35|37|48|52,6,37,1
7432,1|5|35|37|54|55|58|63|70,9,70,1
7433,1|5|35|37|55|63|72|102,8,37,1
7434,1|5|35|37|63|72,6,37,1
7435,1|5|35|37|74|97|120,7,37,1
7436,1|5|35|37|79,5,37,1
7437,1|5|35|37|79|80|83,7,37,1
7438,1|5|35|38|43,5,38,1
7439,1|5|35|38|48,5,38,1
7440,1|5|35|38|55|102,6,38,1
7441,1|5|35|40|43|48|52,7,40,1
7442,1|5|35|41|42|55|63|72|102,9,42,1
7443,1|5|35|41|42|55|102,7,42,1
7444,1|5|35|41|43,5,5,1
7445,1|5|35|41|43|48|52|55|102,9,5,1
7446,1|5|35|41|43|52,6,5,1
7447,1|5|35|41|48,5,5,1
7448,1|5|35|41|48|55|102,7,5,1
7449,1|5|35|41|48|63|72,7,5,1
7450,1|5|35|41|48|77|97,7,5,1
7451,1|5|35|41|55|62,6,5,1
7452,1|5|35|41|55|63|72|102,8,5,1
7453,1|5|35|42|43,5,42,1
7454,1|5|35|42|43|48|49|52|55|63|72|77|97|102,14,49,1
7455,1|5|35|42|48,5,42,1
7456,1|5|35|42|48|55|77|97|102,9,42,1
7457,1|5|35|42|49,5,49,1
7458,1|5|35|42|52,5,42,1
7459,1|5|35|42|55|102,6,42,1
7460,1|5|35|43|48|52|55|102,8,5,1
7461,1|5|35|43|49|52,6,49,1
7462,1|5|35|43|49|55|102,7,49,1
7463,1|5|35|43|50,5,50,1
7464,1|5|35|43|52|55|58|62,8,58,1
7465,1|5|35|43|52|55|62,7,5,1
7466,1|5|35|43|52|63|72,7,5,1
7467,1|5|35|43|52|76|97|111,8,5,1
7468,1|5|35|43|53,5,53,1
7469,1|5|35|43|54,5,5,1
7470,1|5|35|43|54|63|70,7,70,1
7471,1|5|35|43|55|62|76|97|111,9,5,1
7472,1|5|35|43|55|62|80|81,8,81,1
7473,1|5|35|43|55|76|97|102|111,9,5,1
7474,1|5|35|43|76|97|107|111,8,5,1
7475,1|5|35|43|76|97|111,7,5,1
7476,1|5|35|43|77|97,6,5,1
7477,1|5|35|43|91|96,6,91,1
7478,1|5|35|45,4,45,1
7479,1|5|35|48|49|52|55|102,8,49,1
7480,1|5|35|48|52|54|55|62,8,5,1
7481,1|5|35|48|52|55|62|77|97,9,5,1
7482,1|5|35|48|52|80|83,7,5,1
7483,1|5|35|48|54|55|77|97|102,9,5,1
7484,1|5|35|48|54|55|80|81|102,9,81,1
7485,1|5|35|48|54|55|102,7,5,1
7486,1|5|35|48|55|63|72|102,8,5,1
7487,1|5|35|48|55|76|77|97|102|107|111,11,5,1
7488,1|5|35|48|78|97|132,7,5,1
7489,1|5|35|50,4,50,1
7490,1|5|35|52|55|62,6,5,1
7491,1|5|35|52|63|72,6,5,1
7492,1|5|35|52|77|97,6,5,1
7493,1|5|35|53,4,53,1
7494,1|5|35|63|72|101,6,101,1
7495,1|5|35|77|97|101,6,101,1
7496,1|5|54|55|102,5,5,1
7497,1|5|55|58,4,58,1
7498,1|5|55|61,4,61,1
7499,1|5|55|62|63|70,6,70,1
7500,1|5|55|62|63|70|95|96,8,95,1
7501,1|5|55|62|63|72|79,7,79,1
7502,1|5|55|62|76|77|97|107,8,5,1
7503,1|5|55|62|76|77|97|107|111,9,5,1
7504,1|5|55|62|76|97|107,7,5,1
7505,1|5|55|62|77|97,6,5,1
7506,1|5|55|62|79,5,79,1
7507,1|5|55|62|79|80|83,7,79,1
7508,1|5|55|62|91|96,6,91,1
7509,1|5|55|62|95|96,6,95,1
7510,1|5|55|63|71|78|97|102|132,9,71,1
7511,1|5|55|63|72|95|96|102,8,95,1
7512,1|5|55|75|97|102|112|114,8,114,1
7513,1|5|55|76|77|97|102|107,8,5,1
7514,1|5|55|76|78|97|102|111|127,9,127,1
7515,1|5|55|76|80|83|97|102|111,9,5,1
7516,1|5|55|76|97|102|107|111,8,5,1
7517,1|5|55|78|97|102|132,7,5,1
7518,1|5|55|79|80|83|102,7,79,1
7519,1|5|55|79|102,5,79,1
7520,1|5|55|80|81|95|96|102,8,95,1
7521,1|5|55|80|81|102,6,81,1
7522,1|5|55|89|96|102,6,89,1
7523,1|5|55|90|96|102,6,90,1
7524,1|5|63|67|91|96,6,91,1
7525,1|5|63|69|71,5,71,1
7526,1|5|63|69|72,5,69,1
7527,1|5|63|70|72,5,70,1
7528,1|5|63|70|76|97|107,7,70,1
7529,1|5|63|70|76|97|111,7,70,1
7530,1|5|63|70|77|97,6,70,1
7531,1|5|63|70|80|81,6,70,1
7532,1|5|63|72|76|77|97|111,8,5,1
7533,1|5|63|72|80|83,6,5,1
7534,1|5|63|72|89|96,6,89,1
7535,1|5|63|103,4,103,1
7536,1|5|75|97|119,5,5,1
7537,1|5|76|77|78|97|107|127|132,9,127,1
7538,1|5|76|77|78|97|111|132,8,5,1
7539,1|5|76|78|97|111|127,7,127,1
7540,1|5|76|78|97|111|132,7,5,1
7541,1|5|76|97|110,5,110,1
7542,1|5|80|81|83,5,81,1
7543,1|5|80|83|84|85,6,85,1
7544,1|5|84|85|86,5,85,1
7545,1|5|89|90|96,5,89,1
7546,1|5|89|93|96,5,93,1
7547,1|5|89|94|96,5,94,1
7548,1|5|90|91|96,5,90,1
7549,1|5|90|93|96,5,93,1
7550,1|5|90|95|96,5,90,1
7551,1|5|91|95|96,5,91,1
7552,1|6|8|9|10|63|72,7,10,1
7553,1|6|8|9|55|76|78|97|102|107|132,11,9,1
7554,1|6|8|10|18|25|35|42|63|72,10,10,1
7555,1|6|8|10|35|48,6,10,1
7556,1|6|8|10|35|49|63|72,8,10,1
7557,1|6|8|10|35|101,6,10,1
7558,1|6|8|10|55|62,6,10,1
7559,1|6|8|10|76|80|81|97|111,9,10,1
7560,1|6|8|10|80|81|82|84|86,9,86,1
7561,1|6|8|10|84|86,6,86,1
7562,1|6|8|13|14|55|62,7,14,1
7563,1|6|8|18|19|35|48|55|63|72|102,11,6,1
7564,1|6|8|18|19|55|62|63|72,9,6,1
7565,1|6|8|18|21|35|36|42|55|62|74|97|120,13,36,1
7566,1|6|8|18|21|35|37|41|48|52|55|62|74|77|97|120,16,21,1
7567,1|6|8|18|21|63|72,7,21,1
7568,1|6|8|18|21|80|81,7,21,1
7569,1|6|8|18|22|23|34|35|52|55|102,11,23,1
7570,1|6|8|18|22|35|52|55|102,9,22,1
7571,1|6|8|18|24|35|48|52,8,24,1
7572,1|6|8|18|27,5,27,1
7573,1|6|8|18|28,5,28,1
7574,1|6|8|18|34|35|52,7,6,1
7575,1|6|8|18|35|41|55|63|71|72|100|102,12,71,1
7576,1|6|8|35|37|38|41|55|62|77|97,11,38,1
7577,1|6|8|35|37|43|63|72,8,6,1
7578,1|6|8|35|43|48,6,6,1
7579,1|6|8|35|43|52,6,6,1
7580,1|6|8|35|43|55|63|72|102,9,6,1
7581,1|6|8|35|43|63|72|77|97,9,6,1
7582,1|6|8|35|48|52,6,6,1
7583,1|6|8|35|48|52|77|97,8,6,1
7584,1|6|8|35|48|55|63|72|102,9,6,1
7585,1|6|8|35|48|77|97,7,6,1
7586,1|6|8|35|49,5,49,1
7587,1|6|8|35|52,5,6,1
7588,1|6|8|35|52|55|58,7,6,1
7589,1|6|8|35|52|55|62|63|72,9,6,1
7590,1|6|8|35|52|55|102,7,6,1
7591,1|6|8|35|52|63|72,7,6,1
7592,1|6|8|35|63|72|101,7,6,1
7593,1|6|8|35|101,5,6,1
7594,1|6|8|54,4,6,1
7595,1|6|8|54|55|102,6,6,1
7596,1|6|8|55|62|76|97|111,8,6,1
7597,1|6|8|55|62|80|83,7,6,1
7598,1|6|8|55|63|70|102,7,6,1
7599,1|6|8|55|63|72|76|97|102|111,10,6,1
7600,1|6|8|55|63|72|77|97|102,9,6,1
7601,1|6|8|55|74|97|102|120,8,6,1
7602,1|6|8|55|74|97|102|122,8,6,1
7603,1|6|8|55|77|97|102,7,6,1
7604,1|6|8|55|80|83|102,7,6,1
7605,1|6|8|63|69|72,6,69,1
7606,1|6|8|63|71|80|81,7,71,1
7607,1|6|8|63|72|74|97|120,8,6,1
7608,1|6|8|63|72|76|97,7,6,1
7609,1|6|8|63|72|80|81,7,6,1
7610,1|6|8|63|72|80|83,7,6,1
7611,1|6|8|63|72|84|85,7,85,1
7612,1|6|8|76|97,5,6,1
7613,1|6|8|76|97|107|111,7,6,1
7614,1|6|8|77|97,5,6,1
7615,1|6|8|84|105,5,105,1
7616,1|6|9|10,4,10,1
7617,1|6|9|18|23|34|35|42|43|48|52|63|72,13,9,1
7618,1|6|9|35|37|55|102,7,9,1
7619,1|6|9|35|42|49|84|86,8,86,1
7620,1|6|9|35|43,5,9,1
7621,1|6|9|55|62|63|72,7,9,1
7622,1|6|9|55|62|74|75|79|80|83|97|112|113|123,14,9,1
7623,1|6|9|55|62|89|96,7,89,1
7624,1|6|9|55|63|70|95|96|102,9,9,1
7625,1|6|9|55|63|72|80|81|102,9,9,1
7626,1|6|9|63|72|76|97|111,8,9,1
7627,1|6|9|76|77|88|96|97|107|111,10,88,1
7628,1|6|9|76|97|107|111,7,9,1
7629,1|6|9|80|81,5,9,1
7630,1|6|9|80|83,5,9,1
7631,1|6|9|90|96,5,90,1
7632,1|6|10|18|19|35|43|63|72,9,10,1
7633,1|6|10|18|19|63|72,7,10,1
7634,1|6|10|18|34|54|55|63|72|102,10,10,1
7635,1|6|10|35|41|55|62,7,10,1
7636,1|6|10|35|43|52|63|72,8,10,1
7637,1|6|10|35|43|55|102,7,10,1
7638,1|6|10|35|43|63|72,7,10,1
7639,1|6|10|35|48|52,6,10,1
7640,1|6|10|35|48|63|72,7,10,1
7641,1|6|10|35|52,5,10,1
7642,1|6|10|55|62,5,10,1
7643,1|6|10|55|62|63|72,7,10,1
7644,1|6|10|55|62|63|72|74|97|122,10,10,1
7645,1|6|10|55|63|69|80|81|102,9,10,1
7646,1|6|10|55|63|102|103,7,103,1
7647,1|6|10|55|80|81|102,7,10,1
7648,1|6|10|63|70|72,6,10,1
7649,1|6|10|63|72|84|86,7,86,1
7650,1|6|10|76|77|97|111,7,10,1
7651,1|6|10|76|97|111,6,10,1
7652,1|6|10|80|81,5,10,1
7653,1|6|10|84|86,5,86,1
7654,1|6|11|76|97|111,6,11,1
7655,1|6|13|14|18|20|35|43|55|58|63|72,12,14,1
7656,1|6|13|14|18|20|63|72,8,14,1
7657,1|6|13|14|18|25|35|48,8,14,1
7658,1|6|13|14|35|40|63|71,8,71,1
7659,1|6|13|14|55|62,6,14,1
7660,1|6|13|14|55|62|63|72,8,14,1
7661,1|6|13|14|63|71,6,71,1
7662,1|6|13|14|77|80|83|97,8,14,1
7663,1|6|13|15,4,15,1
7664,1|6|18|19|20|35|40|55|63|72|102,11,40,1
7665,1|6|18|19|20|35|48|52|63|72,10,6,1
7666,1|6|18|19|20|55|63|72|102,9,6,1
7667,1|6|18|19|22|34|35|48|52|55|63|72|102,13,22,1
7668,1|6|18|19|22|35|42|43|48|52|77|97,12,22,1
7669,1|6|18|19|24|35|41|55|63|72|102,11,24,1
7670,1|6|18|19|29|55|63|72|102,9,29,1
7671,1|6|18|19|34|35|37|48|55|62|63|72|95|96,14,95,1
7672,1|6|18|19|34|35|52|63|72,9,6,1
7673,1|6|18|19|35|37|52|55|63|70|72|102,12,6,1
7674,1|6|18|19|35|37|55|58|63|72,10,6,1
7675,1|6|18|19|35|41|43|48|55|63|72|102,12,6,1
7676,1|6|18|19|35|41|52|55|63|72|84|86|102,13,86,1
7677,1|6|18|19|35|42|48|55|62,9,6,1
7678,1|6|18|19|35|42|63|72,8,6,1
7679,1|6|18|19|35|48|55|63|72|102,10,6,1
7680,1|6|18|19|35|52|63|72,8,6,1
7681,1|6|18|19|35|55|63|72|101|102,10,6,1
7682,1|6|18|19|55|62|63|72,8,6,1
7683,1|6|18|19|55|63|72|102,8,6,1
7684,1|6|18|19|55|102,6,6,1
7685,1|6|18|20,4,6,1
7686,1|6|18|20|24|35|48|55|63|72|102,11,24,1
7687,1|6|18|20|25|27|34|35|41|63|72,11,27,1
7688,1|6|18|20|34|55|63|72|102,9,6,1
7689,1|6|18|20|35|37|48,7,6,1
7690,1|6|18|20|35|37|52|55|62|63|72,11,6,1
7691,1|6|18|20|35|37|55|62|63|72,10,6,1
7692,1|6|18|20|35|38|63|72,8,38,1
7693,1|6|18|20|35|42|63|72,8,6,1
7694,1|6|18|20|55|62|63|70|72,9,6,1
7695,1|6|18|20|55|62|63|72|76|97|107,11,6,1
7696,1|6|18|20|55|63|69|72|80|83|102,11,69,1
7697,1|6|18|20|63|72|76|97|111,9,6,1
7698,1|6|18|21|25|35|48|55|63|72|77|97|102,13,21,1
7699,1|6|18|21|35|37,6,21,1
7700,1|6|18|21|35|37|55|62,8,21,1
7701,1|6|18|21|35|41|52,7,21,1
7702,1|6|18|22,4,22,1
7703,1|6|18|22|34|35|55|63|72|101|102,11,22,1
7704,1|6|18|22|35|43,6,22,1
7705,1|6|18|22|35|48|52,7,22,1
7706,1|6|18|22|35|48|55|62,8,22,1
7707,1|6|18|22|55|63|72|102,8,22,1
7708,1|6|18|22|63|72,6,22,1
7709,1|6|18|23,4,23,1
7710,1|6|18|23|29|35|48|49|52|55|102,11,23,1
7711,1|6|18|23|34|35|37|48|52|55|62|77|97,13,23,1
7712,1|6|18|23|35|48|52,7,23,1
7713,1|6|18|24,4,24,1
7714,1|6|18|24|35|63|72|101,8,24,1
7715,1|6|18|25,4,25,1
7716,1|6|18|25|35|48|63|72,8,25,1
7717,1|6|18|25|55|63|72|102,8,25,1
7718,1|6|18|25|63|72|84|86,8,86,1
7719,1|6|18|27,4,27,1
7720,1|6|18|27|35|38|43|48|49|52|55|58|63|72|76|97|111,17,27,1
7721,1|6|18|27|55|62,6,27,1
7722,1|6|18|28,4,28,1
7723,1|6|18|28|35|41|55|102,8,28,1
7724,1|6|18|29|34|35|37|40|41|55|102,11,40,1
7725,1|6|18|29|34|35|37|41|52,9,29,1
7726,1|6|18|29|34|35|41|43|48|55|63|72|102,13,29,1
7727,1|6|18|29|35|37,6,29,1
7728,1|6|18|29|35|43|48|55|62,9,29,1
7729,1|6|18|30|34|35|48,7,30,1
7730,1|6|18|34|35|36|55|63|72|102,10,36,1
7731,1|6|18|34|35|42|43|48|55|62,10,6,1
7732,1|6|18|34|35|42|55|63|72|102,10,6,1
7733,1|6|18|34|35|48|52,7,6,1
7734,1|6|18|34|35|48|55|62,8,6,1
7735,1|6|18|34|35|49|63|72|80|81,10,49,1
7736,1|6|18|34|35|52|63|72,8,6,1
7737,1|6|18|34|35|101,6,6,1
7738,1|6|18|35|41|55|63|72|100|102,10,6,1
7739,1|6|18|35|52|100,6,6,1
7740,1|6|18|63|72|100,6,6,1
7741,1|6|18|100,4,6,1
7742,1|6|35|37|41|48|55|62|63|72,10,6,1
7743,1|6|35|37|41|48|63|72,8,6,1
7744,1|6|35|37|41|55|63|72|102,9,6,1
7745,1|6|35|37|41|55|102,7,6,1
7746,1|6|35|37|43|79,6,6,1
7747,1|6|35|37|48|52|55|102,8,6,1
7748,1|6|35|37|48|55|63|71|72|102,10,71,1
7749,1|6|35|37|52|55|62,7,6,1
7750,1|6|35|37|55|62|63|72|80|81|83,11,6,1
7751,1|6|35|37|55|62|76|97|111,9,6,1
7752,1|6|35|37|55|62|80|81,8,6,1
7753,1|6|35|37|55|63|67|102,8,67,1
7754,1|6|35|37|63|72|80|81,8,6,1
7755,1|6|35|38|43,5,38,1
7756,1|6|35|38|63|69|80|81,8,69,1
7757,1|6|35|39,4,39,1
7758,1|6|35|40,4,40,1
7759,1|6|35|41|43|52|63|70,8,6,1
7760,1|6|35|41|43|80|81,7,6,1
7761,1|6|35|41|48,5,6,1
7762,1|6|35|41|48|55|63|72|102,9,6,1
7763,1|6|35|41|48|80|81,7,6,1
7764,1|6|35|41|55|58,6,6,1
7765,1|6|35|41|55|58|63|72,8,6,1
7766,1|6|35|41|55|62,6,6,1
7767,1|6|35|42|43|63|72,7,6,1
7768,1|6|35|42|63|72|77|97,8,6,1
7769,1|6|35|42|80|81,6,6,1
7770,1|6|35|43|48|49,6,49,1
7771,1|6|35|43|48|52|55|63|72|76|77|97|102|111,14,6,1
7772,1|6|35|43|48|55|62,7,6,1
7773,1|6|35|43|48|55|102,7,6,1
7774,1|6|35|43|48|63|72,7,6,1
7775,1|6|35|43|49|55|102,7,49,1
7776,1|6|35|43|52|63|72|76|77|97|111,11,6,1
7777,1|6|35|43|55|58,6,6,1
7778,1|6|35|43|55|62|76|97|111,9,6,1
7779,1|6|35|43|55|63|70|102,8,6,1
7780,1|6|35|43|63|70,6,6,1
7781,1|6|35|43|63|70|72,7,6,1
7782,1|6|35|43|76|97|111,7,6,1
7783,1|6|35|43|84|86,6,86,1
7784,1|6|35|48|49,5,49,1
7785,1|6|35|48|49|52,6,49,1
7786,1|6|35|48|49|52|55|62|77|97,10,49,1
7787,1|6|35|48|49|63|72,7,49,1
7788,1|6|35|48|52|54|55|62,8,6,1
7789,1|6|35|48|52|55|63|72|77|97|102,11,6,1
7790,1|6|35|48|52|63|72,7,6,1
7791,1|6|35|48|52|63|72|77|97,9,6,1
7792,1|6|35|48|52|77|97,7,6,1
7793,1|6|35|48|54,5,6,1
7794,1|6|35|48|55|58,6,6,1
7795,1|6|35|48|55|63|72|95|96|102,10,95,1
7796,1|6|35|48|63|70,6,6,1
7797,1|6|35|48|63|72|77|97,8,6,1
7798,1|6|35|49|55|102,6,49,1
7799,1|6|35|49|63|66,6,66,1
7800,1|6|35|49|63|72,6,49,1
7801,1|6|35|49|84|85,6,85,1
7802,1|6|35|52|54,5,6,1
7803,1|6|35|52|54|55|102,7,6,1
7804,1|6|35|52|55|58,6,6,1
7805,1|6|35|52|55|62,6,6,1
7806,1|6|35|52|55|62|63|72,8,6,1
7807,1|6|35|52|55|62|74|80|81|97|120,11,6,1
7808,1|6|35|52|55|62|77|97,8,6,1
7809,1|6|35|52|55|63|72|77|97|102,10,6,1
7810,1|6|35|52|63|72,6,6,1
7811,1|6|35|52|63|72|76|97|111,9,6,1
7812,1|6|35|52|77|97,6,6,1
7813,1|6|35|54|55|62|63|72|101,9,6,1
7814,1|6|35|54|101,5,6,1
7815,1|6|35|55|58|101,6,6,1
7816,1|6|35|55|61|101,6,61,1
7817,1|6|35|55|62|63|72|101,8,6,1
7818,1|6|35|55|63|72|101|102,8,6,1
7819,1|6|35|76|97|101|111,7,6,1
7820,1|6|35|77|97|101,6,6,1
7821,1|6|54|55|58|63|70,7,6,1
7822,1|6|54|55|80|81|102,7,6,1
7823,1|6|54|76|97|111,6,6,1
7824,1|6|55|57,4,57,1
7825,1|6|55|62|63|69|84|85,8,85,1
7826,1|6|55|62|63|69|84|87,8,87,1
7827,1|6|55|62|63|72|76|97|107|111,10,6,1
7828,1|6|55|62|63|72|79,7,6,1
7829,1|6|55|62|63|72|80|83,8,6,1
7830,1|6|55|62|76|77|97|107|111,9,6,1
7831,1|6|55|62|76|97|110,7,110,1
7832,1|6|55|62|78|97|127,7,127,1
7833,1|6|55|62|84|86,6,86,1
7834,1|6|55|63|69|102,6,69,1
7835,1|6|55|63|71|102,6,71,1
7836,1|6|55|63|72|76|77|97|102|111,10,6,1
7837,1|6|55|63|72|76|97|102|111,9,6,1
7838,1|6|55|63|72|80|83|102,8,6,1
7839,1|6|55|63|72|95|96|102,8,95,1
7840,1|6|55|76|97|102|107,7,6,1
7841,1|6|55|80|81|102,6,6,1
7842,1|6|55|84|85|102,6,85,1
7843,1|6|55|84|86|102,6,86,1
7844,1|6|55|89|90|95|96|102,8,89,1
7845,1|6|55|90|95|96|102,7,90,1
7846,1|6|55|90|96|102,6,90,1
7847,1|6|55|91|95|96|102,7,91,1
7848,1|6|55|91|96|102,6,91,1
7849,1|6|63|67|76|89|96|97|111,9,89,1
7850,1|6|63|67|76|97|111,7,67,1
7851,1|6|63|67|78|97|132,7,67,1
7852,1|6|63|67|80|81,6,67,1
7853,1|6|63|69|70|89|91|96,8,89,1
7854,1|6|63|69|71,5,71,1
7855,1|6|63|69|71|84|85,7,85,1
7856,1|6|63|69|80|83,6,69,1
7857,1|6|63|69|84|85,6,85,1
7858,1|6|63|70|84|85,6,85,1
7859,1|6|63|71|72,5,71,1
7860,1|6|63|71|72|80|81,7,71,1
7861,1|6|63|72|79,5,6,1
7862,1|6|63|72|80|81,6,6,1
7863,1|6|63|72|84|86,6,86,1
7864,1|6|74|97|122,5,6,1
7865,1|6|75|76|80|81|97|111|119,9,6,1
7866,1|6|75|97|112|113,6,6,1
7867,1|6|75|97|119,5,6,1
7868,1|6|76|78|97|111|132,7,6,1
7869,1|6|76|80|81|97|111,7,6,1
7870,1|6|76|89|96|97|111,7,89,1
7871,1|6|77|78|97|132,6,6,1
7872,1|6|78|97|132,5,6,1
7873,1|6|79|80|83,5,6,1
7874,1|6|80|81|83,5,6,1
7875,1|6|80|81|84|86,6,86,1
7876,1|6|80|81|91|96,6,91,1
7877,1|6|84|85|86,5,85,1
7878,1|6|84|87,4,87,1
7879,1|6|90|91|96,5,90,1
7880,1|6|91|95|96,5,91,1
7881,1|7|8|9,4,7,1
7882,1|7|8|55|102,5,7,1
7883,1|7|35|43|55|102,6,7,1
7884,1|7|54|77|97,5,7,1
7885,1|7|55|102,4,7,1
7886,1|8|9|10,4,10,1
7887,1|8|9|55|58,5,9,1
7888,1|8|9|80|81,5,9,1
7889,1|8|10|18|19|63|72,7,10,1
7890,1|8|10|18|34|35|37|41|55|63|72|80|81|102,14,10,1
7891,1|8|10|35|37,5,10,1
7892,1|8|10|35|41|55|62,7,10,1
7893,1|8|10|35|43|55|58,7,10,1
7894,1|8|10|35|43|55|102,7,10,1
7895,1|8|10|35|43|63|72,7,10,1
7896,1|8|10|35|43|76|97|111,8,10,1
7897,1|8|10|35|48|55|76|77|97|102|111,11,10,1
7898,1|8|10|35|48|55|102,7,10,1
7899,1|8|10|35|52|55|58,7,10,1
7900,1|8|10|54,4,10,1
7901,1|8|10|55|62,5,10,1
7902,1|8|10|63|72|76|97|111,8,10,1
7903,1|8|10|80|81,5,10,1
7904,1|8|10|84|86,5,86,1
7905,1|8|11,3,11,1
7906,1|8|13|14|15,5,15,1
7907,1|8|13|14|18|30|34|55|63|72|102,11,30,1
7908,1|8|13|14|63|71,6,71,1
7909,1|8|13|14|80|81,6,14,1
7910,1|8|13|15|55|102,6,15,1
7911,1|8|18|19,4,19,1
7912,1|8|18|19|23|34|35|41|43|55|63|72|102,13,23,1
7913,1|8|18|19|34|35|37|40|41|42|48|52|55|63|72|102,16,40,1
7914,1|8|18|19|34|55|102,7,19,1
7915,1|8|18|19|35|41|43|63|72,9,19,1
7916,1|8|18|19|35|43|63|72,8,19,1
7917,1|8|18|20,4,20,1
7918,1|8|18|20|21|25|55|63|72|80|81|102,12,21,1
7919,1|8|18|20|22|34|35|55|101|102,10,22,1
7920,1|8|18|20|26|35|43|47|63|72,10,47,1
7921,1|8|18|20|34|35|43|48|49|52|63|72,12,49,1
7922,1|8|18|20|35|37|55|63|70|72|102,11,70,1
7923,1|8|18|20|35|41|55|63|72|102,10,20,1
7924,1|8|18|20|35|43|63|72,8,20,1
7925,1|8|18|20|35|48|55|63|72|102,10,20,1
7926,1|8|18|20|35|52|63|72,8,20,1
7927,1|8|18|20|35|52|63|72|76|97|111,11,20,1
7928,1|8|18|20|55|63|72|102,8,20,1
7929,1|8|18|21,4,21,1
7930,1|8|18|21|25|63|72,7,21,1
7931,1|8|18|22,4,22,1
7932,1|8|18|22|23|25|34|35|37|38|42|48|55|62|63|72,16,38,1
7933,1|8|18|22|23|34|35|37|41|55|62|63|72|79|80|81|83,17,23,1
7934,1|8|18|22|23|34|35|55|62|101,10,23,1
7935,1|8|18|22|34|35|37|55|63|72|102,11,22,1
7936,1|8|18|22|34|35|52|55|102,9,22,1
7937,1|8|18|22|35|43|55|62,8,22,1
7938,1|8|18|22|35|43|55|102,8,22,1
7939,1|8|18|22|35|48|52|55|102,9,22,1
7940,1|8|18|22|35|52|55|102,8,22,1
7941,1|8|18|23|27|35|48|49|52|55|102,11,27,1
7942,1|8|18|23|35|43,6,23,1
7943,1|8|18|23|35|43|55|102,8,23,1
7944,1|8|18|23|35|48,6,23,1
7945,1|8|18|24,4,24,1
7946,1|8|18|25,4,25,1
7947,1|8|18|25|35|41|48|55|63|72|102,11,25,1
7948,1|8|18|25|35|49|52|63|72,9,49,1
7949,1|8|18|25|35|52|63|72,8,25,1
7950,1|8|18|25|63|72,6,25,1
7951,1|8|18|26|63|72,6,26,1
7952,1|8|18|27,4,27,1
7953,1|8|18|27|29|35|41|55|58|62|63|72,12,27,1
7954,1|8|18|28|55|62,6,28,1
7955,1|8|18|29|34|35|48,7,29,1
7956,1|8|18|30,4,30,1
7957,1|8|18|34|35|37|43|48|49|52|55|63|72|102,14,49,1
7958,1|8|18|34|35|41|55|102,8,8,1
7959,1|8|18|34|35|42|63|72,8,42,1
7960,1|8|18|34|35|43|55|102,8,8,1
7961,1|8|18|34|35|48|52,7,8,1
7962,1|8|18|34|35|48|63|72,8,8,1
7963,1|8|18|34|35|49|52|55|63|72|102,11,49,1
7964,1|8|18|34|63|72,6,8,1
7965,1|8|18|35|37|48|55|100|102,9,100,1
7966,1|8|18|35|41|48|100,7,100,1
7967,1|8|18|35|42|63|72|100,8,100,1
7968,1|8|35|36,4,36,1
7969,1|8|35|36|41|48|55|102,8,36,1
7970,1|8|35|36|41|77|97,7,36,1
7971,1|8|35|36|52,5,36,1
7972,1|8|35|36|55|102,6,36,1
7973,1|8|35|37|43|63|72,7,37,1
7974,1|8|35|37|48,5,37,1
7975,1|8|35|37|52|55|62,7,37,1
7976,1|8|35|40|41|42|63|72,8,40,1
7977,1|8|35|40|43,5,40,1
7978,1|8|35|41|42|43|52|55|63|72|102,11,42,1
7979,1|8|35|41|48|55|62,7,8,1
7980,1|8|35|41|49,5,49,1
7981,1|8|35|41|55|63|72|102,8,8,1
7982,1|8|35|41|55|102,6,8,1
7983,1|8|35|42|43|48,6,42,1
7984,1|8|35|42|52|55|62|63|72,9,42,1
7985,1|8|35|42|55|62|63|72|75|80|81|97|119,13,81,1
7986,1|8|35|42|63|72,6,42,1
7987,1|8|35|43|45,5,45,1
7988,1|8|35|43|48|52|53|55|102,9,53,1
7989,1|8|35|43|49,5,49,1
7990,1|8|35|43|52|55|58,7,8,1
7991,1|8|35|43|52|63|70,7,70,1
7992,1|8|35|43|55|63|72|102,8,8,1
7993,1|8|35|43|63|72|77|97,8,8,1
7994,1|8|35|43|63|103,6,103,1
7995,1|8|35|43|76|97|111,7,8,1
7996,1|8|35|45|48|52,6,45,1
7997,1|8|35|46|55|102,6,46,1
7998,1|8|35|48|52|55|102,7,8,1
7999,1|8|35|48|52|77|97,7,8,1
8000,1|8|35|48|55|62|63|72,8,8,1
8001,1|8|35|48|80|81,6,81,1
8002,1|8|35|49|55|63|70|72|102,9,49,1
8003,1|8|35|49|55|74|97|102|120,9,49,1
8004,1|8|35|52|55|62,6,8,1
8005,1|8|35|52|55|62|63|72,8,8,1
8006,1|8|35|52|76|97|111,7,8,1
8007,1|8|35|54|55|63|70|101|102,9,70,1
8008,1|8|35|55|63|72|101|102,8,101,1
8009,1|8|54|63|71,5,71,1
8010,1|8|54|63|72|77|97,7,8,1
8011,1|8|55|62|63|72|76|97|111,9,8,1
8012,1|8|55|62|63|72|80|83,8,8,1
8013,1|8|55|62|74|97|120,7,8,1
8014,1|8|55|62|79|80|83,7,8,1
8015,1|8|55|62|80|81,6,81,1
8016,1|8|55|74|97|102|120|122,8,8,1
8017,1|8|55|74|97|102|120|126,8,8,1
8018,1|8|55|76|78|97|102|111|132,9,8,1
8019,1|8|55|76|97|102|107,7,8,1
8020,1|8|55|76|97|102|111,7,8,1
8021,1|8|55|79|80|83|102,7,8,1
8022,1|8|55|80|83|102,6,8,1
8023,1|8|55|84|86|102,6,86,1
8024,1|8|63|67,4,67,1
8025,1|8|63|68,4,68,1
8026,1|8|63|69|70,5,69,1
8027,1|8|63|70|72,5,70,1
8028,1|8|63|70|79,5,70,1
8029,1|8|63|72|76|77|97|111,8,8,1
8030,1|8|63|72|76|97,6,8,1
8031,1|8|63|72|78|97|132,7,8,1
8032,1|8|63|73|76|97|111,7,73,1
8033,1|8|63|103,4,103,1
8034,1|8|74|75|97|118|120|122,8,8,1
8035,1|8|74|76|97|111|120,7,8,1
8036,1|8|74|97|120|122,6,8,1
8037,1|8|74|97|120|126,6,8,1
8038,1|8|75|97|112|113,6,8,1
8039,1|8|75|97|112|114|118,7,114,1
8040,1|8|76|77|97|107|111,7,8,1
8041,1|8|76|78|97|111|127,7,127,1
8042,1|8|80|81|83,5,81,1
8043,1|8|80|82,4,82,1
8044,1|8|84|85,4,85,1
8045,1|8|95|96,4,95,1
8046,1|9|10,3,10,1
8047,1|9|10|35|37|55|62|63|72,9,10,1
8048,1|9|10|55|80|83|102,7,10,1
8049,1|9|13|14|55|76|77|97|102|111,10,9,1
8050,1|9|13|14|63|72,6,9,1
8051,1|9|13|14|77|78|95|96|97|132,10,9,1
8052,1|9|18|19|20|35|52|55|63|72|102,11,9,1
8053,1|9|18|19|34|55|63|72|102,9,9,1
8054,1|9|18|19|35|41|48|55|58|63|72,11,9,1
8055,1|9|18|19|55|62|63|72,8,9,1
8056,1|9|18|19|63|72,6,9,1
8057,1|9|18|20|22|33|35|52|55|63|72|102,12,33,1
8058,1|9|18|20|25|30|34|35|41|48|52|55|63|72|102,15,30,1
8059,1|9|18|20|27|35|41|55|62|63|72,11,27,1
8060,1|9|18|20|35|37|38|41|55|63|72|102,12,38,1
8061,1|9|18|20|35|37|48|49|52|55|62|63|72,13,9,1
8062,1|9|18|20|35|41,6,9,1
8063,1|9|18|20|35|42|63|72,8,9,1
8064,1|9|18|20|35|52|55|62|63|72,10,9,1
8065,1|9|18|20|63|72|80|81,8,9,1
8066,1|9|18|21|22|28|34|35|37|38|52|55|74|97|102|120|123,17,28,1
8067,1|9|18|21|35|48|55|102,8,9,1
8068,1|9|18|22|27,5,27,1
8069,1|9|18|22|34|35|41|52|55|63|72|102,12,9,1
8070,1|9|18|22|35|48,6,9,1
8071,1|9|18|22|35|52|55|102,8,9,1
8072,1|9|18|22|55|102,6,9,1
8073,1|9|18|23|35|37|55|63|72|102,10,9,1
8074,1|9|18|23|35|42|48|52|55|62|63|72|74|79|80|83|97|120,18,9,1
8075,1|9|18|23|35|48,6,9,1
8076,1|9|18|23|55|62|63|71,8,71,1
8077,1|9|18|23|63|72,6,9,1
8078,1|9|18|24|35|37|41|55|62|63|72|80|83,13,9,1
8079,1|9|18|25,4,9,1
8080,1|9|18|25|35|38|55|62|79,9,38,1
8081,1|9|18|25|35|43|55|63|72|102,10,9,1
8082,1|9|18|25|35|49|63|67|72,9,67,1
8083,1|9|18|25|35|52|55|102,8,9,1
8084,1|9|18|27|35|48,6,27,1
8085,1|9|18|27|55|102,6,27,1
8086,1|9|18|28|34|35|41|48|49|52|63|72,12,28,1
8087,1|9|18|29|31|35|48|55|102,9,31,1
8088,1|9|18|29|34|35|48,7,9,1
8089,1|9|18|29|35|48|55|62,8,9,1
8090,1|9|18|29|35|52,6,9,1
8091,1|9|18|29|35|52|55|102,8,9,1
8092,1|9|18|34,4,9,1
8093,1|9|18|34|35|37|40|48|55|62,10,40,1
8094,1|9|18|34|35|37|55|62,8,9,1
8095,1|9|18|34|35|38|52,7,38,1
8096,1|9|18|34|35|52,6,9,1
8097,1|9|18|34|35|52|63|72,8,9,1
8098,1|9|18|34|55|63|72|102,8,9,1
8099,1|9|18|35|37|55|62|63|72|100,10,9,1
8100,1|9|35|37|48|55|62,7,9,1
8101,1|9|35|37|48|55|102,7,9,1
8102,1|9|35|37|52|55|62|63|72|79|80|83,12,9,1
8103,1|9|35|37|52|55|62|79,8,9,1
8104,1|9|35|37|55|62|80|83,8,9,1
8105,1|9|35|37|55|63|70|71|102,9,71,1
8106,1|9|35|37|55|63|71|102,8,71,1
8107,1|9|35|37|55|74|97|102|120,9,9,1
8108,1|9|35|37|55|80|83|102,8,9,1
8109,1|9|35|41,4,9,1
8110,1|9|35|41|49|52|55|62|63|72|77|97,12,9,1
8111,1|9|35|41|52,5,9,1
8112,1|9|35|41|55|62|79,7,9,1
8113,1|9|35|42,4,9,1
8114,1|9|35|42|63|72,6,9,1
8115,1|9|35|43|55|62,6,9,1
8116,1|9|35|43|55|63|72|102,8,9,1
8117,1|9|35|48|52|55|102,7,9,1
8118,1|9|35|48|55|63|72|102,8,9,1
8119,1|9|35|48|55|102,6,9,1
8120,1|9|35|48|63|72,6,9,1
8121,1|9|35|49|77|80|81|97,8,9,1
8122,1|9|35|52|54|55|63|72|102,9,9,1
8123,1|9|35|52|55|62|79|80|83,9,9,1
8124,1|9|35|52|55|63|72|102,8,9,1
8125,1|9|35|52|55|76|77|97|102|107,10,9,1
8126,1|9|35|55|80|81|101|102,8,9,1
8127,1|9|55|57,4,57,1
8128,1|9|55|62|63|70|71,7,71,1
8129,1|9|55|62|63|71|72,7,71,1
8130,1|9|55|62|63|71|74|79|97|120,10,71,1
8131,1|9|55|62|63|71|79,7,71,1
8132,1|9|55|62|63|71|80|83,8,71,1
8133,1|9|55|62|63|72|80|83,8,9,1
8134,1|9|55|62|74|75|79|97|112|113|120|122,12,9,1
8135,1|9|55|62|74|75|80|83|97|112|113|123,12,9,1
8136,1|9|55|62|75|76|97|107|112|113,10,9,1
8137,1|9|55|62|75|97,6,9,1
8138,1|9|55|62|84|105,6,105,1
8139,1|9|55|62|89|90|91|96,8,89,1
8140,1|9|55|63|67|102,6,67,1
8141,1|9|55|63|69|71|80|81|102,9,71,1
8142,1|9|55|63|72|74|97|102|120|122,10,9,1
8143,1|9|55|63|72|80|81|83|102,9,9,1
8144,1|9|55|74|97|102|120,7,9,1
8145,1|9|55|76|77|97|102|111,8,9,1
8146,1|9|55|78|97|102|132,7,9,1
8147,1|9|55|79|102,5,9,1
8148,1|9|55|80|81|83|102,7,9,1
8149,1|9|63|70|71|75|97|112|113|118,10,71,1
8150,1|9|63|70|90|91|96,7,90,1
8151,1|9|63|70|90|96,6,90,1
8152,1|9|63|71|74|80|83|97|120,9,71,1
8153,1|9|74|75|80|83|97|112|113|120,10,9,1
8154,1|9|74|79|97|120,6,9,1
8155,1|9|74|80|83|97|122,7,9,1
8156,1|9|75|80|83|97|118,7,9,1
8157,1|9|75|97|118,5,9,1
8158,1|9|76|78|97|107|132,7,9,1
8159,1|9|80|81|83,5,9,1
8160,1|9|80|104,4,104,1
8161,1|9|84|85,4,85,1
8162,1|9|84|85|86,5,85,1
8163,1|9|84|105,4,105,1
8164,1|9|89|96,4,89,1
8165,1|9|94|96,4,94,1
8166,1|10|12|80|81,5,12,1
8167,1|10|18|19|20|22|29|34|35|55|63|72|101|102,14,10,1
8168,1|10|18|19|20|22|29|35|42|55|63|72|77|97|102,15,10,1
8169,1|10|18|19|29|34|35|41|42|55|58|63|72|80|81,15,10,1
8170,1|10|18|19|35|37,6,10,1
8171,1|10|18|19|35|41|55|102,8,10,1
8172,1|10|18|19|35|43|48|63|72,9,10,1
8173,1|10|18|19|35|52|55|102,8,10,1
8174,1|10|18|19|35|52|63|72,8,10,1
8175,1|10|18|19|35|55|63|72|101|102,10,10,1
8176,1|10|18|20|23|34|35|40|42|48|55|63|72|95|96|102,16,10,1
8177,1|10|18|20|23|55|102,7,10,1
8178,1|10|18|20|25|34|35|38|48|55|63|72|102,13,10,1
8179,1|10|18|20|34|35|37|41|55|102,10,10,1
8180,1|10|18|20|35|37,6,10,1
8181,1|10|18|20|35|37|63|72,8,10,1
8182,1|10|18|20|35|42,6,10,1
8183,1|10|18|20|35|48|55|58|63|72,10,10,1
8184,1|10|18|20|35|48|63|72,8,10,1
8185,1|10|18|20|35|52,6,10,1
8186,1|10|18|20|35|52|55|58|63|72,10,10,1
8187,1|10|18|20|35|101,6,10,1
8188,1|10|18|20|54|55|58,7,10,1
8189,1|10|18|20|54|55|58|63|72,9,10,1
8190,1|10|18|20|55|63|72|102,8,10,1
8191,1|10|18|20|55|102,6,10,1
8192,1|10|18|22,4,10,1
8193,1|10|18|22|35|49,6,10,1
8194,1|10|18|24|35|40|48|63|72,9,10,1
8195,1|10|18|24|35|101,6,10,1
8196,1|10|18|24|55|102,6,10,1
8197,1|10|18|25|35|101,6,10,1
8198,1|10|18|34|35|42|55|102,8,10,1
8199,1|10|18|34|35|48|55|62|63|72|77|97,12,10,1
8200,1|10|18|34|35|52|55|102,8,10,1
8201,1|10|18|34|35|63|72|101,8,10,1
8202,1|10|18|34|35|101,6,10,1
8203,1|10|18|35|100|101,6,10,1
8204,1|10|35|36,4,36,1
8205,1|10|35|36|37|55|62,7,36,1
8206,1|10|35|37|43|48,6,10,1
8207,1|10|35|37|43|48|52|55|63|72|102,11,10,1
8208,1|10|35|37|43|55|76|77|95|96|97|102|111,13,10,1
8209,1|10|35|37|52|55|62|63|72|80|83,11,10,1
8210,1|10|35|37|54,5,10,1
8211,1|10|35|37|55|63|72|102,8,10,1
8212,1|10|35|37|80|83,6,10,1
8213,1|10|35|40|42|55|62,7,10,1
8214,1|10|35|41|43,5,10,1
8215,1|10|35|43|48,5,10,1
8216,1|10|35|43|48|52,6,10,1
8217,1|10|35|43|48|54,6,10,1
8218,1|10|35|43|48|63|72,7,10,1
8219,1|10|35|43|49|55|62|63|72,9,10,1
8220,1|10|35|43|52,5,10,1
8221,1|10|35|52|54,5,10,1
8222,1|10|35|52|63|72,6,10,1
8223,1|10|35|52|63|72|76|97|111,9,10,1
8224,1|10|35|52|77|97,6,10,1
8225,1|10|35|55|58|101,6,10,1
8226,1|10|35|63|71|101,6,71,1
8227,1|10|54|55|56,5,56,1
8228,1|10|55|62|63|70,6,10,1
8229,1|10|55|62|63|70|72,7,10,1
8230,1|10|55|63|70|102,6,10,1
8231,1|10|55|76|97|102|111,7,10,1
8232,1|10|63|69,4,10,1
8233,1|10|63|70|72,5,10,1
8234,1|10|63|70|76|97|111,7,10,1
8235,1|10|76|77|97|111,6,10,1
8236,1|10|76|80|81|83|97|111,8,10,1
8237,1|10|78|97|132,5,10,1
8238,1|10|79,3,10,1
8239,1|10|80|81|83,5,10,1
8240,1|11|55|62|63|69,6,11,1
8241,1|11|55|102,4,11,1
8242,1|12|63|69,4,12,1
8243,1|12|63|72,4,12,1
8244,1|13|14|63|70|98,6,14,1
8245,1|13|14|77|97|98,6,14,1
8246,1|18|19|35|41|43|55|63|72|98|102,11,98,1
8247,1|18|19|35|43|55|63|72|98|102,10,98,1
8248,1|18|19|35|43|63|72|98,8,98,1
8249,1|18|19|35|48|63|72|98,8,98,1
8250,1|18|19|35|52|55|62|63|72|76|80|81|97|98|111,15,98,1
8251,1|18|19|55|58|63|72|98,8,98,1
8252,1|18|19|55|98|102,6,98,1
8253,1|18|19|98,4,98,1
8254,1|18|20|35|37|55|62|63|72|98,10,98,1
8255,1|18|20|35|48|63|72|98,8,98,1
8256,1|18|20|55|58|63|72|98,8,98,1
8257,1|18|22|35|43|48|52|55|98|102,10,98,1
8258,1|18|22|35|48|52|55|63|72|98|102,11,98,1
8259,1|18|22|55|98|102,6,98,1
8260,1|18|34|35|41|48|55|63|72|98|102,11,98,1
8261,1|18|34|35|42|52|54|55|63|72|98|102,12,98,1
8262,1|35|37|41|48|55|62|79|80|83|98,11,98,1
8263,1|35|37|43|63|72|98,7,98,1
8264,1|35|37|43|98,5,98,1
8265,1|35|37|55|62|63|70|79|98,9,98,1
8266,1|35|37|55|62|63|71|79|98,9,71,1
8267,1|35|37|55|62|63|72|80|83|98,10,98,1
8268,1|35|37|55|62|79|80|83|98,9,98,1
8269,1|35|37|55|62|98,6,98,1
8270,1|35|37|55|63|70|98|102,8,98,1
8271,1|35|37|63|72|98,6,98,1
8272,1|35|37|79|80|83|98,7,98,1
8273,1|35|37|80|83|98,6,98,1
8274,1|35|37|98,4,98,1
8275,1|35|39|55|98|102,6,39,1
8276,1|35|39|63|72|98,6,39,1
8277,1|35|40|63|72|98,6,40,1
8278,1|35|41|55|63|72|98|102,8,98,1
8279,1|35|42|55|62|79|98,7,98,1
8280,1|35|43|49|98,5,98,1
8281,1|35|43|52|98,5,98,1
8282,1|35|43|55|58|98,6,98,1
8283,1|35|43|55|63|70|98|102,8,98,1
8284,1|35|43|74|79|80|81|97|98|120,10,98,1
8285,1|35|43|79|98,5,98,1
8286,1|35|48|52|63|72|98,7,98,1
8287,1|35|48|54|55|98|102,7,98,1
8288,1|35|48|55|62|98,6,98,1
8289,1|35|48|55|63|72|98|102,8,98,1
8290,1|35|48|55|98|102,6,98,1
8291,1|35|48|63|72|98,6,98,1
8292,1|35|48|74|97|98|120,7,98,1
8293,1|35|49|54|55|98|102,7,98,1
8294,1|35|49|98,4,98,1
8295,1|35|52|54|55|58|98,7,98,1
8296,1|35|52|55|62|63|72|98,8,98,1
8297,1|35|52|55|79|98|102,7,98,1
8298,1|35|54|98|101,5,98,1
8299,1|54|55|58|62|98,6,98,1
8300,1|54|55|62|76|97|98|111,8,98,1
8301,1|54|55|77|97|98|102,7,98,1
8302,1|54|63|70|72|98,6,98,1
8303,1|54|79|98,4,98,1
8304,1|55|56|98,4,56,1
8305,1|55|57|98,4,57,1
8306,1|55|58|80|81|98,6,98,1
8307,1|55|59|61|98,5,61,1
8308,1|55|59|98,4,98,1
8309,1|55|62|63|68|98,6,68,1
8310,1|55|62|63|70|79|98,7,98,1
8311,1|55|62|63|72|74|97|98|120,9,98,1
8312,1|55|62|74|79|97|98|120,8,98,1
8313,1|55|62|76|77|97|98|107|111,9,98,1
8314,1|55|62|80|81|98,6,98,1
8315,1|55|63|70|72|98|102,7,98,1
8316,1|55|63|72|76|97|98|102|111,9,98,1
8317,1|55|74|97|98|102|120|122,8,98,1
8318,1|55|76|77|97|98|102,7,98,1
8319,1|55|79|98|102,5,98,1
8320,1|55|95|96|98|102,6,98,1
8321,1|63|68|70|98,5,68,1
8322,1|63|69|70|79|98,6,69,1
8323,1|63|69|71|80|81|98,7,71,1
8324,1|63|69|79|98,5,69,1
8325,1|63|69|84|85|98,6,85,1
8326,1|63|70|71|98,5,71,1
8327,1|63|70|74|79|80|83|97|98|120,10,98,1
8328,1|63|70|74|79|97|98|120,8,98,1
8329,1|63|70|74|79|97|98|120|122,9,98,1
8330,1|63|70|80|83|98,6,98,1
8331,1|63|71|79|98,5,71,1
8332,1|63|72|76|77|97|98|107|111,9,98,1
8333,1|63|72|76|77|97|98|111,8,98,1
8334,1|63|72|76|97|98|107|111,8,98,1
8335,1|63|79|98|103,5,103,1
8336,1|74|75|79|80|83|97|98|112|113|120,11,98,1
8337,1|74|75|79|80|83|97|98|112|113|120|122,12,98,1
8338,1|74|75|79|97|98|112|113|120,9,98,1
8339,1|74|75|79|97|98|118|120|122,9,98,1
8340,1|74|79|80|83|97|98|120|122,9,98,1
8341,1|74|79|80|83|97|98|122,8,98,1
8342,1|74|79|97|98|120|122,7,98,1
8343,1|74|97|98|120|122,6,98,1
8344,1|76|77|97|98|107,6,98,1
8345,1|76|78|97|98|111|132,7,98,1
8346,1|76|97|98|107|111,6,98,1
8347,1|78|97|98|127,5,98,1
8348,1|79|80|81|83|98,6,98,1
8349,1|84|86|98,4,86,1
8350,1|84|87|98,4,87,1
8351,1|95|96|98,4,98,1
8352,13|14|15|16,4,16,1
8353,13|14|15|18|25|55|63|72|102,9,15,1
8354,13|14|15|63|69|80|81,7,15,1
8355,13|14|15|63|71|80|81,7,15,1
8356,13|14|15|63|72,5,15,1
8357,13|14|16|79,4,16,1
8358,13|14|18|19,4,14,1
8359,13|14|18|19|20|22|27|29|34|35|41|43|48|49|52|55|63|72|102,19,27,1
8360,13|14|18|19|20|22|29|63|72,9,14,1
8361,13|14|18|19|20|34|35|37|38|41|48|63|72|80|81,15,38,1
8362,13|14|18|19|22|35|37|55|63|72|102,11,14,1
8363,13|14|18|19|25|35|37|63|72,9,14,1
8364,13|14|18|19|31|35|48|55|62|63|72,11,31,1
8365,13|14|18|19|34|35|42|55|63|72|102,11,14,1
8366,13|14|18|19|35|42|48|63|72,9,14,1
8367,13|14|18|19|35|43|55|63|72|102,10,14,1
8368,13|14|18|19|35|63|72|101,8,14,1
8369,13|14|18|19|55|62,6,14,1
8370,13|14|18|19|55|63|71|72|102,9,71,1
8371,13|14|18|20,4,14,1
8372,13|14|18|20|21|25|34|35|38|55|63|72|102,13,38,1
8373,13|14|18|20|21|34|35|52,8,14,1
8374,13|14|18|20|22,5,14,1
8375,13|14|18|20|22|23|28|29|34|35|37|48|55|63|72|102,16,28,1
8376,13|14|18|20|23|55|63|72|102,9,14,1
8377,13|14|18|20|25|34|63|72,8,14,1
8378,13|14|18|20|26|34|35|41|43|48|55|102,12,26,1
8379,13|14|18|20|29|34|35|37|38|39|41|55|63|72|102,15,39,1
8380,13|14|18|20|34|35|37|41|63|72,10,14,1
8381,13|14|18|20|35|37|41|48|63|72,10,14,1
8382,13|14|18|20|35|37|41|63|72,9,14,1
8383,13|14|18|20|35|37|55|63|72|102,10,14,1
8384,13|14|18|20|35|37|63|71|72,9,71,1
8385,13|14|18|20|35|37|63|72,8,14,1
8386,13|14|18|20|35|38|41|42|48|55|63|72|102,13,38,1
8387,13|14|18|20|35|41|47|55|63|72|76|97|102|111,14,47,1
8388,13|14|18|20|35|41|55|63|72|102,10,14,1
8389,13|14|18|20|35|48|55|63|71|72|77|97|102,13,71,1
8390,13|14|18|20|35|52,6,14,1
8391,13|14|18|20|35|63|72|101,8,14,1
8392,13|14|18|20|55|63|71|72|102,9,71,1
8393,13|14|18|20|63|71|72,7,71,1
8394,13|14|18|21,4,14,1
8395,13|14|18|21|22|35|37|48|55|102,10,14,1
8396,13|14|18|21|25|35|48|49|55|62|63|72,12,14,1
8397,13|14|18|21|35|38|55|102,8,38,1
8398,13|14|18|21|35|39,6,39,1
8399,13|14|18|21|35|52,6,14,1
8400,13|14|18|21|55|102,6,14,1
8401,13|14|18|21|63|72,6,14,1
8402,13|14|18|22|23|29|35|52,8,14,1
8403,13|14|18|22|29|30|34|35|49|52|55|63|69|102,14,30,1
8404,13|14|18|22|29|34|35|48|55|63|72|77|97|102,14,14,1
8405,13|14|18|22|35|37|42|48|55|63|72|102,12,14,1
8406,13|14|18|22|35|41,6,14,1
8407,13|14|18|22|35|48,6,14,1
8408,13|14|18|22|35|48|52|55|102,9,14,1
8409,13|14|18|22|35|48|63|71,8,71,1
8410,13|14|18|23|25|26|34|63|72,9,26,1
8411,13|14|18|23|28|35|48|55|102,9,28,1
8412,13|14|18|23|35|52|55|63|72|102,10,14,1
8413,13|14|18|24,4,24,1
8414,13|14|18|24|63|71,6,71,1
8415,13|14|18|24|63|72,6,24,1
8416,13|14|18|25|34,5,14,1
8417,13|14|18|25|35|37|41|48|55|62|63|72,12,14,1
8418,13|14|18|25|35|43|55|63|72|102,10,14,1
8419,13|14|18|25|35|48|49|63|72,9,14,1
8420,13|14|18|25|35|48|52|63|70|72,10,14,1
8421,13|14|18|25|35|48|55|102,8,14,1
8422,13|14|18|25|35|48|63|72,8,14,1
8423,13|14|18|25|35|52|63|72|80|83,10,14,1
8424,13|14|18|25|55|62|63|72,8,14,1
8425,13|14|18|25|63|72|77|78|97|132,10,14,1
8426,13|14|18|25|95|96,6,14,1
8427,13|14|18|26,4,26,1
8428,13|14|18|27,4,27,1
8429,13|14|18|27|29,5,27,1
8430,13|14|18|28|35|41,6,28,1
8431,13|14|18|29|34|35|37|38|41|42|52|55|62|63|69|72,16,69,1
8432,13|14|18|29|35|37|38|41|55|102,10,38,1
8433,13|14|18|29|35|37|48,7,14,1
8434,13|14|18|29|35|37|52|55|62|63|72,11,14,1
8435,13|14|18|29|35|41|55|63|72|102,10,14,1
8436,13|14|18|29|35|52,6,14,1
8437,13|14|18|29|35|101,6,14,1
8438,13|14|18|30|55|102,6,30,1
8439,13|14|18|31|63|71|72,7,71,1
8440,13|14|18|32|55|63|72|102,8,32,1
8441,13|14|18|34|35|37,6,14,1
8442,13|14|18|34|35|41|52,7,14,1
8443,13|14|18|34|35|48,6,14,1
8444,13|14|18|34|35|48|78|97|132,9,14,1
8445,13|14|18|34|35|49,6,14,1
8446,13|14|18|34|35|52,6,14,1
8447,13|14|18|34|35|101,6,14,1
8448,13|14|18|34|55|62,6,14,1
8449,13|14|18|34|55|77|97|102,8,14,1
8450,13|14|18|34|63|72,6,14,1
8451,13|14|18|35|37|41|100,7,14,1
8452,13|14|18|35|37|52|100,7,14,1
8453,13|14|18|35|37|100,6,14,1
8454,13|14|18|35|40|42|63|72|100,9,40,1
8455,13|14|18|35|41|55|100|102,8,14,1
8456,13|14|35|37|41|55|62,7,14,1
8457,13|14|35|37|42|55|63|72|102,9,14,1
8458,13|14|35|37|43|55|63|72|102,9,14,1
8459,13|14|35|37|54,5,14,1
8460,13|14|35|37|55|58,6,14,1
8461,13|14|35|37|55|63|72|102,8,14,1
8462,13|14|35|37|79|80|83,7,14,1
8463,13|14|35|38|41,5,38,1
8464,13|14|35|38|42|52|63|72,8,38,1
8465,13|14|35|38|63|72,6,38,1
8466,13|14|35|40|48,5,40,1
8467,13|14|35|41|48|55|62,7,14,1
8468,13|14|35|41|48|55|102,7,14,1
8469,13|14|35|41|54|63|69,7,69,1
8470,13|14|35|43,4,14,1
8471,13|14|35|43|52|55|102,7,14,1
8472,13|14|35|49|52,5,14,1
8473,13|14|35|52|77|97,6,14,1
8474,13|14|35|52|95|96,6,14,1
8475,13|14|35|63|70|101,6,14,1
8476,13|14|35|63|71|101,6,71,1
8477,13|14|54|55|63|70|102,7,14,1
8478,13|14|54|55|79|102,6,14,1
8479,13|14|54|55|102,5,14,1
8480,13|14|55|62|63|71,6,71,1
8481,13|14|55|62|63|72|77|97,8,14,1
8482,13|14|55|63|67|102,6,67,1
8483,13|14|55|63|70|102,6,14,1
8484,13|14|55|63|71|78|97|102|132,9,71,1
8485,13|14|55|77|78|97|102|132,8,14,1
8486,13|14|55|91|96|102,6,91,1
8487,13|14|55|95|96|102,6,14,1
8488,13|14|63|66,4,66,1
8489,13|14|63|69,4,69,1
8490,13|14|63|69|78|97|132,7,69,1
8491,13|14|63|70|78|97|132,7,14,1
8492,13|14|63|71|77|78|97|132,8,71,1
8493,13|14|63|71|77|97,6,71,1
8494,13|14|76|97,4,14,1
8495,13|15|18|21|33,5,33,1
8496,13|15|18|21|55|62|63|69|70|72,10,15,1
8497,13|15|18|33,4,33,1
8498,13|15|18|34,4,15,1
8499,13|15|18|34|63|69,6,15,1
8500,13|15|18|34|63|71,6,15,1
8501,13|15|35|41|55|102,6,15,1
8502,13|15|35|43,4,15,1
8503,13|15|35|49,4,15,1
8504,13|15|35|52,4,15,1
8505,13|15|55|62,4,15,1
8506,13|15|55|62|63|72|80|83,8,15,1
8507,13|15|55|63|69|71|77|97|102,9,15,1
8508,13|15|55|63|69|102,6,15,1
8509,13|15|63|69|71,5,15,1
8510,13|15|63|71|79,5,15,1
8511,13|15|78|84|87|97|128,7,87,1
8512,13|16|18|20,4,16,1
8513,13|16|18|20|63|72,6,16,1
8514,13|16|18|34,4,16,1
8515,13|16|18|34|35|52|55|63|70|102,10,16,1
8516,13|16|35|41|55|102,6,16,1
8517,13|16|35|42|55|102,6,16,1
8518,13|16|63|66|70,5,16,1
8519,13|16|63|67,4,16,1
8520,13|16|77|97,4,16,1
8521,13|17|18|19,4,17,1
8522,13|17|18|34|63|72,6,17,1
8523,13|17|35|41,4,17,1
8524,13|17|63|71,4,17,1
8525,13|17|78|97|132,5,17,1
8526,13|35|41|55|99|102,6,99,1
8527,18|19|20|21,4,21,1
8528,18|19|20|21|22|23|24|29|30|35|41|48|49|52|55|58|63|72,18,30,1
8529,18|19|20|21|22|23|24|29|34|35|37|41|42|48|55|63|72|102,18,24,1
8530,18|19|20|21|22|23|29|34|35|41|42|48|52|55|62|63|72,17,21,1
8531,18|19|20|21|22|23|34|35|37|41|52|55|62|63|72,15,21,1
8532,18|19|20|21|22|24|34|35|41|42|48|52|55|63|72|77|97|102,18,24,1
8533,18|19|20|21|22|24|34|35|42|52|55|58|63|72|77|97,16,24,1
8534,18|19|20|21|22|27|34|35|37|41|42|52|55|63|72|102,16,27,1
8535,18|19|20|21|22|29|34|35|41|48|52|55|63|72|102,15,21,1
8536,18|19|20|21|22|34|35|37|41|42|55|63|72|77|97|102,16,21,1
8537,18|19|20|21|22|34|35|41|52|55|62|63|72|77|97,15,21,1
8538,18|19|20|21|22|34|35|41|54|55|63|72|102,13,21,1
8539,18|19|20|21|22|35|37|42|52|55|62|63|72|80|83,15,21,1
8540,18|19|20|21|22|35|48|55|58|63|72|80|81,13,21,1
8541,18|19|20|21|23|24|25|34|35|37|41|42|48|52|55|63|72|102,18,24,1
8542,18|19|20|21|23|24|29|34|35|41|48|52|55|63|72|102,16,24,1
8543,18|19|20|21|23|24|35|41|43|48|52|55|58|62|63|72,16,24,1
8544,18|19|20|21|23|25|27|34|35|37|41|48|52|55|63|72|102,17,27,1
8545,18|19|20|21|23|25|27|34|35|41|55|63|72|102,14,27,1
8546,18|19|20|21|23|29|34|35|39|48|52|55|63|72|102,15,39,1
8547,18|19|20|21|23|29|34|35|41|48|55|63|72|102,14,21,1
8548,18|19|20|21|23|34|35|37|41|43|48|55|62|63|72,15,21,1
8549,18|19|20|21|24|29|34|35|38|41|42|48|52|63|72,15,38,1
8550,18|19|20|21|24|34|35|38|41|63|72,11,38,1
8551,18|19|20|21|24|34|35|41|52|55|63|72|102,13,24,1
8552,18|19|20|21|25|30|34|35|41|42|52|55|63|72|102,15,30,1
8553,18|19|20|21|25|31|34|35|52|55|63|72|102,13,31,1
8554,18|19|20|21|25|34|35|37|38|42|48|55|63|72|102,15,38,1
8555,18|19|20|21|25|34|35|41|42|43|48|52|55|63|72|102,16,21,1
8556,18|19|20|21|25|34|35|42|48|55|63|72|77|97|102,15,21,1
8557,18|19|20|21|25|34|35|42|52|55|62|63|72,13,21,1
8558,18|19|20|21|25|34|35|42|52|55|63|72|102,13,21,1
8559,18|19|20|21|25|34|55|63|72|102,10,21,1
8560,18|19|20|21|29|34|35|37|39|41|42|52|55|62|63|72,16,39,1
8561,18|19|20|21|29|34|35|42|48|52|63|72|77|97,14,21,1
8562,18|19|20|21|30|35|41,7,30,1
8563,18|19|20|21|34|35|37|38|41|42|48|52|55|62|63|72|77|97,18,38,1
8564,18|19|20|21|34|35|37|38|41|42|52|55|63|72|102,15,38,1
8565,18|19|20|21|34|35|37|40|41|48|52|55|62|63|72,15,40,1
8566,18|19|20|21|34|35|37|48|52|55|62|63|72,13,21,1
8567,18|19|20|21|34|35|40|42|43|48|49|52|55|58|63|72,16,40,1
8568,18|19|20|21|34|35|42|52|55|63|72|102,12,21,1
8569,18|19|20|21|35|41|55|63|72|102,10,21,1
8570,18|19|20|21|35|42|43|48|63|72,10,21,1
8571,18|19|20|21|35|42|48|52|63|72,10,21,1
8572,18|19|20|21|35|42|52|55|58|63|72,11,21,1
8573,18|19|20|21|55|62|63|72|80|81,10,21,1
8574,18|19|20|21|55|63|72|102,8,21,1
8575,18|19|20|22|23|24|27|28|35|48|52|55|63|72|102,15,28,1
8576,18|19|20|22|23|24|34|35|37|42|55|58|63|72,14,24,1
8577,18|19|20|22|23|27|28|34|35|37|41|48|55|58|62|63|72,17,28,1
8578,18|19|20|22|23|28|34|35|41|42|43|48|52|55|63|72|77|97|102,19,28,1
8579,18|19|20|22|23|34|35|37|52|55|58|62|63|70|72,15,23,1
8580,18|19|20|22|23|34|35|41|42|48|52|55|58|63|72,15,23,1
8581,18|19|20|22|23|34|35|48|63|72,10,23,1
8582,18|19|20|22|23|35|37|42|48|49|52|55|58|63|72|77|80|81|97,19,23,1
8583,18|19|20|22|23|35|42|52|55|63|72|102,12,23,1
8584,18|19|20|22|23|63|72,7,23,1
8585,18|19|20|22|24|25|26|34|35|42|55|63|72|95|96|102,16,26,1
8586,18|19|20|22|24|27|29|35|42|48|52|55|63|72|102,15,27,1
8587,18|19|20|22|24|34|35|38|52|55|63|72|102,13,38,1
8588,18|19|20|22|24|34|35|40|52|55|63|72|102,13,40,1
8589,18|19|20|22|25|27|29|34|35|41|42|48|55|63|72|102,16,27,1
8590,18|19|20|22|25|34|35|42|55|63|72|77|97|102,14,25,1
8591,18|19|20|22|25|35|37|40|41|42|55|58|63|72,14,40,1
8592,18|19|20|22|27|34|35|48|52|55|63|72|102,13,27,1
8593,18|19|20|22|29|30|34|35|37|41|42|47|52|55|58|61|63|72,18,47,1
8594,18|19|20|22|29|34|35|40|41|42|48|49|55|62|63|72|80|83,18,40,1
8595,18|19|20|22|29|34|35|48|77|97,10,29,1
8596,18|19|20|22|29|35|48|55|63|72|102,11,29,1
8597,18|19|20|22|31|35|38|42|63|72,10,31,1
8598,18|19|20|22|31|35|41|48|55|62|63|72,12,31,1
8599,18|19|20|22|34|35|37|41|42|48|55|63|72|102,14,22,1
8600,18|19|20|22|34|35|37|41|48|52|55|58|63|72,14,22,1
8601,18|19|20|22|34|35|37|48|55|63|72|102,12,22,1
8602,18|19|20|22|34|35|38|41|52|63|72,11,38,1
8603,18|19|20|22|34|35|41|42|48|52|55|63|72|102,14,22,1
8604,18|19|20|22|34|35|41|42|55|63|72|102,12,22,1
8605,18|19|20|22|34|35|42|43|48|49|52,11,49,1
8606,18|19|20|22|34|35|42|48|55|63|72|102,12,22,1
8607,18|19|20|22|34|35|42|63|72,9,22,1
8608,18|19|20|22|34|35|47|55|58|63|72,11,47,1
8609,18|19|20|22|35|36|55|58|63|72,10,36,1
8610,18|19|20|22|35|38|42|49|54|63|72,11,38,1
8611,18|19|20|22|35|42|52|63|72,9,22,1
8612,18|19|20|22|35|48|52|55|63|72|102,11,22,1
8613,18|19|20|22|35|48|54|55|58|77|97,11,22,1
8614,18|19|20|23|24|25|34|35|42|48|52|55|63|72|102,15,24,1
8615,18|19|20|23|24|26|27|28|29|30|34|35|37|41|42|48|52|55|62|63|72|77|80|83|97,25,26,1
8616,18|19|20|23|24|34|35|41|48|55|63|72|77|97|102,15,24,1
8617,18|19|20|23|24|34|35|42|55|62|63|72,12,24,1
8618,18|19|20|23|24|34|35|42|55|63|72|102,12,24,1
8619,18|19|20|23|24|35|41|55|63|69|72|102,12,69,1
8620,18|19|20|23|24|55|63|72|77|97|102,11,24,1
8621,18|19|20|23|25|27|30|34|35|48|55|58|63|72|77|97,16,30,1
8622,18|19|20|23|25|34|35|41|42|43|48|52|55|63|72|77|97|102,18,23,1
8623,18|19|20|23|25|34|35|42|52|55|62|63|72,13,23,1
8624,18|19|20|23|25|35|42|49|52|63|72,11,23,1
8625,18|19|20|23|26|55|58|63|72,9,26,1
8626,18|19|20|23|27|34|35|36|37|38|40|41|48|52|55|62|63|72,18,36,1
8627,18|19|20|23|28|29|30|35|37|55|63|72|102,13,28,1
8628,18|19|20|23|28|34|35|43|48|52|55|63|72|102,14,28,1
8629,18|19|20|23|31|34|35|48|49|52|55|63|72|102,14,31,1
8630,18|19|20|23|34|35|36|37|38|40|41|52|55|63|72|102,16,36,1
8631,18|19|20|23|34|35|40|41|42|48|55|63|72|102,14,40,1
8632,18|19|20|23|34|35|48|52|55|63|72|102,12,23,1
8633,18|19|20|23|35|37|48|55|63|72|102,11,23,1
8634,18|19|20|23|35|41|48|55|63|72|102,11,23,1
8635,18|19|20|23|35|43|55|63|72|102,10,23,1
8636,18|19|20|23|35|48|52|55|62|63|72,11,23,1
8637,18|19|20|23|35|48|55|63|72|77|97|102,12,23,1
8638,18|19|20|24|30|34|35|42|52|55|63|72|102,13,30,1
8639,18|19|20|24|32|34|35|41|48|52|55|62|63|72,14,32,1
8640,18|19|20|24|32|34|35|48|52|55|62|63|72,13,32,1
8641,18|19|20|24|34|35|37|38|41|42|48|55|62|63|72,15,38,1
8642,18|19|20|24|34|35|41|42|55|63|72|102,12,24,1
8643,18|19|20|24|34|35|48|52|55|63|72|102,12,24,1
8644,18|19|20|24|35|37|38|43|55|63|72|102,12,38,1
8645,18|19|20|24|35|37|48|55|62|63|72,11,24,1
8646,18|19|20|25|27|34|63|72,8,27,1
8647,18|19|20|25|29|34|35|41|42|48|63|72,12,29,1
8648,18|19|20|25|30|35|43|52|55|58|63|72,12,30,1
8649,18|19|20|25|34|35|37|38|41|42|48|52|55|58|63|72|80|81,18,38,1
8650,18|19|20|25|34|35|37|38|41|42|55|63|72|102,14,38,1
8651,18|19|20|25|34|35|38|41|55|62|63|72,12,38,1
8652,18|19|20|25|34|35|40|41|43|48|49|52|55|62|63|72,16,40,1
8653,18|19|20|25|34|35|40|41|49|52|55|58|63|72,14,40,1
8654,18|19|20|25|34|35|63|72|101,9,25,1
8655,18|19|20|25|35|37|40|41|48|55|62|63|70|72,14,40,1
8656,18|19|20|25|35|37|42|52|55|63|72|102,12,25,1
8657,18|19|20|25|35|37|55|63|72|102,10,25,1
8658,18|19|20|25|35|41|48|52|55|62|63|69|72|77|97,15,69,1
8659,18|19|20|25|35|41|48|52|55|63|72|77|97|102,14,25,1
8660,18|19|20|25|35|41|55|63|69|72|102,11,69,1
8661,18|19|20|25|35|42|48|55|63|72|102,11,25,1
8662,18|19|20|25|35|48|55|63|72|102,10,25,1
8663,18|19|20|25|35|52|63|72,8,25,1
8664,18|19|20|25|35|63|72|101,8,25,1
8665,18|19|20|25|55|63|72|77|97|102,10,25,1
8666,18|19|20|25|55|63|72|102,8,25,1
8667,18|19|20|26|34|35|37|41|55|58|63|72,12,26,1
8668,18|19|20|27|34|35|42|48|63|72,10,27,1
8669,18|19|20|27|34|35|42|48|63|72|77|97,12,27,1
8670,18|19|20|27|35|37|48|52|55|63|72|102,12,27,1
8671,18|19|20|27|35|48|52|55|62|63|72,11,27,1
8672,18|19|20|27|55|62|63|72,8,27,1
8673,18|19|20|28|29|34|35|42|48|55|63|72|102,13,28,1
8674,18|19|20|28|29|35|37|48|55|63|72|102,12,28,1
8675,18|19|20|29|33|34|35|49|52|55|63|72|102,13,33,1
8676,18|19|20|29|34|35|41|48|52|55|63|72|102,13,29,1
8677,18|19|20|29|34|35|41|55|63|72|102,11,29,1
8678,18|19|20|29|34|35|48|55|63|72|102,11,29,1
8679,18|19|20|29|34|35|52|55|63|72|102,11,29,1
8680,18|19|20|29|35|37|42|52|55|63|72|102,12,29,1
8681,18|19|20|29|35|37|55|63|72|102,10,29,1
8682,18|19|20|29|35|48|55|63|72|102,10,29,1
8683,18|19|20|29|55|63|72|102,8,29,1
8684,18|19|20|31|34|55|58|63|72,9,31,1
8685,18|19|20|32|63|72,6,32,1
8686,18|19|20|34|35|37|38|41|52|55|63|72|102,13,38,1
8687,18|19|20|34|35|37|40|41|42|52|55|62|63|72,14,40,1
8688,18|19|20|34|35|37|41|42|48|52|63|72,12,19,1
8689,18|19|20|34|35|37|41|42|55|58|63|72,12,19,1
8690,18|19|20|34|35|37|41|43|55|62|63|72,12,19,1
8691,18|19|20|34|35|37|42|48|52|55|63|72|77|97|102,15,19,1
8692,18|19|20|34|35|37|42|49|55|63|72|102,12,49,1
8693,18|19|20|34|35|37|48|55|63|72|102,11,19,1
8694,18|19|20|34|35|38|42|48|63|72,10,38,1
8695,18|19|20|34|35|40|42|55|63|72|102,11,40,1
8696,18|19|20|34|35|41|42|48|55|63|72|102,12,19,1
8697,18|19|20|34|35|41|42|52|55|63|72|102,12,19,1
8698,18|19|20|34|35|41|48|54|55|62|63|70|72|74|97|120,16,19,1
8699,18|19|20|34|35|41|52|55|63|72|102,11,19,1
8700,18|19|20|34|35|41|55|63|72|102,10,19,1
8701,18|19|20|34|35|42|43|48|52|63|72,11,19,1
8702,18|19|20|34|35|42|43|48|55|63|72|77|97|102,14,19,1
8703,18|19|20|34|35|42|48|52|55|63|72|77|97|102,14,19,1
8704,18|19|20|34|35|42|48|52|63|72,10,19,1
8705,18|19|20|34|35|42|48|52|63|72|77|97,12,19,1
8706,18|19|20|34|35|42|48|63|72|77|97,11,19,1
8707,18|19|20|34|35|42|52|55|63|72|102,11,19,1
8708,18|19|20|34|35|42|55|58|63|72|77|97,12,19,1
8709,18|19|20|34|35|48,6,19,1
8710,18|19|20|34|35|48|52|55|63|72|102,11,19,1
8711,18|19|20|34|35|48|55|58|63|72,10,19,1
8712,18|19|20|34|35|48|55|63|72|77|97|102,12,19,1
8713,18|19|20|34|35|48|55|63|72|102,10,19,1
8714,18|19|20|34|35|49|63|72,8,49,1
8715,18|19|20|34|35|52|54|55|63|72|102,11,19,1
8716,18|19|20|34|35|52|63|72,8,19,1
8717,18|19|20|34|35|55|101|102,8,19,1
8718,18|19|20|35|36|37|38|41|48|52|63|72,12,36,1
8719,18|19|20|35|36|55|58|63|72,9,36,1
8720,18|19|20|35|36|63|72,7,36,1
8721,18|19|20|35|37,5,19,1
8722,18|19|20|35|37|38|41|55|63|72|77|97|102,13,38,1
8723,18|19|20|35|37|40|55|62|63|72|74|97|120|122,14,40,1
8724,18|19|20|35|37|41|55|63|72|102,10,19,1
8725,18|19|20|35|37|43|48|55|63|72|102,11,19,1
8726,18|19|20|35|37|48|55|62|63|72,10,19,1
8727,18|19|20|35|37|48|55|102,8,19,1
8728,18|19|20|35|37|55|58|63|72,9,19,1
8729,18|19|20|35|37|55|62|63|67|72,10,67,1
8730,18|19|20|35|37|55|62|63|72,9,19,1
8731,18|19|20|35|37|55|63|72|102,9,19,1
8732,18|19|20|35|40|48|49,7,40,1
8733,18|19|20|35|41|42|43|48|55|63|72|102,12,19,1
8734,18|19|20|35|41|42|48|63|72|77|97,11,19,1
8735,18|19|20|35|41|42|55|58|63|72,10,19,1
8736,18|19|20|35|41|47|55|63|72|102,10,47,1
8737,18|19|20|35|41|48|52|55|63|72|102,11,19,1
8738,18|19|20|35|41|48|55|62,8,19,1
8739,18|19|20|35|41|48|63|72,8,19,1
8740,18|19|20|35|41|52|55|63|72|102,10,19,1
8741,18|19|20|35|41|55|102,7,19,1
8742,18|19|20|35|42|48|52|55|63|72|102,11,19,1
8743,18|19|20|35|42|48|52|63|72,9,19,1
8744,18|19|20|35|42|48|52|63|72|77|97,11,19,1
8745,18|19|20|35|42|48|55|62|63|72,10,19,1
8746,18|19|20|35|42|48|63|72,8,19,1
8747,18|19|20|35|42|52|55|63|72|102,10,19,1
8748,18|19|20|35|42|52|63|72,8,19,1
8749,18|19|20|35|42|55|62|63|72,9,19,1
8750,18|19|20|35|42|55|63|72|77|97|102,11,19,1
8751,18|19|20|35|42|55|80|81|102,9,19,1
8752,18|19|20|35|43|47|48|55|63|72|102,11,47,1
8753,18|19|20|35|43|48|49|55|63|72|102,11,49,1
8754,18|19|20|35|43|48|52|54|63|72,10,19,1
8755,18|19|20|35|43|48|52|55|63|72|102,11,19,1
8756,18|19|20|35|43|48|52|63|72,9,19,1
8757,18|19|20|35|43|48|63|72,8,19,1
8758,18|19|20|35|43|55|62|63|72,9,19,1
8759,18|19|20|35|43|63|72,7,19,1
8760,18|19|20|35|47|63|72,7,47,1
8761,18|19|20|35|48,5,19,1
8762,18|19|20|35|48|52|55|62|63|72,10,19,1
8763,18|19|20|35|48|52|55|63|69|72|102,11,69,1
8764,18|19|20|35|48|52|63|72,8,19,1
8765,18|19|20|35|48|52|63|72|80|83,10,19,1
8766,18|19|20|35|48|55|58|63|72,9,19,1
8767,18|19|20|35|48|55|62,7,19,1
8768,18|19|20|35|48|55|102,7,19,1
8769,18|19|20|35|49|63|72,7,49,1
8770,18|19|20|35|52|54|55|63|72|102,10,19,1
8771,18|19|20|35|52|55|58|63|69|72,10,69,1
8772,18|19|20|35|55|63|72|101|102,9,19,1
8773,18|19|20|35|55|101|102,7,19,1
8774,18|19|20|55|58,5,19,1
8775,18|19|20|55|62,5,19,1
8776,18|19|20|63|72|80|81,7,19,1
8777,18|19|21,3,21,1
8778,18|19|21|22|23|29|34|35|38|41|55|63|72|77|97|102,16,38,1
8779,18|19|21|22|25|34|35|37|41|42|52|55|62|63|72,15,21,1
8780,18|19|21|22|29|34|35|41|42|52|63|72|77|97,14,21,1
8781,18|19|21|22|29|35|38|55|63|72|102,11,38,1
8782,18|19|21|22|29|35|42|49|55|63|72|102,12,21,1
8783,18|19|21|22|34|35|37|48|52|63|72,11,21,1
8784,18|19|21|23|24|34|35|42|43|48|52|55|63|72|102,15,24,1
8785,18|19|21|23|34|35|38|41|42|43|48|52|55|62|63|72|74|75|77|78|80|83|97|118|120|122|132,27,38,1
8786,18|19|21|23|34|35|42|43|48|55|63|72|77|97|102,15,21,1
8787,18|19|21|23|34|35|42|48|49|52|55|63|72|77|97|102,16,21,1
8788,18|19|21|23|35|41|55|63|72|102,10,21,1
8789,18|19|21|24|34|35|40|42|48|55|63|72|102,13,40,1
8790,18|19|21|24|34|35|43|48|52|55|63|72|102,13,24,1
8791,18|19|21|24|35|37|43|55|63|72|74|97|102|120|122,15,24,1
8792,18|19|21|24|35|48|49|52|55|63|72|102,12,24,1
8793,18|19|21|24|63|72,6,24,1
8794,18|19|21|25|34|35|37|40|42|55|62|63|72|80|83,15,40,1
8795,18|19|21|25|63|72,6,21,1
8796,18|19|21|26|31|35|48|55|63|72|102,11,26,1
8797,18|19|21|27|28|34|35|43|48|52|63|70|77|97,14,28,1
8798,18|19|21|27|35|48|63|72,8,27,1
8799,18|19|21|31|34|35|42|63|72|77|97,11,31,1
8800,18|19|21|34|35|36|42|48|55|62|63|72,12,36,1
8801,18|19|21|34|35|40|42|63|72|77|97,11,40,1
8802,18|19|21|34|35|41|42|48|55|58|63|72,12,21,1
8803,18|19|21|34|35|41|63|72,8,21,1
8804,18|19|21|34|35|42|43|49|63|72,10,21,1
8805,18|19|21|34|35|42|43|55|102,9,21,1
8806,18|19|21|34|35|42|48|52|55|63|72|102,12,21,1
8807,18|19|21|34|35|42|48|52|63|72,10,21,1
8808,18|19|21|34|35|42|48|55|62|63|72,11,21,1
8809,18|19|21|34|35|42|52|55|63|72|102,11,21,1
8810,18|19|21|34|35|42|63|72|77|97,10,21,1
8811,18|19|21|34|35|48|49|63|72,9,21,1
8812,18|19|21|34|35|49|63|72,8,21,1
8813,18|19|21|34|35|52|63|72,8,21,1
8814,18|19|21|34|63|72,6,21,1
8815,18|19|21|35|37|52|55|62|63|72,10,21,1
8816,18|19|21|35|38|42|55|62|63|72,10,38,1
8817,18|19|21|35|39|63|72,7,39,1
8818,18|19|21|35|41|42|63|72,8,21,1
8819,18|19|21|35|41|63|72,7,21,1
8820,18|19|21|35|42|48|63|72,8,21,1
8821,18|19|21|35|42|52|63|69|72,9,69,1
8822,18|19|21|35|42|52|63|72,8,21,1
8823,18|19|21|35|42|55|63|72|77|97|102,11,21,1
8824,18|19|21|35|43|48|63|72,8,21,1
8825,18|19|21|35|48|52|63|72,8,21,1
8826,18|19|21|35|48|55|62,7,21,1
8827,18|19|21|35|48|55|63|72|102,9,21,1
8828,18|19|21|35|48|55|102,7,21,1
8829,18|19|21|35|48|63|72,7,21,1
8830,18|19|21|35|52|55|63|72|102,9,21,1
8831,18|19|21|35|55|63|72|101|102,9,21,1
8832,18|19|21|35|63|72|101,7,21,1
8833,18|19|21|35|101,5,21,1
8834,18|19|22|23|24|25|34|35|52|55|63|72|102,13,24,1
8835,18|19|22|23|24|29|34|35|41|42|48|55|63|72|102,15,24,1
8836,18|19|22|23|25|26|27|28|35|38|55|63|72|102,14,26,1
8837,18|19|22|23|27|29|30|34|35|43|55|58|63|72,14,30,1
8838,18|19|22|23|27|29|31|34|35|42|55|63|72|102,14,31,1
8839,18|19|22|23|27|29|34|35|42|48|55|63|72|102,14,27,1
8840,18|19|22|23|27|29|35|43|52|55|62|63|72|77|97,15,27,1
8841,18|19|22|23|28|34|35|43|48|52|55|63|72|102,14,28,1
8842,18|19|22|23|29|34|35|37|42|55|62,11,23,1
8843,18|19|22|23|29|34|35|41|42|52|55|63|72|102,14,23,1
8844,18|19|22|23|29|34|55|63|72|102,10,23,1
8845,18|19|22|23|30|35|41|42|55|63|72|102,12,30,1
8846,18|19|22|23|30|35|48|55|102,9,30,1
8847,18|19|22|23|34|35|37|48|55|63|72|102,12,23,1
8848,18|19|22|23|34|35|38|40|41|42|48|52|55|63|72|77|97|102,18,40,1
8849,18|19|22|23|34|35|38|42|52|63|72,11,38,1
8850,18|19|22|23|34|35|41|42|48|52|55|63|72|102,14,23,1
8851,18|19|22|23|34|35|41|48|55|58|63|72|77|97,14,23,1
8852,18|19|22|23|34|35|52|55|63|72|102,11,23,1
8853,18|19|22|23|34|55|58|63|72,9,23,1
8854,18|19|22|23|34|55|63|72|102,9,23,1
8855,18|19|22|23|35|37|55|63|72|77|97|102,12,23,1
8856,18|19|22|23|35|38|48|52|54|55|63|70|72|77|97|102,16,38,1
8857,18|19|22|23|35|41|48|55|63|72|102,11,23,1
8858,18|19|22|23|35|48|52|55|63|72|77|97|102,13,23,1
8859,18|19|22|23|35|48|52|55|102,9,23,1
8860,18|19|22|23|55|63|72|77|97|102,10,23,1
8861,18|19|22|23|55|63|72|102,8,23,1
8862,18|19|22|23|55|102,6,23,1
8863,18|19|22|24,4,24,1
8864,18|19|22|24|29|31|34|55|63|72|77|97|102,13,31,1
8865,18|19|22|24|34|35|42|52|55|63|72|77|97|102,14,24,1
8866,18|19|22|24|34|35|48|52|55|62|63|72|77|97,14,24,1
8867,18|19|22|24|35|40|42|55|62|63|72,11,40,1
8868,18|19|22|24|35|41|52|55|63|72|77|97|102,13,24,1
8869,18|19|22|24|35|52|55|63|72|102,10,24,1
8870,18|19|22|25|29|35|37|41|48|52|55|62|63|72,14,29,1
8871,18|19|22|25|29|35|46|48|52|55|63|72|102,13,46,1
8872,18|19|22|25|34|35|41|63|72,9,25,1
8873,18|19|22|25|35|37|63|70|72,9,25,1
8874,18|19|22|27|30|55|102,7,30,1
8875,18|19|22|28|29|34|35|48|55|102,10,28,1
8876,18|19|22|28|34|35|42|48|49|55|63|72|102,13,28,1
8877,18|19|22|29,4,29,1
8878,18|19|22|29|34|35|36|77|97,9,36,1
8879,18|19|22|29|34|35|37|38|41|42|55|62|63|72|80|83,16,38,1
8880,18|19|22|29|34|35|42|55|63|72|102,11,29,1
8881,18|19|22|29|34|35|48|63|72,9,29,1
8882,18|19|22|29|34|55|63|72|102,9,29,1
8883,18|19|22|29|35|52|63|72,8,29,1
8884,18|19|22|29|35|55|63|72|101|102,10,29,1
8885,18|19|22|29|63|72,6,29,1
8886,18|19|22|30|31|34|35|42|48|55|63|72|77|97|102,15,30,1
8887,18|19|22|30|31|35|42|48|52|55|63|72|102,13,30,1
8888,18|19|22|30|35|48|55|102,8,30,1
8889,18|19|22|31|34|35|42|48|52|55|102,11,31,1
8890,18|19|22|31|35|42|55|63|72|102,10,31,1
8891,18|19|22|34|35|36|37|41|42|55|63|72|102,13,36,1
8892,18|19|22|34|35|37|41|42|48|55|63|72|102,13,22,1
8893,18|19|22|34|35|37|41|48|55|62|63|72|74|75|80|83|97|118|122,19,22,1
8894,18|19|22|34|35|37|42|48|52|55|58|62|63|72,14,22,1
8895,18|19|22|34|35|37|48|52|55|62|77|97,12,22,1
8896,18|19|22|34|35|38|54|55|63|72|102,11,38,1
8897,18|19|22|34|35|41|42|48|52|55|63|72|102,13,22,1
8898,18|19|22|34|35|41|42|52,8,22,1
8899,18|19|22|34|35|41|42|55|63|72|77|97|102,13,22,1
8900,18|19|22|34|35|41|42|55|63|72|102,11,22,1
8901,18|19|22|34|35|41|48|52|55|63|72|102,12,22,1
8902,18|19|22|34|35|41|48|55|63|72|102,11,22,1
8903,18|19|22|34|35|41|55|63|72|102,10,22,1
8904,18|19|22|34|35|42|48|55|63|72|102,11,22,1
8905,18|19|22|34|35|42|48|63|72,9,22,1
8906,18|19|22|34|35|52|55|58|63|72,10,22,1
8907,18|19|22|34|35|52|55|63|72|102,10,22,1
8908,18|19|22|34|35|52|63|72,8,22,1
8909,18|19|22|35|37|38|42|52|55|62|63|72|77|97,14,38,1
8910,18|19|22|35|37|41|42|48|55|63|72|102,12,22,1
8911,18|19|22|35|37|41|42|55|63|72|102,11,22,1
8912,18|19|22|35|37|42|55|63|72|74|97|102|122,13,22,1
8913,18|19|22|35|37|52|55|63|72|102,10,22,1
8914,18|19|22|35|37|55|58|63|72,9,22,1
8915,18|19|22|35|41|42|48|55|63|72|102,11,22,1
8916,18|19|22|35|41|42|48|55|102,9,22,1
8917,18|19|22|35|41|42|52|63|72,9,22,1
8918,18|19|22|35|41|48|49|55|63|72|102,11,49,1
8919,18|19|22|35|41|55|63|72|102,9,22,1
8920,18|19|22|35|42|52|63|72,8,22,1
8921,18|19|22|35|42|55|63|72|102,9,22,1
8922,18|19|22|35|43|48|52|63|72,9,22,1
8923,18|19|22|35|43|52|55|62|63|72,10,22,1
8924,18|19|22|35|43|52|55|63|72|102,10,22,1
8925,18|19|22|35|43|55|63|72|102,9,22,1
8926,18|19|22|35|48,5,22,1
8927,18|19|22|35|48|52,6,22,1
8928,18|19|22|35|48|52|55|102,8,22,1
8929,18|19|22|35|48|55|62,7,22,1
8930,18|19|22|35|48|55|62|63|72,9,22,1
8931,18|19|22|35|48|55|102,7,22,1
8932,18|19|22|35|48|63|72,7,22,1
8933,18|19|22|35|52|55|102,7,22,1
8934,18|19|22|35|52|63|72|77|97,9,22,1
8935,18|19|22|35|63|72|101,7,22,1
8936,18|19|22|55|62|63|72,7,22,1
8937,18|19|22|55|63|72|80|81|102,9,22,1
8938,18|19|22|63|72|80|81,7,22,1
8939,18|19|22|77|97,5,22,1
8940,18|19|23|24|25|34|35|41|42|52|55|62|63|72,14,24,1
8941,18|19|23|24|26|34|35|36|43|55|63|72|102,13,26,1
8942,18|19|23|24|30|33|34|35|40|42|48|49|55|102,14,33,1
8943,18|19|23|24|34|35|41|42|48|55|102,11,24,1
8944,18|19|23|24|34|35|43|48|52|55|63|72|102,13,24,1
8945,18|19|23|24|35|36|41|48|52|55|58|63|72,13,36,1
8946,18|19|23|24|35|42|52|63|72,9,24,1
8947,18|19|23|25|35|55|63|72|101|102,10,23,1
8948,18|19|23|26|34|55|63|72|102,9,26,1
8949,18|19|23|28|35|43|52|55|102,9,28,1
8950,18|19|23|29|34|35|41|42|48|49|52|63|72,13,23,1
8951,18|19|23|29|34|35|41|43|48|55|58|63|72,13,23,1
8952,18|19|23|29|35|42|48|55|63|72|102,11,23,1
8953,18|19|23|29|35|48|55|63|72|102,10,23,1
8954,18|19|23|30|31|35|43|63|72,9,30,1
8955,18|19|23|30|35|52,6,30,1
8956,18|19|23|31|35|41|43|48|55|63|72|77|97|102,14,31,1
8957,18|19|23|32,4,32,1
8958,18|19|23|32|34|35|38|42|52|55|63|72|102,13,32,1
8959,18|19|23|34|35|37|41|52|55|62|63|72,12,23,1
8960,18|19|23|34|35|37|42|48|52|55|63|72|102,13,23,1
8961,18|19|23|34|35|38|42|55|63|72|102,11,38,1
8962,18|19|23|34|35|41|48|49|55|63|72|102,12,23,1
8963,18|19|23|34|35|41|55|63|72|102,10,23,1
8964,18|19|23|34|35|42,6,23,1
8965,18|19|23|34|35|42|52|55|63|72|102,11,23,1
8966,18|19|23|34|35|42|55|63|72|102,10,23,1
8967,18|19|23|34|35|48|63|72,8,23,1
8968,18|19|23|34|63|72,6,23,1
8969,18|19|23|35|37|41|48|52|63|72,10,23,1
8970,18|19|23|35|37|41|55|63|72|102,10,23,1
8971,18|19|23|35|37|48|55|63|72|102,10,23,1
8972,18|19|23|35|41|55|63|72|102,9,23,1
8973,18|19|23|35|42,5,23,1
8974,18|19|23|35|42|48|54|63|72,9,23,1
8975,18|19|23|35|42|63|72,7,23,1
8976,18|19|23|35|43|48|55|62|63|72,10,23,1
8977,18|19|23|35|43|52|55|63|72|102,10,23,1
8978,18|19|23|35|48|54|63|72,8,23,1
8979,18|19|23|35|48|63|72,7,23,1
8980,18|19|23|35|52,5,23,1
8981,18|19|23|35|52|55|63|72|102,9,23,1
8982,18|19|23|35|101,5,23,1
8983,18|19|23|55|63|72|77|97|102,9,23,1
8984,18|19|24|25|27|34|35|40|42|48|52|55|63|72|102,15,27,1
8985,18|19|24|25|35|37|41|43|48|55|58|62|63|72,14,24,1
8986,18|19|24|25|35|48|52|55|58|63|72,11,24,1
8987,18|19|24|26,4,26,1
8988,18|19|24|26|30|34|35|52|55|63|72|102,12,26,1
8989,18|19|24|26|35|37|48|55|63|72|102,11,26,1
8990,18|19|24|27|29|34|35|41|42|43|48|52|53|55|63|72|102,17,27,1
8991,18|19|24|27|29|35|43|48|52|55|63|72|102,13,27,1
8992,18|19|24|27|35|48|63|72,8,27,1
8993,18|19|24|27|63|72,6,27,1
8994,18|19|24|28|30|63|72,7,28,1
8995,18|19|24|29|31|34|35|55|63|72|101|102,12,31,1
8996,18|19|24|30|31|34|35|42|48|52|55|58|63|72|77|97,16,30,1
8997,18|19|24|30|35|43|48|52|55|58|63|72,12,30,1
8998,18|19|24|31|35|43|49|63|72,9,31,1
8999,18|19|24|31|35|55|58|63|72|101,10,31,1
9000,18|19|24|32|34|35|48|63|72,9,32,1
9001,18|19|24|34|35|36|37|38|41|48|55|58|62|63|72,15,36,1
9002,18|19|24|34|35|38|41|55|63|72|102,11,38,1
9003,18|19|24|34|35|41|42|43|48|52|55|63|70|72|102,15,24,1
9004,18|19|24|34|35|41|43|48|63|72,10,24,1
9005,18|19|24|34|35|41|55|63|72|102,10,24,1
9006,18|19|24|34|35|42|52|55|58|63|72,11,24,1
9007,18|19|24|34|35|42|55|63|72|77|97|102,12,24,1
9008,18|19|24|34|35|43|48|52|55|63|72|102,12,24,1
9009,18|19|24|34|35|43|52|55|58|62|63|72,12,24,1
9010,18|19|24|34|35|48|49|55|62|63|72,11,24,1
9011,18|19|24|34|35|48|52|54|55|63|72|77|80|81|97|102,16,24,1
9012,18|19|24|34|35|48|52|55|63|72|102,11,24,1
9013,18|19|24|34|35|48|52|55|102,9,24,1
9014,18|19|24|34|35|48|52|63|72,9,24,1
9015,18|19|24|34|35|48|52|77|97,9,24,1
9016,18|19|24|34|35|52|63|72,8,24,1
9017,18|19|24|34|55|63|72|102,8,24,1
9018,18|19|24|35|36|41|42|48|54|55|58,11,36,1
9019,18|19|24|35|37,5,24,1
9020,18|19|24|35|37|38|41|52|54|55|62|63|72|79,14,38,1
9021,18|19|24|35|37|41|55|63|72|102,10,24,1
9022,18|19|24|35|37|42|48|55|63|72|102,11,24,1
9023,18|19|24|35|37|43|63|72,8,24,1
9024,18|19|24|35|37|52|55|63|72|102,10,24,1
9025,18|19|24|35|37|55|63|72|102,9,24,1
9026,18|19|24|35|40|42|43|48|49|55|63|72|102,13,40,1
9027,18|19|24|35|40|42|48|52|63|72|77|97,12,40,1
9028,18|19|24|35|41|42|55|63|72|102,10,24,1
9029,18|19|24|35|41|43|48|52|55|58|63|72,12,24,1
9030,18|19|24|35|41|55|63|72|102,9,24,1
9031,18|19|24|35|42|48|63|72,8,24,1
9032,18|19|24|35|43|52|63|72,8,24,1
9033,18|19|24|35|43|55|58|63|72,9,24,1
9034,18|19|24|35|48|52|55|63|72|102,10,24,1
9035,18|19|24|35|48|52|55|79|102,9,24,1
9036,18|19|24|35|48|55|62|63|72,9,24,1
9037,18|19|24|35|48|55|63|72|102,9,24,1
9038,18|19|24|35|48|55|102,7,24,1
9039,18|19|24|35|52,5,24,1
9040,18|19|24|35|52|55|63|72|102,9,24,1
9041,18|19|24|35|52|55|102,7,24,1
9042,18|19|24|35|55|58|63|72|101,9,24,1
9043,18|19|24|35|55|63|72|101|102,9,24,1
9044,18|19|24|35|101,5,24,1
9045,18|19|24|63|72|80|81,7,24,1
9046,18|19|25,3,25,1
9047,18|19|25|27|29|34|55|63|72|102,10,27,1
9048,18|19|25|28|63|72,6,28,1
9049,18|19|25|29|35|41|42|48|63|72,10,29,1
9050,18|19|25|31|35|42|48|52|63|72,10,31,1
9051,18|19|25|31|35|48|55|58|63|72,10,31,1
9052,18|19|25|31|63|72,6,31,1
9053,18|19|25|34|35|36|37|39|41|55|62|80|83,13,36,1
9054,18|19|25|34|35|37|55|62,8,25,1
9055,18|19|25|34|35|38|40|42|48|55|63|72|77|97|102,15,40,1
9056,18|19|25|34|35|41|48|52|63|72,10,25,1
9057,18|19|25|34|35|42|48|55|62|63|72,11,25,1
9058,18|19|25|34|35|43|48|52|54|55|58|63|72,13,25,1
9059,18|19|25|34|35|43|48|63|72,9,25,1
9060,18|19|25|34|35|48|63|72|77|97,10,25,1
9061,18|19|25|34|35|63|72|101,8,25,1
9062,18|19|25|34|55|63|72|102,8,25,1
9063,18|19|25|34|55|102,6,25,1
9064,18|19|25|34|63|72,6,25,1
9065,18|19|25|35|41|48|63|72,8,25,1
9066,18|19|25|35|42|43|49|55|63|72|102,11,49,1
9067,18|19|25|35|42|63|72,7,25,1
9068,18|19|25|35|43|48|55|63|72|102,10,25,1
9069,18|19|25|35|48|52|55|62|63|72,10,25,1
9070,18|19|25|35|52|55|63|72|79|102,10,25,1
9071,18|19|25|35|52|55|63|72|102,9,25,1
9072,18|19|25|35|55|63|72|101|102,9,25,1
9073,18|19|25|54,4,25,1
9074,18|19|25|55|63|72|80|81|102,9,25,1
9075,18|19|26|29|35|52|63|72|80|81|83,11,26,1
9076,18|19|26|35|52|63|72,7,26,1
9077,18|19|27,3,27,1
9078,18|19|27|29|34|55|63|72|102,9,27,1
9079,18|19|27|34|35|37|41|42|55|63|72|102,12,27,1
9080,18|19|27|34|35|41|48|52|55|58|63|72,12,27,1
9081,18|19|27|34|35|42|48|52|55|63|72|102,12,27,1
9082,18|19|27|35|37|41|42|48|52|55|62|63|72,13,27,1
9083,18|19|27|35|41|42|52|55|102,9,27,1
9084,18|19|27|35|43|48|51,7,51,1
9085,18|19|27|35|48|63|72,7,27,1
9086,18|19|27|35|52|63|72,7,27,1
9087,18|19|28|31|63|72,6,28,1
9088,18|19|28|34|35|41|42|48|55|63|72|102,12,28,1
9089,18|19|28|55|102,5,28,1
9090,18|19|29|30|35|52|55|63|72|102,10,30,1
9091,18|19|29|31|34|35|37|42|49|55|63|72|102,13,31,1
9092,18|19|29|34|35|37|38|41|52|55|62|63|72|80|81,15,38,1
9093,18|19|29|34|35|37|48|55|62|63|72,11,29,1
9094,18|19|29|34|35|41|55|63|72|80|81|102,12,29,1
9095,18|19|29|34|35|42|48|55|58|63|72,11,29,1
9096,18|19|29|34|35|42|48|55|62|63|72,11,29,1
9097,18|19|29|34|35|42|48|55|63|72|80|81|102,13,29,1
9098,18|19|29|34|35|43|52|55|63|72|102,11,29,1
9099,18|19|29|34|35|48|52|55|63|72|102,11,29,1
9100,18|19|29|34|35|52|55|63|72|77|97|102,12,29,1
9101,18|19|29|34|55|63|72|102,8,29,1
9102,18|19|29|35|37|41|48|55|62|63|72,11,29,1
9103,18|19|29|35|41|42|48|52,8,29,1
9104,18|19|29|35|41|42|48|52|55|63|72|102,12,29,1
9105,18|19|29|35|41|55|62|63|72,9,29,1
9106,18|19|29|35|42|43|48|49|55|63|72|77|97|102,14,29,1
9107,18|19|29|35|42|48|63|72,8,29,1
9108,18|19|29|35|42|55|63|72|102,9,29,1
9109,18|19|29|35|43,5,29,1
9110,18|19|29|35|43|55|63|72|102,9,29,1
9111,18|19|29|35|48|49|55|63|72|102,10,29,1
9112,18|19|29|35|48|52|63|72,8,29,1
9113,18|19|29|35|48|55|63|72|102,9,29,1
9114,18|19|29|35|48|63|72,7,29,1
9115,18|19|29|35|52,5,29,1
9116,18|19|29|35|52|55|58|63|72,9,29,1
9117,18|19|29|35|101,5,29,1
9118,18|19|29|54|55|63|72|102,8,29,1
9119,18|19|30|32|34|35|52|63|72,9,32,1
9120,18|19|30|34|35|42|43|52|63|72,10,30,1
9121,18|19|30|35|48|52|63|72,8,30,1
9122,18|19|30|35|48|55|102,7,30,1
9123,18|19|31|34|35|38|40|42|48|52|55|62|63|72,14,31,1
9124,18|19|31|34|35|43|55|62|63|72|80|83,12,31,1
9125,18|19|31|34|35|52|55|62|63|72,10,31,1
9126,18|19|31|35|42|43|55|58|63|72,10,31,1
9127,18|19|31|35|43|48|52|55|58|63|72|77|97,13,31,1
9128,18|19|31|35|43|48|52|55|58|63|72|80|81,13,31,1
9129,18|19|31|55|102,5,31,1
9130,18|19|34|35|36|37|41|42|52|55|58|63|72|77|97,15,36,1
9131,18|19|34|35|36|42|48|52|55|62,10,36,1
9132,18|19|34|35|36|47|52|63|72,9,47,1
9133,18|19|34|35|36|55|63|72|102,9,36,1
9134,18|19|34|35|37,5,19,1
9135,18|19|34|35|37|39|42|49|52|63|72|77|97,13,39,1
9136,18|19|34|35|37|41|42|43|48|52|55|63|72|102,14,19,1
9137,18|19|34|35|37|41|42|48|52|55|63|72|102,13,19,1
9138,18|19|34|35|37|41|42|48|63|72,10,19,1
9139,18|19|34|35|37|41|42|55|63|72|77|97|102,13,19,1
9140,18|19|34|35|37|41|55|62|63|72,10,19,1
9141,18|19|34|35|37|41|63|72,8,19,1
9142,18|19|34|35|37|42|43|47|55|63|72|102,12,47,1
9143,18|19|34|35|37|42|48|52,8,19,1
9144,18|19|34|35|37|55|62|63|72|80|81,11,19,1
9145,18|19|34|35|37|63|72,7,19,1
9146,18|19|34|35|38|41|48|55|63|72|102,11,38,1
9147,18|19|34|35|38|42|43|48|52|63|72,11,38,1
9148,18|19|34|35|38|42|49|52|55|63|72|102,12,38,1
9149,18|19|34|35|38|42|52|63|72|80|81,11,38,1
9150,18|19|34|35|38|48|55|63|72|77|97|102,12,38,1
9151,18|19|34|35|38|49,6,38,1
9152,18|19|34|35|38|63|72,7,38,1
9153,18|19|34|35|39|41|42|49|55|63|72|102,12,39,1
9154,18|19|34|35|39|48|63|72,8,39,1
9155,18|19|34|35|40|41|42|48|52|63|72,11,40,1
9156,18|19|34|35|40|42|48|52|63|72,10,40,1
9157,18|19|34|35|40|42|48|55|62|63|72|77|97,13,40,1
9158,18|19|34|35|40|42|48|55|63|72|80|81|102,13,40,1
9159,18|19|34|35|40|42|63|72,8,40,1
9160,18|19|34|35|41,5,19,1
9161,18|19|34|35|41|42,6,19,1
9162,18|19|34|35|41|42|43|48|50|55|63|72|102,13,50,1
9163,18|19|34|35|41|42|48|52|55|63|72|77|97|102,14,19,1
9164,18|19|34|35|41|42|48|52|55|63|72|102,12,19,1
9165,18|19|34|35|41|42|55|63|72|77|97|102,12,19,1
9166,18|19|34|35|41|42|63|72,8,19,1
9167,18|19|34|35|41|43|48|52|55|62|63|72,12,19,1
9168,18|19|34|35|41|43|49|52|55|63|72|102,12,49,1
9169,18|19|34|35|41|47|48|55|63|72|102,11,47,1
9170,18|19|34|35|41|48|52|55|63|72|102,11,19,1
9171,18|19|34|35|41|52,6,19,1
9172,18|19|34|35|42|43|48|49|52|55|63|72|102,13,49,1
9173,18|19|34|35|42|43|48|63|72,9,19,1
9174,18|19|34|35|42|43|48|63|72|77|97,11,19,1
9175,18|19|34|35|42|43|52|55|63|72|102,11,19,1
9176,18|19|34|35|42|48,6,19,1
9177,18|19|34|35|42|48|49|52|55|63|72|102,12,49,1
9178,18|19|34|35|42|48|49|63|72,9,49,1
9179,18|19|34|35|42|48|52|55|62|63|72,11,19,1
9180,18|19|34|35|42|48|52|55|62|77|97,11,19,1
9181,18|19|34|35|42|49,6,49,1
9182,18|19|34|35|42|52,6,19,1
9183,18|19|34|35|42|52|55|63|72|77|97|102,12,19,1
9184,18|19|34|35|42|52|55|77|97|102,10,19,1
9185,18|19|34|35|42|52|63|72|77|97,10,19,1
9186,18|19|34|35|42|55|62|63|72,9,19,1
9187,18|19|34|35|42|80|81,7,19,1
9188,18|19|34|35|43|48|52|55|58|62|63|72,12,19,1
9189,18|19|34|35|43|48|55|63|72|102,10,19,1
9190,18|19|34|35|43|52|55|63|72|102,10,19,1
9191,18|19|34|35|43|55|63|72|102,9,19,1
9192,18|19|34|35|45|48|49|52,8,45,1
9193,18|19|34|35|48|52|55|58|62|63|72,11,19,1
9194,18|19|34|35|48|52|55|58|63|72,10,19,1
9195,18|19|34|35|48|52|55|102,8,19,1
9196,18|19|34|35|48|52|63|72|77|97,10,19,1
9197,18|19|34|35|48|54|55|63|72|102,10,19,1
9198,18|19|34|35|48|55|58|63|72,9,19,1
9199,18|19|34|35|48|55|102,7,19,1
9200,18|19|34|35|49|52|55|102,8,49,1
9201,18|19|34|35|49|52|63|72,8,49,1
9202,18|19|34|35|49|55|63|72|102,9,49,1
9203,18|19|34|35|52|55|63|72|80|81|95|96|102,13,95,1
9204,18|19|34|35|55|62|63|72|101,9,19,1
9205,18|19|34|35|55|63|72|101|102,9,19,1
9206,18|19|34|35|101,5,19,1
9207,18|19|34|55|61|63|72,7,61,1
9208,18|19|34|55|62,5,19,1
9209,18|19|34|55|63|72|77|97|102,9,19,1
9210,18|19|34|55|63|72|80|81|102,9,19,1
9211,18|19|34|63|70|72,6,19,1
9212,18|19|34|63|72|77|97,7,19,1
9213,18|19|34|80|81,5,19,1
9214,18|19|35|36|37|52|63|72,8,36,1
9215,18|19|35|36|41|63|72,7,36,1
9216,18|19|35|36|43|48,6,36,1
9217,18|19|35|36|43|54,6,36,1
9218,18|19|35|36|52|55|62|63|72,9,36,1
9219,18|19|35|37|38|41|55|62,8,38,1
9220,18|19|35|37|38|55|63|72|102,9,38,1
9221,18|19|35|37|41|42|55|63|72|102,10,19,1
9222,18|19|35|37|41|43|48|55|62|63|72,11,19,1
9223,18|19|35|37|41|48,6,19,1
9224,18|19|35|37|41|48|55|58|62|63|72,11,19,1
9225,18|19|35|37|41|49|63|72,8,49,1
9226,18|19|35|37|41|52|55|58|63|72,10,19,1
9227,18|19|35|37|41|55|58|63|72,9,19,1
9228,18|19|35|37|41|55|62,7,19,1
9229,18|19|35|37|41|55|62|63|72|80|81,11,19,1
9230,18|19|35|37|41|55|62|63|72|80|81|83,12,19,1
9231,18|19|35|37|41|80|81,7,19,1
9232,18|19|35|37|42|43|55|63|72|74|97|102|120,13,19,1
9233,18|19|35|37|42|48|52,7,19,1
9234,18|19|35|37|42|52|55|63|72|102,10,19,1
9235,18|19|35|37|42|55|62|63|72,9,19,1
9236,18|19|35|37|42|55|63|72|102,9,19,1
9237,18|19|35|37|43|52|55|63|72|102,10,19,1
9238,18|19|35|37|43|55|58|63|72,9,19,1
9239,18|19|35|37|43|55|63|72|102,9,19,1
9240,18|19|35|37|47|55|63|72|102,9,47,1
9241,18|19|35|37|48,5,19,1
9242,18|19|35|37|48|49|63|72,8,49,1
9243,18|19|35|37|48|50|52|55|62|63|72,11,50,1
9244,18|19|35|37|48|52,6,19,1
9245,18|19|35|37|48|52|63|72,8,19,1
9246,18|19|35|37|48|55|62|63|72|79,10,19,1
9247,18|19|35|37|52|55|102,7,19,1
9248,18|19|35|37|55|62,6,19,1
9249,18|19|35|38|41|63|72,7,38,1
9250,18|19|35|38|42|43|55|62|63|72,10,38,1
9251,18|19|35|38|42|52|55|63|72|102,10,38,1
9252,18|19|35|38|42|55|63|72|102,9,38,1
9253,18|19|35|38|52|63|72|80|81,9,38,1
9254,18|19|35|38|55|63|72|102,8,38,1
9255,18|19|35|39|42,5,39,1
9256,18|19|35|39|43|55|102,7,39,1
9257,18|19|35|39|48,5,39,1
9258,18|19|35|39|48|52|63|72,8,39,1
9259,18|19|35|39|55|63|72|102,8,39,1
9260,18|19|35|40|42,5,40,1
9261,18|19|35|40|48|63|72,7,40,1
9262,18|19|35|40|52|55|63|72|102,9,40,1
9263,18|19|35|41|42|48|52|55|58|62|63|72,12,19,1
9264,18|19|35|41|42|48|52|55|63|72|77|97|102,13,19,1
9265,18|19|35|41|42|48|55|62|63|72,10,19,1
9266,18|19|35|41|42|63|72,7,19,1
9267,18|19|35|41|42|63|72|80|81,9,19,1
9268,18|19|35|41|43|48,6,19,1
9269,18|19|35|41|43|48|55|63|72|102,10,19,1
9270,18|19|35|41|43|48|63|72|77|97,10,19,1
9271,18|19|35|41|43|49|52|63|72,9,49,1
9272,18|19|35|41|43|52|55|63|72|102,10,19,1
9273,18|19|35|41|43|55|63|72|77|97|102,11,19,1
9274,18|19|35|41|43|55|102,7,19,1
9275,18|19|35|41|43|63|72,7,19,1
9276,18|19|35|41|47|48|52|55|58|63|72,11,47,1
9277,18|19|35|41|47|63|72,7,47,1
9278,18|19|35|41|48,5,19,1
9279,18|19|35|41|48|52|55|63|72|102,10,19,1
9280,18|19|35|41|48|55|62|63|72,9,19,1
9281,18|19|35|41|48|55|63|72|77|97|102,11,19,1
9282,18|19|35|41|52|55|58|63|72,9,19,1
9283,18|19|35|41|55|58,6,19,1
9284,18|19|35|41|55|62|63|72,8,19,1
9285,18|19|35|41|55|62|63|72|80|83,10,19,1
9286,18|19|35|41|55|74|77|80|83|97|102|120|122,13,19,1
9287,18|19|35|41|77|97,6,19,1
9288,18|19|35|42|43,5,19,1
9289,18|19|35|42|43|48|52|55|63|72|102,11,19,1
9290,18|19|35|42|43|48|55|58|63|72|77|97,12,19,1
9291,18|19|35|42|43|52,6,19,1
9292,18|19|35|42|43|52|54|55|63|70|72|102,12,19,1
9293,18|19|35|42|43|52|55|63|72|102,10,19,1
9294,18|19|35|42|43|52|63|72,8,19,1
9295,18|19|35|42|48|49|55|63|72|102,10,49,1
9296,18|19|35|42|48|52,6,19,1
9297,18|19|35|42|48|52|55|102,8,19,1
9298,18|19|35|42|48|52|63|72|77|97,10,19,1
9299,18|19|35|42|48|55|58|63|72,9,19,1
9300,18|19|35|42|48|55|62|63|72,9,19,1
9301,18|19|35|42|48|55|63|72|77|97|102,11,19,1
9302,18|19|35|42|48|55|80|81|102,9,19,1
9303,18|19|35|42|48|63|72|80|81,9,19,1
9304,18|19|35|42|49,5,49,1
9305,18|19|35|42|49|55|63|72|102,9,49,1
9306,18|19|35|42|52|63|72|80|81,9,19,1
9307,18|19|35|42|54|77|97,7,19,1
9308,18|19|35|42|55|62|63|72|80|83,10,19,1
9309,18|19|35|42|55|80|81|102,8,19,1
9310,18|19|35|42|63|72|77|97,8,19,1
9311,18|19|35|43|47|48|63|72,8,47,1
9312,18|19|35|43|48|52|54|63|72,9,19,1
9313,18|19|35|43|48|52|55|62,8,19,1
9314,18|19|35|43|48|52|55|62|63|72,10,19,1
9315,18|19|35|43|48|52|55|102,8,19,1
9316,18|19|35|43|48|54|55|61|63|72,10,61,1
9317,18|19|35|43|48|54|63|72|77|78|97|132,12,19,1
9318,18|19|35|43|48|55|58|63|72,9,19,1
9319,18|19|35|43|48|55|102,7,19,1
9320,18|19|35|43|48|63|72|77|80|81|97,11,19,1
9321,18|19|35|43|52,5,19,1
9322,18|19|35|43|52|54|63|72,8,19,1
9323,18|19|35|43|52|55|58|63|72,9,19,1
9324,18|19|35|43|52|55|102,7,19,1
9325,18|19|35|43|52|63|72|77|97,9,19,1
9326,18|19|35|43|54,5,19,1
9327,18|19|35|43|55|58|62|63|72,9,19,1
9328,18|19|35|43|55|58|63|72|77|97,10,19,1
9329,18|19|35|43|55|58|80|81,8,19,1
9330,18|19|35|43|55|62|63|72,8,19,1
9331,18|19|35|43|63|72|76|97|111,9,19,1
9332,18|19|35|43|77|97,6,19,1
9333,18|19|35|45|55|63|72|102,8,45,1
9334,18|19|35|45|55|102,6,45,1
9335,18|19|35|46,4,46,1
9336,18|19|35|47|48,5,47,1
9337,18|19|35|47|48|52,6,47,1
9338,18|19|35|47|52|55|63|72|102,9,47,1
9339,18|19|35|47|52|63|72,7,47,1
9340,18|19|35|48|49|63|72,7,49,1
9341,18|19|35|48|52|54,6,19,1
9342,18|19|35|48|52|55|62,7,19,1
9343,18|19|35|48|52|55|102,7,19,1
9344,18|19|35|48|52|63|69|72,8,69,1
9345,18|19|35|48|52|63|72|77|97,9,19,1
9346,18|19|35|48|53|55|63|72|102,9,53,1
9347,18|19|35|48|54|55|62|63|72,9,19,1
9348,18|19|35|48|54|55|63|72|102,9,19,1
9349,18|19|35|48|55|58,6,19,1
9350,18|19|35|48|55|58|63|72|80|83,10,19,1
9351,18|19|35|48|55|62|63|72|79|80|83,11,19,1
9352,18|19|35|48|55|62|63|72|80|81,10,19,1
9353,18|19|35|48|55|62|80|83,8,19,1
9354,18|19|35|48|55|63|69|72|102,9,69,1
9355,18|19|35|48|55|63|70|72|102,9,19,1
9356,18|19|35|48|55|63|72|77|97|102,10,19,1
9357,18|19|35|48|77|97,6,19,1
9358,18|19|35|49|55|63|72|102,8,49,1
9359,18|19|35|52|54,5,19,1
9360,18|19|35|52|54|55|58,7,19,1
9361,18|19|35|52|54|55|58|63|69,9,69,1
9362,18|19|35|52|54|55|58|63|70,9,19,1
9363,18|19|35|52|54|55|58|63|72,9,19,1
9364,18|19|35|52|54|55|62|63|72,9,19,1
9365,18|19|35|52|54|63|72,7,19,1
9366,18|19|35|52|55|58|62|63|72,9,19,1
9367,18|19|35|52|55|63|72|80|81|102,10,19,1
9368,18|19|35|52|55|80|83|102,8,19,1
9369,18|19|35|52|63|71,6,71,1
9370,18|19|35|54|55|63|72|101|102,9,19,1
9371,18|19|35|54|101,5,19,1
9372,18|19|35|55|62|63|72|101,8,19,1
9373,18|19|35|55|63|69|72|101|102,9,69,1
9374,18|19|35|63|69|72|101,7,69,1
9375,18|19|35|63|70|101,6,19,1
9376,18|19|35|63|72|76|97|101|111,9,19,1
9377,18|19|35|63|72|77|97|101,8,19,1
9378,18|19|54|63|70|72|77|97,8,19,1
9379,18|19|55|56|63|72,6,56,1
9380,18|19|55|58|62|63|72,7,19,1
9381,18|19|55|58|63|72|80|81,8,19,1
9382,18|19|55|59|63|72,6,59,1
9383,18|19|55|63|69|102,6,69,1
9384,18|19|55|63|72|80|81|102,8,19,1
9385,18|19|55|80|83|102,6,19,1
9386,18|19|55|95|96|102,6,95,1
9387,18|19|63|70|72|76|97|111,8,19,1
9388,18|19|63|71,4,71,1
9389,18|19|63|72|76|97|107,7,19,1
9390,18|19|63|72|79|80|83,7,19,1
9391,18|19|95|96,4,95,1
9392,18|20|21|22|23|27|32|34|35|37|41|55|63|72|102,15,32,1
9393,18|20|21|22|23|28|29|34|55|63|72|102,12,28,1
9394,18|20|21|22|23|29|30|31|34|35|43|52|55|63|72|102,16,30,1
9395,18|20|21|22|23|34|35|43|48|52|55|63|72|102,14,21,1
9396,18|20|21|22|24|25|29|34|35|37|38|42|48|52|55|63|69|72|102,19,69,1
9397,18|20|21|22|25|27|34|35|41|42|48|55|63|72|102,15,27,1
9398,18|20|21|22|25|34|35|48|49|52|63|72,12,21,1
9399,18|20|21|22|25|34|35|52|55|63|72|102,12,21,1
9400,18|20|21|22|25|55|63|72|102,9,21,1
9401,18|20|21|22|27|29|34|35|39|41|49|52|55|62,14,39,1
9402,18|20|21|22|29|34|35|41|42|48|49|55|63|72|102,15,21,1
9403,18|20|21|22|31|34|35|41|42|43|48|52|55|63|72|102,16,31,1
9404,18|20|21|22|34|35|37|38|40|41|42|48|52|55|63|72|102,17,40,1
9405,18|20|21|22|34|35|41|43|49|55|63|72|102,13,21,1
9406,18|20|21|22|34|35|48|63|72|77|97,11,21,1
9407,18|20|21|22|35|41|52,7,21,1
9408,18|20|21|22|35|42|43|48|55|63|72|102,12,21,1
9409,18|20|21|23|24|25|29|35|42|48|52|55|63|72|102,15,24,1
9410,18|20|21|23|35|48|52|55|62|63|72|80|81,13,21,1
9411,18|20|21|24|25|29|34|35|38|41|48|55|63|72|102,15,38,1
9412,18|20|21|24|25|35|47|63|72,9,47,1
9413,18|20|21|24|25|35|48|55|63|72|102,11,24,1
9414,18|20|21|24|29|34|35|37|48|52|55|62|63|72,14,24,1
9415,18|20|21|24|29|63|72,7,24,1
9416,18|20|21|24|34|35|40|42|48|52|55|63|72|102,14,40,1
9417,18|20|21|24|34|35|42|48|52|55|102,11,24,1
9418,18|20|21|24|55|63|72|102,8,24,1
9419,18|20|21|25|27|34|35|41|42|52|55|62|63|72,14,27,1
9420,18|20|21|25|27|34|35|48|49|63|72,11,27,1
9421,18|20|21|25|29|34|35|37|38|48|49|55|62|63|72|77|97,17,38,1
9422,18|20|21|25|29|34|35|38|40|48|55|62|63|72,14,40,1
9423,18|20|21|25|29|34|35|38|43|49|55|63|72|102,14,38,1
9424,18|20|21|25|29|34|35|41|42|48|49|63|72,13,21,1
9425,18|20|21|25|31|35|52|55|63|69|72|102,12,31,1
9426,18|20|21|25|34|35|37|38|48|55|63|72|102,13,38,1
9427,18|20|21|25|34|35|41|55|63|72|77|97|102,13,21,1
9428,18|20|21|25|34|35|42|63|72,9,21,1
9429,18|20|21|25|34|35|48|49|55|62|63|72,12,21,1
9430,18|20|21|25|34|35|48|52|55|63|72|102,12,21,1
9431,18|20|21|25|34|63|72,7,21,1
9432,18|20|21|25|34|63|72|80|83,9,21,1
9433,18|20|21|25|35|37|38|41|42|52|55|62|63|72,14,38,1
9434,18|20|21|25|35|37|38|41|48|55|63|72|102,13,38,1
9435,18|20|21|25|35|37|49|55|62|63|72,11,21,1
9436,18|20|21|25|35|37|55|63|72|102,10,21,1
9437,18|20|21|25|35|38|41|48,8,38,1
9438,18|20|21|25|35|41|42|48|52|55|62|63|72,13,21,1
9439,18|20|21|25|35|41|48|55|63|72|102,11,21,1
9440,18|20|21|25|35|41|55|63|72|102,10,21,1
9441,18|20|21|25|35|48|52|55|63|72|102,11,21,1
9442,18|20|21|25|35|48|55|62|63|72,10,21,1
9443,18|20|21|25|35|48|63|72,8,21,1
9444,18|20|21|25|35|52|63|72,8,21,1
9445,18|20|21|25|63|72,6,21,1
9446,18|20|21|26|35|52|63|72,8,26,1
9447,18|20|21|27|29|35|48|55|63|70|72|77|97|102,14,27,1
9448,18|20|21|28|29|34|35|41|52|55|63|72|102,13,28,1
9449,18|20|21|28|35|36|37|38|41|48|55|62|63|72,14,28,1
9450,18|20|21|29|32|34|35|38|48|52|55|63|72|102,14,32,1
9451,18|20|21|29|34|35|37|38|41|48|52|55|102,13,38,1
9452,18|20|21|29|34|35|37|41|48|55|63|72|102,13,21,1
9453,18|20|21|29|34|35|41|52|55|77|97|102,12,21,1
9454,18|20|21|29|35|37|41|42|48|52|55|63|72|80|81|102,16,21,1
9455,18|20|21|29|35|37|41|55|62,9,21,1
9456,18|20|21|29|35|37|41|55|63|72|102,11,21,1
9457,18|20|21|29|35|41|55|63|72|102,10,21,1
9458,18|20|21|29|35|48|55|63|72|102,10,21,1
9459,18|20|21|29|63|72,6,21,1
9460,18|20|21|30|35|55|63|72|101|102,10,30,1
9461,18|20|21|32|35|48|55|63|72|102,10,32,1
9462,18|20|21|34|35|37|38|39|41|48|55|63|72|102,14,39,1
9463,18|20|21|34|35|37|38|41|42|55|62|63|72,13,38,1
9464,18|20|21|34|35|37|38|41|42|55|63|72|102,13,38,1
9465,18|20|21|34|35|37|41|48|52|55|62|63|72,13,21,1
9466,18|20|21|34|35|38|39|42|52|55|58|63|72,13,39,1
9467,18|20|21|34|35|38|41|63|72,9,38,1
9468,18|20|21|34|35|38|52|63|72,9,38,1
9469,18|20|21|34|35|41|48|49|52|55|77|97|102,13,21,1
9470,18|20|21|34|35|41|52|63|72,9,21,1
9471,18|20|21|34|35|41|55|102,8,21,1
9472,18|20|21|34|35|42|48|52|55|63|72|102,12,21,1
9473,18|20|21|34|35|42|48|52|63|72,10,21,1
9474,18|20|21|34|35|42|48|63|72,9,21,1
9475,18|20|21|34|35|42|49|63|72,9,21,1
9476,18|20|21|34|35|42|52|63|72,9,21,1
9477,18|20|21|34|35|48,6,21,1
9478,18|20|21|34|35|48|49|55|63|72|102,11,21,1
9479,18|20|21|34|35|48|55|63|72|102,10,21,1
9480,18|20|21|34|35|48|63|72,8,21,1
9481,18|20|21|34|35|52,6,21,1
9482,18|20|21|34|35|52|55|63|72|102,10,21,1
9483,18|20|21|34|35|63|72|101,8,21,1
9484,18|20|21|34|35|101,6,21,1
9485,18|20|21|34|55|58|63|72,8,21,1
9486,18|20|21|35|37,5,21,1
9487,18|20|21|35|37|38|41|48|55|63|72|102,12,38,1
9488,18|20|21|35|37|38|42|63|72,9,38,1
9489,18|20|21|35|37|41|48|55|63|72|74|79|80|83|97|102|120,17,21,1
9490,18|20|21|35|37|42|48|55|63|72|102,11,21,1
9491,18|20|21|35|37|43|63|72,8,21,1
9492,18|20|21|35|37|52|55|62|63|72,10,21,1
9493,18|20|21|35|38,5,38,1
9494,18|20|21|35|38|41|48|55|63|72|102,11,38,1
9495,18|20|21|35|38|41|63|72,8,38,1
9496,18|20|21|35|38|55|63|72|102,9,38,1
9497,18|20|21|35|38|63|72,7,38,1
9498,18|20|21|35|40|42|55|63|72|102,10,40,1
9499,18|20|21|35|41|48|52|55|62,9,21,1
9500,18|20|21|35|41|48|52|63|72,9,21,1
9501,18|20|21|35|41|55|62,7,21,1
9502,18|20|21|35|41|55|62|63|72,9,21,1
9503,18|20|21|35|42|48,6,21,1
9504,18|20|21|35|42|48|49|55|62|63|72,11,21,1
9505,18|20|21|35|42|52|63|72|77|97,10,21,1
9506,18|20|21|35|43|46|48|63|72|77|80|81|97,13,46,1
9507,18|20|21|35|47|63|72,7,47,1
9508,18|20|21|35|48|50|52|63|72|77|97,11,50,1
9509,18|20|21|35|49|54|55|63|72|102,10,21,1
9510,18|20|21|35|52|55|63|72|102,9,21,1
9511,18|20|21|55|62,5,21,1
9512,18|20|22|23,4,23,1
9513,18|20|22|23|24|27|63|72|95|96,10,27,1
9514,18|20|22|23|25|26|29|34|35|55|63|72|80|81|101|102,16,26,1
9515,18|20|22|23|25|27|29|34|55|63|72|102,12,27,1
9516,18|20|22|23|25|28|34|35|41|55|62|63|72,13,28,1
9517,18|20|22|23|27|28|29|30|34|35|52|55|63|72|77|97|102,17,28,1
9518,18|20|22|23|27|29|34|35|36|37|40|41|49|52|55|62|63|72|74|77|97|122|124,23,36,1
9519,18|20|22|23|27|34|35|38|41|63|72,11,27,1
9520,18|20|22|23|27|34|35|42|48|63|72|80|82,13,82,1
9521,18|20|22|23|29|30|31|34|35|48|55|63|72|77|97|102,16,30,1
9522,18|20|22|23|29|34|35|38|42|48|55|63|72|102,14,38,1
9523,18|20|22|23|29|34|35|41|55|63|72|102,12,23,1
9524,18|20|22|23|29|34|35|44|55|63|72|102,12,44,1
9525,18|20|22|23|29|34|35|48|55|102,10,23,1
9526,18|20|22|23|29|35|43|48|52|55|63|72|102,13,23,1
9527,18|20|22|23|29|35|52|55|58|63|72,11,23,1
9528,18|20|22|23|29|55|63|72|102,9,23,1
9529,18|20|22|23|30|34|35|48|52|55|63|72|102,13,30,1
9530,18|20|22|23|30|34|55|63|72|102,10,30,1
9531,18|20|22|23|34|35|37|41|42|43|48|52|55|63|72|102,16,23,1
9532,18|20|22|23|34|35|38|42|52|55|63|72|102,13,38,1
9533,18|20|22|23|34|35|42|48|52|63|72|77|97,13,23,1
9534,18|20|22|23|34|35|42|55|63|72|102,11,23,1
9535,18|20|22|23|34|35|48|55|62|63|72,11,23,1
9536,18|20|22|23|34|35|52|54|55|58|63|72,12,23,1
9537,18|20|22|23|34|35|52|55|63|72|102,11,23,1
9538,18|20|22|23|34|63|72,7,23,1
9539,18|20|22|23|35|37|41|42|48|55|102,11,23,1
9540,18|20|22|23|35|37|41|55|58|63|72,11,23,1
9541,18|20|22|23|35|41|52|55|102,9,23,1
9542,18|20|22|23|35|48|52|55|63|72|102,11,23,1
9543,18|20|22|23|35|48|55|102,8,23,1
9544,18|20|22|23|35|48|63|72,8,23,1
9545,18|20|22|23|35|52|55|63|72|102,10,23,1
9546,18|20|22|23|35|52|55|102,8,23,1
9547,18|20|22|23|35|55|63|72|101|102,10,23,1
9548,18|20|22|23|63|72,6,23,1
9549,18|20|22|24|25|29|35|52|55|63|72|80|81|102,14,24,1
9550,18|20|22|24|25|31|35|42|48|52|55|77|97|102,14,31,1
9551,18|20|22|24|25|34|35|37|41|42|48|49|52|55|62|63|72|77|80|83|97,21,24,1
9552,18|20|22|24|27|29|31|34|35|42|48|52|55|63|72|102,16,31,1
9553,18|20|22|24|29|34|35|37|41|49|55|63|72|77|80|83|97|102,18,24,1
9554,18|20|22|24|29|34|35|40|42|48|55|63|72|102,14,40,1
9555,18|20|22|24|34|35|36|37|38|41|43|48|52|55|58|63|72,17,36,1
9556,18|20|22|24|34|35|41|42|48|49|52|63|72,13,24,1
9557,18|20|22|24|34|35|41|52|55|63|72|102,12,24,1
9558,18|20|22|24|35|38|41|42|48|55|63|72|102,13,38,1
9559,18|20|22|24|35|48|52|63|72,9,24,1
9560,18|20|22|25|27|63|72,7,27,1
9561,18|20|22|25|31|34|35|37|41|48|52|55|63|69|72|102,16,31,1
9562,18|20|22|25|34|35|37|42|48|63|72,11,25,1
9563,18|20|22|25|34|35|37|52|55|63|72|102,12,25,1
9564,18|20|22|25|34|35|38|41|42|55|63|72|102,13,38,1
9565,18|20|22|25|34|35|41|42|48|49|52|55|63|72|102,15,49,1
9566,18|20|22|25|34|35|42|43|48|52|55|63|72|102,14,25,1
9567,18|20|22|25|34|35|42|48|52|55|63|72|102,13,25,1
9568,18|20|22|25|34|55|63|72|102,9,25,1
9569,18|20|22|25|35|41|55|63|72|102,10,25,1
9570,18|20|22|25|55|63|72|102,8,25,1
9571,18|20|22|26|27|30|34|35|52|55|62,11,26,1
9572,18|20|22|26|28|29|31|35|52|55|63|72|102,13,26,1
9573,18|20|22|26|34|35|101,7,26,1
9574,18|20|22|26|34|55|63|72|102,9,26,1
9575,18|20|22|27|29|34|35|41|52|55|63|72|102,13,27,1
9576,18|20|22|27|29|35|41|42|43|55|63|72|102,13,27,1
9577,18|20|22|27|34|35|52|55|63|70|72|102,12,27,1
9578,18|20|22|27|55|63|72|102,8,27,1
9579,18|20|22|28|29|34|35|44|48|55|62|63|72,13,44,1
9580,18|20|22|28|29|35|44|48|55|102,10,44,1
9581,18|20|22|28|30|34|35|37|41|42|43|48|52|55|58|63|72,17,28,1
9582,18|20|22|28|33|34|55|63|72|102,10,33,1
9583,18|20|22|29|30|31|34|55|63|72|77|97|102,13,30,1
9584,18|20|22|29|30|34|35|37|42|48|55|63|72|102,14,30,1
9585,18|20|22|29|30|34|35|42|48|52|55|58|63|72,14,30,1
9586,18|20|22|29|30|34|35|49|55|63|72|102,12,30,1
9587,18|20|22|29|34|35|42|48|52|55|63|72|102,13,29,1
9588,18|20|22|29|34|35|55|63|72|101|102,11,29,1
9589,18|20|22|29|34|55|102,7,29,1
9590,18|20|22|29|35|41|55|62|63|72,10,29,1
9591,18|20|22|29|35|41|55|63|72|102,10,29,1
9592,18|20|22|29|35|48|63|72,8,29,1
9593,18|20|22|30|31|35|37|48|52|55|58|63|72,13,30,1
9594,18|20|22|30|34|35|48|52|55|63|72|102,12,30,1
9595,18|20|22|31|35|41|55|63|72|102,10,31,1
9596,18|20|22|31|55|102,6,31,1
9597,18|20|22|34|35|37|38|39|52|55|63|72|102,13,39,1
9598,18|20|22|34|35|37|38|41|42|48|55|62,12,38,1
9599,18|20|22|34|35|37|41|42|55|63|72|80|81|102,14,22,1
9600,18|20|22|34|35|37|41|63|72|77|97,11,22,1
9601,18|20|22|34|35|37|42|48|52|63|72|77|97,13,22,1
9602,18|20|22|34|35|37|55|63|72|102,10,22,1
9603,18|20|22|34|35|41|42|52|55|63|72|102,12,22,1
9604,18|20|22|34|35|41|43|48|52|55|63|72|102,13,22,1
9605,18|20|22|34|35|41|55|102,8,22,1
9606,18|20|22|34|35|42|52|63|72|77|97,11,22,1
9607,18|20|22|34|35|43|55|58|63|72,10,22,1
9608,18|20|22|34|35|48,6,22,1
9609,18|20|22|34|35|52,6,22,1
9610,18|20|22|34|35|52|63|72,8,22,1
9611,18|20|22|34|35|63|70|72|101,9,22,1
9612,18|20|22|34|55|63|72|102,8,22,1
9613,18|20|22|34|55|102,6,22,1
9614,18|20|22|35|37|41|42|63|72,9,22,1
9615,18|20|22|35|37|41|55|58|63|72,10,22,1
9616,18|20|22|35|37|41|55|62|63|72,10,22,1
9617,18|20|22|35|37|42|55|63|72|102,10,22,1
9618,18|20|22|35|37|55|63|72|102,9,22,1
9619,18|20|22|35|38|48|55|62,8,38,1
9620,18|20|22|35|41|48|49|55|63|72|102,11,49,1
9621,18|20|22|35|41|48|52|55|63|72|102,11,22,1
9622,18|20|22|35|41|48|55|63|72|77|97|102,12,22,1
9623,18|20|22|35|41|48|55|63|72|79|80|83|102,13,22,1
9624,18|20|22|35|41|52|55|63|72|102,10,22,1
9625,18|20|22|35|41|55|63|72|102,9,22,1
9626,18|20|22|35|42|48|52|55|58|63|72,11,22,1
9627,18|20|22|35|42|48|52|55|62|63|72,11,22,1
9628,18|20|22|35|42|55|62|63|72,9,22,1
9629,18|20|22|35|42|55|63|72|102,9,22,1
9630,18|20|22|35|42|63|72|77|97,9,22,1
9631,18|20|22|35|47|48|63|72,8,47,1
9632,18|20|22|35|48|50|52|55|63|72|102,11,50,1
9633,18|20|22|35|48|52,6,22,1
9634,18|20|22|35|48|55|102,7,22,1
9635,18|20|22|35|48|77|97,7,22,1
9636,18|20|22|35|52,5,22,1
9637,18|20|22|35|52|55|62|63|72,9,22,1
9638,18|20|22|35|52|63|72,7,22,1
9639,18|20|22|35|52|63|72|77|97,9,22,1
9640,18|20|22|35|63|72|101,7,22,1
9641,18|20|22|55|63|72|77|97|102,9,22,1
9642,18|20|23,3,23,1
9643,18|20|23|24|25|34|35|52|55|63|72|102,12,24,1
9644,18|20|23|24|26|27|29|30|31|34|35|37|41|42|43|48|55|58|63|72|77|79|80|83|97,25,26,1
9645,18|20|23|24|27|35|43|48|52|55|63|72|102,13,27,1
9646,18|20|23|24|29|34|35|41|42|48|55|63|72|102,14,24,1
9647,18|20|23|24|29|34|35|42|43|52|55|63|72|102,14,24,1
9648,18|20|23|24|29|35|52|55|63|72|102,11,24,1
9649,18|20|23|24|34|35|42|63|72|77|97,11,24,1
9650,18|20|23|24|35|37|38|41|48|55|62|63|72,13,38,1
9651,18|20|23|24|35|41|48|49|55|62|63|72,12,24,1
9652,18|20|23|24|35|48|52|63|72,9,24,1
9653,18|20|23|25|27|28|34|35|48|52|55|63|72|102,14,28,1
9654,18|20|23|25|27|34|35|49|52|55|63|72|102,13,27,1
9655,18|20|23|25|27|34|35|49|55|63|72|102,12,27,1
9656,18|20|23|25|27|35|37|41|42|55|63|72|77|80|83|97|102,17,27,1
9657,18|20|23|25|29|34|35|48|52|55|63|72|102,13,23,1
9658,18|20|23|25|31|35|52|55|102,9,31,1
9659,18|20|23|25|34|35|42|48|49|63|72,11,23,1
9660,18|20|23|25|34|55|63|72|102,9,23,1
9661,18|20|23|25|35|48|55|63|72|102,10,23,1
9662,18|20|23|25|55|63|72|102,8,23,1
9663,18|20|23|25|63|72,6,23,1
9664,18|20|23|26|34|35|48|55|63|72|77|97|102,13,26,1
9665,18|20|23|26|35|52|63|72,8,26,1
9666,18|20|23|26|35|55|58|63|72|101,10,26,1
9667,18|20|23|27|28|34|35|48|52|55|63|72|102,13,28,1
9668,18|20|23|27|29|31|34|35|41|42|48|52|55|63|72|102,16,31,1
9669,18|20|23|27|34|35|37|41|52|55|63|69|72|102,14,27,1
9670,18|20|23|27|35|52|55|63|72|102,10,27,1
9671,18|20|23|27|55|63|72|102,8,27,1
9672,18|20|23|28|29|30|34|35|41|43|48|52|55|102,14,28,1
9673,18|20|23|28|55|63|72|102,8,28,1
9674,18|20|23|29|30|34|35|37|40|41|48|52|55|63|72|102,16,30,1
9675,18|20|23|29|31|34|35|41|48|52|55|58|62|77|97,15,31,1
9676,18|20|23|29|34|35|36|48|52|55|63|72|102,13,36,1
9677,18|20|23|29|34|35|37|52|55|63|72|102,12,23,1
9678,18|20|23|29|35|37|48|63|72,9,23,1
9679,18|20|23|29|35|52|63|72,8,23,1
9680,18|20|23|29|35|55|63|72|101|102,10,23,1
9681,18|20|23|29|55|63|72|102,8,23,1
9682,18|20|23|30|34|55|63|72|102,9,30,1
9683,18|20|23|31|34|35|42|52|55|62|63|72|77|97,14,31,1
9684,18|20|23|31|35|43|52|55|63|72|102,11,31,1
9685,18|20|23|34|35|37|41|42|52|63|72,11,23,1
9686,18|20|23|34|35|37|41|42|55|63|72|74|80|81|97|102|120,17,23,1
9687,18|20|23|34|35|37|52|55|63|72|102,11,23,1
9688,18|20|23|34|35|38|42|48|52|55|58|63|72|77|78|97|130,17,130,1
9689,18|20|23|34|35|41|42|48|52|55|63|72|102,13,23,1
9690,18|20|23|34|35|41|48|63|72,9,23,1
9691,18|20|23|34|35|42|48|52|63|72,10,23,1
9692,18|20|23|34|35|42|48|63|72,9,23,1
9693,18|20|23|34|35|48|49|52|63|72,10,23,1
9694,18|20|23|34|35|48|52|55|63|72|80|83|102,13,23,1
9695,18|20|23|34|35|48|55|63|72|77|97|102,12,23,1
9696,18|20|23|34|35|49|52|55|63|72|102,11,23,1
9697,18|20|23|34|35|52|63|72,8,23,1
9698,18|20|23|34|55|63|72|102,8,23,1
9699,18|20|23|35|37|41|42|43|55|62|63|72,12,23,1
9700,18|20|23|35|37|41|48|55|63|72|102,11,23,1
9701,18|20|23|35|37|52|63|72,8,23,1
9702,18|20|23|35|38|41|63|72,8,38,1
9703,18|20|23|35|40|42|48|55|63|72|102,11,40,1
9704,18|20|23|35|41|42|48|52|63|72,10,23,1
9705,18|20|23|35|41|42|48|54|55|63|72|80|83|102,14,23,1
9706,18|20|23|35|41|43|48|52|55|63|72|102,12,23,1
9707,18|20|23|35|41|48|52|63|72,9,23,1
9708,18|20|23|35|41|52|55|62|63|72,10,23,1
9709,18|20|23|35|41|55|63|72|102,9,23,1
9710,18|20|23|35|41|55|102,7,23,1
9711,18|20|23|35|42|52|55|63|72|102,10,23,1
9712,18|20|23|35|42|52|63|72,8,23,1
9713,18|20|23|35|43|48|52|55|63|72|77|97|102,13,23,1
9714,18|20|23|35|43|52|63|72,8,23,1
9715,18|20|23|35|48|52|55|58,8,23,1
9716,18|20|23|35|48|52|55|102,8,23,1
9717,18|20|23|35|48|52|63|72,8,23,1
9718,18|20|23|35|52,5,23,1
9719,18|20|23|35|52|55|62|63|72,9,23,1
9720,18|20|23|55|62|63|72,7,23,1
9721,18|20|24|25|30|34|35|42|55|63|72|102,12,30,1
9722,18|20|24|25|34|35|42|48|52|55|58|63|72,13,24,1
9723,18|20|24|25|34|35|48|52|55|63|72|102,12,24,1
9724,18|20|24|25|34|55|63|72|102,9,24,1
9725,18|20|24|25|34|55|102,7,24,1
9726,18|20|24|25|35|37|41|42|48|55|63|72|77|80|81|97|102,17,24,1
9727,18|20|24|25|35|37|47|48|52|55|63|72|102,13,47,1
9728,18|20|24|25|35|38|52|55|102,9,38,1
9729,18|20|24|25|35|47|63|72,8,47,1
9730,18|20|24|25|35|48|55|63|72|102,10,24,1
9731,18|20|24|29|34|35|42|48|52|55|62|63|72,13,24,1
9732,18|20|24|29|55|63|72|102,8,24,1
9733,18|20|24|29|63|72,6,24,1
9734,18|20|24|34|35|36|37|41|55|58|63|72|77|97,14,36,1
9735,18|20|24|34|35|37|39|41|48|49|52|54|55|62|74|97|122,17,39,1
9736,18|20|24|34|35|38|40|42|48|55|63|72|77|97|102,15,40,1
9737,18|20|24|34|35|38|41|42|48|52|55|63|72|102,14,38,1
9738,18|20|24|34|35|40|42|48|52|55|63|72|102,13,40,1
9739,18|20|24|34|35|41|42|52|55|63|72|102,12,24,1
9740,18|20|24|34|35|41|55|102,8,24,1
9741,18|20|24|34|35|42,6,24,1
9742,18|20|24|34|35|42|48|49|63|72,10,24,1
9743,18|20|24|34|35|42|48|52|63|72,10,24,1
9744,18|20|24|34|35|42|55|63|72|102,10,24,1
9745,18|20|24|35|37|41|43|48|52|55|58|62|63|72,14,24,1
9746,18|20|24|35|37|41|52|55|63|72|102,11,24,1
9747,18|20|24|35|37|41|55|63|72|102,10,24,1
9748,18|20|24|35|37|48|55|63|70|72|102,11,24,1
9749,18|20|24|35|37|55|62|63|72,9,24,1
9750,18|20|24|35|40|41|42|48|55|63|72|102,12,40,1
9751,18|20|24|35|41|52|55|63|72|102,10,24,1
9752,18|20|24|35|41|63|72,7,24,1
9753,18|20|24|35|42|48|63|72,8,24,1
9754,18|20|24|35|42|55|63|72|102,9,24,1
9755,18|20|24|35|43|48|52|55|63|72|102,11,24,1
9756,18|20|24|35|43|49|52|63|72,9,24,1
9757,18|20|24|35|43|55|63|72|102,9,24,1
9758,18|20|24|35|48|52|55|63|72|102,10,24,1
9759,18|20|24|35|48|52|63|72,8,24,1
9760,18|20|24|35|48|55|63|72|102,9,24,1
9761,18|20|24|35|55|63|72|77|97|101|102,11,24,1
9762,18|20|24|35|63|72|101,7,24,1
9763,18|20|24|55|102,5,24,1
9764,18|20|25|27|28|34|35|48|52|55|63|72|102,13,28,1
9765,18|20|25|27|34|35|38|55|63|72|102,11,27,1
9766,18|20|25|27|34|35|42|48|55|63|72|102,12,27,1
9767,18|20|25|27|35|37|52|55|62|63|72,11,27,1
9768,18|20|25|28|34|35|38|42|49|52|63|72,12,28,1
9769,18|20|25|28|63|72,6,28,1
9770,18|20|25|29|34|35|37|39|42|49|55|62,12,39,1
9771,18|20|25|29|34|35|38|40|42|55|62|63|72|77|97,15,40,1
9772,18|20|25|29|34|35|42|48|52|63|72,11,29,1
9773,18|20|25|29|34|35|42|63|70|72,10,29,1
9774,18|20|25|29|34|35|48|63|72,9,29,1
9775,18|20|25|29|34|35|52|55|58|62|63|72,12,29,1
9776,18|20|25|29|35|37|41|55|62|63|69|72|80|81,14,69,1
9777,18|20|25|29|35|42|52|55|63|72|102,11,29,1
9778,18|20|25|29|35|42|55|63|72|102,10,29,1
9779,18|20|25|29|35|43|55|63|72|102,10,29,1
9780,18|20|25|29|35|52|55|62|63|72|75|80|83|97|118,15,29,1
9781,18|20|25|31|34|35|48|52|63|72|77|97,12,31,1
9782,18|20|25|31|34|55|63|72|102,9,31,1
9783,18|20|25|31|55|63|72|102,8,31,1
9784,18|20|25|32|35|41|42|43|55|63|72|102,12,32,1
9785,18|20|25|32|63|72,6,32,1
9786,18|20|25|34|35|37|38|41|42|48|52|55|62|63|72|79,16,38,1
9787,18|20|25|34|35|37|39|41|55|63|72|74|77|97|102|120,16,39,1
9788,18|20|25|34|35|37|41|43|48|52|55|62|63|72,14,25,1
9789,18|20|25|34|35|37|42|48|55|63|72|102,12,25,1
9790,18|20|25|34|35|38|48|55|63|72|102,11,38,1
9791,18|20|25|34|35|38|48|63|72,9,38,1
9792,18|20|25|34|35|40|42|55|63|72|77|97|102,13,40,1
9793,18|20|25|34|35|41|42|47|48|49|52|55|62|63|72,15,47,1
9794,18|20|25|34|35|41|48|52|55|62|63|72,12,25,1
9795,18|20|25|34|35|41|48|55|62|63|69|72|80|81,14,69,1
9796,18|20|25|34|35|41|55|63|72|102,10,25,1
9797,18|20|25|34|35|42|55|63|72|102,10,25,1
9798,18|20|25|34|35|47|48|55|63|72|102,11,47,1
9799,18|20|25|34|35|48|49|52|55|63|72|77|97|102,14,49,1
9800,18|20|25|34|35|48|55|62|63|72|77|79|80|81|97,15,25,1
9801,18|20|25|34|35|48|55|63|72|102,10,25,1
9802,18|20|25|34|35|52|55|62|63|72,10,25,1
9803,18|20|25|34|35|55|101|102,8,25,1
9804,18|20|25|34|55|62|63|70|72,9,25,1
9805,18|20|25|34|55|62|63|72|80|81,10,25,1
9806,18|20|25|34|63|72|77|97,8,25,1
9807,18|20|25|35|37|41|42|48|55|63|72|102,12,25,1
9808,18|20|25|35|37|41|52|55|58|62|63|72,12,25,1
9809,18|20|25|35|37|41|55|62|63|72,10,25,1
9810,18|20|25|35|37|41|55|63|69|72|102,11,69,1
9811,18|20|25|35|37|41|55|63|72|102,10,25,1
9812,18|20|25|35|37|41|63|72,8,25,1
9813,18|20|25|35|37|48|55|62|63|72|80|83,12,25,1
9814,18|20|25|35|37|48|63|72|74|97|122|124,12,25,1
9815,18|20|25|35|37|48|63|72|80|81,10,25,1
9816,18|20|25|35|37|52|63|72,8,25,1
9817,18|20|25|35|37|55|58|62|63|72|77|97,12,25,1
9818,18|20|25|35|37|63|72,7,25,1
9819,18|20|25|35|38|42|48|52|55|63|72|102,12,38,1
9820,18|20|25|35|38|63|72,7,38,1
9821,18|20|25|35|38|63|72|77|97,9,38,1
9822,18|20|25|35|41|42|55|63|72|102,10,25,1
9823,18|20|25|35|41|43|48|55|63|72|102,11,25,1
9824,18|20|25|35|41|48|49|55|63|72|102,11,49,1
9825,18|20|25|35|41|48|52|63|72,9,25,1
9826,18|20|25|35|41|48|63|72,8,25,1
9827,18|20|25|35|41|63|72,7,25,1
9828,18|20|25|35|42|47|48|55|63|72|102,11,47,1
9829,18|20|25|35|42|49|63|72,8,49,1
9830,18|20|25|35|42|52|63|72,8,25,1
9831,18|20|25|35|42|55|63|72|102,9,25,1
9832,18|20|25|35|47|48|52|55|63|72|102,11,47,1
9833,18|20|25|35|47|48|63|72,8,47,1
9834,18|20|25|35|47|55|63|72|102,9,47,1
9835,18|20|25|35|47|63|72,7,47,1
9836,18|20|25|35|48,5,25,1
9837,18|20|25|35|48|49|52|63|72,9,49,1
9838,18|20|25|35|48|52|55|63|72|102,10,25,1
9839,18|20|25|35|49|52|55|63|72|102,10,49,1
9840,18|20|25|35|49|52|63|72,8,49,1
9841,18|20|25|35|49|55|62|63|72,9,49,1
9842,18|20|25|35|52|55|102,7,25,1
9843,18|20|25|55|63|72|77|97|102,9,25,1
9844,18|20|25|63|69,5,69,1
9845,18|20|25|63|69|72,6,69,1
9846,18|20|25|63|72|77|97,7,25,1
9847,18|20|25|63|72|80|81,7,25,1
9848,18|20|26|34,4,26,1
9849,18|20|26|35|37|63|72,7,26,1
9850,18|20|26|35|46|48|55|62,8,46,1
9851,18|20|27|29|35|48|55|63|72|102,10,27,1
9852,18|20|27|29|55|102,6,27,1
9853,18|20|27|34|35|37|38|41|42|55|63|72|102,13,27,1
9854,18|20|27|34|35|52,6,27,1
9855,18|20|27|35|42|52,6,27,1
9856,18|20|27|35|43|52,6,27,1
9857,18|20|27|35|48|55|63|72|102,9,27,1
9858,18|20|27|35|48|55|102,7,27,1
9859,18|20|27|35|52|55|62,7,27,1
9860,18|20|27|55|102,5,27,1
9861,18|20|27|63|72,5,27,1
9862,18|20|28,3,28,1
9863,18|20|28|34|55|102,6,28,1
9864,18|20|28|35|37|41|52,7,28,1
9865,18|20|28|35|41|48|52|55|63|72|102,11,28,1
9866,18|20|28|35|41|52|55|63|72|77|97|102,12,28,1
9867,18|20|28|35|52|55|63|72|102,9,28,1
9868,18|20|29|31|34|35|42|49|52|55|62|63|72,13,31,1
9869,18|20|29|31|34|55|63|72|77|97|102,11,31,1
9870,18|20|29|31|35|37|48|55|63|72|102,11,31,1
9871,18|20|29|31|55|63|72|102,8,31,1
9872,18|20|29|34|35|37|41|42|52|55|62|63|72,13,29,1
9873,18|20|29|34|35|37|41|48|55|62|63|72|78|97|132,15,29,1
9874,18|20|29|34|35|37|41|52|55|63|72|102,12,29,1
9875,18|20|29|34|35|40|42|43|48|52|55|62,12,40,1
9876,18|20|29|34|35|41|48|49|52|55|63|72|80|81|102,15,29,1
9877,18|20|29|34|35|41|48|55|63|72|102,11,29,1
9878,18|20|29|34|35|41|55|62,8,29,1
9879,18|20|29|34|35|41|63|69|72,9,69,1
9880,18|20|29|34|35|42|48|52|63|72,10,29,1
9881,18|20|29|34|35|43|48|55|62,9,29,1
9882,18|20|29|34|35|48|52|63|72,9,29,1
9883,18|20|29|34|35|52|55|63|72|102,10,29,1
9884,18|20|29|34|55|102,6,29,1
9885,18|20|29|35|37|40|41|42|52|55|63|72|102,13,40,1
9886,18|20|29|35|37|42|43|55|62|63|72,11,29,1
9887,18|20|29|35|37|42|48|52|63|72,10,29,1
9888,18|20|29|35|37|52|63|72,8,29,1
9889,18|20|29|35|37|55|63|72|102,9,29,1
9890,18|20|29|35|37|55|102,7,29,1
9891,18|20|29|35|37|63|72,7,29,1
9892,18|20|29|35|38|42|52|63|72,9,38,1
9893,18|20|29|35|41,5,29,1
9894,18|20|29|35|41|42|49|52|55|63|72|102,12,29,1
9895,18|20|29|35|41|43|55|63|72|102,10,29,1
9896,18|20|29|35|41|47|48|55|102,9,47,1
9897,18|20|29|35|41|48,6,29,1
9898,18|20|29|35|41|48|55|62,8,29,1
9899,18|20|29|35|41|48|55|63|72|102,10,29,1
9900,18|20|29|35|42|48|55|63|72|102,10,29,1
9901,18|20|29|35|42|63|72,7,29,1
9902,18|20|29|35|48|49|63|72,8,29,1
9903,18|20|29|35|48|52|55|63|72|102,10,29,1
9904,18|20|29|35|48|52|63|72,8,29,1
9905,18|20|29|35|48|55|58|63|72,9,29,1
9906,18|20|29|35|48|55|63|72|102,9,29,1
9907,18|20|29|35|48|55|102,7,29,1
9908,18|20|29|35|49|52|55|102,8,29,1
9909,18|20|29|35|49|52|63|72,8,29,1
9910,18|20|29|35|52,5,29,1
9911,18|20|29|35|52|55|58|63|72,9,29,1
9912,18|20|29|35|55|101|102,7,29,1
9913,18|20|29|35|63|72|101,7,29,1
9914,18|20|29|35|101,5,29,1
9915,18|20|30,3,30,1
9916,18|20|30|34|35|37|42|48|52|55|63|72|102,13,30,1
9917,18|20|30|34|35|41|48|55|63|72|102,11,30,1
9918,18|20|30|34|55|102,6,30,1
9919,18|20|30|35|42|43|48|55|63|72|102,11,30,1
9920,18|20|30|35|42|52|63|72,8,30,1
9921,18|20|30|35|48|52|55|63|72|102,10,30,1
9922,18|20|31,3,31,1
9923,18|20|31|32|35|41|43|52|55|63|72|102,12,32,1
9924,18|20|31|35|38|42|48|63|72,9,31,1
9925,18|20|31|35|48|52|55|62|63|72,10,31,1
9926,18|20|31|35|48|63|72,7,31,1
9927,18|20|31|35|52|55|63|72|102,9,31,1
9928,18|20|31|35|55|63|72|101|102,9,31,1
9929,18|20|31|55|62|63|72,7,31,1
9930,18|20|31|55|77|97|102,7,31,1
9931,18|20|31|55|102,5,31,1
9932,18|20|31|63|72,5,31,1
9933,18|20|32|34|35|42|48|55|62|63|72|80|83,13,32,1
9934,18|20|32|34|77|97,6,32,1
9935,18|20|32|35|42|48|49|63|72|80|81,11,32,1
9936,18|20|32|63|72,5,32,1
9937,18|20|33|55|63|72|102,7,33,1
9938,18|20|34|35|36|37,6,36,1
9939,18|20|34|35|36|38|55|62|63|72,10,36,1
9940,18|20|34|35|37|38|42|48|52|63|72,11,38,1
9941,18|20|34|35|37|38|63|72|80|81,10,38,1
9942,18|20|34|35|37|41|42|48|55|63|72|102,12,20,1
9943,18|20|34|35|37|41|42|55|63|72|102,11,20,1
9944,18|20|34|35|37|41|48|52|55|63|72|102,12,20,1
9945,18|20|34|35|37|41|48|55|58|63|72|80|81,13,20,1
9946,18|20|34|35|37|41|52|55|62|63|72|80|83,13,20,1
9947,18|20|34|35|37|41|52|55|63|72|102,11,20,1
9948,18|20|34|35|37|41|55|62,8,20,1
9949,18|20|34|35|37|41|55|62|63|72,10,20,1
9950,18|20|34|35|37|41|55|102,8,20,1
9951,18|20|34|35|37|41|63|72,8,20,1
9952,18|20|34|35|37|42|43|77|97,9,20,1
9953,18|20|34|35|37|42|48|55|62|63|72,11,20,1
9954,18|20|34|35|37|42|48|63|72|77|97,11,20,1
9955,18|20|34|35|37|42|55|63|72|102,10,20,1
9956,18|20|34|35|37|42|63|72,8,20,1
9957,18|20|34|35|37|48|52|55|63|72|102,11,20,1
9958,18|20|34|35|37|49|50|52|55|102,10,50,1
9959,18|20|34|35|37|55|102,7,20,1
9960,18|20|34|35|38|40|41|42|48|52|55|58|63|72,14,40,1
9961,18|20|34|35|38|41|55|63|72|102,10,38,1
9962,18|20|34|35|38|42|43|63|72,9,38,1
9963,18|20|34|35|38|48,6,38,1
9964,18|20|34|35|38|48|63|72,8,38,1
9965,18|20|34|35|38|52|55|63|72|102,10,38,1
9966,18|20|34|35|39,5,39,1
9967,18|20|34|35|39|55|63|72|80|83|102,11,39,1
9968,18|20|34|35|40|41|48|52|63|72,10,40,1
9969,18|20|34|35|40|42|52,7,40,1
9970,18|20|34|35|40|42|55|63|72|102,10,40,1
9971,18|20|34|35|41,5,20,1
9972,18|20|34|35|41|42|43|48|52|55|62|63|72,13,20,1
9973,18|20|34|35|41|42|48|49|55|58,10,49,1
9974,18|20|34|35|41|42|48|52|55|62|63|72,12,20,1
9975,18|20|34|35|41|42|48|55|63|72|80|81|102,13,20,1
9976,18|20|34|35|41|42|48|63|72,9,20,1
9977,18|20|34|35|41|42|49|63|72,9,49,1
9978,18|20|34|35|41|42|52|55|63|72|102,11,20,1
9979,18|20|34|35|41|42|52|63|72|77|97,11,20,1
9980,18|20|34|35|41|42|55|58|62|63|72,11,20,1
9981,18|20|34|35|41|42|55|80|83|102,10,20,1
9982,18|20|34|35|41|42|63|72,8,20,1
9983,18|20|34|35|41|48|49|63|72,9,49,1
9984,18|20|34|35|41|48|52|55|62|63|72,11,20,1
9985,18|20|34|35|41|48|55|62|63|72,10,20,1
9986,18|20|34|35|41|48|55|63|72|102,10,20,1
9987,18|20|34|35|41|49|52|63|69|72,10,69,1
9988,18|20|34|35|41|49|55|62,8,49,1
9989,18|20|34|35|41|52|55|62|63|72,10,20,1
9990,18|20|34|35|41|52|55|102,8,20,1
9991,18|20|34|35|41|55|102,7,20,1
9992,18|20|34|35|42|43|48|52|63|72,10,20,1
9993,18|20|34|35|42|48|49|55|63|72|80|83|102,13,49,1
9994,18|20|34|35|42|48|49|55|63|72|102,11,49,1
9995,18|20|34|35|42|48|52|55|63|72|80|81|102,13,20,1
9996,18|20|34|35|42|48|52|63|72,9,20,1
9997,18|20|34|35|42|48|77|97,8,20,1
9998,18|20|34|35|42|49|63|72,8,49,1
9999,18|20|34|35|42|52|55|102,8,20,1
10000,18|20|34|35|42|52|63|72|80|81,10,20,1
10001,18|20|34|35|42|55|63|72|77|97|102,11,20,1
10002,18|20|34|35|42|55|63|72|80|81|102,11,20,1
10003,18|20|34|35|43|48|49|55|62,9,49,1
10004,18|20|34|35|43|48|49|63|72,9,49,1
10005,18|20|34|35|43|48|55|63|72|102,10,20,1
10006,18|20|34|35|43|55|63|72|102,9,20,1
10007,18|20|34|35|47|55|63|72|102,9,47,1
10008,18|20|34|35|48|49|52|63|72|77|97,11,49,1
10009,18|20|34|35|48|50|63|72,8,50,1
10010,18|20|34|35|48|52|55|58|63|72|77|97,12,20,1
10011,18|20|34|35|48|52|55|62|63|72,10,20,1
10012,18|20|34|35|48|52|55|62|74|75|97|112|113|120,14,20,1
10013,18|20|34|35|48|55|62,7,20,1
10014,18|20|34|35|49|52,6,49,1
10015,18|20|34|35|49|52|63|72,8,49,1
10016,18|20|34|35|49|55|62|79,8,49,1
10017,18|20|34|35|49|55|80|81|102,9,49,1
10018,18|20|34|35|52|55|58|63|72,9,20,1
10019,18|20|34|35|52|63|69|72,8,69,1
10020,18|20|34|35|55|58|63|72|101,9,20,1
10021,18|20|34|55|62|63|70|72,8,70,1
10022,18|20|34|63|69|72,6,69,1
10023,18|20|35|36|37|41|55|62,8,36,1
10024,18|20|35|36|52|63|72,7,36,1
10025,18|20|35|36|55|63|72|102,8,36,1
10026,18|20|35|36|63|69|72,7,36,1
10027,18|20|35|37|38,5,38,1
10028,18|20|35|37|38|40|41|55|62|63|72|74|97|120,14,40,1
10029,18|20|35|37|38|41|42|48|55|62|63|72,12,38,1
10030,18|20|35|37|38|42|63|72,8,38,1
10031,18|20|35|37|38|48|55|62|63|72|79,11,38,1
10032,18|20|35|37|38|48|63|72,8,38,1
10033,18|20|35|37|38|52|63|72,8,38,1
10034,18|20|35|37|38|55|62|74|97|122,10,38,1
10035,18|20|35|37|38|55|63|72|102,9,38,1
10036,18|20|35|37|38|55|102,7,38,1
10037,18|20|35|37|39|63|72,7,39,1
10038,18|20|35|37|40|55|102,7,40,1
10039,18|20|35|37|40|63|72,7,40,1
10040,18|20|35|37|41,5,20,1
10041,18|20|35|37|41|42|48|49|52|55|63|72|102,13,49,1
10042,18|20|35|37|41|42|55|62|63|72,10,20,1
10043,18|20|35|37|41|42|63|72,8,20,1
10044,18|20|35|37|41|43|52|55|58|62|63|72,12,20,1
10045,18|20|35|37|41|48|52|55|62,9,20,1
10046,18|20|35|37|41|48|52|55|62|63|72,11,20,1
10047,18|20|35|37|41|48|52|63|72,9,20,1
10048,18|20|35|37|41|48|55|62|63|72,10,20,1
10049,18|20|35|37|41|48|55|62|63|72|79,11,20,1
10050,18|20|35|37|41|48|63|72,8,20,1
10051,18|20|35|37|41|49|52|55|62|63|72,11,49,1
10052,18|20|35|37|41|49|55|58|62|63|72,11,49,1
10053,18|20|35|37|41|52|55|62|63|72,10,20,1
10054,18|20|35|37|41|52|55|63|72|79|102,11,20,1
10055,18|20|35|37|41|52|55|102,8,20,1
10056,18|20|35|37|41|55|58|62|63|72|77|97,12,20,1
10057,18|20|35|37|41|55|58|63|72,9,20,1
10058,18|20|35|37|41|55|62|63|70|72,10,70,1
10059,18|20|35|37|41|55|63|71|72|79|102,11,71,1
10060,18|20|35|37|41|55|63|72|102,9,20,1
10061,18|20|35|37|41|63|72|80|83,9,20,1
10062,18|20|35|37|42|48|52|55|62|63|72,11,20,1
10063,18|20|35|37|42|48|52|55|62|63|72|80|83,13,20,1
10064,18|20|35|37|42|48|55|58|62|63|72|77|97,13,20,1
10065,18|20|35|37|42|48|63|72,8,20,1
10066,18|20|35|37|42|52|55|62|63|72|77|97,12,20,1
10067,18|20|35|37|42|63|72|80|83,9,20,1
10068,18|20|35|37|43|48|52|55|63|72|74|97|102|120|122,15,20,1
10069,18|20|35|37|43|55|62|63|72,9,20,1
10070,18|20|35|37|43|55|63|72|102,9,20,1
10071,18|20|35|37|47|48|63|72|80|81,10,47,1
10072,18|20|35|37|47|55|62,7,47,1
10073,18|20|35|37|47|55|63|72|102,9,47,1
10074,18|20|35|37|48,5,20,1
10075,18|20|35|37|48|52,6,20,1
10076,18|20|35|37|48|52|55|62|63|72,10,20,1
10077,18|20|35|37|48|52|55|63|72|75|97|102|118,13,20,1
10078,18|20|35|37|48|52|55|63|72|102,10,20,1
10079,18|20|35|37|48|55|58|63|72,9,20,1
10080,18|20|35|37|48|55|62|63|72|74|97|120|122,13,20,1
10081,18|20|35|37|48|55|63|70|72|102,10,70,1
10082,18|20|35|37|48|63|72|74|77|97|120|122,12,20,1
10083,18|20|35|37|49|63|72,7,49,1
10084,18|20|35|37|52|63|72|74|75|97|120,11,20,1
10085,18|20|35|37|54,5,20,1
10086,18|20|35|37|54|55|63|72|80|81|102,11,20,1
10087,18|20|35|37|54|55|63|72|102,9,20,1
10088,18|20|35|37|55|58,6,20,1
10089,18|20|35|37|55|58|63|70|72,9,70,1
10090,18|20|35|37|55|62|63|69|72,9,69,1
10091,18|20|35|37|55|62|63|70|72,9,70,1
10092,18|20|35|37|55|62|63|72|80|81,10,20,1
10093,18|20|35|37|55|62|79,7,20,1
10094,18|20|35|37|55|62|80|83,8,20,1
10095,18|20|35|37|55|63|69|72|102,9,69,1
10096,18|20|35|37|55|63|72|77|97|102,10,20,1
10097,18|20|35|37|63|70|72|80|83,9,70,1
10098,18|20|35|37|63|72|77|80|83|97,10,20,1
10099,18|20|35|37|74|97|120|123,8,123,1
10100,18|20|35|38|39|48|63|72,8,39,1
10101,18|20|35|38|39|55|63|72|102,9,39,1
10102,18|20|35|38|40|63|72,7,40,1
10103,18|20|35|38|41|42|63|72,8,38,1
10104,18|20|35|38|41|48|63|72,8,38,1
10105,18|20|35|38|41|52|55|58|63|72,10,38,1
10106,18|20|35|38|41|55|102,7,38,1
10107,18|20|35|38|41|63|72,7,38,1
10108,18|20|35|38|42|47|63|72,8,47,1
10109,18|20|35|38|42|48|63|72,8,38,1
10110,18|20|35|38|42|49|63|72,8,38,1
10111,18|20|35|38|42|55|63|72|102,9,38,1
10112,18|20|35|38|42|74|79|97|120,9,38,1
10113,18|20|35|38|48|52|55|63|72|102,10,38,1
10114,18|20|35|38|48|55|63|72|102,9,38,1
10115,18|20|35|38|49|55|63|72|102,9,38,1
10116,18|20|35|38|52|55|63|72|102,9,38,1
10117,18|20|35|38|63|72|74|75|97|112|113|120,12,38,1
10118,18|20|35|39|46,5,46,1
10119,18|20|35|39|47|63|72,7,47,1
10120,18|20|35|39|48|63|72,7,39,1
10121,18|20|35|39|52,5,39,1
10122,18|20|35|39|52|55|102,7,39,1
10123,18|20|35|39|55|62|63|69|72|75|80|81|97|119,14,39,1
10124,18|20|35|40|42|48|52|63|72,9,40,1
10125,18|20|35|40|42|55|62|63|72,9,40,1
10126,18|20|35|40|42|55|63|72|77|97|102,11,40,1
10127,18|20|35|40|42|77|97,7,40,1
10128,18|20|35|40|48|52|55|62,8,40,1
10129,18|20|35|40|48|55|63|72|102,9,40,1
10130,18|20|35|40|52,5,40,1
10131,18|20|35|41|42|43|48|49|52|63|70|72|77|97,14,49,1
10132,18|20|35|41|42|48|49|55|63|72|102,11,49,1
10133,18|20|35|41|42|48|49|55|102,9,49,1
10134,18|20|35|41|42|48|50|52,8,50,1
10135,18|20|35|41|42|48|55|58|62|63|72,11,20,1
10136,18|20|35|41|42|48|55|62|63|72,10,20,1
10137,18|20|35|41|42|55|62|63|72,9,20,1
10138,18|20|35|41|42|55|102,7,20,1
10139,18|20|35|41|43|48|55|62|63|72|77|97,12,20,1
10140,18|20|35|41|43|48|55|63|72|102,10,20,1
10141,18|20|35|41|43|52|55|63|72|102,10,20,1
10142,18|20|35|41|43|52|63|72,8,20,1
10143,18|20|35|41|47,5,47,1
10144,18|20|35|41|47|48|55|63|72|102,10,47,1
10145,18|20|35|41|48|52|54|55|63|72|102,11,20,1
10146,18|20|35|41|48|52|63|72,8,20,1
10147,18|20|35|41|48|55|62|63|72,9,20,1
10148,18|20|35|41|48|55|62|63|72|80|83,11,20,1
10149,18|20|35|41|48|63|72|77|97,9,20,1
10150,18|20|35|41|48|63|72|80|81,9,20,1
10151,18|20|35|41|49,5,49,1
10152,18|20|35|41|49|63|72,7,49,1
10153,18|20|35|41|50,5,50,1
10154,18|20|35|41|52,5,20,1
10155,18|20|35|41|52|54|55|63|72|77|97|102,12,20,1
10156,18|20|35|41|52|55|58|63|72,9,20,1
10157,18|20|35|41|52|63|72|74|75|79|97|112|113|120|122,15,20,1
10158,18|20|35|41|54|55|58|62|77|97,10,20,1
10159,18|20|35|41|55|62,6,20,1
10160,18|20|35|41|55|62|63|72|80|81,10,20,1
10161,18|20|35|41|55|77|97|102,8,20,1
10162,18|20|35|41|63|72|80|81,8,20,1
10163,18|20|35|42|43|45|48|55|63|72|102,11,45,1
10164,18|20|35|42|43|48,6,20,1
10165,18|20|35|42|43|48|52|63|72,9,20,1
10166,18|20|35|42|43|52|63|72,8,20,1
10167,18|20|35|42|43|55|102,7,20,1
10168,18|20|35|42|44|52|63|72,8,44,1
10169,18|20|35|42|47|52|55|63|72|102,10,47,1
10170,18|20|35|42|48|49,6,49,1
10171,18|20|35|42|48|49|52|55|62|63|72|80|81,13,49,1
10172,18|20|35|42|48|49|55|62|63|72,10,49,1
10173,18|20|35|42|48|49|63|72,8,49,1
10174,18|20|35|42|48|52,6,20,1
10175,18|20|35|42|48|52|55|62|63|72,10,20,1
10176,18|20|35|42|48|52|55|62|63|72|80|83,12,20,1
10177,18|20|35|42|48|52|55|63|72|77|97|102,12,20,1
10178,18|20|35|42|48|55|58|63|72,9,20,1
10179,18|20|35|42|48|55|63|72|77|97|102,11,20,1
10180,18|20|35|42|48|55|77|97|102,9,20,1
10181,18|20|35|42|48|63|70|72|80|81,10,70,1
10182,18|20|35|42|48|63|72|77|97,9,20,1
10183,18|20|35|42|49|52|63|72,8,49,1
10184,18|20|35|42|49|54|55|63|72|77|97|102,12,49,1
10185,18|20|35|42|49|55|62|63|72,9,49,1
10186,18|20|35|42|49|55|63|72|102,9,49,1
10187,18|20|35|42|52|55|62|63|72,9,20,1
10188,18|20|35|42|55|62|63|72|80|83,10,20,1
10189,18|20|35|42|77|97,6,20,1
10190,18|20|35|43|48|52,6,20,1
10191,18|20|35|43|48|52|55|58|63|72,10,20,1
10192,18|20|35|43|48|52|63|72,8,20,1
10193,18|20|35|43|48|55|63|72|95|96|102,11,95,1
10194,18|20|35|43|48|55|102,7,20,1
10195,18|20|35|43|52|54|55|63|72|102,10,20,1
10196,18|20|35|43|52|55|63|72|77|97|102,11,20,1
10197,18|20|35|43|52|55|102,7,20,1
10198,18|20|35|43|54|55|58|63|72,9,20,1
10199,18|20|35|43|54|55|102,7,20,1
10200,18|20|35|43|55|62|63|72,8,20,1
10201,18|20|35|43|55|63|72|77|97|102,10,20,1
10202,18|20|35|43|63|72|77|97,8,20,1
10203,18|20|35|45,4,45,1
10204,18|20|35|46|47|63|72,7,46,1
10205,18|20|35|46|63|72,6,46,1
10206,18|20|35|47|48|52,6,47,1
10207,18|20|35|47|52,5,47,1
10208,18|20|35|47|52|55|63|72|102,9,47,1
10209,18|20|35|47|55|62|63|69|72|80|83,11,47,1
10210,18|20|35|47|77|97,6,47,1
10211,18|20|35|48|49|52,6,49,1
10212,18|20|35|48|49|54|55|102,8,49,1
10213,18|20|35|48|49|55|63|72|102,9,49,1
10214,18|20|35|48|49|63|69,7,69,1
10215,18|20|35|48|49|63|72|77|97,9,49,1
10216,18|20|35|48|50|55|63|72|102,9,50,1
10217,18|20|35|48|52|55|62|63|72|74|75|97|112|113|120,15,20,1
10218,18|20|35|48|52|55|77|97|102,9,20,1
10219,18|20|35|48|52|63|69|72,8,69,1
10220,18|20|35|48|52|77|97,7,20,1
10221,18|20|35|48|54|55|102,7,20,1
10222,18|20|35|48|55|58|62|63|72,9,20,1
10223,18|20|35|48|55|58|62|63|72|80|81,11,20,1
10224,18|20|35|48|55|62|63|70|72,9,70,1
10225,18|20|35|48|55|62|63|72|74|75|80|83|97|118|120|122,16,20,1
10226,18|20|35|48|55|62|63|72|74|75|97|112|113|120,14,20,1
10227,18|20|35|48|55|62|63|72|75|97|118,11,20,1
10228,18|20|35|48|55|62|63|72|77|97,10,20,1
10229,18|20|35|48|55|63|70|72|102,9,70,1
10230,18|20|35|48|63|69,6,69,1
10231,18|20|35|48|63|72|77|97,8,20,1
10232,18|20|35|48|63|72|80|81,8,20,1
10233,18|20|35|48|63|72|80|83,8,20,1
10234,18|20|35|48|77|97,6,20,1
10235,18|20|35|48|95|96,6,95,1
10236,18|20|35|49|52,5,49,1
10237,18|20|35|49|52|55|63|72|77|97|102,11,49,1
10238,18|20|35|49|54|55|63|72|77|97|102,11,49,1
10239,18|20|35|49|55|58|63|72,8,49,1
10240,18|20|35|49|55|62,6,49,1
10241,18|20|35|49|63|72|77|97,8,49,1
10242,18|20|35|49|63|72|80|81,8,49,1
10243,18|20|35|50,4,50,1
10244,18|20|35|50|55|62,6,50,1
10245,18|20|35|50|63|72,6,50,1
10246,18|20|35|52|54|63|72,7,20,1
10247,18|20|35|52|55|58,6,20,1
10248,18|20|35|52|55|58|62|63|72|80|83,11,20,1
10249,18|20|35|52|55|62|63|70,8,70,1
10250,18|20|35|52|55|62|63|72|79,9,20,1
10251,18|20|35|52|55|62|63|72|80|81,10,20,1
10252,18|20|35|52|55|62|63|72|80|83,10,20,1
10253,18|20|35|52|55|63|69|72|102,9,69,1
10254,18|20|35|52|55|63|69|102,8,69,1
10255,18|20|35|52|55|63|72|80|81|102,10,20,1
10256,18|20|35|52|63|72|80|81,8,20,1
10257,18|20|35|52|80|81,6,20,1
10258,18|20|35|54|55|63|72|101|102,9,20,1
10259,18|20|35|54|63|72|101,7,20,1
10260,18|20|35|55|58|101,6,20,1
10261,18|20|35|55|62|63|70|101,8,70,1
10262,18|20|35|55|63|71|72|74|97|101|102|120|122,13,71,1
10263,18|20|35|55|63|72|95|96|101|102,10,95,1
10264,18|20|35|63|69|72|101,7,69,1
10265,18|20|35|63|69|101,6,69,1
10266,18|20|35|77|97|101,6,20,1
10267,18|20|54|55|63|72|102,7,20,1
10268,18|20|54|77|97,5,20,1
10269,18|20|55|58|62|63|72,7,20,1
10270,18|20|55|58|63|69|72,7,69,1
10271,18|20|55|58|63|70|72,7,70,1
10272,18|20|55|58|63|72|77|97,8,20,1
10273,18|20|55|62|63|69|72|80|83,9,69,1
10274,18|20|55|62|63|72|80|81,8,20,1
10275,18|20|55|62|63|72|80|83,8,20,1
10276,18|20|55|62|80|83,6,20,1
10277,18|20|55|63|69|102,6,69,1
10278,18|20|55|63|72|77|80|83|97|102,10,20,1
10279,18|20|55|63|72|80|83|102,8,20,1
10280,18|20|55|77|95|96|97|102,8,95,1
10281,18|20|63|69|72|84|85,7,85,1
10282,18|20|63|69|77|97,6,69,1
10283,18|20|63|72|78|97|132,7,20,1
10284,18|20|63|72|79,5,20,1
10285,18|20|63|72|80|81|82,7,82,1
10286,18|20|63|72|80|82,6,82,1
10287,18|20|63|72|80|83,6,20,1
10288,18|20|63|72|95|96,6,95,1
10289,18|20|74|79|97|120|122,7,20,1
10290,18|20|74|97|120|122,6,20,1
10291,18|20|76|77|97|111,6,20,1
10292,18|20|76|97|111,5,20,1
10293,18|20|80|83,4,20,1
10294,18|21|22|23|24|29|30|34|35|41|42|48|52|55|62,15,30,1
10295,18|21|22|23|24|29|31|34|35|43|48|55|62|63|72|80|83,17,31,1
10296,18|21|22|23|24|35|41|42|49|55|77|97|102,13,24,1
10297,18|21|22|23|25|27|31|34|35|41|55|63|72|102,14,31,1
10298,18|21|22|23|25|34|35|48|55|63|72|102,12,21,1
10299,18|21|22|23|26|29|34|35|36|41|48|55|77|97|102,15,26,1
10300,18|21|22|23|27|34|35|41|55|78|97|102|132,13,27,1
10301,18|21|22|23|27|34|35|48|52|55|102,11,27,1
10302,18|21|22|23|29|30|31|34|35|41|55|62,12,30,1
10303,18|21|22|23|30|31|34|35|41|48|55|102,12,30,1
10304,18|21|22|23|34,5,21,1
10305,18|21|22|23|34|35|39|41|42|48|55|102,12,39,1
10306,18|21|22|23|34|35|41|42|43|48|50|52|55|62|63|72|77|97,18,50,1
10307,18|21|22|23|34|35|41|52|55|63|72|102,12,21,1
10308,18|21|22|23|34|35|48,7,21,1
10309,18|21|22|23|35|48|55|102,8,21,1
10310,18|21|22|25|27|28|34|55|63|72|102,11,28,1
10311,18|21|22|25|29|31|34|35|42|63|72,11,31,1
10312,18|21|22|25|29|34|35|48|49|55|62,11,21,1
10313,18|21|22|25|35|48|49|55|102,9,21,1
10314,18|21|22|26|35|39|80|81,8,26,1
10315,18|21|22|27|28|29|31|55|62|74|75|97|118|122,14,28,1
10316,18|21|22|27|29|34|35|37|38|41|48|52|55|58|62|63|72|80|81,19,27,1
10317,18|21|22|28|34|35|41|48|52|55|102,11,28,1
10318,18|21|22|28|55|63|72|102,8,28,1
10319,18|21|22|29|30|55|102,7,30,1
10320,18|21|22|29|34|35|37|48|52|55|62,11,21,1
10321,18|21|22|29|34|35|42|52|55|63|72|102,12,21,1
10322,18|21|22|29|34|35|48,7,21,1
10323,18|21|22|29|34|35|48|52,8,21,1
10324,18|21|22|29|34|55|102,7,21,1
10325,18|21|22|29|35|37|41|52|55|62,10,21,1
10326,18|21|22|29|35|41|48,7,21,1
10327,18|21|22|29|35|48,6,21,1
10328,18|21|22|29|35|52|55|102,8,21,1
10329,18|21|22|29|55|102,6,21,1
10330,18|21|22|30|34|35|41|55|102,9,30,1
10331,18|21|22|34|35|38|42|49|52|55|63|72|102,13,38,1
10332,18|21|22|34|35|41|55|63|70|102,10,21,1
10333,18|21|22|34|35|41|55|63|72|102,10,21,1
10334,18|21|22|34|35|42|48|55|63|72|102,11,21,1
10335,18|21|22|34|35|43|48|52|55|102,10,21,1
10336,18|21|22|34|35|43|52|55|102,9,21,1
10337,18|21|22|34|35|52|55|102,8,21,1
10338,18|21|22|34|55|63|72|102,8,21,1
10339,18|21|22|34|55|102,6,21,1
10340,18|21|22|35|40|50|52|55|63|72|102,11,50,1
10341,18|21|22|35|41|48|55|62,8,21,1
10342,18|21|22|35|41|52,6,21,1
10343,18|21|22|35|42|55|80|81|102,9,21,1
10344,18|21|22|35|42|77|97,7,21,1
10345,18|21|22|35|48|55|102,7,21,1
10346,18|21|22|35|52|55|102,7,21,1
10347,18|21|22|35|55|101|102,7,21,1
10348,18|21|22|35|77|97|101,7,21,1
10349,18|21|22|55|62|63|72|80|81,9,21,1
10350,18|21|22|63|72,5,21,1
10351,18|21|23|25|28|30|31|34|35|48|49|52|55|62|63|72|77|97,18,28,1
10352,18|21|23|25|29|35|41|55|63|72|102,11,21,1
10353,18|21|23|25|31|55|63|72|102,9,31,1
10354,18|21|23|25|35|48|55|63|72|102,10,21,1
10355,18|21|23|25|35|48|55|102,8,21,1
10356,18|21|23|27|29|30|35|37|55|62|80|81|83,13,30,1
10357,18|21|23|28|31|34|55|77|97|102,10,28,1
10358,18|21|23|29|35|41|48|55|102,9,21,1
10359,18|21|23|30|55|102,6,30,1
10360,18|21|23|31|35|39|52|55|102,9,39,1
10361,18|21|23|34|35|48|52|55|62|80|81,11,21,1
10362,18|21|23|34|35|48|55|102,8,21,1
10363,18|21|23|34|35|48|63|72,8,21,1
10364,18|21|23|34|55|63|72|102,8,21,1
10365,18|21|23|34|63|72,6,21,1
10366,18|21|23|35|37|41|42|48|55|62|63|72,12,21,1
10367,18|21|23|35|41|48|55|58,8,21,1
10368,18|21|23|35|41|63|72,7,21,1
10369,18|21|23|35|42|48|52|63|72,9,21,1
10370,18|21|23|35|42|48|55|63|72|102,10,21,1
10371,18|21|23|35|42|55|102,7,21,1
10372,18|21|23|35|48,5,21,1
10373,18|21|23|35|48|63|69,7,69,1
10374,18|21|23|55|63|72|102,7,21,1
10375,18|21|24|25|27|34|55|63|72|102,10,27,1
10376,18|21|24|25|29|35|48|49|63|72,10,24,1
10377,18|21|24|25|34|35|42|55|63|72|102,11,24,1
10378,18|21|24|27|34|35|52|55|102,9,27,1
10379,18|21|24|29|34|35|37|41|48|52|55|63|72|102,14,24,1
10380,18|21|24|29|34|35|40|41|48|55|63|72|102,13,40,1
10381,18|21|24|29|34|35|48|55|102,9,24,1
10382,18|21|24|29|35|37|38|41|42|55|62|63|70|72|77|97,16,38,1
10383,18|21|24|31|55|63|72|102,8,31,1
10384,18|21|24|34,4,24,1
10385,18|21|24|34|35|37|41|55|62|63|72|80|83,13,24,1
10386,18|21|24|34|35|37|42|52|55|63|72|102,12,24,1
10387,18|21|24|34|35|42|48|52|55|63|72|102,12,24,1
10388,18|21|24|34|35|42|52|55|63|72|102,11,24,1
10389,18|21|24|34|35|42|55|102,8,24,1
10390,18|21|24|34|35|43,6,24,1
10391,18|21|24|34|35|48|55|62,8,24,1
10392,18|21|24|34|55|63|72|102,8,24,1
10393,18|21|24|34|63|72,6,24,1
10394,18|21|24|35|37,5,24,1
10395,18|21|24|35|41|42|55|102,8,24,1
10396,18|21|24|35|42|48|55|102,8,24,1
10397,18|21|24|35|49|55|63|72|102,9,24,1
10398,18|21|24|35|52,5,24,1
10399,18|21|24|55|63|72|102,7,24,1
10400,18|21|25|26|27|29|31|34|35|42|63|72,12,26,1
10401,18|21|25|27|29|34|35|37|41|48|52|63|72,13,27,1
10402,18|21|25|27|34|35|48|54|63|72,10,27,1
10403,18|21|25|27|35|37|38|41|48|52|55|62|63|72,14,27,1
10404,18|21|25|27|35|52|55|63|72|102,10,27,1
10405,18|21|25|29|34|35|42|52,8,21,1
10406,18|21|25|29|34|35|48|55|102,9,21,1
10407,18|21|25|29|34|35|52|55|63|72|102,11,21,1
10408,18|21|25|29|34|35|63|72|101,9,21,1
10409,18|21|25|29|35|41|43|52|55|102,10,21,1
10410,18|21|25|29|35|41|52|55|63|72|102,11,21,1
10411,18|21|25|29|35|52|55|63|72|77|97|102,12,21,1
10412,18|21|25|29|63|72,6,21,1
10413,18|21|25|31|34|35|43|48|63|72,10,31,1
10414,18|21|25|34,4,21,1
10415,18|21|25|34|35|37|41|63|72,9,21,1
10416,18|21|25|34|35|40|42|48|63|72,10,40,1
10417,18|21|25|34|35|41|48|55|102,9,21,1
10418,18|21|25|34|35|42|48|49|55|63|72|77|97|102,14,21,1
10419,18|21|25|34|35|42|48|52|55|63|72|102,12,21,1
10420,18|21|25|34|35|42|52|55|63|72|102,11,21,1
10421,18|21|25|34|35|42|63|72,8,21,1
10422,18|21|25|34|35|43|48|63|72,9,21,1
10423,18|21|25|34|35|48|52|63|72,9,21,1
10424,18|21|25|34|35|48|52|63|72|77|97,11,21,1
10425,18|21|25|34|35|49|52|63|72,9,21,1
10426,18|21|25|34|35|49|63|72,8,21,1
10427,18|21|25|34|35|52,6,21,1
10428,18|21|25|34|35|55|63|72|101|102,10,21,1
10429,18|21|25|34|55|63|72|102,8,21,1
10430,18|21|25|35|37|40|63|72,8,40,1
10431,18|21|25|35|37|41|48|52|63|72|80|83,12,21,1
10432,18|21|25|35|38|55|63|72|102,9,38,1
10433,18|21|25|35|38|63|72,7,38,1
10434,18|21|25|35|40|42|48|52|63|72|77|97,12,40,1
10435,18|21|25|35|41|48|49|52|55|63|72|102,12,21,1
10436,18|21|25|35|41|55|62|63|72,9,21,1
10437,18|21|25|35|41|55|63|72|102,9,21,1
10438,18|21|25|35|48,5,21,1
10439,18|21|25|35|48|49|52|63|72,9,21,1
10440,18|21|25|35|48|52,6,21,1
10441,18|21|25|35|48|52|63|72,8,21,1
10442,18|21|25|35|48|55|62|63|72,9,21,1
10443,18|21|25|35|48|55|63|72|102,9,21,1
10444,18|21|25|35|52|55|62,7,21,1
10445,18|21|25|35|52|55|102,7,21,1
10446,18|21|25|35|55|62|63|72|101,9,21,1
10447,18|21|25|35|63|72|101,7,21,1
10448,18|21|25|55|63|72|80|81|102,9,21,1
10449,18|21|26|29|35|55|101|102,8,26,1
10450,18|21|26|34|35|41|55|102,8,26,1
10451,18|21|26|34|77|97,6,26,1
10452,18|21|27|29|31|34|55|102,8,31,1
10453,18|21|27|29|34|55|63|72|77|97|102,11,27,1
10454,18|21|27|34|35|37|55|62|75|97|112|113,12,27,1
10455,18|21|27|34|35|42|55|102,8,27,1
10456,18|21|27|35|37|41|55|62|63|72,10,27,1
10457,18|21|27|35|40|42,6,27,1
10458,18|21|27|35|43|55|102,7,27,1
10459,18|21|27|35|52,5,27,1
10460,18|21|27|35|52|55|63|72|102,9,27,1
10461,18|21|27|63|72,5,27,1
10462,18|21|28,3,28,1
10463,18|21|28|29|55|102,6,28,1
10464,18|21|28|30|35|48,6,28,1
10465,18|21|28|34|35|38|40|55|102,9,28,1
10466,18|21|28|34|35|38|48|52,8,28,1
10467,18|21|28|34|35|55|63|72|101|102,10,28,1
10468,18|21|28|35|48,5,28,1
10469,18|21|28|35|52|55|102,7,28,1
10470,18|21|28|55|102,5,28,1
10471,18|21|29|34|35|37|38|55|62,9,38,1
10472,18|21|29|34|35|37|41|52|55|63|72|102,12,21,1
10473,18|21|29|34|35|38|41|42|48|52|54|55|102,13,38,1
10474,18|21|29|34|35|38|41|52|55|62,10,38,1
10475,18|21|29|34|35|38|55|102,8,38,1
10476,18|21|29|34|35|40|48|49|52|55|102,11,40,1
10477,18|21|29|34|35|41|42|48|52|55|63|72|102,13,21,1
10478,18|21|29|34|35|41|48|52|55|102,10,21,1
10479,18|21|29|34|35|41|49|55|63|72|102,11,21,1
10480,18|21|29|34|35|41|55|102,8,21,1
10481,18|21|29|34|35|41|77|80|81|97,10,21,1
10482,18|21|29|34|35|48|52|55|63|72|102,11,21,1
10483,18|21|29|34|35|48|52|55|102,9,21,1
10484,18|21|29|34|35|49|52|55|62|63|70,11,21,1
10485,18|21|29|35|37,5,21,1
10486,18|21|29|35|37|41,6,21,1
10487,18|21|29|35|37|41|52|55|62,9,21,1
10488,18|21|29|35|37|41|52|63|72,9,21,1
10489,18|21|29|35|37|41|55|102,8,21,1
10490,18|21|29|35|37|52|55|62,8,21,1
10491,18|21|29|35|37|52|77|97,8,21,1
10492,18|21|29|35|37|55|62|63|72,9,21,1
10493,18|21|29|35|37|55|102,7,21,1
10494,18|21|29|35|38|41|55|62,8,38,1
10495,18|21|29|35|38|42|55|63|72|77|97|102,12,38,1
10496,18|21|29|35|41|42|48|55|63|72|102,11,21,1
10497,18|21|29|35|41|48|55|102,8,21,1
10498,18|21|29|35|41|55|102,7,21,1
10499,18|21|29|35|42,5,21,1
10500,18|21|29|35|43|52|55|102,8,21,1
10501,18|21|29|35|48|52,6,21,1
10502,18|21|29|35|50|55|102,7,50,1
10503,18|21|29|35|55|62|63|70|101,9,21,1
10504,18|21|29|35|101,5,21,1
10505,18|21|29|55|62|80|81|83,8,21,1
10506,18|21|29|55|63|70|102,7,21,1
10507,18|21|29|63|72,5,21,1
10508,18|21|30|34|35|37|38|41|48|55|62|74|77|97|122,15,30,1
10509,18|21|30|34|35|48|52|55|102,9,30,1
10510,18|21|30|55|63|72|102,7,30,1
10511,18|21|31|33|35|41|55|102,8,33,1
10512,18|21|31|35|101,5,31,1
10513,18|21|31|55|63|72|102,7,31,1
10514,18|21|32|34,4,32,1
10515,18|21|32|34|35|48|49|63|72,9,32,1
10516,18|21|32|35|48|55|102,7,32,1
10517,18|21|33|34|35|37|44|48|49|55|102,11,33,1
10518,18|21|33|34|35|52,6,33,1
10519,18|21|34|35|36,5,36,1
10520,18|21|34|35|36|47|55|63|72|102,10,47,1
10521,18|21|34|35|37|38|42|52|55|63|72|102,12,38,1
10522,18|21|34|35|37|38|42|55|62|63|72|77|97,13,38,1
10523,18|21|34|35|37|40|41|42|55|63|72|102,12,40,1
10524,18|21|34|35|37|41,6,21,1
10525,18|21|34|35|37|41|42|55|63|72|102,11,21,1
10526,18|21|34|35|37|41|48|55|62,9,21,1
10527,18|21|34|35|37|41|55|102,8,21,1
10528,18|21|34|35|37|41|63|72,8,21,1
10529,18|21|34|35|37|55|63|72|102,9,21,1
10530,18|21|34|35|37|55|102,7,21,1
10531,18|21|34|35|38,5,38,1
10532,18|21|34|35|38|41|42|52|55|63|72|102,12,38,1
10533,18|21|34|35|38|41|48|55|62|63|72|80|81,13,38,1
10534,18|21|34|35|38|41|52|55|102,9,38,1
10535,18|21|34|35|38|48|49|52|55|80|81|102,12,38,1
10536,18|21|34|35|38|63|72,7,38,1
10537,18|21|34|35|39|40|41|42|52|55|102,11,39,1
10538,18|21|34|35|39|49|77|97,8,39,1
10539,18|21|34|35|40|42|63|72,8,40,1
10540,18|21|34|35|40|52|55|62,8,40,1
10541,18|21|34|35|40|55|63|72|102,9,40,1
10542,18|21|34|35|41|42|49|52|55|58,10,21,1
10543,18|21|34|35|41|42|52|55|62,9,21,1
10544,18|21|34|35|41|42|52|55|63|72|102,11,21,1
10545,18|21|34|35|41|42|55|58|63|72,10,21,1
10546,18|21|34|35|41|42|55|63|72|102,10,21,1
10547,18|21|34|35|41|42|55|102,8,21,1
10548,18|21|34|35|41|48,6,21,1
10549,18|21|34|35|41|48|55|102,8,21,1
10550,18|21|34|35|41|52,6,21,1
10551,18|21|34|35|41|52|55|62|63|72|77|97,12,21,1
10552,18|21|34|35|41|55|62|77|97,9,21,1
10553,18|21|34|35|42|48|52|55|63|72|102,11,21,1
10554,18|21|34|35|42|49|63|72,8,21,1
10555,18|21|34|35|42|52,6,21,1
10556,18|21|34|35|43|48|49|52|55|102,10,21,1
10557,18|21|34|35|43|48|52|63|72,9,21,1
10558,18|21|34|35|43|52|53|55|63|72|102,11,53,1
10559,18|21|34|35|43|55|102,7,21,1
10560,18|21|34|35|44,5,44,1
10561,18|21|34|35|48|52|55|63|72|102,10,21,1
10562,18|21|34|35|48|52|63|72,8,21,1
10563,18|21|34|35|48|55|62,7,21,1
10564,18|21|34|35|48|55|62|63|70,9,21,1
10565,18|21|34|35|48|55|63|72|102,9,21,1
10566,18|21|34|35|48|55|102,7,21,1
10567,18|21|34|35|49|52,6,21,1
10568,18|21|34|35|49|52|63|70,8,21,1
10569,18|21|34|35|49|55|102,7,21,1
10570,18|21|34|55|58,5,21,1
10571,18|21|34|55|62|76|97|111,8,21,1
10572,18|21|34|55|63|72|77|97|102,9,21,1
10573,18|21|34|55|63|72|95|96|102,9,21,1
10574,18|21|34|55|77|97|102,7,21,1
10575,18|21|35|36|42|48|55|63|72|102,10,36,1
10576,18|21|35|36|48,5,36,1
10577,18|21|35|36|52|63|72,7,36,1
10578,18|21|35|36|55|102,6,36,1
10579,18|21|35|36|63|72,6,36,1
10580,18|21|35|37|38|55|63|72|102,9,38,1
10581,18|21|35|37|38|55|102,7,38,1
10582,18|21|35|37|39|40|63|72,8,39,1
10583,18|21|35|37|40,5,40,1
10584,18|21|35|37|40|47|49|63|70,9,47,1
10585,18|21|35|37|41|48|52|55|62|63|72,11,21,1
10586,18|21|35|37|41|52,6,21,1
10587,18|21|35|37|41|52|55|102,8,21,1
10588,18|21|35|37|41|55|77|97|102,9,21,1
10589,18|21|35|37|41|55|102,7,21,1
10590,18|21|35|37|41|63|69,7,69,1
10591,18|21|35|37|41|63|72,7,21,1
10592,18|21|35|37|42|48,6,21,1
10593,18|21|35|37|42|48|63|72,8,21,1
10594,18|21|35|37|42|52|55|62|63|72|75|77|97|118,14,21,1
10595,18|21|35|37|42|55|62|80|83,9,21,1
10596,18|21|35|37|48,5,21,1
10597,18|21|35|37|48|55|102,7,21,1
10598,18|21|35|37|48|63|72,7,21,1
10599,18|21|35|37|49|55|102,7,21,1
10600,18|21|35|37|52|55|102,7,21,1
10601,18|21|35|37|55|62|80|83,8,21,1
10602,18|21|35|38|41|42|55|62|63|72,10,38,1
10603,18|21|35|38|41|48|55|77|97|102,10,38,1
10604,18|21|35|38|41|63|72,7,38,1
10605,18|21|35|38|48,5,38,1
10606,18|21|35|38|48|49|55|62|63|72,10,38,1
10607,18|21|35|38|52,5,38,1
10608,18|21|35|38|52|55|102,7,38,1
10609,18|21|35|38|55|62|63|72,8,38,1
10610,18|21|35|38|55|62|80|81,8,38,1
10611,18|21|35|38|55|63|72|102,8,38,1
10612,18|21|35|39|41,5,39,1
10613,18|21|35|39|41|52|55|62|80|81,10,39,1
10614,18|21|35|39|42|63|72|77|97,9,39,1
10615,18|21|35|39|48|77|97,7,39,1
10616,18|21|35|39|52,5,39,1
10617,18|21|35|39|55|62|63|72|80|81,10,39,1
10618,18|21|35|39|55|102,6,39,1
10619,18|21|35|40|42|48|63|72,8,40,1
10620,18|21|35|40|42|49|52|55|62|63|72|77|80|81|83|97,16,40,1
10621,18|21|35|40|48,5,40,1
10622,18|21|35|40|48|63|72,7,40,1
10623,18|21|35|40|63|65,6,65,1
10624,18|21|35|41|42,5,21,1
10625,18|21|35|41|42|48|49|63|72,9,21,1
10626,18|21|35|41|42|48|55|63|72|102,10,21,1
10627,18|21|35|41|42|55|62|63|72|80|83,11,21,1
10628,18|21|35|41|42|55|63|72|102,9,21,1
10629,18|21|35|41|42|63|72,7,21,1
10630,18|21|35|41|43,5,21,1
10631,18|21|35|41|43|48|55|102,8,21,1
10632,18|21|35|41|43|52,6,21,1
10633,18|21|35|41|43|55|62,7,21,1
10634,18|21|35|41|43|55|63|70|102,9,21,1
10635,18|21|35|41|43|55|102,7,21,1
10636,18|21|35|41|47,5,47,1
10637,18|21|35|41|48|52,6,21,1
10638,18|21|35|41|48|52|55|62,8,21,1
10639,18|21|35|41|48|52|55|80|81|102,10,21,1
10640,18|21|35|41|48|52|63|72,8,21,1
10641,18|21|35|41|48|55|62,7,21,1
10642,18|21|35|41|49|55|63|72|102,9,21,1
10643,18|21|35|41|52,5,21,1
10644,18|21|35|41|52|63|72,7,21,1
10645,18|21|35|41|55|56,6,56,1
10646,18|21|35|41|55|62|63|67|79,9,67,1
10647,18|21|35|41|55|62|79,7,21,1
10648,18|21|35|41|55|77|97|102,8,21,1
10649,18|21|35|42|43|48|63|72,8,21,1
10650,18|21|35|42|43|63|72,7,21,1
10651,18|21|35|42|48|49|52,7,21,1
10652,18|21|35|42|48|49|63|72,8,21,1
10653,18|21|35|42|48|55|58|63|72,9,21,1
10654,18|21|35|42|48|55|63|72|102,9,21,1
10655,18|21|35|42|52|55|58|62|63|72,10,21,1
10656,18|21|35|42|55|62,6,21,1
10657,18|21|35|43|48|52|55|58|63|72,10,21,1
10658,18|21|35|43|48|53,6,53,1
10659,18|21|35|43|48|55|62|63|72,9,21,1
10660,18|21|35|43|48|55|102,7,21,1
10661,18|21|35|43|49,5,21,1
10662,18|21|35|43|52|55|63|72|102,9,21,1
10663,18|21|35|43|52|63|72,7,21,1
10664,18|21|35|43|55|62,6,21,1
10665,18|21|35|43|55|63|72|102,8,21,1
10666,18|21|35|48|49|55|62|63|72,9,21,1
10667,18|21|35|48|49|63|72,7,21,1
10668,18|21|35|48|52|55|77|97|102,9,21,1
10669,18|21|35|48|52|63|72,7,21,1
10670,18|21|35|48|55|58,6,21,1
10671,18|21|35|48|55|58|63|72,8,21,1
10672,18|21|35|48|63|70,6,21,1
10673,18|21|35|48|77|97,6,21,1
10674,18|21|35|49|52|63|72,7,21,1
10675,18|21|35|49|55|63|72|102,8,21,1
10676,18|21|35|52|55|58,6,21,1
10677,18|21|35|52|55|58|63|72,8,21,1
10678,18|21|35|52|63|70,6,21,1
10679,18|21|35|52|63|70|72,7,21,1
10680,18|21|35|52|80|81,6,21,1
10681,18|21|35|52|95|96,6,21,1
10682,18|21|35|63|72|77|97|101,8,21,1
10683,18|21|35|77|97|101,6,21,1
10684,18|21|54|55|62,5,21,1
10685,18|21|55|58|63|72,6,21,1
10686,18|21|55|62|80|81,6,21,1
10687,18|21|55|63|72|95|96|102,8,21,1
10688,18|21|63|69|72,5,69,1
10689,18|21|63|72|95|96,6,21,1
10690,18|21|76|77|97|111,6,21,1
10691,18|21|79|80|83,5,21,1
10692,18|21|80|81,4,21,1
10693,18|21|80|83,4,21,1
10694,18|21|95|96,4,21,1
10695,18|22|23|24|25|29|34|35|42|48|55|63|72|80|81|102,16,24,1
10696,18|22|23|24|26|34|35|52|55|102,10,26,1
10697,18|22|23|24|27|28|34|35|37|43|48|55|102,13,28,1
10698,18|22|23|24|29|31|34|55|102,9,31,1
10699,18|22|23|24|29|34|35|37|41|48|55|102,12,24,1
10700,18|22|23|24|29|35|52,7,24,1
10701,18|22|23|24|30|34|35|41|48|52|55|102,12,30,1
10702,18|22|23|24|34|35|37|38|41|48|52|63|72|74|75|77|97|112|113|120|122,21,38,1
10703,18|22|23|24|34|35|41|55|63|72|102,11,24,1
10704,18|22|23|24|35|41|55|102,8,24,1
10705,18|22|23|24|35|43|55|63|72|102,10,24,1
10706,18|22|23|24|35|52,6,24,1
10707,18|22|23|24|35|52|55|102,8,24,1
10708,18|22|23|25|28|35|52|55|63|72|102,11,28,1
10709,18|22|23|25|29|34|35|40|48|55|63|72|77|97|102,15,40,1
10710,18|22|23|25|34|35|42|55|102,9,23,1
10711,18|22|23|25|35|48|55|63|72|102,10,23,1
10712,18|22|23|25|55|63|72|77|97|102,10,23,1
10713,18|22|23|26|29|30|31|34|35|41|42|48|55|58|62,15,26,1
10714,18|22|23|26|32|34|35|37|38|42|48|52|63|72,14,32,1
10715,18|22|23|26|34|35|41|43|55|58,10,26,1
10716,18|22|23|26|34|35|43|48|52|55|102,11,26,1
10717,18|22|23|26|55|102,6,26,1
10718,18|22|23|27|29|30|31|34|35|48|52|55|102,13,30,1
10719,18|22|23|27|29|30|34|35|41|42|48|52|55|63|72|102,16,30,1
10720,18|22|23|27|29|30|35|41|42|52|55|102,12,30,1
10721,18|22|23|27|30|34|55|102,8,30,1
10722,18|22|23|27|34|35|36|48|52|63|72,11,36,1
10723,18|22|23|27|34|35|38|41|48|52|55|58,12,27,1
10724,18|22|23|27|34|35|41|42|48|55|63|72|102,13,27,1
10725,18|22|23|27|34|35|41|42|55|63|72|102,12,27,1
10726,18|22|23|27|34|35|41|43|48|55|62|63|72,13,27,1
10727,18|22|23|27|34|35|48|52|55|62,10,27,1
10728,18|22|23|27|34|35|52|55|102,9,27,1
10729,18|22|23|27|35|41|48|55|102,9,27,1
10730,18|22|23|27|35|48|55|102,8,27,1
10731,18|22|23|27|35|55|101|102,8,27,1
10732,18|22|23|28,4,28,1
10733,18|22|23|28|29|33|35|48|52|55|102,11,33,1
10734,18|22|23|28|29|34|35|52|55|63|72|102,12,28,1
10735,18|22|23|28|29|34|55|102,8,28,1
10736,18|22|23|28|31|34|55|102,8,28,1
10737,18|22|23|28|34|35|37|41|55|102,10,28,1
10738,18|22|23|28|35|42|55|58|63|72|77|97,12,28,1
10739,18|22|23|28|54|55|62,7,28,1
10740,18|22|23|29|30|55|102,7,30,1
10741,18|22|23|29|31|34|35|41|43|54|55|102,12,31,1
10742,18|22|23|29|31|35|52|55|102,9,31,1
10743,18|22|23|29|34|35|37|41|47|48|49|55|62,13,47,1
10744,18|22|23|29|34|35|37|41|55|63|70|72|102,13,23,1
10745,18|22|23|29|34|35|37|48|55|63|72|102,12,23,1
10746,18|22|23|29|34|35|38|41|42|48|55|58|63|72,14,38,1
10747,18|22|23|29|34|35|38|55|62,9,38,1
10748,18|22|23|29|34|35|41|42|48|54|55|102,12,23,1
10749,18|22|23|29|34|35|42|52|55|102,10,23,1
10750,18|22|23|29|34|35|43|52|55|102,10,23,1
10751,18|22|23|29|34|35|48|52|55|77|97|102,12,23,1
10752,18|22|23|29|34|35|48|55|62,9,23,1
10753,18|22|23|29|34|55|102,7,23,1
10754,18|22|23|29|35|37|55|75|97|102,10,23,1
10755,18|22|23|29|35|39|41|55|102,9,39,1
10756,18|22|23|29|35|41|52|55|102,9,23,1
10757,18|22|23|29|35|42|48|49|55|63|72|102,12,23,1
10758,18|22|23|29|35|42|55|62,8,23,1
10759,18|22|23|29|35|48,6,23,1
10760,18|22|23|29|35|48|52|55|63|72|102,11,23,1
10761,18|22|23|29|35|48|55|102,8,23,1
10762,18|22|23|29|35|52,6,23,1
10763,18|22|23|29|35|52|55|62,8,23,1
10764,18|22|23|29|55|62,6,23,1
10765,18|22|23|30|34|35|41|52|55|102,10,30,1
10766,18|22|23|30|34|35|43|55|63|72|102,11,30,1
10767,18|22|23|30|34|35|52|55|102,9,30,1
10768,18|22|23|30|34|55|102,7,30,1
10769,18|22|23|30|35|52|55|102,8,30,1
10770,18|22|23|31|34|35|48|55|77|97|102,11,31,1
10771,18|22|23|31|34|35|52|55|63|72|102,11,31,1
10772,18|22|23|31|34|35|52|55|102,9,31,1
10773,18|22|23|31|35|37|38|41|43|55|102,11,31,1
10774,18|22|23|31|35|48|55|62|63|72,10,31,1
10775,18|22|23|31|55|62,6,31,1
10776,18|22|23|31|55|80|81|102,8,31,1
10777,18|22|23|32|34|35|52|55|63|72|102,11,32,1
10778,18|22|23|34|35|37|41|55|102,9,23,1
10779,18|22|23|34|35|37|42|48|49|52|55|62,12,23,1
10780,18|22|23|34|35|38|42|49|63|72|77|97,12,38,1
10781,18|22|23|34|35|41|42|48|55|58|63|72,12,23,1
10782,18|22|23|34|35|41|42|55|63|72|102,11,23,1
10783,18|22|23|34|35|41|42|55|102,9,23,1
10784,18|22|23|34|35|41|48|52|55|102,10,23,1
10785,18|22|23|34|35|41|48|55|102,9,23,1
10786,18|22|23|34|35|41|55|102,8,23,1
10787,18|22|23|34|35|42|48|52|55|102,10,23,1
10788,18|22|23|34|35|42|49|55|62|63|72|80|83,13,23,1
10789,18|22|23|34|35|42|52|55|58,9,23,1
10790,18|22|23|34|35|42|52|55|102,9,23,1
10791,18|22|23|34|35|42|55|63|72|102,10,23,1
10792,18|22|23|34|35|43|52|55|102,9,23,1
10793,18|22|23|34|35|45|48|52|55|63|72|102,12,45,1
10794,18|22|23|34|35|47|52|55|63|72|102,11,47,1
10795,18|22|23|34|35|48|49|55|102,9,23,1
10796,18|22|23|34|35|48|52|55|58,9,23,1
10797,18|22|23|34|35|48|55|63|69|72|102,11,69,1
10798,18|22|23|34|35|48|55|63|72|102,10,23,1
10799,18|22|23|34|35|52|55|58,8,23,1
10800,18|22|23|34|35|55|77|97|101|102,10,23,1
10801,18|22|23|34|35|55|101|102,8,23,1
10802,18|22|23|34|55|62,6,23,1
10803,18|22|23|34|55|62|77|97,8,23,1
10804,18|22|23|34|55|77|97|102,8,23,1
10805,18|22|23|34|80|81,6,23,1
10806,18|22|23|35|37|41|43|48|55|62,10,23,1
10807,18|22|23|35|37|41|48|52|55|102,10,23,1
10808,18|22|23|35|37|42|48|55|62|63|72|77|97,13,23,1
10809,18|22|23|35|37|43|48|52,8,23,1
10810,18|22|23|35|37|52|55|62|74|97|120,11,23,1
10811,18|22|23|35|37|52|55|62|80|83,10,23,1
10812,18|22|23|35|39|52|55|102,8,39,1
10813,18|22|23|35|41|42|55|63|72|102,10,23,1
10814,18|22|23|35|41|42|55|102,8,23,1
10815,18|22|23|35|41|43|48|52,8,23,1
10816,18|22|23|35|41|43|48|55|58|63|72,11,23,1
10817,18|22|23|35|41|48|52|55|102,9,23,1
10818,18|22|23|35|41|48|63|72|77|97,10,23,1
10819,18|22|23|35|41|52|55|102,8,23,1
10820,18|22|23|35|41|63|69|72,8,69,1
10821,18|22|23|35|42,5,23,1
10822,18|22|23|35|42|48|55|63|72|102,10,23,1
10823,18|22|23|35|42|48|63|72,8,23,1
10824,18|22|23|35|42|48|77|97,8,23,1
10825,18|22|23|35|42|52|55|102,8,23,1
10826,18|22|23|35|43|48,6,23,1
10827,18|22|23|35|43|48|52|55|62,9,23,1
10828,18|22|23|35|43|48|52|55|63|72|102,11,23,1
10829,18|22|23|35|43|55|102,7,23,1
10830,18|22|23|35|44|48|50|55|102,9,44,1
10831,18|22|23|35|44|48|52|63|72,9,44,1
10832,18|22|23|35|47|48|55|102,8,47,1
10833,18|22|23|35|48|52|55|58|63|72|77|97,12,23,1
10834,18|22|23|35|48|52|55|95|96|102,10,23,1
10835,18|22|23|35|48|55|62,7,23,1
10836,18|22|23|35|48|55|62|77|97,9,23,1
10837,18|22|23|35|49|52,6,23,1
10838,18|22|23|35|49|52|55|102,8,23,1
10839,18|22|23|35|52|55|58,7,23,1
10840,18|22|23|35|52|55|62,7,23,1
10841,18|22|23|35|52|55|63|72|102,9,23,1
10842,18|22|23|35|52|55|77|97|102,9,23,1
10843,18|22|23|55|62|63|72,7,23,1
10844,18|22|23|55|77|97|102,7,23,1
10845,18|22|23|63|72,5,23,1
10846,18|22|23|95|96,5,23,1
10847,18|22|24|25|29|35|41|42|52|55|102,11,24,1
10848,18|22|24|29|34|35|37|48|55|102,10,24,1
10849,18|22|24|29|34|35|48|55|62,9,24,1
10850,18|22|24|29|55|102,6,24,1
10851,18|22|24|30|34|35|41|48|55|63|72|102,12,30,1
10852,18|22|24|30|34|35|48|52|55|80|81|102,12,30,1
10853,18|22|24|34|35|41|42|48|52|55|63|72|102,13,24,1
10854,18|22|24|34|35|41|42|50|55|63|72|102,12,50,1
10855,18|22|24|34|35|41|55|102,8,24,1
10856,18|22|24|34|35|42|43|48|52|55|63|72|102,13,24,1
10857,18|22|24|34|35|48|55|63|72|102,10,24,1
10858,18|22|24|34|35|52|55|63|72|102,10,24,1
10859,18|22|24|34|35|52|55|102,8,24,1
10860,18|22|24|34|55|62|63|72,8,24,1
10861,18|22|24|35|37|43|48|55|58|63|72,11,24,1
10862,18|22|24|35|37|55|63|72|102,9,24,1
10863,18|22|24|35|41|42|43|48|55|63|72|102,12,24,1
10864,18|22|24|35|43|52|55|63|72|102,10,24,1
10865,18|22|24|35|48,5,24,1
10866,18|22|24|35|48|52|55|102,8,24,1
10867,18|22|24|35|48|55|102,7,24,1
10868,18|22|24|35|52|55|63|72|102,9,24,1
10869,18|22|24|35|55|101|102,7,24,1
10870,18|22|24|55|63|72|102,7,24,1
10871,18|22|24|63|72,5,24,1
10872,18|22|25|26|35|43|52|55|102,9,26,1
10873,18|22|25|27|31|35|52|55|102,9,31,1
10874,18|22|25|27|34|35|38|41|42|52|80|81,12,27,1
10875,18|22|25|27|34|35|41|55|63|72|102,11,27,1
10876,18|22|25|27|34|35|48|52|55|63|72|102,12,27,1
10877,18|22|25|27|35|41|52|55|63|72|102,11,27,1
10878,18|22|25|29|30|31|34|63|72|77|89|96|97,13,89,1
10879,18|22|25|29|31|35|52|55|102,9,31,1
10880,18|22|25|29|34|35|43|55|102,9,29,1
10881,18|22|25|29|34|55|62,7,29,1
10882,18|22|25|29|35|37|42|63|72|77|97,11,29,1
10883,18|22|25|29|63|72,6,29,1
10884,18|22|25|30|34|35|37|41|48|52|55|63|72|102,14,30,1
10885,18|22|25|34|35|37|41|55|62|63|72|77|97,13,25,1
10886,18|22|25|34|35|37|63|72,8,25,1
10887,18|22|25|34|35|41|48|52|55|63|72|102,12,25,1
10888,18|22|25|34|35|41|48|76|77|97|111,11,25,1
10889,18|22|25|34|35|42|55|63|72|102,10,25,1
10890,18|22|25|34|35|48|55|62,8,25,1
10891,18|22|25|34|35|55|63|72|101|102,10,25,1
10892,18|22|25|35|37|38|42|48|55|63|72|80|83|102,14,38,1
10893,18|22|25|35|37|41|42|52|63|72,10,25,1
10894,18|22|25|35|37|42|55|63|72|102,10,25,1
10895,18|22|25|35|37|55|63|72|102,9,25,1
10896,18|22|25|35|41|48|52|55|63|72|102,11,25,1
10897,18|22|25|35|41|55|63|72|102,9,25,1
10898,18|22|25|35|41|55|102,7,25,1
10899,18|22|25|35|48|52|55|63|72|102,10,25,1
10900,18|22|25|35|52,5,25,1
10901,18|22|25|35|52|55|62|63|72,9,25,1
10902,18|22|25|35|63|72|101,7,25,1
10903,18|22|25|55|63|72|77|97|102,9,25,1
10904,18|22|25|55|102,5,25,1
10905,18|22|25|77|97,5,25,1
10906,18|22|26|28,4,26,1
10907,18|22|26|29|34|35|38|41|52|55|62,11,26,1
10908,18|22|26|30|55|63|72|102,8,26,1
10909,18|22|26|31|34|35|42|52|55|63|72|77|97|102,14,26,1
10910,18|22|26|32|55|102,6,32,1
10911,18|22|26|34|35|46|55|63|72|102,10,46,1
10912,18|22|26|34|55|58,6,26,1
10913,18|22|26|35|37|52|55|63|72|102,10,26,1
10914,18|22|26|35|37|52|55|102,8,26,1
10915,18|22|26|35|41|48|55|102,8,26,1
10916,18|22|26|35|42,5,26,1
10917,18|22|26|35|43|55|102,7,26,1
10918,18|22|26|35|52|55|58|63|72,9,26,1
10919,18|22|26|35|101,5,26,1
10920,18|22|27|28|29|30|31|34|35|48|52|55|102,13,28,1
10921,18|22|27|28|34|35|52|55|102,9,28,1
10922,18|22|27|29|31|34|35|37|41|55|58|62|77|97,14,31,1
10923,18|22|27|29|31|35|41|42|48|55|58|63|72|77|97,15,31,1
10924,18|22|27|29|34|35|48|55|63|72|102,11,27,1
10925,18|22|27|29|34|35|52|55|63|72|102,11,27,1
10926,18|22|27|30|55|102,6,30,1
10927,18|22|27|31|34|35|38|42|48|52|55|63|72|102,14,31,1
10928,18|22|27|34,4,27,1
10929,18|22|27|34|35|37|41|55|80|81|102,11,27,1
10930,18|22|27|34|35|42|48|55|63|72|102,11,27,1
10931,18|22|27|34|35|48,6,27,1
10932,18|22|27|34|35|48|52|55|62|63|72,11,27,1
10933,18|22|27|35|41,5,27,1
10934,18|22|27|35|41|55|102,7,27,1
10935,18|22|27|35|42|43|48|55|63|72|80|81|102,13,27,1
10936,18|22|27|35|42|52|55|102,8,27,1
10937,18|22|27|35|43|48|77|97,8,27,1
10938,18|22|27|35|48|52|55|63|72|77|97|102,12,27,1
10939,18|22|27|35|48|55|62,7,27,1
10940,18|22|27|35|52,5,27,1
10941,18|22|27|35|52|55|102,7,27,1
10942,18|22|27|63|72,5,27,1
10943,18|22|27|80|81,5,27,1
10944,18|22|28|29|31|34|35|37|39|41|54|55|62|63|72,15,28,1
10945,18|22|28|29|34|35|55|63|72|101|102,11,28,1
10946,18|22|28|29|55|102,6,28,1
10947,18|22|28|31|34|35|48|55|63|72|102,11,28,1
10948,18|22|28|34|35|37|41|48|55|102,10,28,1
10949,18|22|28|34|35|37|41|55|102,9,28,1
10950,18|22|28|34|35|52|55|102,8,28,1
10951,18|22|28|34|55|102,6,28,1
10952,18|22|28|35|41|52|55|102,8,28,1
10953,18|22|29|30|31|34|35|48|55|102,10,30,1
10954,18|22|29|30|31|34|55|102,8,30,1
10955,18|22|29|30|34|35|42|44|48|49|55|62|77|97,14,44,1
10956,18|22|29|30|34|35|48|52|55|102,10,30,1
10957,18|22|29|30|34|35|55|80|83|101|102,11,30,1
10958,18|22|29|30|35|52|55|102,8,30,1
10959,18|22|29|33|34|35|41|55|63|70|102,11,33,1
10960,18|22|29|34|35|37|41|52|55|62,10,29,1
10961,18|22|29|34|35|37|41|55|102,9,29,1
10962,18|22|29|34|35|41,6,29,1
10963,18|22|29|34|35|41|42|48|52|55|102,11,29,1
10964,18|22|29|34|35|41|42|55|102,9,29,1
10965,18|22|29|34|35|41|52|54|55|62|63|70,12,29,1
10966,18|22|29|34|35|41|55|58,8,29,1
10967,18|22|29|34|35|42|43|48,8,29,1
10968,18|22|29|34|35|42|48|52|55|63|72|102,12,29,1
10969,18|22|29|34|35|42|52,7,29,1
10970,18|22|29|34|35|42|55|102,8,29,1
10971,18|22|29|34|35|48,6,29,1
10972,18|22|29|34|35|48|52,7,29,1
10973,18|22|29|34|35|48|52|55|102,9,29,1
10974,18|22|29|34|35|55|101|102,8,29,1
10975,18|22|29|34|35|101,6,29,1
10976,18|22|29|34|55|62,6,29,1
10977,18|22|29|34|55|63|72|102,8,29,1
10978,18|22|29|35|37,5,29,1
10979,18|22|29|35|37|38|48|55|62|77|97,11,38,1
10980,18|22|29|35|37|41|48|55|102,9,29,1
10981,18|22|29|35|37|49|52,7,29,1
10982,18|22|29|35|37|55|102,7,29,1
10983,18|22|29|35|40|52|55|102,8,40,1
10984,18|22|29|35|41,5,29,1
10985,18|22|29|35|41|48|52|55|63|72|77|97|102,13,29,1
10986,18|22|29|35|41|48|52|55|102,9,29,1
10987,18|22|29|35|41|48|55|102,8,29,1
10988,18|22|29|35|41|52|55|62|63|72,10,29,1
10989,18|22|29|35|42,5,29,1
10990,18|22|29|35|42|48,6,29,1
10991,18|22|29|35|42|52|55|102,8,29,1
10992,18|22|29|35|43|48|52|55|63|72|102,11,29,1
10993,18|22|29|35|48|50|55|102,8,50,1
10994,18|22|29|35|48|52,6,29,1
10995,18|22|29|35|48|52|55|102,8,29,1
10996,18|22|29|35|48|63|72,7,29,1
10997,18|22|29|35|52|55|102,7,29,1
10998,18|22|29|55|62|80|83,7,29,1
10999,18|22|29|55|63|72|102,7,29,1
11000,18|22|29|80|83,5,29,1
11001,18|22|30|31|34|35|41|42|43|48|52|55|63|72|80|81|102,17,30,1
11002,18|22|30|31|34|35|48|55|102,9,30,1
11003,18|22|30|31|55|102,6,30,1
11004,18|22|30|34|35|40|41|42|48|52|55|102,12,30,1
11005,18|22|30|34|35|43|48|52|55|63|72|102,12,30,1
11006,18|22|30|34|35|52|55|102,8,30,1
11007,18|22|30|35|41|48|55|102,8,30,1
11008,18|22|30|35|41|55|102,7,30,1
11009,18|22|30|35|42|55|102,7,30,1
11010,18|22|30|35|43|48|52|55|102,9,30,1
11011,18|22|30|35|45,5,45,1
11012,18|22|30|35|48,5,30,1
11013,18|22|30|35|48|52,6,30,1
11014,18|22|30|35|48|52|55|77|97|102,10,30,1
11015,18|22|30|35|52,5,30,1
11016,18|22|30|35|55|63|72|101|102,9,30,1
11017,18|22|30|35|55|101|102,7,30,1
11018,18|22|30|77|97,5,30,1
11019,18|22|31|34|35|39|52|55|62|63|72,11,39,1
11020,18|22|31|34|35|41|48|52|55|63|72|80|81|102,14,31,1
11021,18|22|31|34|35|42|52|55|63|72|102,11,31,1
11022,18|22|31|34|35|48|55|58,8,31,1
11023,18|22|31|35|41|55|62,7,31,1
11024,18|22|31|35|48|55|102,7,31,1
11025,18|22|31|35|48|77|97,7,31,1
11026,18|22|31|35|52,5,31,1
11027,18|22|31|55|63|72|102,7,31,1
11028,18|22|31|55|102,5,31,1
11029,18|22|32,3,32,1
11030,18|22|32|33|35|55|101|102,8,33,1
11031,18|22|33|34,4,33,1
11032,18|22|33|34|35|49|52|55|102,9,33,1
11033,18|22|33|35|41|52|55|58|62,9,33,1
11034,18|22|33|55|102,5,33,1
11035,18|22|34|35|37|38|41|42|52|55|63|72|102,13,38,1
11036,18|22|34|35|37|40|41|42|48|52|55|63|72|102,14,40,1
11037,18|22|34|35|37|41|42|48|55|102,10,22,1
11038,18|22|34|35|37|41|42|52|55|102,10,22,1
11039,18|22|34|35|37|41|42|55|102,9,22,1
11040,18|22|34|35|37|41|48|52|55|102,10,22,1
11041,18|22|34|35|37|41|48|52|63|72|77|97,12,22,1
11042,18|22|34|35|37|41|49|55|102,9,49,1
11043,18|22|34|35|37|41|55|62|63|72,10,22,1
11044,18|22|34|35|37|42|52|55|58,9,22,1
11045,18|22|34|35|37|42|52|55|63|72|102,11,22,1
11046,18|22|34|35|37|43|55|77|97|102,10,22,1
11047,18|22|34|35|37|48|50|52|55|62,10,50,1
11048,18|22|34|35|37|48|52|55|63|70|102,11,22,1
11049,18|22|34|35|37|52|55|62,8,22,1
11050,18|22|34|35|37|52|55|102,8,22,1
11051,18|22|34|35|38,5,38,1
11052,18|22|34|35|38|40|49|55|102,9,40,1
11053,18|22|34|35|38|42|52|55|63|72|102,11,38,1
11054,18|22|34|35|38|55|63|72|102,9,38,1
11055,18|22|34|35|39|48|55|102,8,39,1
11056,18|22|34|35|39|52,6,39,1
11057,18|22|34|35|40|41|49|50|52,9,50,1
11058,18|22|34|35|40|42|48|52|63|72|77|97,12,40,1
11059,18|22|34|35|40|42|77|97,8,40,1
11060,18|22|34|35|41|42|48|52|55|77|97|102,12,22,1
11061,18|22|34|35|41|42|48|55|63|72|102,11,22,1
11062,18|22|34|35|41|42|52|55|63|72|102,11,22,1
11063,18|22|34|35|41|42|55|102,8,22,1
11064,18|22|34|35|41|43|55|63|72|102,10,22,1
11065,18|22|34|35|41|44|48|52|55|102,10,44,1
11066,18|22|34|35|41|48|49|52|55|62,10,49,1
11067,18|22|34|35|41|48|52|55|77|97|102,11,22,1
11068,18|22|34|35|41|48|52|55|95|96|102,11,95,1
11069,18|22|34|35|41|48|52|55|102,9,22,1
11070,18|22|34|35|41|48|52|77|97,9,22,1
11071,18|22|34|35|41|48|55|63|72|102,10,22,1
11072,18|22|34|35|41|55|63|72|102,9,22,1
11073,18|22|34|35|42|43|49|55|62,9,49,1
11074,18|22|34|35|42|48,6,22,1
11075,18|22|34|35|42|48|49|52|63|72,10,49,1
11076,18|22|34|35|42|48|52|63|72,9,22,1
11077,18|22|34|35|42|48|55|63|72|102,10,22,1
11078,18|22|34|35|42|49|52|55|58|74|77|97|120|122,14,49,1
11079,18|22|34|35|42|52|63|72,8,22,1
11080,18|22|34|35|42|55|62|63|72,9,22,1
11081,18|22|34|35|43|48|52|77|97,9,22,1
11082,18|22|34|35|44|47|48|50|55|102,10,44,1
11083,18|22|34|35|48|52|55|62,8,22,1
11084,18|22|34|35|48|52|55|62|63|72,10,22,1
11085,18|22|34|35|48|52|77|97,8,22,1
11086,18|22|34|35|48|54,6,22,1
11087,18|22|34|35|48|54|55|62,8,22,1
11088,18|22|34|35|48|55|62,7,22,1
11089,18|22|34|35|48|55|63|72|102,9,22,1
11090,18|22|34|35|48|63|72,7,22,1
11091,18|22|34|35|49|52,6,49,1
11092,18|22|34|35|49|52|55|63|69|102,10,69,1
11093,18|22|34|35|49|52|55|102,8,49,1
11094,18|22|34|35|49|55|102,7,49,1
11095,18|22|34|35|50,5,50,1
11096,18|22|34|35|50|52|55|102,8,50,1
11097,18|22|34|35|50|52|63|70,8,50,1
11098,18|22|34|35|50|54|55|102,8,50,1
11099,18|22|34|35|52|54|55|58|62,9,22,1
11100,18|22|34|35|52|55|58,7,22,1
11101,18|22|34|35|52|55|62,7,22,1
11102,18|22|34|35|52|55|63|70|102,9,22,1
11103,18|22|34|35|52|55|77|97|102,9,22,1
11104,18|22|34|35|52|80|83,7,22,1
11105,18|22|34|35|55|58|101,7,22,1
11106,18|22|34|35|55|63|72|101|102,9,22,1
11107,18|22|34|55|62|63|72,7,22,1
11108,18|22|34|55|63|70|102,7,22,1
11109,18|22|34|55|77|97|102,7,22,1
11110,18|22|35|36|45,5,36,1
11111,18|22|35|36|48,5,36,1
11112,18|22|35|36|52|55|102,7,36,1
11113,18|22|35|36|55|102,6,36,1
11114,18|22|35|37|38,5,38,1
11115,18|22|35|37|39|40|41|52|55|62,10,39,1
11116,18|22|35|37|40|41|55|102,8,40,1
11117,18|22|35|37|41|42|48|52,8,22,1
11118,18|22|35|37|41|42|52|55|62|63|72,11,22,1
11119,18|22|35|37|41|43|52|55|62,9,22,1
11120,18|22|35|37|41|48|52|55|62,9,22,1
11121,18|22|35|37|41|48|55|63|72|102,10,22,1
11122,18|22|35|37|41|49|52|55|102,9,49,1
11123,18|22|35|37|41|49|55|102,8,49,1
11124,18|22|35|37|41|52|55|63|72|80|83|102,12,22,1
11125,18|22|35|37|41|52|55|63|72|102,10,22,1
11126,18|22|35|37|41|52|55|102,8,22,1
11127,18|22|35|37|41|55|62,7,22,1
11128,18|22|35|37|41|55|77|97|102,9,22,1
11129,18|22|35|37|41|55|79|80|83|102,10,22,1
11130,18|22|35|37|41|55|95|96|102,9,95,1
11131,18|22|35|37|42|55|102,7,22,1
11132,18|22|35|37|43|48|52|54|77|97,10,22,1
11133,18|22|35|37|43|48|52|63|72,9,22,1
11134,18|22|35|37|43|52|55|58|62,9,22,1
11135,18|22|35|37|46|48|52,7,46,1
11136,18|22|35|37|48|52|55|62|77|97,10,22,1
11137,18|22|35|37|48|52|55|102,8,22,1
11138,18|22|35|37|48|55|62|63|70,9,22,1
11139,18|22|35|37|48|55|62|79,8,22,1
11140,18|22|35|37|48|55|62|80|83,9,22,1
11141,18|22|35|37|48|63|72,7,22,1
11142,18|22|35|37|49|55|63|72|102,9,49,1
11143,18|22|35|37|52|55|62|80|83,9,22,1
11144,18|22|35|37|52|55|63|72|102,9,22,1
11145,18|22|35|37|52|55|102,7,22,1
11146,18|22|35|37|63|72,6,22,1
11147,18|22|35|37|77|97,6,22,1
11148,18|22|35|37|80|83,6,22,1
11149,18|22|35|38|42|48|52|55|63|72|102,11,38,1
11150,18|22|35|38|42|55|102,7,38,1
11151,18|22|35|38|48,5,38,1
11152,18|22|35|38|48|52|55|62|63|72|77|97,12,38,1
11153,18|22|35|38|48|55|63|72|102,9,38,1
11154,18|22|35|38|55|62,6,38,1
11155,18|22|35|38|55|62|63|72,8,38,1
11156,18|22|35|39|48|55|63|72|102,9,39,1
11157,18|22|35|40|41|42|48|55|102,9,40,1
11158,18|22|35|40|42,5,40,1
11159,18|22|35|40|42|55|62|77|80|81|97,11,40,1
11160,18|22|35|40|55|102,6,40,1
11161,18|22|35|40|63|72,6,40,1
11162,18|22|35|41|42|43|48|49|55|102,10,49,1
11163,18|22|35|41|42|48,6,22,1
11164,18|22|35|41|42|48|55|77|97|102,10,22,1
11165,18|22|35|41|42|52|55|102,8,22,1
11166,18|22|35|41|42|55|102,7,22,1
11167,18|22|35|41|43|48|52|55|102,9,22,1
11168,18|22|35|41|43|48|55|63|72|102,10,22,1
11169,18|22|35|41|43|48|55|102,8,22,1
11170,18|22|35|41|43|52|55|102,8,22,1
11171,18|22|35|41|43|55|102,7,22,1
11172,18|22|35|41|48|52,6,22,1
11173,18|22|35|41|48|52|55|62|80|83,10,22,1
11174,18|22|35|41|48|52|55|63|72|102,10,22,1
11175,18|22|35|41|48|55|62,7,22,1
11176,18|22|35|41|48|55|63|72|102,9,22,1
11177,18|22|35|41|52|54|55|63|72|102,10,22,1
11178,18|22|35|41|52|55|62|63|72,9,22,1
11179,18|22|35|41|52|77|97,7,22,1
11180,18|22|35|41|55|58|63|72,8,22,1
11181,18|22|35|41|55|62|63|72,8,22,1
11182,18|22|35|41|55|80|81|102,8,22,1
11183,18|22|35|41|63|72,6,22,1
11184,18|22|35|41|80|83,6,22,1
11185,18|22|35|42|43|48|52|55|58|63|72,11,22,1
11186,18|22|35|42|43|48|52|55|77|97|102,11,22,1
11187,18|22|35|42|43|48|52|55|102,9,22,1
11188,18|22|35|42|43|48|55|62,8,22,1
11189,18|22|35|42|43|55|62,7,22,1
11190,18|22|35|42|48|52,6,22,1
11191,18|22|35|42|48|52|54|55|77|97|102,11,22,1
11192,18|22|35|42|48|52|63|72,8,22,1
11193,18|22|35|42|48|55|63|72|102,9,22,1
11194,18|22|35|42|48|77|97,7,22,1
11195,18|22|35|42|49,5,49,1
11196,18|22|35|42|49|55|102,7,49,1
11197,18|22|35|42|52,5,22,1
11198,18|22|35|42|52|54,6,22,1
11199,18|22|35|42|52|55|77|97|102,9,22,1
11200,18|22|35|42|80|83,6,22,1
11201,18|22|35|42|95|96,6,95,1
11202,18|22|35|43|48|49|52|55|102,9,49,1
11203,18|22|35|43|48|52,6,22,1
11204,18|22|35|43|48|52|55|63|72|102,10,22,1
11205,18|22|35|43|48|55|77|97|102,9,22,1
11206,18|22|35|43|49|52,6,49,1
11207,18|22|35|43|49|52|55|58,8,49,1
11208,18|22|35|43|49|55|102,7,49,1
11209,18|22|35|43|52|55|58,7,22,1
11210,18|22|35|43|55|58|63|72,8,22,1
11211,18|22|35|43|55|63|72|102,8,22,1
11212,18|22|35|44|50,5,44,1
11213,18|22|35|45|52,5,45,1
11214,18|22|35|47|48|52|63|72,8,47,1
11215,18|22|35|47|48|55|102,7,47,1
11216,18|22|35|47|48|77|97,7,47,1
11217,18|22|35|47|52,5,47,1
11218,18|22|35|47|52|55|62,7,47,1
11219,18|22|35|48|49|52,6,49,1
11220,18|22|35|48|49|63|70|72,8,49,1
11221,18|22|35|48|52|54,6,22,1
11222,18|22|35|48|52|55|58|63|72,9,22,1
11223,18|22|35|48|52|55|58|63|72|77|97,11,22,1
11224,18|22|35|48|52|55|58|77|97,9,22,1
11225,18|22|35|48|52|55|62|77|97,9,22,1
11226,18|22|35|48|52|55|63|70|102,9,22,1
11227,18|22|35|48|52|55|77|97|102,9,22,1
11228,18|22|35|48|54|55|62,7,22,1
11229,18|22|35|48|54|63|70,7,22,1
11230,18|22|35|48|55|58,6,22,1
11231,18|22|35|48|55|58|63|72,8,22,1
11232,18|22|35|48|55|62|63|69,8,69,1
11233,18|22|35|48|55|62|63|72,8,22,1
11234,18|22|35|48|55|63|70|102,8,22,1
11235,18|22|35|48|55|77|97|102,8,22,1
11236,18|22|35|48|63|70,6,22,1
11237,18|22|35|48|63|72|77|97,8,22,1
11238,18|22|35|48|63|72|80|81,8,22,1
11239,18|22|35|49|52|55|62,7,49,1
11240,18|22|35|49|52|55|102,7,49,1
11241,18|22|35|50|52,5,50,1
11242,18|22|35|50|55|102,6,50,1
11243,18|22|35|52|54|55|102,7,22,1
11244,18|22|35|52|55|62|63|72|80|81,10,22,1
11245,18|22|35|52|55|63|69|102,8,69,1
11246,18|22|35|52|55|63|72|80|83|102,10,22,1
11247,18|22|35|52|63|72|80|81,8,22,1
11248,18|22|35|52|77|80|81|97,8,22,1
11249,18|22|35|55|58|77|97|101,8,22,1
11250,18|22|35|55|62|101,6,22,1
11251,18|22|54,3,22,1
11252,18|22|54|63|70,5,22,1
11253,18|22|55|62|80|81,6,22,1
11254,18|22|55|62|80|83,6,22,1
11255,18|22|55|63|70|72|102,7,22,1
11256,18|22|55|63|71|102,6,71,1
11257,18|22|55|74|97|102|120,7,22,1
11258,18|22|55|76|97|102|107,7,22,1
11259,18|22|63|69,4,69,1
11260,18|22|63|72|74|97|120,7,22,1
11261,18|22|76|77|97|107|111,7,22,1
11262,18|22|80|82,4,82,1
11263,18|23|24|25|29|35|63|72|80|81|101,11,24,1
11264,18|23|24|25|34|35|37|41|55|102,10,24,1
11265,18|23|24|25|55|63|72|102,8,24,1
11266,18|23|24|25|63|72,6,24,1
11267,18|23|24|26|35|48|55|58|63|72,10,26,1
11268,18|23|24|27|31|55|102,7,31,1
11269,18|23|24|27|35|52,6,27,1
11270,18|23|24|28|35|40|43|48|55|77|97|102,12,28,1
11271,18|23|24|29|34|35|41|42|48|55|63|72|102,13,24,1
11272,18|23|24|30|31|34|35|48|55|102,10,30,1
11273,18|23|24|30|35|48|52|55|63|72|102,11,30,1
11274,18|23|24|34,4,24,1
11275,18|23|24|34|35|37|42|48|52|55|62,11,24,1
11276,18|23|24|34|35|37|42|52|55|63|72|102,12,24,1
11277,18|23|24|34|35|38|55|63|72|102,10,38,1
11278,18|23|24|34|35|40|41|42|43|44|48|52|55|63|72|102,16,44,1
11279,18|23|24|34|35|41|42|43|48|55|63|72|80|83|102,15,24,1
11280,18|23|24|34|35|41|55|58,8,24,1
11281,18|23|24|34|35|48|52|55|77|97|102,11,24,1
11282,18|23|24|34|35|48|52|55|102,9,24,1
11283,18|23|24|34|35|52|55|63|72|102,10,24,1
11284,18|23|24|34|35|52|55|102,8,24,1
11285,18|23|24|34|63|72,6,24,1
11286,18|23|24|35|41|43|48|49|52|55|63|72|102,13,24,1
11287,18|23|24|35|41|55|102,7,24,1
11288,18|23|24|35|42,5,24,1
11289,18|23|24|35|42|43|48|55|63|72|77|97|102,13,24,1
11290,18|23|24|35|42|43|48|55|102,9,24,1
11291,18|23|24|35|42|48|49|52|55|102,10,24,1
11292,18|23|24|35|42|55|102,7,24,1
11293,18|23|24|35|42|63|72,7,24,1
11294,18|23|24|35|48|52|55|62|63|72,10,24,1
11295,18|23|24|35|48|52|63|72,8,24,1
11296,18|23|24|35|48|55|58|63|72,9,24,1
11297,18|23|24|35|48|55|63|72|102,9,24,1
11298,18|23|24|35|48|55|76|77|97|102|111,11,24,1
11299,18|23|24|35|48|55|102,7,24,1
11300,18|23|24|35|48|63|72,7,24,1
11301,18|23|24|35|52,5,24,1
11302,18|23|24|35|52|55|102,7,24,1
11303,18|23|24|35|55|77|97|101|102,9,24,1
11304,18|23|24|35|55|101|102,7,24,1
11305,18|23|24|35|101,5,24,1
11306,18|23|24|55|62|63|72,7,24,1
11307,18|23|24|55|63|72|102,7,24,1
11308,18|23|25|26|27|31|34|55|63|72|102,11,26,1
11309,18|23|25|27|29|35|55|63|72|101|102,11,27,1
11310,18|23|25|27|34|35|37|41|42|48|52|55|63|72|102,15,27,1
11311,18|23|25|27|34|35|37|52|55|102,10,27,1
11312,18|23|25|27|34|35|42|48|49|55|63|72|102,13,27,1
11313,18|23|25|27|35|41|42|48|55|63|72|102,12,27,1
11314,18|23|25|27|35|41|42|55|63|72|102,11,27,1
11315,18|23|25|27|35|41|55|63|72|80|83|102,12,27,1
11316,18|23|25|27|63|72,6,27,1
11317,18|23|25|30|31|34|35|41|48|52|55|63|69|72|102,15,30,1
11318,18|23|25|30|34|35|38|40|41|48|52|55|62,13,30,1
11319,18|23|25|31|32|35|37|55|58|63|72,11,32,1
11320,18|23|25|31|35|52|63|72,8,31,1
11321,18|23|25|31|55|62|75|97|118,9,31,1
11322,18|23|25|34|35|41|48|63|72,9,23,1
11323,18|23|25|34|35|42|43|48|49|52|55|63|72|102,14,23,1
11324,18|23|25|34|35|43|55|63|72|102,10,23,1
11325,18|23|25|34|35|48|55|62|63|72|75|97|118,13,23,1
11326,18|23|25|34|35|49|63|72|77|97,10,23,1
11327,18|23|25|34|55|62|63|72,8,23,1
11328,18|23|25|35|37|41|55|63|72|77|97|102,12,23,1
11329,18|23|25|35|38|63|72,7,38,1
11330,18|23|25|35|41|43|52|55|63|72|102,11,23,1
11331,18|23|25|35|42|48|52|55|63|72|102,11,23,1
11332,18|23|25|35|52|63|72,7,23,1
11333,18|23|25|35|63|72|101,7,23,1
11334,18|23|26|27,4,26,1
11335,18|23|26|29|35|48|52|55|102,9,26,1
11336,18|23|26|29|55|102,6,26,1
11337,18|23|26|35|41|43|48|49|52|63|72,11,26,1
11338,18|23|26|35|43|48|49|55|102,9,26,1
11339,18|23|26|35|48|52|55|58,8,26,1
11340,18|23|26|35|52|55|102,7,26,1
11341,18|23|27|28|30|55|102,7,28,1
11342,18|23|27|29|34|35|42|43|48|52|55|63|72|102,14,27,1
11343,18|23|27|29|55|58,6,27,1
11344,18|23|27|31|34|35|40|41|42|55|63|72|77|97|102,15,31,1
11345,18|23|27|31|35|48|52|55|62,9,31,1
11346,18|23|27|34,4,27,1
11347,18|23|27|34|35|42|48|49|52|55|63|72|102,13,27,1
11348,18|23|27|34|35|42|52,7,27,1
11349,18|23|27|34|35|43|55|58,8,27,1
11350,18|23|27|35|43,5,27,1
11351,18|23|27|35|48,5,27,1
11352,18|23|27|35|52,5,27,1
11353,18|23|27|35|52|55|102,7,27,1
11354,18|23|27|35|55|101|102,7,27,1
11355,18|23|27|55|62,5,27,1
11356,18|23|27|55|63|72|102,7,27,1
11357,18|23|28|29|35|55|63|72|101|102,10,28,1
11358,18|23|28|31|55|102,6,28,1
11359,18|23|28|35|52,5,28,1
11360,18|23|28|35|52|55|102,7,28,1
11361,18|23|29|30|31|34|35|41|42|52|55|102,12,30,1
11362,18|23|29|31,4,31,1
11363,18|23|29|31|34|35|42|52|54|55|63|72|102,13,31,1
11364,18|23|29|31|34|35|43|48|52|55|62|63|72,13,31,1
11365,18|23|29|31|34|35|52|55|102,9,31,1
11366,18|23|29|32|34|35|55|62|63|72|101,11,32,1
11367,18|23|29|34,4,23,1
11368,18|23|29|34|35|37|42|55|58|62,10,23,1
11369,18|23|29|34|35|39|48|55|102,9,39,1
11370,18|23|29|34|35|40|41|42|48|52|55|63|72|102,14,40,1
11371,18|23|29|34|35|41|48|49|52|55|77|97|102,13,23,1
11372,18|23|29|34|35|41|48|52|55|102,10,23,1
11373,18|23|29|34|35|42|48|52|55|63|72|102,12,23,1
11374,18|23|29|34|35|42|48|52|55|102,10,23,1
11375,18|23|29|34|35|48,6,23,1
11376,18|23|29|34|35|48|52|55|80|81|102,11,23,1
11377,18|23|29|34|35|48|55|102,8,23,1
11378,18|23|29|34|35|52,6,23,1
11379,18|23|29|34|35|101,6,23,1
11380,18|23|29|35|37|41|48|52|54|55|63|69|70|80|83|102,16,69,1
11381,18|23|29|35|37|41|48|55|62,9,23,1
11382,18|23|29|35|37|55|77|97|102,9,23,1
11383,18|23|29|35|41,5,23,1
11384,18|23|29|35|41|52,6,23,1
11385,18|23|29|35|41|52|55|102,8,23,1
11386,18|23|29|35|48,5,23,1
11387,18|23|29|35|48|54|55|62,8,23,1
11388,18|23|29|35|48|55|62,7,23,1
11389,18|23|29|35|49,5,23,1
11390,18|23|29|35|101,5,23,1
11391,18|23|30|35|41|55|102,7,30,1
11392,18|23|30|35|43|52|55|77|97|102,10,30,1
11393,18|23|30|35|48|52,6,30,1
11394,18|23|31|34|35|41|52|55|80|81|102,11,31,1
11395,18|23|31|34|35|41|63|72,8,31,1
11396,18|23|31|34|35|46|55|102,8,46,1
11397,18|23|31|35|37,5,31,1
11398,18|23|31|35|41|43|48|55|77|97|102,11,31,1
11399,18|23|31|35|48|52,6,31,1
11400,18|23|31|35|52|54|55|102,8,31,1
11401,18|23|31|35|52|55|102,7,31,1
11402,18|23|31|55|63|72|102,7,31,1
11403,18|23|31|55|102,5,31,1
11404,18|23|32|55|102,5,32,1
11405,18|23|34|35|36|52,6,36,1
11406,18|23|34|35|37|40|48|55|102,9,40,1
11407,18|23|34|35|37|41|48|49|52|55|62|63|72,13,23,1
11408,18|23|34|35|37|41|48|55|62,9,23,1
11409,18|23|34|35|37|41|55|102,8,23,1
11410,18|23|34|35|37|42|55|63|72|80|81|102,12,23,1
11411,18|23|34|35|37|42|63|72,8,23,1
11412,18|23|34|35|37|48|63|72,8,23,1
11413,18|23|34|35|37|55|102,7,23,1
11414,18|23|34|35|38|42|48|55|63|72|102,11,38,1
11415,18|23|34|35|40|42,6,40,1
11416,18|23|34|35|41|42|48|52|55|62,10,23,1
11417,18|23|34|35|41|42|52|55|63|72|102,11,23,1
11418,18|23|34|35|41|42|52|63|72,9,23,1
11419,18|23|34|35|41|42|55|63|72|102,10,23,1
11420,18|23|34|35|41|43|48|63|72,9,23,1
11421,18|23|34|35|41|48|52,7,23,1
11422,18|23|34|35|41|48|55|63|72|102,10,23,1
11423,18|23|34|35|41|49|55|62|63|72|77|97,12,23,1
11424,18|23|34|35|41|52|55|62,8,23,1
11425,18|23|34|35|41|52|55|62|63|70|72,11,23,1
11426,18|23|34|35|41|52|55|102,8,23,1
11427,18|23|34|35|42|43|55|58|63|72|77|97,12,23,1
11428,18|23|34|35|42|48|49|52|55|102,10,23,1
11429,18|23|34|35|42|48|63|72,8,23,1
11430,18|23|34|35|42|49|52|55|102,9,23,1
11431,18|23|34|35|42|52|55|62|63|72|80|83,12,23,1
11432,18|23|34|35|42|52|55|102,8,23,1
11433,18|23|34|35|43|48,6,23,1
11434,18|23|34|35|43|48|49|52|54|55|102,11,23,1
11435,18|23|34|35|43|52|55|102,8,23,1
11436,18|23|34|35|47,5,47,1
11437,18|23|34|35|47|48|52,7,47,1
11438,18|23|34|35|47|55|102,7,47,1
11439,18|23|34|35|48|49|52|55|102,9,23,1
11440,18|23|34|35|48|49|63|72|77|97,10,23,1
11441,18|23|34|35|48|52|55|63|67|72|77|97|102,13,67,1
11442,18|23|34|35|48|52|63|72,8,23,1
11443,18|23|34|35|48|63|72,7,23,1
11444,18|23|34|35|49|55|102,7,23,1
11445,18|23|34|35|55|77|97|101|102,9,23,1
11446,18|23|34|35|55|101|102,7,23,1
11447,18|23|34|35|101,5,23,1
11448,18|23|34|54|55|102,6,23,1
11449,18|23|34|55|62,5,23,1
11450,18|23|35|36|37|41|55|62,8,36,1
11451,18|23|35|37|41,5,23,1
11452,18|23|35|37|41|43,6,23,1
11453,18|23|35|37|41|43|55|62,8,23,1
11454,18|23|35|37|41|48|55|58|62|63|72,11,23,1
11455,18|23|35|37|42|48|49|52|55|102,10,23,1
11456,18|23|35|37|42|55|102,7,23,1
11457,18|23|35|37|43|52|54|55|63|72|102,11,23,1
11458,18|23|35|37|43|55|62,7,23,1
11459,18|23|35|37|48|55|102,7,23,1
11460,18|23|35|37|48|80|83,7,23,1
11461,18|23|35|37|52,5,23,1
11462,18|23|35|37|52|55|62|63|72,9,23,1
11463,18|23|35|37|52|55|63|72|102,9,23,1
11464,18|23|35|37|52|55|80|81|102,9,23,1
11465,18|23|35|37|52|55|102,7,23,1
11466,18|23|35|37|55|62,6,23,1
11467,18|23|35|37|55|74|97|102|120,9,23,1
11468,18|23|35|37|63|72,6,23,1
11469,18|23|35|37|77|97,6,23,1
11470,18|23|35|37|80|81|83,7,23,1
11471,18|23|35|38|41|42|55|102,8,38,1
11472,18|23|35|38|41|55|102,7,38,1
11473,18|23|35|39|43|47|48|55|58,9,47,1
11474,18|23|35|40|41,5,40,1
11475,18|23|35|40|48|52|55|63|72|102,10,40,1
11476,18|23|35|41|42|43|55|77|97|102,10,23,1
11477,18|23|35|41|42|48,6,23,1
11478,18|23|35|41|42|48|55|58,8,23,1
11479,18|23|35|41|42|48|55|58|63|72,10,23,1
11480,18|23|35|41|42|48|55|80|81|102,10,23,1
11481,18|23|35|41|42|49|55|102,8,23,1
11482,18|23|35|41|42|52|55|102,8,23,1
11483,18|23|35|41|42|55|63|72|102,9,23,1
11484,18|23|35|41|43|48|55|102,8,23,1
11485,18|23|35|41|48|52|63|69,8,69,1
11486,18|23|35|41|48|55|102,7,23,1
11487,18|23|35|41|52|55|62|80|81,9,23,1
11488,18|23|35|41|54|55|102,7,23,1
11489,18|23|35|42|43|48|55|63|72|102,10,23,1
11490,18|23|35|42|43|52|77|97,8,23,1
11491,18|23|35|42|48|49|55|62|77|97,10,23,1
11492,18|23|35|42|48|52,6,23,1
11493,18|23|35|42|48|55|58|63|72,9,23,1
11494,18|23|35|42|48|55|102,7,23,1
11495,18|23|35|42|52,5,23,1
11496,18|23|35|42|52|54|55|63|70|72|102,11,23,1
11497,18|23|35|42|52|55|102,7,23,1
11498,18|23|35|42|55|62,6,23,1
11499,18|23|35|43|48|50|52|55|63|70|102,11,50,1
11500,18|23|35|43|48|52|55|63|72|102,10,23,1
11501,18|23|35|43|49,5,23,1
11502,18|23|35|43|49|52|55|77|97|102,10,23,1
11503,18|23|35|43|52|55|62|79|80|83,10,23,1
11504,18|23|35|43|52|55|63|72|102,9,23,1
11505,18|23|35|43|55|58|63|72,8,23,1
11506,18|23|35|43|55|63|72|102,8,23,1
11507,18|23|35|43|55|77|97|102,8,23,1
11508,18|23|35|44|48|55|102,7,44,1
11509,18|23|35|44|52,5,44,1
11510,18|23|35|44|52|55|102,7,44,1
11511,18|23|35|44|55|62|80|81,8,44,1
11512,18|23|35|45|48|52,6,45,1
11513,18|23|35|45|52,5,45,1
11514,18|23|35|45|55|102,6,45,1
11515,18|23|35|46|47|48|55|102,8,46,1
11516,18|23|35|47|48|52,6,47,1
11517,18|23|35|48|49,5,23,1
11518,18|23|35|48|49|52,6,23,1
11519,18|23|35|48|49|52|55|102,8,23,1
11520,18|23|35|48|49|52|63|72,8,23,1
11521,18|23|35|48|49|55|102,7,23,1
11522,18|23|35|48|52|55|62,7,23,1
11523,18|23|35|48|52|55|63|69|80|81|102,11,69,1
11524,18|23|35|48|52|55|63|72|102,9,23,1
11525,18|23|35|48|54,5,23,1
11526,18|23|35|48|55|62|63|72,8,23,1
11527,18|23|35|48|55|62|80|81,8,23,1
11528,18|23|35|48|55|63|69|72|102,9,69,1
11529,18|23|35|48|55|63|72|77|97|102,10,23,1
11530,18|23|35|48|55|77|97|102,8,23,1
11531,18|23|35|49|52|63|72,7,23,1
11532,18|23|35|49|77|97,6,23,1
11533,18|23|35|50|63|70,6,50,1
11534,18|23|35|52|55|62|79,7,23,1
11535,18|23|35|52|55|80|81|102,8,23,1
11536,18|23|35|52|63|69|72,7,69,1
11537,18|23|35|52|80|81,6,23,1
11538,18|23|35|52|80|83,6,23,1
11539,18|23|35|55|77|97|101|102,8,23,1
11540,18|23|54|55|102,5,23,1
11541,18|23|55|62|63|72,6,23,1
11542,18|23|55|63|70|102,6,23,1
11543,18|23|55|63|102|103,6,103,1
11544,18|23|63|69|72,5,69,1
11545,18|23|63|71,4,71,1
11546,18|23|80|83,4,23,1
11547,18|24|25|26|55|102,6,26,1
11548,18|24|25|27|55|102,6,27,1
11549,18|24|25|30|55|102,6,30,1
11550,18|24|25|31|34|55|102,7,31,1
11551,18|24|25|31|35|43|63|72,8,31,1
11552,18|24|25|34|35|37|41|42|43|48|49|55|58|63|70|72|77|97,18,24,1
11553,18|24|25|34|35|42|48|49|63|72,10,24,1
11554,18|24|25|34|35|48|52|55|63|72|102,11,24,1
11555,18|24|25|34|35|48|63|72,8,24,1
11556,18|24|25|34|35|52|55|62|63|72,10,24,1
11557,18|24|25|34|35|63|72|101,8,24,1
11558,18|24|25|34|63|72,6,24,1
11559,18|24|25|35|37|38|63|72,8,38,1
11560,18|24|25|35|37|48,6,24,1
11561,18|24|25|35|40|41|42|48|55|58|63|72|77|97,14,40,1
11562,18|24|25|35|41|42|52|55|102,9,24,1
11563,18|24|25|35|41|52|55|63|72|102,10,24,1
11564,18|24|25|35|42|49|55|62|63|72,10,24,1
11565,18|24|25|35|42|55|63|72|102,9,24,1
11566,18|24|25|35|48|52|55|62|63|72,10,24,1
11567,18|24|25|35|63|72|101,7,24,1
11568,18|24|25|54,4,24,1
11569,18|24|25|63|70|72,6,24,1
11570,18|24|26|34|55|77|97|102,8,26,1
11571,18|24|26|35|41,5,26,1
11572,18|24|26|35|41|43|48|55|58,9,26,1
11573,18|24|26|35|52|55|102,7,26,1
11574,18|24|26|35|52|63|72,7,26,1
11575,18|24|27|28|31|34|35|48|55|63|72|102,12,28,1
11576,18|24|27|34,4,27,1
11577,18|24|27|34|35|37|41|42|43|48|50|52|55|58|80|83,16,50,1
11578,18|24|27|34|35|48|55|102,8,27,1
11579,18|24|27|35|42|48|55|58|76|77|97|107,12,27,1
11580,18|24|27|35|48|55|63|72|102,9,27,1
11581,18|24|27|35|101,5,27,1
11582,18|24|27|55|63|72|102,7,27,1
11583,18|24|28|35|47|48|55|102,8,47,1
11584,18|24|28|35|48|52|55|102,8,28,1
11585,18|24|28|35|48|63|72,7,28,1
11586,18|24|28|35|52,5,28,1
11587,18|24|28|55|102,5,28,1
11588,18|24|29|34|35|38|41|42|49|52|55|63|72|102,14,38,1
11589,18|24|29|34|35|41|48|63|72,9,24,1
11590,18|24|29|34|35|42,6,24,1
11591,18|24|29|34|55|63|72|102,8,24,1
11592,18|24|29|34|63|72,6,24,1
11593,18|24|29|35|42,5,24,1
11594,18|24|29|35|42|55|62,7,24,1
11595,18|24|29|35|43|48|55|63|72|102,10,24,1
11596,18|24|29|35|48|52|55|63|72|102,10,24,1
11597,18|24|29|35|48|55|58,7,24,1
11598,18|24|29|35|49|52|55|102,8,24,1
11599,18|24|29|35|52,5,24,1
11600,18|24|29|55|63|72|102,7,24,1
11601,18|24|29|55|102,5,24,1
11602,18|24|30|31|35|48|55|58|63|72,10,30,1
11603,18|24|30|34,4,30,1
11604,18|24|30|34|35|40|48|52|55|58|62,11,30,1
11605,18|24|30|34|54|55|58|63|72,9,30,1
11606,18|24|30|34|55|102,6,30,1
11607,18|24|30|35|48,5,30,1
11608,18|24|30|35|48|52|55|63|72|77|97|102,12,30,1
11609,18|24|30|35|52,5,30,1
11610,18|24|30|35|63|72|101,7,30,1
11611,18|24|31|34|35|41|48|52|55|58|63|72|77|97,14,31,1
11612,18|24|31|34|55|102,6,31,1
11613,18|24|31|35|41|48|55|63|72|102,10,31,1
11614,18|24|31|55|102,5,31,1
11615,18|24|32|35|37|48|55|62,8,32,1
11616,18|24|33,3,33,1
11617,18|24|34|35|37|41|48|52|55|63|72|102,12,24,1
11618,18|24|34|35|38,5,38,1
11619,18|24|34|35|38|41|42|55|63|72|77|97|102,13,38,1
11620,18|24|34|35|38|48|55|63|72|77|97|102,12,38,1
11621,18|24|34|35|38|63|72,7,38,1
11622,18|24|34|35|39|63|72,7,39,1
11623,18|24|34|35|40,5,40,1
11624,18|24|34|35|41|42,6,24,1
11625,18|24|34|35|41|42|55|63|72|77|97|102,12,24,1
11626,18|24|34|35|41|48|49|52|55|63|72|102,12,24,1
11627,18|24|34|35|41|48|52|55|62,9,24,1
11628,18|24|34|35|41|48|55|63|72|102,10,24,1
11629,18|24|34|35|41|52|55|102,8,24,1
11630,18|24|34|35|41|55|58|63|72,9,24,1
11631,18|24|34|35|41|55|63|72|102,9,24,1
11632,18|24|34|35|41|63|72,7,24,1
11633,18|24|34|35|42|48|52|55|62|63|72|77|97,13,24,1
11634,18|24|34|35|42|48|52|55|62|77|97,11,24,1
11635,18|24|34|35|42|48|55|62|77|97,10,24,1
11636,18|24|34|35|42|48|55|63|72|77|97|102,12,24,1
11637,18|24|34|35|42|49|63|72,8,24,1
11638,18|24|34|35|42|52,6,24,1
11639,18|24|34|35|42|52|55|63|72|102,10,24,1
11640,18|24|34|35|42|55|63|72|102,9,24,1
11641,18|24|34|35|43|48|55|58|63|72,10,24,1
11642,18|24|34|35|43|48|55|58|63|72|77|97,12,24,1
11643,18|24|34|35|43|48|63|72,8,24,1
11644,18|24|34|35|43|52|55|63|72|102,10,24,1
11645,18|24|34|35|48|55|58|62,8,24,1
11646,18|24|34|35|48|55|63|72|77|97|102,11,24,1
11647,18|24|34|35|48|77|97,7,24,1
11648,18|24|34|35|55|63|72|101|102,9,24,1
11649,18|24|34|35|55|77|97|101|102,9,24,1
11650,18|24|34|35|55|101|102,7,24,1
11651,18|24|34|55|58,5,24,1
11652,18|24|35|36,4,36,1
11653,18|24|35|36|37|41|52|55|63|72|102,11,36,1
11654,18|24|35|36|48|63|72,7,36,1
11655,18|24|35|36|63|72,6,36,1
11656,18|24|35|37|40|63|72,7,40,1
11657,18|24|35|37|41|42|48|52|55|62,10,24,1
11658,18|24|35|37|41|48|52|54|55|62|63|72,12,24,1
11659,18|24|35|37|41|48|52|55|63|72|102,11,24,1
11660,18|24|35|37|41|63|72,7,24,1
11661,18|24|35|37|42|46|48|55|62|79,10,46,1
11662,18|24|35|37|42|63|72,7,24,1
11663,18|24|35|37|43|48|55|58|63|72,10,24,1
11664,18|24|35|37|43|55|62|63|72,9,24,1
11665,18|24|35|37|48,5,24,1
11666,18|24|35|37|48|52|55|62,8,24,1
11667,18|24|35|37|48|54|55|62|63|72,10,24,1
11668,18|24|35|37|48|55|62,7,24,1
11669,18|24|35|37|48|55|62|63|72,9,24,1
11670,18|24|35|37|48|55|62|79,8,24,1
11671,18|24|35|37|52,5,24,1
11672,18|24|35|37|52|55|102,7,24,1
11673,18|24|35|37|52|63|72,7,24,1
11674,18|24|35|38|41|48|55|102,8,38,1
11675,18|24|35|38|42,5,38,1
11676,18|24|35|38|63|72,6,38,1
11677,18|24|35|39,4,39,1
11678,18|24|35|39|42,5,39,1
11679,18|24|35|41|42|43|52|55|63|72|102,11,24,1
11680,18|24|35|41|42|48|49|55|63|72|102,11,24,1
11681,18|24|35|41|42|48|55|62|63|72|77|97,12,24,1
11682,18|24|35|41|42|55|63|72|102,9,24,1
11683,18|24|35|41|43|48|49|54|55|58|63|70|72,13,24,1
11684,18|24|35|41|43|48|52|55|58|63|72,11,24,1
11685,18|24|35|41|43|48|52|55|63|72|77|97|102,13,24,1
11686,18|24|35|41|43|48|55|58|63|72,10,24,1
11687,18|24|35|41|43|48|55|63|72|102,10,24,1
11688,18|24|35|41|43|55|63|72|102,9,24,1
11689,18|24|35|41|43|63|72,7,24,1
11690,18|24|35|41|48,5,24,1
11691,18|24|35|41|48|54|55|102,8,24,1
11692,18|24|35|41|48|55|62,7,24,1
11693,18|24|35|41|48|55|62|63|72,9,24,1
11694,18|24|35|41|48|63|72|77|97,9,24,1
11695,18|24|35|41|48|80|81,7,24,1
11696,18|24|35|41|52|55|63|72|80|81|102,11,24,1
11697,18|24|35|41|52|55|63|72|102,9,24,1
11698,18|24|35|42|43|48|52|55|102,9,24,1
11699,18|24|35|42|43|55|102,7,24,1
11700,18|24|35|42|48,5,24,1
11701,18|24|35|42|48|52|55|63|72|102,10,24,1
11702,18|24|35|42|48|52|63|72,8,24,1
11703,18|24|35|42|48|55|63|72|102,9,24,1
11704,18|24|35|42|48|55|102,7,24,1
11705,18|24|35|42|48|77|97,7,24,1
11706,18|24|35|42|49,5,24,1
11707,18|24|35|42|50|55|58|62|63|72,10,50,1
11708,18|24|35|42|52|55|62|63|70,9,24,1
11709,18|24|35|42|52|55|63|72|102,9,24,1
11710,18|24|35|42|55|58|63|72,8,24,1
11711,18|24|35|42|55|62,6,24,1
11712,18|24|35|42|55|62|63|72,8,24,1
11713,18|24|35|42|55|77|97|102,8,24,1
11714,18|24|35|43|45|48|52,7,45,1
11715,18|24|35|43|48|49|55|102,8,24,1
11716,18|24|35|43|48|52,6,24,1
11717,18|24|35|43|48|52|63|72,8,24,1
11718,18|24|35|43|48|54|55|62|63|72,10,24,1
11719,18|24|35|43|48|55|58|63|72|77|97,11,24,1
11720,18|24|35|43|48|55|62|63|72,9,24,1
11721,18|24|35|43|48|55|102,7,24,1
11722,18|24|35|43|52,5,24,1
11723,18|24|35|43|52|55|58,7,24,1
11724,18|24|35|43|52|55|62|63|72,9,24,1
11725,18|24|35|43|52|55|102,7,24,1
11726,18|24|35|43|53|55|102,7,53,1
11727,18|24|35|43|55|62,6,24,1
11728,18|24|35|43|55|62|63|72,8,24,1
11729,18|24|35|44,4,44,1
11730,18|24|35|48|49|55|62,7,24,1
11731,18|24|35|48|49|55|63|72|102,9,24,1
11732,18|24|35|48|52|55|62|77|97,9,24,1
11733,18|24|35|48|52|55|77|97|102,9,24,1
11734,18|24|35|48|52|77|97,7,24,1
11735,18|24|35|48|55|62,6,24,1
11736,18|24|35|48|55|63|72|77|97|102,10,24,1
11737,18|24|35|48|55|63|72|80|81|102,10,24,1
11738,18|24|35|48|55|77|97|102,8,24,1
11739,18|24|35|49|55|63|72|102,8,24,1
11740,18|24|35|50|63|72,6,50,1
11741,18|24|35|52|54,5,24,1
11742,18|24|35|52|54|55|102,7,24,1
11743,18|24|35|52|54|63|72,7,24,1
11744,18|24|35|52|55|58,6,24,1
11745,18|24|35|52|55|58|62|63|72,9,24,1
11746,18|24|35|52|63|70,6,24,1
11747,18|24|35|52|80|81,6,24,1
11748,18|24|35|54|55|63|72|77|97|101|102,11,24,1
11749,18|24|35|54|63|70|101,7,24,1
11750,18|24|35|55|58|101,6,24,1
11751,18|24|35|63|72|77|97|101,8,24,1
11752,18|24|35|77|97|101,6,24,1
11753,18|24|54|55|102,5,24,1
11754,18|24|54|63|72,5,24,1
11755,18|24|55|62|80|81|83,7,24,1
11756,18|24|55|63|70|72|102,7,24,1
11757,18|24|55|63|72|77|97|102,8,24,1
11758,18|24|55|77|97|102,6,24,1
11759,18|24|55|95|96|102,6,24,1
11760,18|24|63|71,4,71,1
11761,18|24|63|72|76|97|111,7,24,1
11762,18|24|63|72|80|81,6,24,1
11763,18|24|95|96,4,24,1
11764,18|25|26|31|35|40|52,7,26,1
11765,18|25|26|34|35|48|63|72,8,26,1
11766,18|25|26|34|35|52|63|72,8,26,1
11767,18|25|26|35|42|48|55|63|72|77|97|102,12,26,1
11768,18|25|26|35|55|101|102,7,26,1
11769,18|25|26|55|102,5,26,1
11770,18|25|27|29|35|37|52|55|62|63|72,11,27,1
11771,18|25|27|34|35|48|55|63|70|72|102,11,27,1
11772,18|25|27|34|55|63|72|102,8,27,1
11773,18|25|27|35|38|41,6,27,1
11774,18|25|27|35|41|63|72,7,27,1
11775,18|25|27|35|42,5,27,1
11776,18|25|27|35|49|52|63|72,8,27,1
11777,18|25|27|55|63|72|102,7,27,1
11778,18|25|27|55|102,5,27,1
11779,18|25|28,3,28,1
11780,18|25|28|35|42|63|72,7,28,1
11781,18|25|28|35|48|55|63|70|72|102,10,28,1
11782,18|25|28|35|52|63|72,7,28,1
11783,18|25|29|31|35|37|48|52|55|62|63|72,12,31,1
11784,18|25|29|33|34|55|102,7,33,1
11785,18|25|29|34|35|37|38|41|52|55|63|72|102,13,38,1
11786,18|25|29|34|35|37|43|48|52|55|63|72|77|97|102,15,29,1
11787,18|25|29|34|35|41|46|49|63|72,10,46,1
11788,18|25|29|34|35|41|55|62|63|72|80|83,12,29,1
11789,18|25|29|34|35|42|43|48|49|52|55|102,12,29,1
11790,18|25|29|34|35|42|48|49|63|72,10,29,1
11791,18|25|29|34|35|48|52,7,29,1
11792,18|25|29|34|35|48|52|55|63|72|102,11,29,1
11793,18|25|29|34|35|48|52|63|72,9,29,1
11794,18|25|29|34|35|49|52|55|63|72|102,11,29,1
11795,18|25|29|34|35|52|55|62|63|72,10,29,1
11796,18|25|29|35|37|42|43|48|52|55|62|63|72|75|97|118,16,29,1
11797,18|25|29|35|37|43|52|55|63|70|102,11,29,1
11798,18|25|29|35|38|41|42|48|49|52|63|72,12,38,1
11799,18|25|29|35|41|42|55|63|72|102,10,29,1
11800,18|25|29|35|41|48|55|63|72|102,10,29,1
11801,18|25|29|35|42|52|63|72,8,29,1
11802,18|25|29|35|43|48|55|63|72|102,10,29,1
11803,18|25|29|35|43|52|55|63|72|77|97|102,12,29,1
11804,18|25|29|35|52,5,29,1
11805,18|25|29|35|52|55|63|72|102,9,29,1
11806,18|25|29|35|55|63|72|101|102,9,29,1
11807,18|25|29|55|62|63|72,7,29,1
11808,18|25|29|55|102,5,29,1
11809,18|25|30|34|35|48|52|55|63|72|102,11,30,1
11810,18|25|30|35|37|55|63|72|79|102,10,30,1
11811,18|25|30|35|55|63|72|101|102,9,30,1
11812,18|25|30|55|63|72|102,7,30,1
11813,18|25|31|34|35|42|55|63|72|102,10,31,1
11814,18|25|31|34|35|42|63|72|77|97,10,31,1
11815,18|25|31|34|35|48|52|55|63|72|95|96|102,13,31,1
11816,18|25|31|34|35|52|63|72,8,31,1
11817,18|25|31|34|55|63|72|102,8,31,1
11818,18|25|31|34|55|102,6,31,1
11819,18|25|31|35|41|63|72,7,31,1
11820,18|25|31|35|48|55|63|72|102,9,31,1
11821,18|25|31|35|52|63|72,7,31,1
11822,18|25|31|55|63|72|102,7,31,1
11823,18|25|31|63|72,5,31,1
11824,18|25|32,3,32,1
11825,18|25|32|34|35|52|55|63|72|102,10,32,1
11826,18|25|32|35|48,5,32,1
11827,18|25|32|35|48|63|72,7,32,1
11828,18|25|34|35|36|37|41|48|55|62|80|83,12,36,1
11829,18|25|34|35|37|38|48|49|55|62|63|72,12,38,1
11830,18|25|34|35|37|41|42|52|55|62|63|72|77|97,14,25,1
11831,18|25|34|35|37|41|43|52|55|63|72|102,12,25,1
11832,18|25|34|35|37|41|48|55|63|72|77|97|102,13,25,1
11833,18|25|34|35|37|42|48|52|63|72,10,25,1
11834,18|25|34|35|38|40|41,7,40,1
11835,18|25|34|35|38|41|52|55|62|63|72|77|80|81|97,15,38,1
11836,18|25|34|35|38|42|48|55|63|72|102,11,38,1
11837,18|25|34|35|38|55|63|72|102,9,38,1
11838,18|25|34|35|38|63|72,7,38,1
11839,18|25|34|35|40|42|48|55|62|63|70|72,12,40,1
11840,18|25|34|35|40|42|52|63|72,9,40,1
11841,18|25|34|35|41|42|48|52|55|63|72|102,12,25,1
11842,18|25|34|35|41|42|48|63|72|77|97,11,25,1
11843,18|25|34|35|41|42|49|52|55|63|72|77|97|102,14,49,1
11844,18|25|34|35|41|42|63|72,8,25,1
11845,18|25|34|35|41|43|55|77|97|102,10,25,1
11846,18|25|34|35|41|48|49|52|55|102,10,49,1
11847,18|25|34|35|41|48|52|55|63|72|102,11,25,1
11848,18|25|34|35|41|48|55|102,8,25,1
11849,18|25|34|35|41|49|52|55|63|72|102,11,49,1
11850,18|25|34|35|41|49|55|63|72|102,10,49,1
11851,18|25|34|35|41|52|55|102,8,25,1
11852,18|25|34|35|42|48|49|52|55|62|63|72|77|97,14,49,1
11853,18|25|34|35|42|48|49|55|63|72|102,11,49,1
11854,18|25|34|35|42|48|52,7,25,1
11855,18|25|34|35|42|48|55|62|63|72,10,25,1
11856,18|25|34|35|42|48|55|62|63|72|80|81,12,25,1
11857,18|25|34|35|42|52,6,25,1
11858,18|25|34|35|42|55|62|63|72,9,25,1
11859,18|25|34|35|42|55|63|72|102,9,25,1
11860,18|25|34|35|42|63|72|80|83,9,25,1
11861,18|25|34|35|42|77|97,7,25,1
11862,18|25|34|35|43|48|52|55|63|72|102,11,25,1
11863,18|25|34|35|43|54|55|62|63|72,10,25,1
11864,18|25|34|35|43|63|72,7,25,1
11865,18|25|34|35|46,5,46,1
11866,18|25|34|35|47|63|72,7,47,1
11867,18|25|34|35|48|49|52|55|62|63|72,11,49,1
11868,18|25|34|35|48|49|55|63|72|102,10,49,1
11869,18|25|34|35|48|52|55|62|63|72,10,25,1
11870,18|25|34|35|48|52|55|63|72|77|97|102,12,25,1
11871,18|25|34|35|48|52|63|72,8,25,1
11872,18|25|34|35|48|55|102,7,25,1
11873,18|25|34|35|48|63|72|77|97,9,25,1
11874,18|25|34|35|49|52|55|63|72|102,10,49,1
11875,18|25|34|35|49|55|62|63|72,9,49,1
11876,18|25|34|35|49|55|63|72|102,9,49,1
11877,18|25|34|35|49|55|102,7,49,1
11878,18|25|34|35|49|63|72,7,49,1
11879,18|25|34|35|55|63|72|77|97|101|102,11,25,1
11880,18|25|34|55|62,5,25,1
11881,18|25|34|55|62|63|72|80|83,9,25,1
11882,18|25|34|63|72|80|81,7,25,1
11883,18|25|34|77|97,5,25,1
11884,18|25|35|36,4,36,1
11885,18|25|35|36|37|63|72,7,36,1
11886,18|25|35|36|48|63|72,7,36,1
11887,18|25|35|36|55|63|72|102,8,36,1
11888,18|25|35|36|63|72,6,36,1
11889,18|25|35|37|38,5,38,1
11890,18|25|35|37|38|41|55|58|62|63|72,11,38,1
11891,18|25|35|37|38|48|52|55|63|72|102,11,38,1
11892,18|25|35|37|38|55|62|63|72,9,38,1
11893,18|25|35|37|40|42|55|62|63|72,10,40,1
11894,18|25|35|37|41|42|52|55|62|63|72|80|81,13,25,1
11895,18|25|35|37|41|42|63|72,8,25,1
11896,18|25|35|37|41|48|54|63|70,9,25,1
11897,18|25|35|37|41|52|55|62|63|72,10,25,1
11898,18|25|35|37|41|55|62|63|72,9,25,1
11899,18|25|35|37|41|55|63|72|102,9,25,1
11900,18|25|35|37|42,5,25,1
11901,18|25|35|37|42|48|63|72,8,25,1
11902,18|25|35|37|42|52|55|62|63|72,10,25,1
11903,18|25|35|37|42|55|62,7,25,1
11904,18|25|35|37|42|55|63|72|102,9,25,1
11905,18|25|35|37|43|48|55|102,8,25,1
11906,18|25|35|37|49|52|63|72,8,49,1
11907,18|25|35|37|49|55|63|72|102,9,49,1
11908,18|25|35|37|52|55|62|77|80|81|97,11,25,1
11909,18|25|35|37|52|55|63|72|102,9,25,1
11910,18|25|35|37|55|62|63|72,8,25,1
11911,18|25|35|37|55|62|63|72|77|97,10,25,1
11912,18|25|35|37|55|62|63|72|79,9,25,1
11913,18|25|35|37|55|62|63|72|80|83,10,25,1
11914,18|25|35|37|55|62|80|83,8,25,1
11915,18|25|35|37|63|72|77|97,8,25,1
11916,18|25|35|37|63|72|80|83,8,25,1
11917,18|25|35|38|39,5,39,1
11918,18|25|35|38|40|63|72,7,40,1
11919,18|25|35|38|41|42|52|63|72,9,38,1
11920,18|25|35|38|42,5,38,1
11921,18|25|35|38|42|48|63|72,8,38,1
11922,18|25|35|38|48|49,6,38,1
11923,18|25|35|38|48|55|62|63|72,9,38,1
11924,18|25|35|38|48|63|72,7,38,1
11925,18|25|35|38|52|55|63|72|102,9,38,1
11926,18|25|35|38|52|63|72,7,38,1
11927,18|25|35|38|55|62,6,38,1
11928,18|25|35|39|40|63|72,7,39,1
11929,18|25|35|39|41|47|48|49|52|55|63|72|102,13,47,1
11930,18|25|35|39|55|102,6,39,1
11931,18|25|35|40|41,5,40,1
11932,18|25|35|40|55|63|72|102,8,40,1
11933,18|25|35|41|42|48|55|63|72|102,10,25,1
11934,18|25|35|41|42|52|55|63|72|102,10,25,1
11935,18|25|35|41|42|55|63|72|102,9,25,1
11936,18|25|35|41|42|63|72,7,25,1
11937,18|25|35|41|43|48|52|55|63|72|102,11,25,1
11938,18|25|35|41|43|63|72,7,25,1
11939,18|25|35|41|48|49|55|58|63|72,10,49,1
11940,18|25|35|41|48|49|55|62|63|72,10,49,1
11941,18|25|35|41|48|49|55|62|63|72|80|83,12,49,1
11942,18|25|35|41|48|49|55|63|72|102,10,49,1
11943,18|25|35|41|48|52,6,25,1
11944,18|25|35|41|48|52|55|102,8,25,1
11945,18|25|35|41|48|55|63|72|102,9,25,1
11946,18|25|35|41|52,5,25,1
11947,18|25|35|41|52|55|58|63|72,9,25,1
11948,18|25|35|41|52|55|62|63|72,9,25,1
11949,18|25|35|41|52|55|102,7,25,1
11950,18|25|35|41|52|63|72,7,25,1
11951,18|25|35|41|55|62|63|72|80|81,10,25,1
11952,18|25|35|41|55|62|80|81,8,25,1
11953,18|25|35|41|63|72|80|81,8,25,1
11954,18|25|35|42|43|48,6,25,1
11955,18|25|35|42|47|48|55|62|63|72|80|81,12,47,1
11956,18|25|35|42|48,5,25,1
11957,18|25|35|42|48|49|52,7,49,1
11958,18|25|35|42|48|49|55|63|72|102,10,49,1
11959,18|25|35|42|48|49|63|72,8,49,1
11960,18|25|35|42|48|52,6,25,1
11961,18|25|35|42|48|52|55|63|72|102,10,25,1
11962,18|25|35|42|48|52|63|72|77|97,10,25,1
11963,18|25|35|42|48|55|63|72|102,9,25,1
11964,18|25|35|42|49|55|62|63|72,9,49,1
11965,18|25|35|42|49|63|72,7,49,1
11966,18|25|35|42|52|55|62|63|72,9,25,1
11967,18|25|35|42|52|55|63|72|102,9,25,1
11968,18|25|35|42|55|62|63|72,8,25,1
11969,18|25|35|42|63|72|80|81,8,25,1
11970,18|25|35|43,4,25,1
11971,18|25|35|43|48|55|58|63|72,9,25,1
11972,18|25|35|43|48|55|63|72|102,9,25,1
11973,18|25|35|43|48|63|72,7,25,1
11974,18|25|35|43|52|55|63|72|102,9,25,1
11975,18|25|35|43|52|63|72,7,25,1
11976,18|25|35|43|55|58,6,25,1
11977,18|25|35|43|55|63|72|102,8,25,1
11978,18|25|35|45|48|49|63|72,8,45,1
11979,18|25|35|47|49|63|72,7,47,1
11980,18|25|35|47|55|102,6,47,1
11981,18|25|35|48|49,5,49,1
11982,18|25|35|48|49|52,6,49,1
11983,18|25|35|48|49|63|72,7,49,1
11984,18|25|35|48|52|55|62|63|72|77|79|97,12,25,1
11985,18|25|35|48|52|55|62|63|72|80|81,11,25,1
11986,18|25|35|48|52|55|102,7,25,1
11987,18|25|35|48|52|63|72|77|97,9,25,1
11988,18|25|35|48|54|55|62|63|72,9,25,1
11989,18|25|35|48|55|62,6,25,1
11990,18|25|35|48|55|63|70|72|102,9,25,1
11991,18|25|35|48|55|63|72|77|97|102,10,25,1
11992,18|25|35|48|63|70|72,7,25,1
11993,18|25|35|48|63|72|80|81,8,25,1
11994,18|25|35|49|55|63|72|102,8,49,1
11995,18|25|35|52|54|63|72,7,25,1
11996,18|25|35|52|55|62|63|72|80|81,10,25,1
11997,18|25|35|52|55|63|72|77|97|102,10,25,1
11998,18|25|35|52|55|80|81|102,8,25,1
11999,18|25|35|55|77|97|101|102,8,25,1
12000,18|25|54|63|72,5,25,1
12001,18|25|55|61|63|72,6,61,1
12002,18|25|55|62|63|71|72,7,71,1
12003,18|25|55|62|63|72|79|80|81,9,25,1
12004,18|25|55|63|65|72|102,7,65,1
12005,18|25|55|63|69|72|102,7,69,1
12006,18|25|55|77|97|102,6,25,1
12007,18|25|63|65|72,5,65,1
12008,18|25|63|69,4,69,1
12009,18|25|63|69|72|80|81|84|85,9,85,1
12010,18|25|63|72|76|97|107,7,25,1
12011,18|25|63|72|80|83,6,25,1
12012,18|25|63|72|95|96,6,95,1
12013,18|26|27|29|30|35|43|48|55|77|97|102,12,26,1
12014,18|26|27|35|43|48,6,26,1
12015,18|26|27|35|52|55|62,7,26,1
12016,18|26|29|34,4,26,1
12017,18|26|29|34|35|42|47|55|102,9,47,1
12018,18|26|29|35|36|48|55|58|63|72,10,26,1
12019,18|26|29|35|41|42|43|48|52|55|58|63|72|77|97,15,26,1
12020,18|26|29|55|102,5,26,1
12021,18|26|30,3,26,1
12022,18|26|30|35|48|55|102,7,26,1
12023,18|26|31|55|102,5,26,1
12024,18|26|34|35|37|38,6,26,1
12025,18|26|34|35|43|52|55|63|72|102,10,26,1
12026,18|26|34|35|48,5,26,1
12027,18|26|34|35|48|55|102,7,26,1
12028,18|26|34|35|101,5,26,1
12029,18|26|34|55|63|72|102,7,26,1
12030,18|26|35|37,4,26,1
12031,18|26|35|37|41,5,26,1
12032,18|26|35|37|41|43|48|52|55|102,10,26,1
12033,18|26|35|37|48|52|55|102,8,26,1
12034,18|26|35|37|52|55|62,7,26,1
12035,18|26|35|37|52|55|63|72|102,9,26,1
12036,18|26|35|37|55|102,6,26,1
12037,18|26|35|38,4,26,1
12038,18|26|35|40,4,26,1
12039,18|26|35|40|42|55|102,7,26,1
12040,18|26|35|41|48|55|62|63|72,9,26,1
12041,18|26|35|41|48|55|63|72|102,9,26,1
12042,18|26|35|41|55|102,6,26,1
12043,18|26|35|41|63|72,6,26,1
12044,18|26|35|42|43,5,26,1
12045,18|26|35|42|43|48|49,7,26,1
12046,18|26|35|42|55|102,6,26,1
12047,18|26|35|43|48,5,26,1
12048,18|26|35|46,4,46,1
12049,18|26|35|47|48|55|102,7,47,1
12050,18|26|35|48|49|55|102,7,26,1
12051,18|26|35|48|49|77|97,7,26,1
12052,18|26|35|48|55|62|63|70|80|81|83,11,26,1
12053,18|26|35|48|55|63|72|102,8,26,1
12054,18|26|35|48|63|72,6,26,1
12055,18|26|35|52|55|62,6,26,1
12056,18|26|35|52|55|80|81|102,8,26,1
12057,18|26|55|62,4,26,1
12058,18|26|55|77|97|102,6,26,1
12059,18|27|28|29|34|35|48|50|63|70|77|97,12,28,1
12060,18|27|28|35|48,5,28,1
12061,18|27|29|34,4,27,1
12062,18|27|29|34|35|42|48|55|77|97|102,11,27,1
12063,18|27|29|34|35|43|48|52|55|58,10,27,1
12064,18|27|29|34|35|48|55|102,8,27,1
12065,18|27|29|34|55|102,6,27,1
12066,18|27|29|35|37|41|48|55|102,9,27,1
12067,18|27|29|35|38|41|52|55|102,9,27,1
12068,18|27|29|35|39|55|102,7,39,1
12069,18|27|29|35|48|52,6,27,1
12070,18|27|29|35|52,5,27,1
12071,18|27|30,3,30,1
12072,18|27|30|31|34|35|41|46|48|49|55|102,12,46,1
12073,18|27|30|34|35|42|48|55|63|72|77|97|102,13,30,1
12074,18|27|30|34|55|63|72|102,8,30,1
12075,18|27|30|35|52|55|102,7,30,1
12076,18|27|31|34|35|41|42|52|55|63|72|102,12,31,1
12077,18|27|31|35|43|52|55|102,8,31,1
12078,18|27|31|35|48|55|63|72|77|97|102,11,31,1
12079,18|27|31|35|101,5,31,1
12080,18|27|34|35|36|43|48|55|63|72|102,11,36,1
12081,18|27|34|35|36|49,6,36,1
12082,18|27|34|35|37|48|52|55|58,9,27,1
12083,18|27|34|35|37|55|74|97|102|120,10,27,1
12084,18|27|34|35|38|52|55|58,8,27,1
12085,18|27|34|35|40|48|55|58,8,27,1
12086,18|27|34|35|41,5,27,1
12087,18|27|34|35|41|48|52|55|62,9,27,1
12088,18|27|34|35|41|52|55|77|97|102,10,27,1
12089,18|27|34|35|42|48,6,27,1
12090,18|27|34|35|42|48|77|97,8,27,1
12091,18|27|34|35|42|52,6,27,1
12092,18|27|34|35|42|52|63|72,8,27,1
12093,18|27|34|35|42|52|63|72|77|97,10,27,1
12094,18|27|34|35|42|55|63|72|102,9,27,1
12095,18|27|34|35|42|63|72,7,27,1
12096,18|27|34|35|43|48|52|55|102,9,27,1
12097,18|27|34|35|43|48|55|58|63|72,10,27,1
12098,18|27|34|35|43|48|55|102,8,27,1
12099,18|27|34|35|43|48|63|72,8,27,1
12100,18|27|34|35|48|49,6,27,1
12101,18|27|34|35|48|52,6,27,1
12102,18|27|34|35|48|52|54|55|77|80|81|97|102,13,27,1
12103,18|27|34|35|48|52|55|102,8,27,1
12104,18|27|34|35|48|55|58,7,27,1
12105,18|27|34|35|52|55|63|72|102,9,27,1
12106,18|27|34|63|70,5,27,1
12107,18|27|35|37|41|42|55|62,8,27,1
12108,18|27|35|37|41|55|58,7,27,1
12109,18|27|35|37|41|55|102,7,27,1
12110,18|27|35|37|48,5,27,1
12111,18|27|35|37|49|55|62|63|72,9,27,1
12112,18|27|35|37|49|55|102,7,27,1
12113,18|27|35|39|41|63|72,7,39,1
12114,18|27|35|39|63|72,6,39,1
12115,18|27|35|40|55|102,6,27,1
12116,18|27|35|40|63|72,6,27,1
12117,18|27|35|41|48,5,27,1
12118,18|27|35|41|48|55|77|97|102,9,27,1
12119,18|27|35|41|48|55|102,7,27,1
12120,18|27|35|41|52,5,27,1
12121,18|27|35|41|52|55|102,7,27,1
12122,18|27|35|41|55|58|63|72|77|97,10,27,1
12123,18|27|35|41|55|62,6,27,1
12124,18|27|35|41|55|63|70|72|102,9,27,1
12125,18|27|35|42|48|52,6,27,1
12126,18|27|35|42|48|55|62|63|72,9,27,1
12127,18|27|35|42|48|55|63|72|102,9,27,1
12128,18|27|35|42|49,5,27,1
12129,18|27|35|43|48|52,6,27,1
12130,18|27|35|43|48|52|55|63|72|102,10,27,1
12131,18|27|35|43|52|55|102,7,27,1
12132,18|27|35|43|54|55|58|63|70|72,10,27,1
12133,18|27|35|43|55|58,6,27,1
12134,18|27|35|43|55|58|63|72,8,27,1
12135,18|27|35|47|48|55|102,7,47,1
12136,18|27|35|48|49,5,27,1
12137,18|27|35|48|52|55|58,7,27,1
12138,18|27|35|48|52|77|97,7,27,1
12139,18|27|35|48|55|58,6,27,1
12140,18|27|35|48|55|62|63|72|74|97|122,11,27,1
12141,18|27|35|48|55|63|72|102,8,27,1
12142,18|27|35|48|95|96,6,27,1
12143,18|27|35|49|52|55|102,7,27,1
12144,18|27|35|49|63|72,6,27,1
12145,18|27|35|50,4,50,1
12146,18|27|35|52|55|58,6,27,1
12147,18|27|35|52|55|58|63|72,8,27,1
12148,18|27|35|52|55|63|72|102,8,27,1
12149,18|27|35|52|77|97,6,27,1
12150,18|27|35|55|58|101,6,27,1
12151,18|27|35|80|81|101,6,27,1
12152,18|27|54,3,27,1
12153,18|27|54|55|63|70|102,7,27,1
12154,18|27|55|62|63|72,6,27,1
12155,18|27|55|62|63|72|80|81,8,27,1
12156,18|27|55|95|96|102,6,27,1
12157,18|27|76|97|111,5,27,1
12158,18|27|94|96,4,94,1
12159,18|28|29|31|34|35|43|48|52|55|62,11,28,1
12160,18|28|29|31|34|35|43|48|52|55|77|97|102,13,28,1
12161,18|28|29|33|35|48,6,33,1
12162,18|28|29|34,4,28,1
12163,18|28|29|34|35|37|41|55|63|72|102,11,28,1
12164,18|28|29|34|35|43|48|55|62,9,28,1
12165,18|28|29|34|35|48,6,28,1
12166,18|28|29|34|35|48|55|102,8,28,1
12167,18|28|29|35|37|39|52,7,28,1
12168,18|28|29|35|43,5,28,1
12169,18|28|29|35|48,5,28,1
12170,18|28|29|35|48|55|58|62,8,28,1
12171,18|28|29|35|101,5,28,1
12172,18|28|29|55|102,5,28,1
12173,18|28|30,3,28,1
12174,18|28|30|35|48|52|55|58,8,28,1
12175,18|28|31|34|35|42,6,28,1
12176,18|28|31|35|37|41|55|102,8,28,1
12177,18|28|31|35|48,5,28,1
12178,18|28|32,3,32,1
12179,18|28|32|55|102,5,32,1
12180,18|28|33,3,33,1
12181,18|28|33|34|55|102,6,33,1
12182,18|28|33|35|52|55|102,7,33,1
12183,18|28|34|35|37|55|102,7,28,1
12184,18|28|34|35|41|48|52|55|102,9,28,1
12185,18|28|34|35|41|52,6,28,1
12186,18|28|34|35|42,5,28,1
12187,18|28|34|35|42|55|62|63|72,9,28,1
12188,18|28|34|35|42|55|63|72|102,9,28,1
12189,18|28|34|35|43|48|55|102,8,28,1
12190,18|28|34|35|48|52|55|102,8,28,1
12191,18|28|34|35|52|55|102,7,28,1
12192,18|28|34|35|55|101|102,7,28,1
12193,18|28|34|35|101,5,28,1
12194,18|28|34|77|97,5,28,1
12195,18|28|35|37|48|55|102,7,28,1
12196,18|28|35|37|55|62|63|72,8,28,1
12197,18|28|35|37|55|102,6,28,1
12198,18|28|35|38|55|102,6,28,1
12199,18|28|35|40|63|70,6,28,1
12200,18|28|35|41|48,5,28,1
12201,18|28|35|41|48|52|55|58,8,28,1
12202,18|28|35|42|55|63|72|102,8,28,1
12203,18|28|35|42|63|72,6,28,1
12204,18|28|35|42|95|96,6,28,1
12205,18|28|35|43,4,28,1
12206,18|28|35|43|55|102,6,28,1
12207,18|28|35|48|52|55|58|63|72,9,28,1
12208,18|28|35|48|52|55|62|63|72,9,28,1
12209,18|28|35|48|52|55|63|72|102,9,28,1
12210,18|28|35|49|52|55|102,7,28,1
12211,18|28|35|49|77|97,6,28,1
12212,18|28|35|50,4,28,1
12213,18|28|35|50|63|72,6,28,1
12214,18|28|35|52|55|63|72|102,8,28,1
12215,18|28|35|52|63|72,6,28,1
12216,18|28|35|55|63|72|101|102,8,28,1
12217,18|28|54,3,28,1
12218,18|28|55|62|63|70,6,28,1
12219,18|28|55|62|63|72,6,28,1
12220,18|28|55|62|80|83,6,28,1
12221,18|28|55|63|69|102,6,28,1
12222,18|29|30,3,30,1
12223,18|29|30|34|35|48,6,30,1
12224,18|29|30|34|35|48|52|55|58,9,30,1
12225,18|29|30|34|35|55|101|102,8,30,1
12226,18|29|30|34|55|102,6,30,1
12227,18|29|30|35|38|52|55|63|72|102,10,30,1
12228,18|29|30|35|48|52|55|63|72|102,10,30,1
12229,18|29|30|35|52,5,30,1
12230,18|29|30|35|52|55|102,7,30,1
12231,18|29|30|35|55|101|102,7,30,1
12232,18|29|31|34|35|36|43|48|52|55|62|63|72,13,36,1
12233,18|29|31|34|35|37|42|48|52|55|74|97|102|120,14,31,1
12234,18|29|31|34|35|41|48|52|55|102,10,31,1
12235,18|29|32|34,4,32,1
12236,18|29|34|35|37|38|39|49|55|63|72|102,12,39,1
12237,18|29|34|35|37|38|41|42|48|55|62,11,38,1
12238,18|29|34|35|37|38|41|52|55|62,10,38,1
12239,18|29|34|35|37|38|55|77|80|81|97|102,12,38,1
12240,18|29|34|35|37|39,6,39,1
12241,18|29|34|35|37|40|55|102,8,40,1
12242,18|29|34|35|37|41|52|55|62,9,29,1
12243,18|29|34|35|37|41|55|62,8,29,1
12244,18|29|34|35|37|41|55|62|63|72,10,29,1
12245,18|29|34|35|37|42|43|48|55|80|83|102,12,29,1
12246,18|29|34|35|37|48|52|55|102,9,29,1
12247,18|29|34|35|37|48|55|62,8,29,1
12248,18|29|34|35|37|52,6,29,1
12249,18|29|34|35|37|55|62,7,29,1
12250,18|29|34|35|37|55|102,7,29,1
12251,18|29|34|35|37|63|72,7,29,1
12252,18|29|34|35|38|41|42|49|52|63|72,11,38,1
12253,18|29|34|35|38|41|48|52|63|72|77|97,12,38,1
12254,18|29|34|35|38|48|52,7,38,1
12255,18|29|34|35|41|42|48|52,8,29,1
12256,18|29|34|35|41|43|48|55|63|72|102,11,29,1
12257,18|29|34|35|41|48|49|52|55|102,10,29,1
12258,18|29|34|35|41|48|52|55|63|72|77|97|102,13,29,1
12259,18|29|34|35|41|48|52|55|63|72|102,11,29,1
12260,18|29|34|35|41|48|52|63|70,9,29,1
12261,18|29|34|35|41|49|52|55|102,9,29,1
12262,18|29|34|35|41|49|55|102,8,29,1
12263,18|29|34|35|41|52|55|102,8,29,1
12264,18|29|34|35|41|55|62|63|72,9,29,1
12265,18|29|34|35|41|55|63|72|102,9,29,1
12266,18|29|34|35|41|63|72,7,29,1
12267,18|29|34|35|42|48,6,29,1
12268,18|29|34|35|42|48|49|52|55|102,10,29,1
12269,18|29|34|35|42|48|52,7,29,1
12270,18|29|34|35|42|48|52|55|62,9,29,1
12271,18|29|34|35|42|48|55|58|63|72,10,29,1
12272,18|29|34|35|42|48|55|63|72|102,10,29,1
12273,18|29|34|35|42|48|63|72,8,29,1
12274,18|29|34|35|42|52,6,29,1
12275,18|29|34|35|42|55|63|72|77|97|102,11,29,1
12276,18|29|34|35|42|55|63|72|102,9,29,1
12277,18|29|34|35|42|55|102,7,29,1
12278,18|29|34|35|42|63|72,7,29,1
12279,18|29|34|35|43|48|52,7,29,1
12280,18|29|34|35|43|48|52|55|62,9,29,1
12281,18|29|34|35|43|55|102,7,29,1
12282,18|29|34|35|44,5,44,1
12283,18|29|34|35|44|55|102,7,44,1
12284,18|29|34|35|45|48,6,45,1
12285,18|29|34|35|45|52|55|102,8,45,1
12286,18|29|34|35|45|55|58,7,45,1
12287,18|29|34|35|48|49|52|55|102,9,29,1
12288,18|29|34|35|48|52|54|55|62|77|97,11,29,1
12289,18|29|34|35|48|52|55|62,8,29,1
12290,18|29|34|35|48|52|63|72,8,29,1
12291,18|29|34|35|48|55|62,7,29,1
12292,18|29|34|35|48|55|62|75|97|118,10,29,1
12293,18|29|34|35|48|55|63|70|72|102,10,29,1
12294,18|29|34|35|48|55|77|97|102,9,29,1
12295,18|29|34|35|48|77|97,7,29,1
12296,18|29|34|35|49,5,29,1
12297,18|29|34|35|49|52,6,29,1
12298,18|29|34|35|49|55|80|83|102,9,29,1
12299,18|29|34|35|52|55|63|72|102,9,29,1
12300,18|29|34|35|63|72|101,7,29,1
12301,18|29|34|55|62|77|97,7,29,1
12302,18|29|34|55|62|80|83,7,29,1
12303,18|29|34|55|77|97|102,7,29,1
12304,18|29|34|63|69,5,69,1
12305,18|29|34|63|69|70,6,69,1
12306,18|29|34|63|70,5,29,1
12307,18|29|34|63|72|77|97,7,29,1
12308,18|29|34|63|72|80|81,7,29,1
12309,18|29|35|36|41|55|63|72|102,9,36,1
12310,18|29|35|36|43|48|54|55|58|63|70,11,36,1
12311,18|29|35|36|55|102,6,36,1
12312,18|29|35|37|38|42|55|62,8,38,1
12313,18|29|35|37|38|52|55|102,8,38,1
12314,18|29|35|37|38|55|102,7,38,1
12315,18|29|35|37|38|63|72,7,38,1
12316,18|29|35|37|39,5,39,1
12317,18|29|35|37|41|43|48|55|62|80|83,11,29,1
12318,18|29|35|37|41|48|52,7,29,1
12319,18|29|35|37|41|48|55|63|72|102,10,29,1
12320,18|29|35|37|41|48|55|102,8,29,1
12321,18|29|35|37|42|49|63|72,8,29,1
12322,18|29|35|37|42|52|63|70,8,29,1
12323,18|29|35|37|42|55|63|72|102,9,29,1
12324,18|29|35|37|42|55|102,7,29,1
12325,18|29|35|37|48|55|62|80|81|83,10,29,1
12326,18|29|35|37|48|55|80|81|102,9,29,1
12327,18|29|35|37|49|55|62|63|70,9,29,1
12328,18|29|35|37|52|55|62|63|72|80|83,11,29,1
12329,18|29|35|37|52|55|62|80|83,9,29,1
12330,18|29|35|37|52|55|77|97|102,9,29,1
12331,18|29|35|37|52|55|80|83|102,9,29,1
12332,18|29|35|37|52|55|102,7,29,1
12333,18|29|35|37|55|62|63|70,8,29,1
12334,18|29|35|37|55|62|63|72,8,29,1
12335,18|29|35|37|55|62|75|80|83|97|112|113,12,29,1
12336,18|29|35|37|55|63|69|102,8,69,1
12337,18|29|35|37|74|75|97|118|120|122,10,29,1
12338,18|29|35|37|80|81,6,29,1
12339,18|29|35|38|39,5,39,1
12340,18|29|35|38|41,5,38,1
12341,18|29|35|38|42|48|52|55|63|72|102,11,38,1
12342,18|29|35|38|42|55|102,7,38,1
12343,18|29|35|38|48|55|63|72|102,9,38,1
12344,18|29|35|38|55|62|80|81,8,38,1
12345,18|29|35|38|55|62|80|83,8,38,1
12346,18|29|35|39|42|52|55|102,8,39,1
12347,18|29|35|39|55|102,6,39,1
12348,18|29|35|40|41,5,40,1
12349,18|29|35|40|48|49|52|77|80|81|97,11,40,1
12350,18|29|35|41|42,5,29,1
12351,18|29|35|41|42|43|48|55|102,9,29,1
12352,18|29|35|41|43|48|49|55|102,9,29,1
12353,18|29|35|41|43|48|52|55|77|97|102,11,29,1
12354,18|29|35|41|43|48|55|102,8,29,1
12355,18|29|35|41|43|55|102,7,29,1
12356,18|29|35|41|45,5,45,1
12357,18|29|35|41|45|48,6,45,1
12358,18|29|35|41|48|49|55|62,8,29,1
12359,18|29|35|41|48|49|55|63|69|102,10,69,1
12360,18|29|35|41|48|52|55|102,8,29,1
12361,18|29|35|41|48|55|58,7,29,1
12362,18|29|35|41|48|77|97,7,29,1
12363,18|29|35|41|49,5,29,1
12364,18|29|35|41|49|55|102,7,29,1
12365,18|29|35|41|52|55|62,7,29,1
12366,18|29|35|41|52|55|63|70|72|102,10,29,1
12367,18|29|35|41|52|63|72,7,29,1
12368,18|29|35|41|55|58|63|72,8,29,1
12369,18|29|35|41|55|77|97|102,8,29,1
12370,18|29|35|42|48|55|62|63|72,9,29,1
12371,18|29|35|42|52|55|63|72|102,9,29,1
12372,18|29|35|42|52|63|72,7,29,1
12373,18|29|35|42|77|97,6,29,1
12374,18|29|35|43|44|48|52,7,44,1
12375,18|29|35|43|48|55|62|63|72|80|81,11,29,1
12376,18|29|35|43|48|55|63|72|77|97|102,11,29,1
12377,18|29|35|43|48|77|97,7,29,1
12378,18|29|35|43|52|55|102,7,29,1
12379,18|29|35|43|53,5,53,1
12380,18|29|35|43|53|55|102,7,53,1
12381,18|29|35|43|55|62,6,29,1
12382,18|29|35|43|63|72,6,29,1
12383,18|29|35|44,4,44,1
12384,18|29|35|45|48|52,6,45,1
12385,18|29|35|45|55|102,6,45,1
12386,18|29|35|47|48,5,47,1
12387,18|29|35|48|49|52|63|72,8,29,1
12388,18|29|35|48|49|55|102,7,29,1
12389,18|29|35|48|52|55|62,7,29,1
12390,18|29|35|48|52|55|62|80|83,9,29,1
12391,18|29|35|48|52|77|97,7,29,1
12392,18|29|35|48|54,5,29,1
12393,18|29|35|48|54|55|62|63|72,9,29,1
12394,18|29|35|48|55|58|77|97,8,29,1
12395,18|29|35|48|55|62|80|81,8,29,1
12396,18|29|35|48|55|63|72|102,8,29,1
12397,18|29|35|48|55|77|97|102,8,29,1
12398,18|29|35|48|63|70,6,29,1
12399,18|29|35|49|52|55|62,7,29,1
12400,18|29|35|49|52|55|102,7,29,1
12401,18|29|35|49|52|63|72,7,29,1
12402,18|29|35|50|55|102,6,50,1
12403,18|29|35|52|55|62|80|81,8,29,1
12404,18|29|35|52|55|63|70|102,8,29,1
12405,18|29|35|52|55|80|83|102,8,29,1
12406,18|29|35|52|80|83,6,29,1
12407,18|29|35|53,4,53,1
12408,18|29|35|54|55|101|102,7,29,1
12409,18|29|35|55|62|101,6,29,1
12410,18|29|54|63|72,5,29,1
12411,18|29|55|58|62,5,29,1
12412,18|29|55|62|63|70,6,29,1
12413,18|29|55|62|63|72,6,29,1
12414,18|29|55|63|69|80|81|83|102,9,69,1
12415,18|29|55|80|81|102,6,29,1
12416,18|29|63|103,4,103,1
12417,18|29|74|97|122,5,29,1
12418,18|29|80|81|83,5,29,1
12419,18|30|31|34|35|43|48|55|102,9,30,1
12420,18|30|31|34|35|52,6,30,1
12421,18|30|31|35|43|47|48|52|55|102,10,47,1
12422,18|30|31|35|48|52|55|102,8,30,1
12423,18|30|31|35|55|77|97|101|102,9,30,1
12424,18|30|32|35|52|55|58,7,32,1
12425,18|30|34|35|37|38|41|42|48|52|55|58|77|97,14,30,1
12426,18|30|34|35|37|41|42|48|55|58|62|63|72,13,30,1
12427,18|30|34|35|37|48|55|62,8,30,1
12428,18|30|34|35|41|42,6,30,1
12429,18|30|34|35|41|55|102,7,30,1
12430,18|30|34|35|42|55|58,7,30,1
12431,18|30|34|35|43|48|50|52,8,50,1
12432,18|30|34|35|43|48|52|55|102,9,30,1
12433,18|30|34|35|43|49|52|55|102,9,30,1
12434,18|30|34|35|43|52|55|102,8,30,1
12435,18|30|34|35|49|52|55|58,8,30,1
12436,18|30|34|35|52|55|80|81|102,9,30,1
12437,18|30|34|55|63|72|77|97|102,9,30,1
12438,18|30|35|37|41|52|55|62,8,30,1
12439,18|30|35|37|49|55|62,7,30,1
12440,18|30|35|37|55|62|63|72|80|81,10,30,1
12441,18|30|35|40,4,30,1
12442,18|30|35|41|42,5,30,1
12443,18|30|35|41|48|55|102,7,30,1
12444,18|30|35|41|55|58|62|79,8,30,1
12445,18|30|35|41|55|77|97|102,8,30,1
12446,18|30|35|42|43|47|48|52|55|63|70|102,12,47,1
12447,18|30|35|42|43|48|49|52,8,30,1
12448,18|30|35|42|43|48|63|72,8,30,1
12449,18|30|35|42|48|49|55|102,8,30,1
12450,18|30|35|42|48|52|55|102,8,30,1
12451,18|30|35|42|48|63|72,7,30,1
12452,18|30|35|42|55|63|72|102,8,30,1
12453,18|30|35|42|63|72,6,30,1
12454,18|30|35|43|48,5,30,1
12455,18|30|35|43|48|52|55|58|62,9,30,1
12456,18|30|35|43|48|52|55|77|97|102,10,30,1
12457,18|30|35|43|52,5,30,1
12458,18|30|35|43|55|58,6,30,1
12459,18|30|35|44|52|55|102,7,44,1
12460,18|30|35|44|55|102,6,44,1
12461,18|30|35|48|49|52,6,30,1
12462,18|30|35|48|49|55|102,7,30,1
12463,18|30|35|48|52|55|63|72|102,9,30,1
12464,18|30|35|48|55|58,6,30,1
12465,18|30|35|48|55|62,6,30,1
12466,18|30|35|48|55|63|70|72|102,9,30,1
12467,18|30|35|48|55|63|72|102,8,30,1
12468,18|30|35|48|55|77|97|102,8,30,1
12469,18|30|35|48|63|72,6,30,1
12470,18|30|35|52|55|62|76|97|111,9,30,1
12471,18|30|35|52|63|72,6,30,1
12472,18|30|35|52|80|81|83,7,30,1
12473,18|30|35|55|63|70|101|102,8,30,1
12474,18|30|54,3,30,1
12475,18|30|54|55|62|63|70,7,30,1
12476,18|30|55|80|81|102,6,30,1
12477,18|30|63|70,4,30,1
12478,18|30|80|81,4,30,1
12479,18|30|95|96,4,30,1
12480,18|31|32,3,32,1
12481,18|31|32|34|35|43|48|52|55|58|77|97,12,32,1
12482,18|31|32|35|41|48,6,32,1
12483,18|31|34|35|37|41|43|52|55|63|72|102,12,31,1
12484,18|31|34|35|40|41|54|55|58|62|80|83,12,31,1
12485,18|31|34|35|40|52,6,31,1
12486,18|31|34|35|41|55|77|97|102,9,31,1
12487,18|31|34|35|41|55|102,7,31,1
12488,18|31|34|35|42,5,31,1
12489,18|31|34|35|42|52|55|63|72|102,10,31,1
12490,18|31|34|35|42|63|72,7,31,1
12491,18|31|34|35|52|55|102,7,31,1
12492,18|31|34|35|55|101|102,7,31,1
12493,18|31|34|35|101,5,31,1
12494,18|31|34|55|62|63|72,7,31,1
12495,18|31|34|55|63|72|102,7,31,1
12496,18|31|34|63|72,5,31,1
12497,18|31|34|77|97,5,31,1
12498,18|31|35|36,4,36,1
12499,18|31|35|37|41|48|52|55|62|63|72,11,31,1
12500,18|31|35|37|41|48|55|58,8,31,1
12501,18|31|35|37|41|52|55|62|63|72,10,31,1
12502,18|31|35|37|41|52|55|63|72|102,10,31,1
12503,18|31|35|37|41|55|102,7,31,1
12504,18|31|35|38|48,5,31,1
12505,18|31|35|39,4,39,1
12506,18|31|35|39|48|55|102,7,39,1
12507,18|31|35|40|42,5,31,1
12508,18|31|35|40|43|48|77|97,8,31,1
12509,18|31|35|40|52,5,31,1
12510,18|31|35|41|42|55|62,7,31,1
12511,18|31|35|41|52,5,31,1
12512,18|31|35|41|52|55|102,7,31,1
12513,18|31|35|41|55|58,6,31,1
12514,18|31|35|41|79|80|83,7,31,1
12515,18|31|35|42|43,5,31,1
12516,18|31|35|42|48|49|52,7,31,1
12517,18|31|35|42|48|52,6,31,1
12518,18|31|35|42|48|52|55|77|97|102,10,31,1
12519,18|31|35|42|52,5,31,1
12520,18|31|35|42|52|63|72,7,31,1
12521,18|31|35|42|55|58|63|72,8,31,1
12522,18|31|35|42|55|77|97|102,8,31,1
12523,18|31|35|42|55|102,6,31,1
12524,18|31|35|42|77|97,6,31,1
12525,18|31|35|43|48|52,6,31,1
12526,18|31|35|43|48|55|58,7,31,1
12527,18|31|35|43|48|55|102,7,31,1
12528,18|31|35|43|52|55|102,7,31,1
12529,18|31|35|43|55|62,6,31,1
12530,18|31|35|43|63|72,6,31,1
12531,18|31|35|46,4,46,1
12532,18|31|35|47|55|102,6,47,1
12533,18|31|35|48|49,5,31,1
12534,18|31|35|48|50|55|102,7,50,1
12535,18|31|35|48|52|55|63|72|77|97|102,11,31,1
12536,18|31|35|48|52|63|72|77|97,9,31,1
12537,18|31|35|48|55|62,6,31,1
12538,18|31|35|48|63|69,6,31,1
12539,18|31|35|48|63|70,6,31,1
12540,18|31|35|48|77|97,6,31,1
12541,18|31|35|49|52,5,31,1
12542,18|31|35|49|52|54|55|102,8,31,1
12543,18|31|35|49|55|102,6,31,1
12544,18|31|35|52|55|62|74|75|97|118|122,11,31,1
12545,18|31|35|52|80|81,6,31,1
12546,18|31|55|62,4,31,1
12547,18|31|55|62|63|72,6,31,1
12548,18|31|55|63|70|102,6,31,1
12549,18|31|55|63|72|102,6,31,1
12550,18|31|55|77|97|102,6,31,1
12551,18|31|76|97|111,5,31,1
12552,18|31|80|81,4,31,1
12553,18|32|34|35|41,5,32,1
12554,18|32|34|35|45,5,32,1
12555,18|32|34|35|48|55|102,7,32,1
12556,18|32|34|35|101,5,32,1
12557,18|32|34|63|72,5,32,1
12558,18|32|34|77|97,5,32,1
12559,18|32|35|40|52,5,32,1
12560,18|32|35|41,4,32,1
12561,18|32|35|41|48|55|58,7,32,1
12562,18|32|35|41|48|55|102,7,32,1
12563,18|32|35|41|55|102,6,32,1
12564,18|32|35|47|63|72,6,32,1
12565,18|32|35|48|52,5,32,1
12566,18|32|35|48|52|55|102,7,32,1
12567,18|32|35|48|55|58,6,32,1
12568,18|32|35|52|54|55|56|58|62,9,32,1
12569,18|32|35|52|55|63|72|77|97|102,10,32,1
12570,18|32|35|52|55|63|72|102,8,32,1
12571,18|32|35|52|55|102,6,32,1
12572,18|32|35|52|77|97,6,32,1
12573,18|32|35|55|63|72|101|102,8,32,1
12574,18|32|55|58|63|72,6,32,1
12575,18|33|34|35|41|55|102,7,33,1
12576,18|33|34|35|52,5,33,1
12577,18|33|34|63|72,5,33,1
12578,18|33|35|41|52,5,33,1
12579,18|33|35|41|55|102,6,33,1
12580,18|33|35|42,4,33,1
12581,18|33|35|42|55|102,6,33,1
12582,18|33|35|48|52,5,33,1
12583,18|33|35|52,4,33,1
12584,18|33|35|52|55|58,6,33,1
12585,18|33|35|101,4,33,1
12586,18|33|55|58,4,33,1
12587,18|33|63|72,4,33,1
12588,18|34|35|36|37|38|39|40|41|42|55|62|63|72,14,36,1
12589,18|34|35|36|37|40|41,7,36,1
12590,18|34|35|36|37|41,6,36,1
12591,18|34|35|36|37|41|52|55|63|72|102,11,36,1
12592,18|34|35|36|37|41|63|72,8,36,1
12593,18|34|35|36|37|42|52|55|62|63|72,11,36,1
12594,18|34|35|36|37|63|72,7,36,1
12595,18|34|35|36|38|41|48|49|55|102,10,36,1
12596,18|34|35|36|38|55|102,7,36,1
12597,18|34|35|36|41|42,6,36,1
12598,18|34|35|36|41|48|52|55|62,9,36,1
12599,18|34|35|36|41|55|102,7,36,1
12600,18|34|35|36|41|63|72,7,36,1
12601,18|34|35|36|42|52,6,36,1
12602,18|34|35|36|42|63|72,7,36,1
12603,18|34|35|36|43|48|55|102,8,36,1
12604,18|34|35|36|48|55|62,7,36,1
12605,18|34|35|36|48|55|63|72|102,9,36,1
12606,18|34|35|36|48|63|72,7,36,1
12607,18|34|35|36|49,5,36,1
12608,18|34|35|36|52|55|63|70|102,9,36,1
12609,18|34|35|36|55|63|72|102,8,36,1
12610,18|34|35|36|80|83,6,36,1
12611,18|34|35|37|38|41|42|52|63|72,10,38,1
12612,18|34|35|37|38|41|48|55|62,9,38,1
12613,18|34|35|37|38|41|49|52|55|62|63|72|77|79|97,15,38,1
12614,18|34|35|37|38|41|55|62|63|72|79|80|83,13,38,1
12615,18|34|35|37|38|41|63|72,8,38,1
12616,18|34|35|37|38|42|52,7,38,1
12617,18|34|35|37|38|42|52|55|102,9,38,1
12618,18|34|35|37|38|48,6,38,1
12619,18|34|35|37|38|48|55|58|62|63|72,11,38,1
12620,18|34|35|37|38|48|55|62|63|72|80|83,12,38,1
12621,18|34|35|37|38|48|55|102,8,38,1
12622,18|34|35|37|38|48|63|72,8,38,1
12623,18|34|35|37|38|55|62,7,38,1
12624,18|34|35|37|38|55|63|72|102,9,38,1
12625,18|34|35|37|38|63|72,7,38,1
12626,18|34|35|37|38|80|83,7,38,1
12627,18|34|35|37|39|40|41|48,8,39,1
12628,18|34|35|37|39|41|55|102,8,39,1
12629,18|34|35|37|40|41|42|49|52|55|102,11,40,1
12630,18|34|35|37|40|41|77|97,8,40,1
12631,18|34|35|37|40|42|48|52|55|62|63|72,12,40,1
12632,18|34|35|37|40|42|55|102,8,40,1
12633,18|34|35|37|40|55|102,7,40,1
12634,18|34|35|37|41|42|43|49|54|55|63|72|102,13,49,1
12635,18|34|35|37|41|42|48|49|52|55|62,11,49,1
12636,18|34|35|37|41|42|48|49|52|55|62|80|83,13,49,1
12637,18|34|35|37|41|42|48|52|55|102,10,37,1
12638,18|34|35|37|41|42|48|52|63|72|77|97,12,37,1
12639,18|34|35|37|41|42|48|55|62,9,37,1
12640,18|34|35|37|41|42|48|55|63|72|102,11,37,1
12641,18|34|35|37|41|42|52|55|62|63|72,11,37,1
12642,18|34|35|37|41|42|52|55|62|77|97,11,37,1
12643,18|34|35|37|41|42|55|63|72|102,10,37,1
12644,18|34|35|37|41|42|55|102,8,37,1
12645,18|34|35|37|41|43|52|55|62|63|72|80|83,13,37,1
12646,18|34|35|37|41|43|55|62|63|72,10,37,1
12647,18|34|35|37|41|48|52|55|62|63|72,11,37,1
12648,18|34|35|37|41|48|52|55|102,9,37,1
12649,18|34|35|37|41|48|55|62,8,37,1
12650,18|34|35|37|41|48|55|62|63|72,10,37,1
12651,18|34|35|37|41|48|55|62|79,9,37,1
12652,18|34|35|37|41|48|55|63|72|102,10,37,1
12653,18|34|35|37|41|48|63|72,8,37,1
12654,18|34|35|37|41|49|55|62,8,49,1
12655,18|34|35|37|41|52|54|55|63|72|102,11,37,1
12656,18|34|35|37|41|52|55|58,8,37,1
12657,18|34|35|37|41|52|55|58|63|72,10,37,1
12658,18|34|35|37|41|52|55|63|72|102,10,37,1
12659,18|34|35|37|41|54,6,37,1
12660,18|34|35|37|41|55|62|63|69|74|79|97|120|122,14,69,1
12661,18|34|35|37|41|55|62|63|72|74|97|120|122,13,37,1
12662,18|34|35|37|41|55|62|80|81,9,81,1
12663,18|34|35|37|41|55|63|69|102,9,69,1
12664,18|34|35|37|41|55|77|97|102,9,37,1
12665,18|34|35|37|42|43|48|52,8,37,1
12666,18|34|35|37|42|44|55|58,8,44,1
12667,18|34|35|37|42|48|49|63|72,9,49,1
12668,18|34|35|37|42|48|52|63|72,9,37,1
12669,18|34|35|37|42|48|77|97,8,37,1
12670,18|34|35|37|42|52|55|62,8,37,1
12671,18|34|35|37|42|52|63|72,8,37,1
12672,18|34|35|37|42|55|63|72|102,9,37,1
12673,18|34|35|37|42|80|81,7,81,1
12674,18|34|35|37|43|55|62|63|72|79,10,37,1
12675,18|34|35|37|43|55|102,7,37,1
12676,18|34|35|37|43|63|72,7,37,1
12677,18|34|35|37|48|52,6,37,1
12678,18|34|35|37|48|52|55|62,8,37,1
12679,18|34|35|37|48|52|55|63|72|102,10,37,1
12680,18|34|35|37|48|52|55|102,8,37,1
12681,18|34|35|37|48|55|58,7,37,1
12682,18|34|35|37|48|55|63|72|102,9,37,1
12683,18|34|35|37|49,5,49,1
12684,18|34|35|37|49|52|55|62,8,49,1
12685,18|34|35|37|49|52|55|62|63|72,10,49,1
12686,18|34|35|37|49|55|102,7,49,1
12687,18|34|35|37|52|55|62|63|72,9,37,1
12688,18|34|35|37|52|55|62|63|72|80|81,11,81,1
12689,18|34|35|37|52|55|62|80|81,9,81,1
12690,18|34|35|37|52|55|74|97|102|120,10,37,1
12691,18|34|35|37|52|63|69,7,69,1
12692,18|34|35|37|54|55|102,7,37,1
12693,18|34|35|37|55|62|79,7,37,1
12694,18|34|35|37|55|62|80|83,8,37,1
12695,18|34|35|37|55|63|69|102,8,69,1
12696,18|34|35|37|55|63|70|102,8,70,1
12697,18|34|35|37|55|77|97|102,8,37,1
12698,18|34|35|37|63|72|80|83,8,37,1
12699,18|34|35|37|74|97|120|122,8,37,1
12700,18|34|35|37|80|83,6,37,1
12701,18|34|35|38|39|41,6,39,1
12702,18|34|35|38|40|41,6,40,1
12703,18|34|35|38|40|41|42|49|77|97,10,40,1
12704,18|34|35|38|41|42|48,7,38,1
12705,18|34|35|38|41|42|55|63|72|102,10,38,1
12706,18|34|35|38|41|48|49|52|63|72,10,38,1
12707,18|34|35|38|41|49|55|63|72|102,10,38,1
12708,18|34|35|38|41|55|63|69|102,9,69,1
12709,18|34|35|38|41|55|63|72|102,9,38,1
12710,18|34|35|38|41|63|72|80|81,9,38,1
12711,18|34|35|38|42|43|52|55|102,9,38,1
12712,18|34|35|38|42|43|63|72,8,38,1
12713,18|34|35|38|42|48,6,38,1
12714,18|34|35|38|42|48|49|55|62|63|72,11,38,1
12715,18|34|35|38|42|48|52|55|62|63|72,11,38,1
12716,18|34|35|38|42|48|52|55|102,9,38,1
12717,18|34|35|38|42|48|63|72|77|97,10,38,1
12718,18|34|35|38|42|48|77|97,8,38,1
12719,18|34|35|38|42|52,6,38,1
12720,18|34|35|38|42|55|62|63|72|80|83,11,38,1
12721,18|34|35|38|42|55|62|80|81,9,38,1
12722,18|34|35|38|43|48|55|58,8,38,1
12723,18|34|35|38|48|55|62|63|72,9,38,1
12724,18|34|35|38|48|55|63|72|102,9,38,1
12725,18|34|35|38|48|55|102,7,38,1
12726,18|34|35|38|48|63|72|77|97,9,38,1
12727,18|34|35|38|49,5,38,1
12728,18|34|35|38|49|52|55|102,8,38,1
12729,18|34|35|38|52|55|62|63|72,9,38,1
12730,18|34|35|38|54|55|102,7,38,1
12731,18|34|35|38|63|72|77|97,8,38,1
12732,18|34|35|39|40,5,39,1
12733,18|34|35|39|41|48,6,39,1
12734,18|34|35|39|41|48|52|55|62,9,39,1
12735,18|34|35|39|41|48|55|62,8,39,1
12736,18|34|35|39|42|48|55|62,8,39,1
12737,18|34|35|39|42|52|63|72,8,39,1
12738,18|34|35|39|42|77|97,7,39,1
12739,18|34|35|39|48|52|55|102,8,39,1
12740,18|34|35|39|48|55|62,7,39,1
12741,18|34|35|39|48|55|102,7,39,1
12742,18|34|35|39|49|52,6,39,1
12743,18|34|35|39|52,5,39,1
12744,18|34|35|39|52|55|62,7,39,1
12745,18|34|35|39|52|55|102,7,39,1
12746,18|34|35|39|52|63|70,7,39,1
12747,18|34|35|39|55|63|72|102,8,39,1
12748,18|34|35|40|41|42|48|49|55|62|63|72,12,40,1
12749,18|34|35|40|41|42|48|52|55|62|63|70|77|97,14,40,1
12750,18|34|35|40|41|48|55|102,8,40,1
12751,18|34|35|40|41|52,6,40,1
12752,18|34|35|40|41|55|58,7,40,1
12753,18|34|35|40|41|55|58|77|97,9,40,1
12754,18|34|35|40|42|43,6,40,1
12755,18|34|35|40|42|48,6,40,1
12756,18|34|35|40|42|48|55|63|72|102,10,40,1
12757,18|34|35|40|42|48|63|72,8,40,1
12758,18|34|35|40|42|55|62|63|70,9,40,1
12759,18|34|35|40|48|55|63|72|102,9,40,1
12760,18|34|35|40|48|63|72,7,40,1
12761,18|34|35|40|52|63|72,7,40,1
12762,18|34|35|40|52|63|72|77|97,9,40,1
12763,18|34|35|41|42|43|48|49|52|55|58|63|72|77|97,15,49,1
12764,18|34|35|41|42|43|48|52|55|62,10,42,1
12765,18|34|35|41|42|48|49|52|55|63|72|77|97|102,14,49,1
12766,18|34|35|41|42|48|49|52|63|72,10,49,1
12767,18|34|35|41|42|48|49|55|63|72|102,11,49,1
12768,18|34|35|41|42|48|50|55|102,9,50,1
12769,18|34|35|41|42|48|52|55|62|63|72,11,42,1
12770,18|34|35|41|42|48|52|55|63|72|77|97|102,13,42,1
12771,18|34|35|41|42|48|52|55|102,9,42,1
12772,18|34|35|41|42|48|55|58|62,9,42,1
12773,18|34|35|41|42|48|55|58|63|72|77|97,12,42,1
12774,18|34|35|41|42|48|55|58|77|97,10,42,1
12775,18|34|35|41|42|48|55|62|63|72,10,42,1
12776,18|34|35|41|42|48|55|63|72|77|97|102,12,42,1
12777,18|34|35|41|42|48|55|102,8,42,1
12778,18|34|35|41|42|48|63|72,8,42,1
12779,18|34|35|41|42|49,6,49,1
12780,18|34|35|41|42|52|55|58,8,42,1
12781,18|34|35|41|42|52|55|58|62|63|72,11,42,1
12782,18|34|35|41|42|52|55|62|63|72,10,42,1
12783,18|34|35|41|42|52|55|63|72|77|97|102,12,42,1
12784,18|34|35|41|42|52|55|77|97|102,10,42,1
12785,18|34|35|41|42|52|63|72,8,42,1
12786,18|34|35|41|42|54|55|102,8,42,1
12787,18|34|35|41|42|55|58|63|72,9,42,1
12788,18|34|35|41|42|55|62,7,42,1
12789,18|34|35|41|42|55|62|63|72,9,42,1
12790,18|34|35|41|43,5,34,1
12791,18|34|35|41|43|48,6,34,1
12792,18|34|35|41|43|48|52|53|55|63|72|102,12,53,1
12793,18|34|35|41|43|48|52|55|62|63|72|80|81,13,81,1
12794,18|34|35|41|43|48|52|55|62|77|97,11,52,1
12795,18|34|35|41|43|48|55|58,8,58,1
12796,18|34|35|41|43|48|55|80|81|102,10,81,1
12797,18|34|35|41|43|52,6,52,1
12798,18|34|35|41|43|52|55|63|72|102,10,52,1
12799,18|34|35|41|43|52|55|102,8,52,1
12800,18|34|35|41|43|55|63|72|102,9,34,1
12801,18|34|35|41|43|55|102,7,34,1
12802,18|34|35|41|48|49,6,49,1
12803,18|34|35|41|48|49|52,7,49,1
12804,18|34|35|41|48|49|52|55|102,9,49,1
12805,18|34|35|41|48|49|55|58,8,49,1
12806,18|34|35|41|48|49|55|62,8,49,1
12807,18|34|35|41|48|49|55|102,8,49,1
12808,18|34|35|41|48|52,6,52,1
12809,18|34|35|41|48|52|55|58,8,58,1
12810,18|34|35|41|48|52|55|58|80|83,10,58,1
12811,18|34|35|41|48|52|55|62|63|72|80|81,12,81,1
12812,18|34|35|41|48|52|55|77|80|81|97|102,12,81,1
12813,18|34|35|41|48|55|62|63|72,9,34,1
12814,18|34|35|41|48|55|77|97|102,9,34,1
12815,18|34|35|41|49|52|54,7,49,1
12816,18|34|35|41|49|52|55|62|80|83,10,49,1
12817,18|34|35|41|49|52|55|102,8,49,1
12818,18|34|35|41|49|52|77|97,8,49,1
12819,18|34|35|41|49|55|62|63|72,9,49,1
12820,18|34|35|41|50|55|102,7,50,1
12821,18|34|35|41|52|55|62|63|72,9,52,1
12822,18|34|35|41|52|55|62|80|104,9,104,1
12823,18|34|35|41|52|55|80|81|102,9,81,1
12824,18|34|35|41|52|77|97,7,52,1
12825,18|34|35|41|53,5,53,1
12826,18|34|35|41|54|55|62|80|81,9,81,1
12827,18|34|35|41|55|58|77|97,8,58,1
12828,18|34|35|41|55|62|63|72|74|76|80|81|97|107|120,15,81,1
12829,18|34|35|41|55|62|63|72|80|81,10,81,1
12830,18|34|35|41|55|62|63|72|80|83,10,34,1
12831,18|34|35|41|55|63|69|102,8,69,1
12832,18|34|35|41|55|63|70|102,8,70,1
12833,18|34|35|41|55|63|72|75|97|102|112|113,12,34,1
12834,18|34|35|41|55|76|97|102|107,9,34,1
12835,18|34|35|41|55|80|83|102,8,34,1
12836,18|34|35|41|63|69,6,69,1
12837,18|34|35|42|43|48|52|55|62,9,42,1
12838,18|34|35|42|43|48|52|55|63|72|102,11,42,1
12839,18|34|35|42|43|48|55|58|63|72,10,42,1
12840,18|34|35|42|43|48|55|102,8,42,1
12841,18|34|35|42|43|49|55|102,8,49,1
12842,18|34|35|42|43|55|58,7,42,1
12843,18|34|35|42|43|55|63|72|80|81|102,11,81,1
12844,18|34|35|42|43|55|63|72|102,9,42,1
12845,18|34|35|42|43|63|70|72,8,70,1
12846,18|34|35|42|45,5,45,1
12847,18|34|35|42|47|63|72,7,47,1
12848,18|34|35|42|48|49|52|55|62|63|72|80|83,13,49,1
12849,18|34|35|42|48|49|52|55|63|72|102,11,49,1
12850,18|34|35|42|48|49|52|55|102,9,49,1
12851,18|34|35|42|48|49|55|102,8,49,1
12852,18|34|35|42|48|52|55|58,8,42,1
12853,18|34|35|42|48|52|55|58|80|83,10,42,1
12854,18|34|35|42|48|52|55|102,8,42,1
12855,18|34|35|42|48|52|63|72|77|97,10,42,1
12856,18|34|35|42|48|54|55|102,8,42,1
12857,18|34|35|42|48|55|62|63|72,9,42,1
12858,18|34|35|42|48|55|63|72|95|96|102,11,95,1
12859,18|34|35|42|48|63|70|72|77|97,10,70,1
12860,18|34|35|42|48|77|97,7,42,1
12861,18|34|35|42|49|52|63|70|72,9,49,1
12862,18|34|35|42|49|52|63|72,8,49,1
12863,18|34|35|42|49|55|63|72|77|97|102,11,49,1
12864,18|34|35|42|52|55|62|63|72,9,42,1
12865,18|34|35|42|52|55|62|63|72|77|97,11,42,1
12866,18|34|35|42|52|55|63|72|77|97|102,11,42,1
12867,18|34|35|42|52|63|72|77|97,9,42,1
12868,18|34|35|42|54|55|63|72|102,9,42,1
12869,18|34|35|42|54|55|102,7,42,1
12870,18|34|35|42|54|63|72,7,42,1
12871,18|34|35|42|55|58,6,42,1
12872,18|34|35|42|55|62|63|72|79,9,42,1
12873,18|34|35|42|55|62|77|97,8,42,1
12874,18|34|35|42|55|63|72|95|96|102,10,95,1
12875,18|34|35|42|63|72|80|81,8,81,1
12876,18|34|35|42|95|96,6,95,1
12877,18|34|35|43|48|49|54|55|102,9,49,1
12878,18|34|35|43|48|49|55|102,8,49,1
12879,18|34|35|43|48|52|55|62,8,52,1
12880,18|34|35|43|48|52|55|63|72|102,10,52,1
12881,18|34|35|43|48|52|55|102,8,52,1
12882,18|34|35|43|48|52|63|72,8,52,1
12883,18|34|35|43|48|55|58|63|72,9,58,1
12884,18|34|35|43|49,5,49,1
12885,18|34|35|43|49|52|55|63|72|102,10,49,1
12886,18|34|35|43|50,5,50,1
12887,18|34|35|43|52|55|58,7,58,1
12888,18|34|35|43|52|55|58|63|72,9,58,1
12889,18|34|35|43|52|55|77|97|102,9,52,1
12890,18|34|35|43|55|77|97|102,8,34,1
12891,18|34|35|43|63|72|76|97|111,9,34,1
12892,18|34|35|44|48|52,6,44,1
12893,18|34|35|44|48|55|102,7,44,1
12894,18|34|35|44|49|55|102,7,44,1
12895,18|34|35|44|52|55|102,7,44,1
12896,18|34|35|44|55|63|70|102,8,44,1
12897,18|34|35|45|49|63|72,7,45,1
12898,18|34|35|45|54,5,45,1
12899,18|34|35|45|63|72,6,45,1
12900,18|34|35|46|47|63|72,7,46,1
12901,18|34|35|46|55|102,6,46,1
12902,18|34|35|47|49,5,47,1
12903,18|34|35|47|52|55|63|72|102,9,47,1
12904,18|34|35|47|55|62,6,47,1
12905,18|34|35|48|49|52|55|62,8,49,1
12906,18|34|35|48|49|52|55|63|70|72|102,11,49,1
12907,18|34|35|48|49|52|55|102,8,49,1
12908,18|34|35|48|49|55|58|63|72|77|97,11,49,1
12909,18|34|35|48|49|55|63|70|102,9,49,1
12910,18|34|35|48|49|63|70,7,49,1
12911,18|34|35|48|49|63|72,7,49,1
12912,18|34|35|48|50,5,50,1
12913,18|34|35|48|50|52,6,50,1
12914,18|34|35|48|50|52|55|62,8,50,1
12915,18|34|35|48|50|55|102,7,50,1
12916,18|34|35|48|52|53,6,53,1
12917,18|34|35|48|52|54|55|62,8,52,1
12918,18|34|35|48|52|55|58,7,58,1
12919,18|34|35|48|52|55|58|63|70,9,70,1
12920,18|34|35|48|52|55|63|70|102,9,70,1
12921,18|34|35|48|52|55|77|97|102,9,52,1
12922,18|34|35|48|52|63|72|77|97,9,52,1
12923,18|34|35|48|54|55|63|72|102,9,34,1
12924,18|34|35|48|55|62|63|69,8,69,1
12925,18|34|35|48|55|62|74|75|97|112|113|120,12,34,1
12926,18|34|35|48|55|62|74|76|97|107|120,11,34,1
12927,18|34|35|48|55|63|69|102,8,69,1
12928,18|34|35|48|55|80|81|102,8,81,1
12929,18|34|35|48|63|72|80|83,8,34,1
12930,18|34|35|48|80|83,6,34,1
12931,18|34|35|49|50|52|55|102,8,50,1
12932,18|34|35|49|51,5,51,1
12933,18|34|35|49|52|55|63|71|102,9,71,1
12934,18|34|35|49|52|77|97,7,49,1
12935,18|34|35|49|54|55|102,7,49,1
12936,18|34|35|49|55|58,6,49,1
12937,18|34|35|49|55|62|63|72,8,49,1
12938,18|34|35|49|55|62|77|97,8,49,1
12939,18|34|35|49|55|78|97|102|132,9,49,1
12940,18|34|35|49|63|69,6,69,1
12941,18|34|35|50|52|54,6,50,1
12942,18|34|35|50|52|63|72,7,50,1
12943,18|34|35|50|54|55|102,7,50,1
12944,18|34|35|50|55|62,6,50,1
12945,18|34|35|50|55|63|70|102,8,50,1
12946,18|34|35|50|55|77|97|102,8,50,1
12947,18|34|35|51,4,51,1
12948,18|34|35|52|54|55|58|63|72,9,58,1
12949,18|34|35|52|55|62|63|72|80|81,10,81,1
12950,18|34|35|52|55|62|80|81,8,81,1
12951,18|34|35|52|55|63|69|102,8,69,1
12952,18|34|35|52|55|63|72|80|83|102,10,52,1
12953,18|34|35|52|55|95|96|102,8,95,1
12954,18|34|35|52|63|72|80|81,8,81,1
12955,18|34|35|52|79,5,79,1
12956,18|34|35|53|55|58,6,53,1
12957,18|34|35|54|63|70|101,7,70,1
12958,18|34|35|54|63|72|101,7,101,1
12959,18|34|35|54|77|97|101,7,101,1
12960,18|34|35|55|58|63|72|101,8,101,1
12961,18|34|35|55|62|63|72|101,8,101,1
12962,18|34|35|55|63|72|77|97|101|102,10,101,1
12963,18|34|35|55|77|80|83|97|101|102,10,101,1
12964,18|34|35|55|77|97|101|102,8,101,1
12965,18|34|35|63|72|77|97|101,8,101,1
12966,18|34|54|55|62|63|70,7,70,1
12967,18|34|55|57,4,57,1
12968,18|34|55|58|62|63|72,7,58,1
12969,18|34|55|59,4,59,1
12970,18|34|55|62|63|67,6,67,1
12971,18|34|55|62|63|72|80|81,8,81,1
12972,18|34|55|62|79,5,79,1
12973,18|34|55|62|80|81,6,81,1
12974,18|34|55|62|80|81|83,7,81,1
12975,18|34|55|63|69|80|81|102,8,69,1
12976,18|34|55|63|72|80|81|102,8,81,1
12977,18|34|55|63|72|80|83|102,8,34,1
12978,18|34|55|77|80|81|97|102,8,81,1
12979,18|34|55|77|95|96|97|102,8,95,1
12980,18|34|55|78|97|102|132,7,34,1
12981,18|34|63|65,4,65,1
12982,18|34|63|67,4,67,1
12983,18|34|63|69|80|81,6,69,1
12984,18|34|63|69|80|83,6,69,1
12985,18|34|63|70|71,5,71,1
12986,18|34|63|72|75|97|119,7,34,1
12987,18|34|63|72|76|77|97|111,8,34,1
12988,18|34|77|80|81|97,6,81,1
12989,18|34|79|80|83,5,79,1
12990,18|35|36|37|38|41|49|52|55|100|102,11,36,1
12991,18|35|36|37|41|43|100,7,36,1
12992,18|35|36|37|41|48|49|55|62|100,10,36,1
12993,18|35|36|37|41|48|55|100|102,9,36,1
12994,18|35|36|37|41|100,6,36,1
12995,18|35|36|37|55|100|102,7,36,1
12996,18|35|36|37|63|72|100,7,36,1
12997,18|35|36|37|100,5,36,1
12998,18|35|36|38|40|52|100,7,36,1
12999,18|35|36|38|42|77|97|100,8,36,1
13000,18|35|36|40|41|55|100|102,8,36,1
13001,18|35|36|41|45|55|100|102,8,36,1
13002,18|35|36|41|52|100,6,36,1
13003,18|35|36|42|63|72|100,7,36,1
13004,18|35|36|100,4,36,1
13005,18|35|37|38|41|42|48|55|62|100,10,38,1
13006,18|35|37|38|41|42|55|62|77|97|100,11,38,1
13007,18|35|37|38|41|48|55|62|75|97|100|118,12,38,1
13008,18|35|37|38|41|52|55|62|77|80|83|97|100,13,38,1
13009,18|35|37|38|41|52|55|100|102,9,38,1
13010,18|35|37|38|42|100,6,38,1
13011,18|35|37|38|49|52|55|100|102,9,38,1
13012,18|35|37|38|52|63|72|100,8,38,1
13013,18|35|37|38|55|100|102,7,38,1
13014,18|35|37|39|40|41|52|55|100|102,10,39,1
13015,18|35|37|39|40|100,6,39,1
13016,18|35|37|39|41|52|55|62|63|72|100,11,39,1
13017,18|35|37|39|41|55|100|102,8,39,1
13018,18|35|37|39|41|77|97|100,8,39,1
13019,18|35|37|39|48|55|63|72|100|102,10,39,1
13020,18|35|37|39|55|62|100,7,39,1
13021,18|35|37|39|77|97|100,7,39,1
13022,18|35|37|40|41|52|55|100|102,9,40,1
13023,18|35|37|40|48|52|55|62|63|72|80|83|100,13,40,1
13024,18|35|37|41|42|48|52|100,8,100,1
13025,18|35|37|41|42|48|55|62|100,9,100,1
13026,18|35|37|41|42|52|55|62|100,9,100,1
13027,18|35|37|41|42|55|63|72|100|102,10,100,1
13028,18|35|37|41|43|48|52|55|58|63|72|100,12,100,1
13029,18|35|37|41|43|55|62|63|72|80|81|100,12,100,1
13030,18|35|37|41|48|52|55|62|74|77|79|97|100|120,14,100,1
13031,18|35|37|41|48|52|55|100|102,9,100,1
13032,18|35|37|41|48|55|58|63|72|77|97|100,12,100,1
13033,18|35|37|41|48|55|100|102,8,100,1
13034,18|35|37|41|48|100,6,100,1
13035,18|35|37|41|49|52|55|58|62|100,10,49,1
13036,18|35|37|41|52|55|58|77|97|100,10,100,1
13037,18|35|37|41|52|55|62|74|75|77|97|100|118|120|122,15,100,1
13038,18|35|37|41|54|55|62|100,8,100,1
13039,18|35|37|41|54|55|100|102,8,100,1
13040,18|35|37|41|55|62|74|79|97|100|120,11,100,1
13041,18|35|37|41|55|62|80|81|100,9,100,1
13042,18|35|37|41|55|80|83|100|102,9,100,1
13043,18|35|37|41|77|97|100,7,100,1
13044,18|35|37|41|80|81|100,7,100,1
13045,18|35|37|42|52|55|62|100,8,100,1
13046,18|35|37|42|55|63|72|100|102,9,100,1
13047,18|35|37|42|55|100|102,7,100,1
13048,18|35|37|48|55|62|100,7,100,1
13049,18|35|37|48|55|100|102,7,100,1
13050,18|35|37|50|55|62|100,7,50,1
13051,18|35|37|50|100,5,50,1
13052,18|35|37|52|55|62|75|97|100|118,10,100,1
13053,18|35|37|52|55|80|83|100|102,9,100,1
13054,18|35|37|52|55|100|102,7,100,1
13055,18|35|37|52|63|72|100,7,100,1
13056,18|35|37|55|62|80|83|100,8,100,1
13057,18|35|37|74|97|100|120,7,100,1
13058,18|35|38|40|41|100,6,40,1
13059,18|35|38|40|42|100,6,40,1
13060,18|35|38|40|100,5,40,1
13061,18|35|38|41|48|49|100,7,38,1
13062,18|35|38|41|48|52|100,7,38,1
13063,18|35|38|41|55|62|63|72|100,9,38,1
13064,18|35|38|41|55|62|100,7,38,1
13065,18|35|38|41|63|72|100,7,38,1
13066,18|35|38|42|43|52|63|72|100,9,38,1
13067,18|35|38|42|48|49|55|62|63|72|100,11,38,1
13068,18|35|38|42|48|52|100,7,38,1
13069,18|35|38|42|48|100,6,38,1
13070,18|35|38|42|52|55|62|100,8,38,1
13071,18|35|38|48|52|55|100|102,8,38,1
13072,18|35|38|48|52|63|72|100,8,38,1
13073,18|35|38|48|63|72|100,7,38,1
13074,18|35|38|52|55|62|100,7,38,1
13075,18|35|38|52|55|63|72|100|102,9,38,1
13076,18|35|38|52|100,5,38,1
13077,18|35|38|63|72|80|83|100,8,38,1
13078,18|35|39|40|41|55|100|102,8,39,1
13079,18|35|39|41|48|100,6,39,1
13080,18|35|39|41|52|100,6,39,1
13081,18|35|39|41|55|62|63|72|100,9,39,1
13082,18|35|39|42|63|72|100,7,39,1
13083,18|35|39|52|100,5,39,1
13084,18|35|39|55|100|102,6,39,1
13085,18|35|40|41|42|48|55|63|72|100|102,11,40,1
13086,18|35|40|41|42|52|77|97|100,9,40,1
13087,18|35|40|41|42|55|62|100,8,40,1
13088,18|35|40|41|42|100,6,40,1
13089,18|35|40|41|43|53|100,7,40,1
13090,18|35|40|41|48|100,6,40,1
13091,18|35|40|41|49|100,6,40,1
13092,18|35|40|41|50|100,6,50,1
13093,18|35|40|41|52|55|100|102,8,40,1
13094,18|35|40|41|55|62|100,7,40,1
13095,18|35|40|41|55|63|72|100|102,9,40,1
13096,18|35|40|42|52|63|72|100,8,40,1
13097,18|35|40|42|52|100,6,40,1
13098,18|35|40|42|55|63|72|100|102,9,40,1
13099,18|35|40|48|52|77|97|100,8,40,1
13100,18|35|40|48|63|72|100,7,40,1
13101,18|35|40|55|100|102,6,40,1
13102,18|35|40|63|72|100,6,40,1
13103,18|35|41|42|43|52|54|55|62|100,10,100,1
13104,18|35|41|42|48|52|55|63|72|100|102,11,100,1
13105,18|35|41|42|48|54|63|72|100,9,100,1
13106,18|35|41|42|48|55|62|63|72|100,10,100,1
13107,18|35|41|42|48|55|77|97|100|102,10,100,1
13108,18|35|41|42|48|100,6,100,1
13109,18|35|41|42|50|55|62|63|72|100,10,50,1
13110,18|35|41|42|54|55|58|100,8,100,1
13111,18|35|41|42|55|58|100,7,100,1
13112,18|35|41|42|55|62|100,7,100,1
13113,18|35|41|42|55|77|97|100|102,9,100,1
13114,18|35|41|42|63|72|77|97|100,9,100,1
13115,18|35|41|43|48|55|63|70|100|102,10,70,1
13116,18|35|41|43|48|55|100|102,8,100,1
13117,18|35|41|43|48|100,6,100,1
13118,18|35|41|43|49|52|100,7,49,1
13119,18|35|41|43|49|55|100|102,8,49,1
13120,18|35|41|43|54|55|58|100,8,100,1
13121,18|35|41|43|54|55|100|102,8,100,1
13122,18|35|41|43|55|58|62|100,8,100,1
13123,18|35|41|43|55|58|100,7,100,1
13124,18|35|41|43|55|63|69|100|102,9,69,1
13125,18|35|41|45|55|62|100,7,45,1
13126,18|35|41|47|49|100,6,47,1
13127,18|35|41|48|49|55|100|102,8,49,1
13128,18|35|41|48|52|55|58|100,8,100,1
13129,18|35|41|48|52|55|62|63|72|77|97|100,12,100,1
13130,18|35|41|48|52|55|63|72|77|97|100|102,12,100,1
13131,18|35|41|48|52|55|63|72|100|102,10,100,1
13132,18|35|41|48|54|55|100|102,8,100,1
13133,18|35|41|48|55|58|100,7,100,1
13134,18|35|41|48|55|63|72|100|102,9,100,1
13135,18|35|41|48|55|95|96|100|102,9,95,1
13136,18|35|41|49|63|72|100,7,49,1
13137,18|35|41|52|54|55|63|72|100|102,10,100,1
13138,18|35|41|52|55|58|62|100,8,100,1
13139,18|35|41|52|55|58|63|72|100,9,100,1
13140,18|35|41|52|55|62|63|72|100,9,100,1
13141,18|35|41|52|55|62|77|80|83|97|100,11,100,1
13142,18|35|41|53|100,5,53,1
13143,18|35|41|54|63|70|100,7,70,1
13144,18|35|41|55|58|62|63|72|100,9,100,1
13145,18|35|41|55|58|62|80|81|100,9,100,1
13146,18|35|41|55|58|77|97|100,8,100,1
13147,18|35|41|55|62|63|70|74|78|80|83|97|100|120|132,15,70,1
13148,18|35|41|55|62|63|70|100,8,70,1
13149,18|35|41|55|62|63|72|100,8,100,1
13150,18|35|41|55|62|80|81|83|100,9,100,1
13151,18|35|41|55|63|70|72|100|102,9,70,1
13152,18|35|41|55|63|70|100|102,8,70,1
13153,18|35|41|55|63|71|77|97|100|102,10,71,1
13154,18|35|41|55|79|100|102,7,100,1
13155,18|35|41|55|80|83|100|102,8,100,1
13156,18|35|41|74|97|100|122,7,100,1
13157,18|35|41|76|97|100|111,7,100,1
13158,18|35|42|43|47|63|72|100,8,47,1
13159,18|35|42|43|48|52|55|62|100,9,100,1
13160,18|35|42|43|48|63|72|100,8,100,1
13161,18|35|42|43|52|54|55|58|63|72|100,11,100,1
13162,18|35|42|43|52|55|63|72|77|97|100|102,12,100,1
13163,18|35|42|43|52|63|72|100,8,100,1
13164,18|35|42|43|63|72|100,7,100,1
13165,18|35|42|47|63|72|100,7,47,1
13166,18|35|42|47|100,5,47,1
13167,18|35|42|48|49|77|97|100,8,49,1
13168,18|35|42|48|49|100,6,49,1
13169,18|35|42|48|52|54|55|58|63|72|100,11,100,1
13170,18|35|42|48|52|54|63|70|100,9,70,1
13171,18|35|42|48|52|55|62|100,8,100,1
13172,18|35|42|48|52|55|77|97|100|102,10,100,1
13173,18|35|42|48|52|55|100|102,8,100,1
13174,18|35|42|48|52|63|72|77|97|100,10,100,1
13175,18|35|42|48|52|77|97|100,8,100,1
13176,18|35|42|48|77|97|100,7,100,1
13177,18|35|42|49|63|72|100,7,49,1
13178,18|35|42|49|77|97|100,7,49,1
13179,18|35|42|52|55|58|100,7,100,1
13180,18|35|42|52|55|62|63|72|100,9,100,1
13181,18|35|42|54|55|62|63|70|100,9,70,1
13182,18|35|42|54|100,5,100,1
13183,18|35|42|55|62|63|72|75|80|83|97|100|118,13,100,1
13184,18|35|42|74|97|100|120,7,100,1
13185,18|35|42|80|81|100,6,100,1
13186,18|35|43|48|52|55|58|100,8,100,1
13187,18|35|43|48|55|58|63|72|100,9,100,1
13188,18|35|43|48|55|62|100,7,100,1
13189,18|35|43|48|100,5,100,1
13190,18|35|43|49|55|63|72|100|102,9,49,1
13191,18|35|43|53|100,5,53,1
13192,18|35|43|55|62|100,6,100,1
13193,18|35|43|77|97|100,6,100,1
13194,18|35|44|55|100|102,6,44,1
13195,18|35|45|52|55|62|100,7,45,1
13196,18|35|45|52|100,5,45,1
13197,18|35|45|100,4,45,1
13198,18|35|46|47|100,5,46,1
13199,18|35|47|48|100,5,47,1
13200,18|35|48|49|52|55|63|70|100|102,10,49,1
13201,18|35|48|52|55|62|100,7,100,1
13202,18|35|48|55|58|63|72|100,8,100,1
13203,18|35|48|55|58|100,6,100,1
13204,18|35|48|55|62|100,6,100,1
13205,18|35|48|63|70|100,6,70,1
13206,18|35|50|55|100|102,6,50,1
13207,18|35|52|54|55|63|72|100|102,9,100,1
13208,18|35|52|55|58|100,6,100,1
13209,18|35|52|55|62|63|72|100,8,100,1
13210,18|35|52|63|69|100,6,69,1
13211,18|35|53|55|100|102,6,53,1
13212,18|35|55|58|100|101,6,100,1
13213,18|54|55|58|100,5,100,1
13214,18|54|100,3,100,1
13215,18|55|61|63|72|100,6,61,1
13216,18|55|62|63|72|79|100,7,100,1
13217,18|55|62|63|72|100,6,100,1
13218,18|55|95|96|100|102,6,95,1
13219,18|63|69|72|100,5,69,1
13220,18|74|97|100|124,5,100,1
13221,18|76|97|100|111,5,100,1
13222,18|78|97|100|127,5,127,1
13223,18|80|81|100,4,100,1
13224,35|36|37|40|41|42|52|55|102,9,36,1
13225,35|36|37|41|55|62,6,36,1
13226,35|36|37|48|55|80|81|102,8,36,1
13227,35|36|37|52,4,36,1
13228,35|36|37|52|55|58|77|97,8,36,1
13229,35|36|37|52|55|62,6,36,1
13230,35|36|37|54,4,36,1
13231,35|36|37|55|58|62,6,36,1
13232,35|36|37|55|95|96|102,7,36,1
13233,35|36|37|63|72,5,36,1
13234,35|36|38|41,4,36,1
13235,35|36|39|40|48,5,36,1
13236,35|36|39|41|48,5,36,1
13237,35|36|39|41|55|62|77|97,8,36,1
13238,35|36|39|43,4,36,1
13239,35|36|39|43|55|102,6,36,1
13240,35|36|39|48,4,36,1
13241,35|36|40|52,4,36,1
13242,35|36|40|63|72,5,36,1
13243,35|36|41|42,4,36,1
13244,35|36|41|49|52,5,36,1
13245,35|36|41|49|55|102,6,36,1
13246,35|36|41|52|55|62,6,36,1
13247,35|36|41|52|55|102,6,36,1
13248,35|36|41|55|62,5,36,1
13249,35|36|42|48|52|55|62,7,36,1
13250,35|36|42|48|52|63|72|77|97,9,36,1
13251,35|36|42|48|55|102,6,36,1
13252,35|36|42|48|63|72,6,36,1
13253,35|36|42|52,4,36,1
13254,35|36|42|55|62,5,36,1
13255,35|36|43|48|52,5,36,1
13256,35|36|43|48|52|55|62|77|97,9,36,1
13257,35|36|43|48|52|55|102,7,36,1
13258,35|36|43|48|52|63|72,7,36,1
13259,35|36|43|49,4,36,1
13260,35|36|43|52|55|58,6,36,1
13261,35|36|43|53,4,36,1
13262,35|36|43|54|55|102,6,36,1
13263,35|36|43|63|72,5,36,1
13264,35|36|45,3,36,1
13265,35|36|48|49|55|62,6,36,1
13266,35|36|48|52|55|102,6,36,1
13267,35|36|48|52|76|77|97|111,8,36,1
13268,35|36|48|55|62,5,36,1
13269,35|36|48|55|63|72|102,7,36,1
13270,35|36|49|52,4,36,1
13271,35|36|49|52|63|70,6,36,1
13272,35|36|49|52|77|97,6,36,1
13273,35|36|49|63|70,5,36,1
13274,35|36|52|54|55|58,6,36,1
13275,35|36|52|55|58,5,36,1
13276,35|36|52|55|77|97|102,7,36,1
13277,35|36|52|55|80|83|102,7,36,1
13278,35|36|52|63|70,5,36,1
13279,35|36|52|77|97,5,36,1
13280,35|36|54|55|58,5,36,1
13281,35|36|55|58|62,5,36,1
13282,35|36|55|58|63|72,6,36,1
13283,35|36|63|71,4,36,1
13284,35|36|76|97|111,5,36,1
13285,35|37|38|39|40|48|49,7,39,1
13286,35|37|38|39|41,5,39,1
13287,35|37|38|40|42|52,6,40,1
13288,35|37|38|41|42|52|55|62|63|71|74|75|79|97|118|120,16,71,1
13289,35|37|38|41|48|55|58|63|72,9,38,1
13290,35|37|38|41|49,5,38,1
13291,35|37|38|41|55|58,6,38,1
13292,35|37|38|41|55|62|80|83,8,38,1
13293,35|37|38|41|55|63|72|102,8,38,1
13294,35|37|38|41|55|102,6,38,1
13295,35|37|38|42|48|63|72|77|97,9,38,1
13296,35|37|38|42|49|63|72,7,38,1
13297,35|37|38|42|52|55|62|63|72|77|97,11,38,1
13298,35|37|38|42|55|62,6,38,1
13299,35|37|38|48|52|63|72|80|81,9,38,1
13300,35|37|38|48|55|102,6,38,1
13301,35|37|38|48|74|97|120|123,8,38,1
13302,35|37|38|52|55|62|79,7,38,1
13303,35|37|38|52|55|62|80|83,8,38,1
13304,35|37|38|55|62|63|70|72,8,38,1
13305,35|37|38|55|62|79,6,38,1
13306,35|37|38|55|63|72|79|80|83|102,10,38,1
13307,35|37|38|74|80|83|97|120|122,9,38,1
13308,35|37|39|40,4,39,1
13309,35|37|39|40|41|48,6,39,1
13310,35|37|39|40|52|77|97,7,39,1
13311,35|37|39|41|55|62,6,39,1
13312,35|37|39|41|55|63|72|102,8,39,1
13313,35|37|39|42|48|77|97,7,39,1
13314,35|37|39|42|77|97,6,39,1
13315,35|37|39|43|48,5,39,1
13316,35|37|39|49,4,39,1
13317,35|37|39|49|55|102,6,39,1
13318,35|37|39|55|58|63|72,7,39,1
13319,35|37|40|41,4,40,1
13320,35|37|40|41|52|55|62|63|72,9,40,1
13321,35|37|40|41|55|102,6,40,1
13322,35|37|40|42,4,40,1
13323,35|37|40|42|55|102,6,40,1
13324,35|37|40|43|49|55|62,7,40,1
13325,35|37|40|48|49,5,40,1
13326,35|37|40|48|55|62,6,40,1
13327,35|37|40|48|63|72,6,40,1
13328,35|37|40|49,4,40,1
13329,35|37|40|49|55|62,6,40,1
13330,35|37|40|55|57,5,40,1
13331,35|37|40|55|62|63|72,7,40,1
13332,35|37|40|74|97|120,6,40,1
13333,35|37|40|77|97,5,40,1
13334,35|37|41|42|43|48|55|102,8,37,1
13335,35|37|41|42|48|49|63|72,8,49,1
13336,35|37|41|42|48|63|72,7,37,1
13337,35|37|41|42|52,5,37,1
13338,35|37|41|42|52|55|58|63|72|77|97,11,37,1
13339,35|37|41|42|52|55|63|72|102,9,37,1
13340,35|37|41|42|52|55|102,7,37,1
13341,35|37|41|42|55|62,6,37,1
13342,35|37|41|42|55|62|79,7,37,1
13343,35|37|41|42|55|63|72|102,8,37,1
13344,35|37|41|42|55|80|83|102,8,37,1
13345,35|37|41|42|63|72|77|97,8,37,1
13346,35|37|41|43|48,5,37,1
13347,35|37|41|43|48|55|58|62,8,37,1
13348,35|37|41|43|48|55|58|63|72,9,37,1
13349,35|37|41|43|48|55|62|63|72,9,37,1
13350,35|37|41|43|48|55|102,7,37,1
13351,35|37|41|43|52|55|62,7,37,1
13352,35|37|41|43|52|55|63|72|102,9,37,1
13353,35|37|41|43|55|58,6,37,1
13354,35|37|41|43|55|62,6,37,1
13355,35|37|41|43|55|77|97|102,8,37,1
13356,35|37|41|48|49|52|55|58|63|72|77|97,12,49,1
13357,35|37|41|48|49|55|58|63|72,9,49,1
13358,35|37|41|48|52,5,37,1
13359,35|37|41|48|52|55|62|74|75|76|97|107|112|113|118|120|122,17,37,1
13360,35|37|41|48|52|55|62|74|79|97|120,11,37,1
13361,35|37|41|48|52|55|62|80|83,9,37,1
13362,35|37|41|48|52|55|80|83|102,9,37,1
13363,35|37|41|48|55|62|80|81,8,81,1
13364,35|37|41|48|55|77|79|97|102,9,37,1
13365,35|37|41|48|55|77|97|102,8,37,1
13366,35|37|41|49|52|55|62,7,49,1
13367,35|37|41|49|52|55|102,7,49,1
13368,35|37|41|49|55|62,6,49,1
13369,35|37|41|49|55|63|72|102,8,49,1
13370,35|37|41|50,4,50,1
13371,35|37|41|52|54|55|62,7,37,1
13372,35|37|41|52|55|58|62|79,8,37,1
13373,35|37|41|52|55|62|63|72,8,37,1
13374,35|37|41|52|55|62|77|80|83|97,10,37,1
13375,35|37|41|52|55|62|77|97,8,37,1
13376,35|37|41|52|55|63|72|102,8,37,1
13377,35|37|41|52|55|77|97|102,8,37,1
13378,35|37|41|52|55|95|96|102,8,95,1
13379,35|37|41|52|79,5,37,1
13380,35|37|41|54|55|102,6,37,1
13381,35|37|41|55|58|77|97,7,37,1
13382,35|37|41|55|62|63|71,7,71,1
13383,35|37|41|55|62|74|79|97|120|122,10,37,1
13384,35|37|41|55|62|75|80|83|97,9,37,1
13385,35|37|41|55|62|77|97,7,37,1
13386,35|37|41|55|62|79,6,37,1
13387,35|37|41|55|62|79|80|81,8,81,1
13388,35|37|41|55|62|79|80|83,8,37,1
13389,35|37|41|55|63|69|102,7,69,1
13390,35|37|41|55|74|75|97|102|112|113|120|122,12,37,1
13391,35|37|41|55|74|97|102|120,8,37,1
13392,35|37|41|55|74|97|102|122,8,37,1
13393,35|37|41|55|79|102,6,37,1
13394,35|37|41|63|70,5,70,1
13395,35|37|41|63|70|80|83,7,70,1
13396,35|37|41|74|79|80|83|97|122,9,37,1
13397,35|37|41|74|97|120,6,37,1
13398,35|37|41|74|97|122,6,37,1
13399,35|37|41|75|97|112|113,7,37,1
13400,35|37|41|79,4,37,1
13401,35|37|41|80|81,5,81,1
13402,35|37|41|80|82,5,82,1
13403,35|37|42|43,4,37,1
13404,35|37|42|43|48,5,37,1
13405,35|37|42|43|49|54|55|102,8,49,1
13406,35|37|42|43|55|63|72|77|97|102,10,37,1
13407,35|37|42|43|63|72,6,37,1
13408,35|37|42|48,4,37,1
13409,35|37|42|48|52|55|62,7,37,1
13410,35|37|42|48|55|62,6,37,1
13411,35|37|42|48|55|62|80|83,8,37,1
13412,35|37|42|48|55|80|83|102,8,37,1
13413,35|37|42|48|63|72|80|83,8,37,1
13414,35|37|42|48|77|97,6,37,1
13415,35|37|42|49|55|63|72|77|97|102,10,49,1
13416,35|37|42|49|55|102,6,49,1
13417,35|37|42|49|63|72,6,49,1
13418,35|37|42|52|63|72|77|97,8,37,1
13419,35|37|42|54|55|62,6,37,1
13420,35|37|42|54|55|102,6,37,1
13421,35|37|42|55|58|62|63|72|80|83,10,37,1
13422,35|37|42|55|62|63|72,7,37,1
13423,35|37|42|55|62|80|83,7,37,1
13424,35|37|42|55|63|72|102,7,37,1
13425,35|37|42|55|74|77|97|102|120,9,37,1
13426,35|37|42|55|76|77|78|97|102|111|132,11,37,1
13427,35|37|43|48|49|52|55|102,8,49,1
13428,35|37|43|48|52|54|55|77|97|102,10,37,1
13429,35|37|43|48|55|58|63|72,8,37,1
13430,35|37|43|48|55|62,6,37,1
13431,35|37|43|48|55|62|77|97,8,37,1
13432,35|37|43|48|55|63|72|102,8,37,1
13433,35|37|43|48|55|80|83|102,8,37,1
13434,35|37|43|48|63|72,6,37,1
13435,35|37|43|49,4,49,1
13436,35|37|43|49|55|102,6,49,1
13437,35|37|43|49|63|70,6,49,1
13438,35|37|43|52|55|58,6,37,1
13439,35|37|43|55|58|62|77|97,8,37,1
13440,35|37|43|55|62|74|80|83|97|122,10,37,1
13441,35|37|43|55|62|77|97,7,37,1
13442,35|37|43|55|62|79|80|83,8,37,1
13443,35|37|43|55|63|72|102,7,37,1
13444,35|37|43|55|79|80|83|102,8,37,1
13445,35|37|43|74|97|120,6,37,1
13446,35|37|43|74|97|122,6,37,1
13447,35|37|44|48|74|97|122,7,44,1
13448,35|37|45|48,4,45,1
13449,35|37|45|50,4,45,1
13450,35|37|45|50|52,5,45,1
13451,35|37|45|52|55|62|77|97,8,45,1
13452,35|37|45|54|55|102,6,45,1
13453,35|37|45|55|102,5,45,1
13454,35|37|46|55|102,5,46,1
13455,35|37|47,3,47,1
13456,35|37|48|49,4,49,1
13457,35|37|48|49|52,5,49,1
13458,35|37|48|49|52|55|62,7,49,1
13459,35|37|48|49|55|62|63|72,8,49,1
13460,35|37|48|49|55|62|80|83,8,49,1
13461,35|37|48|49|55|102,6,49,1
13462,35|37|48|54|55|62|63|70|80|83,10,70,1
13463,35|37|48|54|63|70|79,7,70,1
13464,35|37|48|55|58,5,37,1
13465,35|37|48|55|58|62,6,37,1
13466,35|37|48|55|58|62|63|71|72,9,71,1
13467,35|37|48|55|62|63|70,7,70,1
13468,35|37|48|55|62|63|72|75|97|118,10,37,1
13469,35|37|48|55|62|63|72|80|83,9,37,1
13470,35|37|48|55|62|74|97|122,8,37,1
13471,35|37|48|55|62|79,6,37,1
13472,35|37|48|55|62|79|80|83,8,37,1
13473,35|37|48|55|63|70|102,7,70,1
13474,35|37|48|55|74|97|102|120,8,37,1
13475,35|37|48|55|79|80|83|102,8,37,1
13476,35|37|48|55|80|81|102,7,81,1
13477,35|37|48|63|72|77|97,7,37,1
13478,35|37|48|63|72|80|81,7,81,1
13479,35|37|48|74|97|120|122,7,37,1
13480,35|37|48|74|97|122,6,37,1
13481,35|37|48|77|97,5,37,1
13482,35|37|48|78|97|132,6,37,1
13483,35|37|48|79,4,37,1
13484,35|37|48|80|81,5,81,1
13485,35|37|49|52|54|55|62,7,49,1
13486,35|37|49|52|55|58|74|97|120,9,49,1
13487,35|37|49|52|55|102,6,49,1
13488,35|37|49|55|62|77|97,7,49,1
13489,35|37|51,3,51,1
13490,35|37|52|54|55|62,6,37,1
13491,35|37|52|55|58|62,6,37,1
13492,35|37|52|55|58|62|79|80|83,9,37,1
13493,35|37|52|55|62|63|71|77|80|83|97,11,71,1
13494,35|37|52|55|62|63|72|76|97|107,10,37,1
13495,35|37|52|55|62|63|72|79,8,37,1
13496,35|37|52|55|62|63|72|80|83,9,37,1
13497,35|37|52|55|62|77|79|80|81|83|97,11,81,1
13498,35|37|52|55|62|77|97,7,37,1
13499,35|37|52|55|79|80|83|102,8,37,1
13500,35|37|52|55|79|102,6,37,1
13501,35|37|52|74|97|120,6,37,1
13502,35|37|52|79|80|83,6,37,1
13503,35|37|54|55|58|63|72,7,37,1
13504,35|37|54|55|62|63|70,7,70,1
13505,35|37|54|55|62|80|83,7,37,1
13506,35|37|54|55|63|69|102,7,69,1
13507,35|37|54|55|63|72|102,7,37,1
13508,35|37|54|55|74|97|102|122,8,37,1
13509,35|37|54|63|72,5,37,1
13510,35|37|54|77|97,5,37,1
13511,35|37|55|58|62,5,37,1
13512,35|37|55|58|62|80|83,7,37,1
13513,35|37|55|58|74|75|97|112|113|120|122,11,37,1
13514,35|37|55|58|80|83,6,37,1
13515,35|37|55|59,4,59,1
13516,35|37|55|59|63|70,6,59,1
13517,35|37|55|62|63|70|79,7,70,1
13518,35|37|55|62|63|70|79|80|83,9,70,1
13519,35|37|55|62|63|70|80|83,8,70,1
13520,35|37|55|62|63|71|72,7,71,1
13521,35|37|55|62|63|71|79,7,71,1
13522,35|37|55|62|63|71|79|80|83,9,71,1
13523,35|37|55|62|63|72|77|97,8,37,1
13524,35|37|55|62|63|72|79,7,37,1
13525,35|37|55|62|63|72|79|80|83,9,37,1
13526,35|37|55|62|74|75|76|78|97|107|118|122|132,13,37,1
13527,35|37|55|62|74|75|79|97|112|113|120,11,37,1
13528,35|37|55|62|74|75|80|83|97|112|113|120,12,37,1
13529,35|37|55|62|74|75|97|112|113|120,10,37,1
13530,35|37|55|62|74|75|97|112|113|120|122,11,37,1
13531,35|37|55|62|74|75|97|118|120,9,37,1
13532,35|37|55|62|74|75|97|118|122,9,37,1
13533,35|37|55|62|74|76|77|97|107|120,10,37,1
13534,35|37|55|62|74|77|97|120,8,37,1
13535,35|37|55|62|74|79|80|83|97|120|122,11,37,1
13536,35|37|55|62|75|76|97|107|118,9,37,1
13537,35|37|55|62|75|79|97,7,37,1
13538,35|37|55|62|75|80|83|97|118,9,37,1
13539,35|37|55|62|75|97|112|113|118,9,37,1
13540,35|37|55|62|80|81|83,7,81,1
13541,35|37|55|62|80|82,6,82,1
13542,35|37|55|62|95|96,6,95,1
13543,35|37|55|63|69|102,6,69,1
13544,35|37|55|63|72|75|80|81|97|102|119,11,81,1
13545,35|37|55|63|72|79|80|83|102,9,37,1
13546,35|37|55|63|72|80|81|102,8,81,1
13547,35|37|55|74|75|79|80|83|97|102|112|113|120|122,14,37,1
13548,35|37|55|74|75|80|83|97|102|112|113|120|122,13,37,1
13549,35|37|55|74|80|83|97|102|122,9,37,1
13550,35|37|55|74|97|102|122,7,37,1
13551,35|37|55|80|81|102,6,81,1
13552,35|37|55|80|102|104,6,104,1
13553,35|37|63|67|79,5,67,1
13554,35|37|63|70|74|80|83|97|120|122,10,70,1
13555,35|37|63|70|78|79|80|83|97|132,10,70,1
13556,35|37|63|71|74|97|120,7,71,1
13557,35|37|63|72|74|75|80|83|97|112|113|120|122,13,37,1
13558,35|37|63|72|74|75|97|112|113|120|122,11,37,1
13559,35|37|63|72|74|97|120|122,8,37,1
13560,35|37|63|72|77|97,6,37,1
13561,35|37|74|75|76|97|107|118|122,9,37,1
13562,35|37|74|75|76|97|111|118|122,9,37,1
13563,35|37|74|75|77|97|112|113|120|122,10,37,1
13564,35|37|74|75|79|80|83|97|112|113|118|120,12,37,1
13565,35|37|74|75|79|80|83|97|112|113|118|120|122,13,37,1
13566,35|37|74|75|79|80|83|97|112|113|120,11,37,1
13567,35|37|74|75|79|80|83|97|112|113|120|122,12,37,1
13568,35|37|74|75|79|80|83|97|118|120,10,37,1
13569,35|37|74|75|79|97|112|113|120,9,37,1
13570,35|37|74|75|79|97|112|113|120|122,10,37,1
13571,35|37|74|75|79|97|112|113|122,9,37,1
13572,35|37|74|75|79|97|118|120,8,37,1
13573,35|37|74|75|80|83|97|112|113|122,10,37,1
13574,35|37|74|75|80|83|97|118|122,9,37,1
13575,35|37|74|75|97|112|113|118|120|122,10,37,1
13576,35|37|74|75|97|112|113|118|122,9,37,1
13577,35|37|74|75|97|112|113|120,8,37,1
13578,35|37|74|75|97|118|120,7,37,1
13579,35|37|74|76|97|107|120|122,8,37,1
13580,35|37|74|76|97|107|122,7,37,1
13581,35|37|74|78|97|120|122|132,8,37,1
13582,35|37|74|79|97|122,6,37,1
13583,35|37|74|97|120|123,6,123,1
13584,35|37|75|79|97|118,6,37,1
13585,35|37|75|97|112|113|118,7,37,1
13586,35|37|76|97|108,5,108,1
13587,35|37|77|80|81|97,6,81,1
13588,35|37|80|104,4,104,1
13589,35|38|39|40|41,5,39,1
13590,35|38|39|41|48,5,39,1
13591,35|38|39|48|55|102,6,39,1
13592,35|38|40|42|63|72,6,40,1
13593,35|38|40|49|55|102,6,40,1
13594,35|38|40|63|72,5,40,1
13595,35|38|41|42,4,38,1
13596,35|38|41|42|63|72,6,38,1
13597,35|38|41|43|48|52,6,38,1
13598,35|38|41|43|55|62,6,38,1
13599,35|38|41|43|77|97,6,38,1
13600,35|38|41|48,4,38,1
13601,35|38|41|48|77|97,6,38,1
13602,35|38|41|52|55|102,6,38,1
13603,35|38|41|55|62|80|83,7,38,1
13604,35|38|41|55|63|72|102,7,38,1
13605,35|38|41|55|77|97|102,7,38,1
13606,35|38|42|48|55|58|62,7,38,1
13607,35|38|42|48|77|97,6,38,1
13608,35|38|42|49,4,38,1
13609,35|38|42|52|55|62,6,38,1
13610,35|38|42|55|102,5,38,1
13611,35|38|43|48,4,38,1
13612,35|38|43|48|63|72,6,38,1
13613,35|38|43|55|102,5,38,1
13614,35|38|47,3,47,1
13615,35|38|48|49,4,38,1
13616,35|38|48|49|52|55|62|80|83,9,38,1
13617,35|38|48|49|52|63|72,7,38,1
13618,35|38|48|49|55|62,6,38,1
13619,35|38|48|49|80|83,6,38,1
13620,35|38|48|52,4,38,1
13621,35|38|48|52|55|102,6,38,1
13622,35|38|48|55|62,5,38,1
13623,35|38|48|55|62|63|72|80|81,9,38,1
13624,35|38|49|52|55|63|72|102,8,38,1
13625,35|38|49|52|55|102,6,38,1
13626,35|38|49|55|62|63|72,7,38,1
13627,35|38|49|55|62|80|81,7,38,1
13628,35|38|49|55|80|83|102,7,38,1
13629,35|38|49|63|72,5,38,1
13630,35|38|50,3,50,1
13631,35|38|52|54,4,38,1
13632,35|38|52|55|62|80|83,7,38,1
13633,35|38|52|77|97,5,38,1
13634,35|38|54,3,38,1
13635,35|38|54|55|62|63|70,7,38,1
13636,35|38|55|62|63|71,6,71,1
13637,35|38|55|62|63|72|80|83,8,38,1
13638,35|38|55|62|74|80|83|97|120,9,38,1
13639,35|38|55|62|75|97|118,7,38,1
13640,35|38|55|63|70|102,6,38,1
13641,35|38|55|80|82|102,6,82,1
13642,35|38|55|80|83|102,6,38,1
13643,35|38|63|71|80|83,6,71,1
13644,35|38|63|72|77|97,6,38,1
13645,35|38|74|75|97|112|113|120|122,9,38,1
13646,35|38|74|79|97|120,6,38,1
13647,35|38|74|97|120,5,38,1
13648,35|38|76|97|111,5,38,1
13649,35|38|77|80|83|97,6,38,1
13650,35|38|80|81,4,38,1
13651,35|39|40|41|52|55|62,7,39,1
13652,35|39|40|41|63|72,6,39,1
13653,35|39|41|43,4,39,1
13654,35|39|41|44,4,44,1
13655,35|39|41|48,4,39,1
13656,35|39|41|49,4,39,1
13657,35|39|41|49|52,5,39,1
13658,35|39|41|50,4,50,1
13659,35|39|41|77|97,5,39,1
13660,35|39|41|80|81,5,39,1
13661,35|39|42|48,4,39,1
13662,35|39|42|48|52,5,39,1
13663,35|39|43|47|48,5,47,1
13664,35|39|43|48|55|102,6,39,1
13665,35|39|45|52|55|102,6,45,1
13666,35|39|46,3,46,1
13667,35|39|48|49,4,39,1
13668,35|39|48|52|63|72,6,39,1
13669,35|39|48|55|62,5,39,1
13670,35|39|49|52|54|55|62|63|70,9,39,1
13671,35|39|49|52|55|102,6,39,1
13672,35|39|49|55|62,5,39,1
13673,35|39|49|55|102,5,39,1
13674,35|39|50,3,50,1
13675,35|39|52|54|55|58,6,39,1
13676,35|39|52|54|55|62|63|70,8,39,1
13677,35|39|52|63|70,5,39,1
13678,35|39|52|80|83,5,39,1
13679,35|39|54|55|58|63|72,7,39,1
13680,35|39|54|55|63|70|102,7,39,1
13681,35|39|55|62|77|80|83|97,8,39,1
13682,35|39|55|62|80|83,6,39,1
13683,35|39|55|63|70|102,6,39,1
13684,35|40|41|42|43|48|55|102,8,40,1
13685,35|40|41|42|48|49|77|97,8,40,1
13686,35|40|41|42|48|52,6,40,1
13687,35|40|41|42|48|52|55|102,8,40,1
13688,35|40|41|42|49|55|77|97|102,9,40,1
13689,35|40|41|42|52|55|102,7,40,1
13690,35|40|41|42|63|72,6,40,1
13691,35|40|41|43,4,40,1
13692,35|40|41|48|55|62,6,40,1
13693,35|40|41|48|55|62|63|72,8,40,1
13694,35|40|41|48|55|63|72|102,8,40,1
13695,35|40|41|52,4,40,1
13696,35|40|41|52|55|102,6,40,1
13697,35|40|42|43|48|49|55|77|97|102,10,40,1
13698,35|40|42|43|48|63|72,7,40,1
13699,35|40|42|43|52|63|72,7,40,1
13700,35|40|42|43|55|77|97|102,8,40,1
13701,35|40|42|43|63|70,6,40,1
13702,35|40|42|48|49,5,40,1
13703,35|40|42|48|49|52|55|58|63|72|77|97,12,40,1
13704,35|40|42|48|49|52|63|72,8,40,1
13705,35|40|42|48|52|55|63|72|102,9,40,1
13706,35|40|42|48|52|63|72,7,40,1
13707,35|40|42|48|55|62,6,40,1
13708,35|40|42|48|55|102,6,40,1
13709,35|40|42|49|52,5,40,1
13710,35|40|42|49|52|55|102,7,40,1
13711,35|40|42|49|63|72|77|97,8,40,1
13712,35|40|42|52|77|97,6,40,1
13713,35|40|42|54|55|102,6,40,1
13714,35|40|42|55|58,5,40,1
13715,35|40|42|55|62,5,40,1
13716,35|40|42|55|95|96|102,7,40,1
13717,35|40|42|63|72|77|97,7,40,1
13718,35|40|43|48|49,5,40,1
13719,35|40|43|48|52,5,40,1
13720,35|40|43|48|55|58,6,40,1
13721,35|40|43|49,4,40,1
13722,35|40|43|52|63|72,6,40,1
13723,35|40|43|53,4,40,1
13724,35|40|45,3,45,1
13725,35|40|48|52|55|62|63|72,8,40,1
13726,35|40|48|52|63|72,6,40,1
13727,35|40|48|54,4,40,1
13728,35|40|48|54|55|58,6,40,1
13729,35|40|48|63|72|77|97,7,40,1
13730,35|40|48|80|81,5,40,1
13731,35|40|49|52|63|72,6,40,1
13732,35|40|49|54,4,40,1
13733,35|40|52|54,4,40,1
13734,35|40|52|55|95|96|102,7,40,1
13735,35|40|53|55|58,5,40,1
13736,35|40|53|55|102,5,40,1
13737,35|40|55|77|97|102,6,40,1
13738,35|40|55|80|83|102,6,40,1
13739,35|40|63|72|77|97,6,40,1
13740,35|40|63|72|80|83,6,40,1
13741,35|40|80|81,4,40,1
13742,35|41|42|43,4,42,1
13743,35|41|42|43|48|49|55|102,8,49,1
13744,35|41|42|43|48|52,6,42,1
13745,35|41|42|43|48|55|62,7,42,1
13746,35|41|42|43|48|55|63|72|102,9,42,1
13747,35|41|42|43|48|55|80|81|102,9,81,1
13748,35|41|42|43|49|55|102,7,49,1
13749,35|41|42|43|52|63|72,7,42,1
13750,35|41|42|43|55|63|69|72|102,9,69,1
13751,35|41|42|48|49,5,49,1
13752,35|41|42|48|49|63|72,7,49,1
13753,35|41|42|48|52,5,42,1
13754,35|41|42|48|52|55|77|97|102,9,42,1
13755,35|41|42|48|52|63|72,7,42,1
13756,35|41|42|48|52|77|97,7,42,1
13757,35|41|42|48|52|80|83,7,42,1
13758,35|41|42|48|55|63|72|77|97|102,10,42,1
13759,35|41|42|49|52,5,49,1
13760,35|41|42|52|55|58,6,42,1
13761,35|41|42|52|55|62,6,42,1
13762,35|41|42|52|55|62|63|72,8,42,1
13763,35|41|42|52|55|102,6,42,1
13764,35|41|42|52|63|72,6,42,1
13765,35|41|42|63|72|76|97|111,8,42,1
13766,35|41|42|77|97,5,42,1
13767,35|41|43|47,4,47,1
13768,35|41|43|48|49,5,49,1
13769,35|41|43|48|49|50|55|102,8,50,1
13770,35|41|43|48|49|55|62,7,49,1
13771,35|41|43|48|52|55|58,7,58,1
13772,35|41|43|48|52|55|62,7,52,1
13773,35|41|43|48|52|55|62|79,8,79,1
13774,35|41|43|48|52|63|72,7,52,1
13775,35|41|43|48|52|77|80|81|97,9,81,1
13776,35|41|43|48|53|55|102,7,53,1
13777,35|41|43|48|55|58|77|97,8,58,1
13778,35|41|43|48|55|62,6,48,1
13779,35|41|43|48|55|77|97|102,8,48,1
13780,35|41|43|49|52|55|102,7,49,1
13781,35|41|43|49|63|72,6,49,1
13782,35|41|43|52|55|58|77|97,8,58,1
13783,35|41|43|52|55|63|72|102,8,52,1
13784,35|41|43|52|63|70,6,70,1
13785,35|41|43|54,4,43,1
13786,35|41|43|55|58|63|72,7,58,1
13787,35|41|43|55|61,5,61,1
13788,35|41|43|55|62|63|72,7,43,1
13789,35|41|43|55|62|80|83,7,83,1
13790,35|41|43|55|63|70|102,7,70,1
13791,35|41|43|55|77|97|102,7,43,1
13792,35|41|44|63|72,5,44,1
13793,35|41|45|48,4,45,1
13794,35|41|45|48|54,5,45,1
13795,35|41|48|49|52|55|58,7,49,1
13796,35|41|48|49|52|55|58|63|70,9,49,1
13797,35|41|48|49|52|55|102,7,49,1
13798,35|41|48|49|52|77|97,7,49,1
13799,35|41|48|49|55|63|72|102,8,49,1
13800,35|41|48|52|55|58,6,58,1
13801,35|41|48|52|55|62|77|80|81|97,10,81,1
13802,35|41|48|52|55|63|72|102,8,52,1
13803,35|41|48|52|55|77|97|102,8,52,1
13804,35|41|48|55|62|74|77|80|83|97|120,11,83,1
13805,35|41|48|55|62|80|81,7,81,1
13806,35|41|48|55|63|72|77|97|102,9,48,1
13807,35|41|48|55|95|96|102,7,95,1
13808,35|41|48|79|80|83,6,79,1
13809,35|41|49|50,4,50,1
13810,35|41|49|50|55|102,6,50,1
13811,35|41|49|52|54|55|58|80|83,9,49,1
13812,35|41|49|52|55|62|80|81,8,49,1
13813,35|41|49|52|63|72,6,49,1
13814,35|41|49|55|58,5,49,1
13815,35|41|49|55|58|62,6,49,1
13816,35|41|49|55|62|74|75|79|97|112|113|122,12,49,1
13817,35|41|49|63|71|80|81,7,71,1
13818,35|41|50|52,4,50,1
13819,35|41|50|52|55|62,6,50,1
13820,35|41|50|55|62,5,50,1
13821,35|41|52|54,4,52,1
13822,35|41|52|55|58|62,6,58,1
13823,35|41|52|55|58|63|70,7,70,1
13824,35|41|52|55|58|63|72,7,58,1
13825,35|41|52|55|58|63|72|77|97,9,58,1
13826,35|41|52|55|62|77|79|80|83|97,10,79,1
13827,35|41|52|55|62|80|81,7,81,1
13828,35|41|52|55|63|70|72|102,8,70,1
13829,35|41|52|55|63|70|102,7,70,1
13830,35|41|52|55|78|97|102|132,8,52,1
13831,35|41|52|63|69,5,69,1
13832,35|41|52|63|69|72,6,69,1
13833,35|41|52|63|70,5,70,1
13834,35|41|52|76|97|111,6,52,1
13835,35|41|53|55|77|97|102,7,53,1
13836,35|41|53|55|102,5,53,1
13837,35|41|54|77|97,5,41,1
13838,35|41|55|58|62|63|69,7,69,1
13839,35|41|55|58|80|81,6,81,1
13840,35|41|55|59,4,59,1
13841,35|41|55|62|63|69,6,69,1
13842,35|41|55|62|63|70,6,70,1
13843,35|41|55|62|63|70|80|83,8,70,1
13844,35|41|55|62|63|71|79|80|83,9,71,1
13845,35|41|55|62|63|72|80|81,8,81,1
13846,35|41|55|62|74|77|97|122,8,62,1
13847,35|41|55|62|74|97|122,7,62,1
13848,35|41|55|62|75|97|118,7,62,1
13849,35|41|55|62|77|80|83|97,8,83,1
13850,35|41|55|63|69|80|81|102,8,69,1
13851,35|41|55|63|72|77|97|102,8,41,1
13852,35|41|55|74|80|83|97|102|120|122,10,83,1
13853,35|41|55|78|97|102|132,7,41,1
13854,35|41|55|79|102,5,79,1
13855,35|41|63|70|72,5,70,1
13856,35|41|63|70|76|97|111,7,70,1
13857,35|41|74|75|78|97|118|122|132,9,41,1
13858,35|41|76|77|97|111,6,41,1
13859,35|41|76|97|111,5,41,1
13860,35|41|77|80|81|97,6,81,1
13861,35|42|43|44|48|55|102,7,44,1
13862,35|42|43|48|49|55|58,7,49,1
13863,35|42|43|48|52|77|97,7,42,1
13864,35|42|43|48|55|58,6,42,1
13865,35|42|43|48|55|62|63|72,8,42,1
13866,35|42|43|48|55|63|72|102,8,42,1
13867,35|42|43|48|63|72,6,42,1
13868,35|42|43|49|52,5,49,1
13869,35|42|43|49|55|77|97|102,8,49,1
13870,35|42|43|52|54,5,42,1
13871,35|42|43|52|55|77|97|102,8,42,1
13872,35|42|43|52|63|72,6,42,1
13873,35|42|43|53|55|58,6,53,1
13874,35|42|43|55|62|63|72,7,42,1
13875,35|42|43|77|97,5,42,1
13876,35|42|43|80|81,5,81,1
13877,35|42|44,3,44,1
13878,35|42|47|48,4,47,1
13879,35|42|47|48|77|97,6,47,1
13880,35|42|48|49|52|55|77|97|102,9,49,1
13881,35|42|48|49|52|63|72,7,49,1
13882,35|42|48|49|55|62,6,49,1
13883,35|42|48|49|63|72|80|81,8,49,1
13884,35|42|48|50|52|63|72|77|97,9,50,1
13885,35|42|48|50|63|70,6,50,1
13886,35|42|48|52|55|58|77|97,8,42,1
13887,35|42|48|52|55|62|63|70,8,70,1
13888,35|42|48|52|55|77|97|102,8,42,1
13889,35|42|48|52|63|72|77|97,8,42,1
13890,35|42|48|55|58,5,42,1
13891,35|42|48|55|58|63|72|77|97,9,42,1
13892,35|42|48|55|62|63|72,7,42,1
13893,35|42|48|55|62|77|97,7,42,1
13894,35|42|48|55|63|72|77|97|102,9,42,1
13895,35|42|48|55|77|97|102,7,42,1
13896,35|42|48|63|70|72,6,70,1
13897,35|42|48|63|72|76|97|111,8,42,1
13898,35|42|48|79,4,42,1
13899,35|42|48|80|81,5,81,1
13900,35|42|49|52|55|58,6,49,1
13901,35|42|49|52|77|97,6,49,1
13902,35|42|49|55|62|74|76|79|97|107|120,11,49,1
13903,35|42|49|55|62|80|81,7,49,1
13904,35|42|49|55|63|72|102,7,49,1
13905,35|42|49|55|80|81|102,7,49,1
13906,35|42|49|63|72|80|81,7,49,1
13907,35|42|49|80|81,5,49,1
13908,35|42|50,3,50,1
13909,35|42|50|63|70,5,50,1
13910,35|42|52|55|58,5,42,1
13911,35|42|52|55|58|77|97,7,42,1
13912,35|42|52|55|77|97|102,7,42,1
13913,35|42|52|63|72|77|97,7,42,1
13914,35|42|52|76|77|97|111,7,42,1
13915,35|42|54|55|62,5,42,1
13916,35|42|54|55|102,5,42,1
13917,35|42|54|63|72,5,42,1
13918,35|42|54|63|72|80|81,7,81,1
13919,35|42|55|58|63|72,6,42,1
13920,35|42|55|58|77|97,6,42,1
13921,35|42|55|62|63|70,6,70,1
13922,35|42|55|62|79,5,42,1
13923,35|42|55|62|80|81,6,81,1
13924,35|42|55|62|80|83,6,42,1
13925,35|42|55|63|70|72|102,7,70,1
13926,35|42|55|63|70|102,6,70,1
13927,35|42|55|63|72|80|81|102,8,81,1
13928,35|42|63|72|79|80|83,7,42,1
13929,35|42|63|72|80|81,6,81,1
13930,35|42|80|81|82,5,82,1
13931,35|43|44|49|52|55|58,7,44,1
13932,35|43|44|52,4,44,1
13933,35|43|44|55|58,5,44,1
13934,35|43|44|63|72,5,44,1
13935,35|43|45|52,4,45,1
13936,35|43|45|55|102,5,45,1
13937,35|43|47|48|52,5,47,1
13938,35|43|47|55|58,5,47,1
13939,35|43|48|49|55|58|77|97,8,49,1
13940,35|43|48|49|55|62,6,49,1
13941,35|43|48|49|55|63|72|102,8,49,1
13942,35|43|48|49|63|72,6,49,1
13943,35|43|48|52|53,5,53,1
13944,35|43|48|52|53|55|77|97|102,9,53,1
13945,35|43|48|52|55|62|63|72,8,52,1
13946,35|43|48|52|55|63|72|77|97|102,10,52,1
13947,35|43|48|52|63|72|77|97,8,52,1
13948,35|43|48|54|55|62,6,48,1
13949,35|43|48|54|55|102,6,48,1
13950,35|43|48|54|63|72,6,48,1
13951,35|43|48|55|62|63|70,7,70,1
13952,35|43|48|55|62|63|72,7,48,1
13953,35|43|48|55|63|70|102,7,70,1
13954,35|43|48|55|63|72|77|97|102,9,48,1
13955,35|43|48|55|80|81|102,7,81,1
13956,35|43|48|63|72|77|97,7,48,1
13957,35|43|48|76|97|111,6,48,1
13958,35|43|48|77|78|97|132,7,48,1
13959,35|43|48|80|81,5,81,1
13960,35|43|49|50,4,50,1
13961,35|43|49|52|55|77|97|102,8,49,1
13962,35|43|49|54|55|102,6,49,1
13963,35|43|49|55|58|63|72,7,49,1
13964,35|43|49|55|58|77|97,7,49,1
13965,35|43|49|55|63|70|102,7,49,1
13966,35|43|49|55|63|72|102,7,49,1
13967,35|43|50|52|55|102,6,50,1
13968,35|43|50|54,4,50,1
13969,35|43|50|55|102,5,50,1
13970,35|43|52|54|55|58|63|70,8,70,1
13971,35|43|52|54|55|62,6,52,1
13972,35|43|52|54|55|77|97|102,8,52,1
13973,35|43|52|54|77|97,6,52,1
13974,35|43|52|55|58|63|70,7,70,1
13975,35|43|52|55|58|77|97,7,58,1
13976,35|43|52|55|62|63|70,7,70,1
13977,35|43|52|55|62|63|71|75|97|118,10,71,1
13978,35|43|52|55|63|70|102,7,70,1
13979,35|43|52|55|77|97|102,7,52,1
13980,35|43|52|55|80|81|102,7,81,1
13981,35|43|52|63|72|77|97,7,52,1
13982,35|43|52|63|72|80|83,7,52,1
13983,35|43|52|77|80|82|97,7,82,1
13984,35|43|52|80|83,5,52,1
13985,35|43|54|55|58|63|70,7,70,1
13986,35|43|54|55|63|72|102,7,43,1
13987,35|43|54|55|77|97|102,7,43,1
13988,35|43|54|55|80|81|102,7,81,1
13989,35|43|54|63|72|77|97,7,43,1
13990,35|43|54|80|83,5,83,1
13991,35|43|55|56|58,5,56,1
13992,35|43|55|58|63|69,6,69,1
13993,35|43|55|58|63|70,6,70,1
13994,35|43|55|62|63|70|77|97,8,70,1
13995,35|43|55|62|63|72|80|81,8,81,1
13996,35|43|55|62|75|80|83|97|112|113|118,11,83,1
13997,35|43|55|62|76|97|111,7,43,1
13998,35|43|55|62|77|97,6,43,1
13999,35|43|55|63|72|80|81|102,8,81,1
14000,35|43|55|74|97|102|122,7,43,1
14001,35|43|55|76|77|97|102|111,8,43,1
14002,35|43|55|78|97|102|132,7,43,1
14003,35|43|55|95|96|102,6,95,1
14004,35|43|63|70|77|97,6,70,1
14005,35|43|75|97|119,5,119,1
14006,35|43|77|78|97|132,6,43,1
14007,35|43|78|97|132,5,43,1
14008,35|43|79,3,79,1
14009,35|43|84|86,4,86,1
14010,35|43|88|96,4,88,1
14011,35|43|93|96,4,93,1
14012,35|43|95|96,4,95,1
14013,35|44|47,3,44,1
14014,35|44|48|49,4,44,1
14015,35|44|48|52|55|62,6,44,1
14016,35|44|48|52|55|62|77|97,8,44,1
14017,35|44|48|55|62,5,44,1
14018,35|44|48|55|102,5,44,1
14019,35|44|49,3,44,1
14020,35|44|49|55|62,5,44,1
14021,35|44|50,3,44,1
14022,35|44|55|58,4,44,1
14023,35|44|63|70,4,44,1
14024,35|45|48|49,4,45,1
14025,35|45|48|50|52,5,45,1
14026,35|45|48|52|55|62,6,45,1
14027,35|45|48|52|63|72|77|97,8,45,1
14028,35|45|48|54|55|62,6,45,1
14029,35|45|48|77|97,5,45,1
14030,35|45|49|50|52,5,45,1
14031,35|45|49|52,4,45,1
14032,35|45|49|52|55|62,6,45,1
14033,35|45|50|52|55|63|70|102,8,45,1
14034,35|45|50|54,4,45,1
14035,35|45|52|55|77|97|102,7,45,1
14036,35|45|52|77|97,5,45,1
14037,35|45|54|63|70,5,45,1
14038,35|45|55|59|62,5,45,1
14039,35|45|55|61,4,45,1
14040,35|46|47|48|52,5,46,1
14041,35|46|47|48|63|69,6,46,1
14042,35|46|48|52,4,46,1
14043,35|46|52|55|102,5,46,1
14044,35|46|52|63|72,5,46,1
14045,35|46|54,3,46,1
14046,35|46|55|58,4,46,1
14047,35|46|55|62,4,46,1
14048,35|46|77|97,4,46,1
14049,35|47|48|52,4,47,1
14050,35|47|48|52|54|55|63|72|102,9,47,1
14051,35|47|48|52|54|55|102,7,47,1
14052,35|47|48|55|62,5,47,1
14053,35|47|52|63|72,5,47,1
14054,35|47|54,3,47,1
14055,35|47|54|55|58,5,47,1
14056,35|47|54|55|63|71|102,7,47,1
14057,35|47|55|58,4,47,1
14058,35|47|55|62|63|72,6,47,1
14059,35|47|63|70,4,47,1
14060,35|47|80|81,4,47,1
14061,35|48|49|50,4,50,1
14062,35|48|49|52|55|62|63|72,8,49,1
14063,35|48|49|52|55|63|72|77|97|102,10,49,1
14064,35|48|49|52|63|70,6,49,1
14065,35|48|49|52|63|70|77|97,8,49,1
14066,35|48|49|54,4,49,1
14067,35|48|49|54|55|62,6,49,1
14068,35|48|49|54|63|72,6,49,1
14069,35|48|49|55|58|63|72,7,49,1
14070,35|48|49|55|62|63|72,7,49,1
14071,35|48|49|55|62|74|77|97|120,9,49,1
14072,35|48|49|55|62|77|97,7,49,1
14073,35|48|49|55|62|79,6,49,1
14074,35|48|49|63|72|80|83,7,49,1
14075,35|48|49|80|81,5,49,1
14076,35|48|50|52|77|97,6,50,1
14077,35|48|50|55|102,5,50,1
14078,35|48|50|63|72|77|97,7,50,1
14079,35|48|51,3,51,1
14080,35|48|52|53|77|97,6,53,1
14081,35|48|52|54|55|58|62,7,58,1
14082,35|48|52|54|55|58|63|70,8,70,1
14083,35|48|52|54|55|77|97|102,8,52,1
14084,35|48|52|54|55|79|102,7,79,1
14085,35|48|52|55|58|63|70,7,70,1
14086,35|48|52|55|58|77|97,7,58,1
14087,35|48|52|55|62|63|70,7,70,1
14088,35|48|52|55|62|63|70|72,8,70,1
14089,35|48|52|55|62|63|72|80|81,9,81,1
14090,35|48|52|55|62|75|97|118,8,52,1
14091,35|48|52|55|62|78|97|132,8,52,1
14092,35|48|52|55|62|80|81,7,81,1
14093,35|48|52|55|63|70|72|102,8,70,1
14094,35|48|52|55|63|72|77|97|102,9,52,1
14095,35|48|52|55|76|77|97|102|107|111,10,52,1
14096,35|48|52|55|80|81|102,7,81,1
14097,35|48|52|55|95|96|102,7,95,1
14098,35|48|52|63|70|77|97,7,70,1
14099,35|48|52|63|72|77|80|81|97,9,81,1
14100,35|48|52|63|72|80|81,7,81,1
14101,35|48|52|63|103,5,103,1
14102,35|48|52|75|77|97|119,7,52,1
14103,35|48|52|77|78|97|131,7,52,1
14104,35|48|52|77|78|97|132,7,52,1
14105,35|48|52|79,4,79,1
14106,35|48|52|79|80|83,6,79,1
14107,35|48|53|55|58,5,53,1
14108,35|48|53|55|62,5,53,1
14109,35|48|53|55|62|63|70,7,53,1
14110,35|48|54|55|58|62,6,58,1
14111,35|48|54|55|58|63|70,7,70,1
14112,35|48|54|55|58|63|72,7,58,1
14113,35|48|54|55|58|77|97,7,58,1
14114,35|48|54|55|62|63|70,7,70,1
14115,35|48|55|58|63|72|80|81,8,81,1
14116,35|48|55|62|63|67,6,67,1
14117,35|48|55|62|63|70|72,7,70,1
14118,35|48|55|62|63|72|80|83,8,83,1
14119,35|48|55|62|74|97|120,7,48,1
14120,35|48|55|62|74|97|122,7,48,1
14121,35|48|55|62|76|77|97|111,8,48,1
14122,35|48|55|62|76|97|107,7,48,1
14123,35|48|55|62|76|97|111,7,48,1
14124,35|48|55|62|79,5,79,1
14125,35|48|55|62|79|80|83,7,79,1
14126,35|48|55|80|83|102,6,83,1
14127,35|48|63|67,4,67,1
14128,35|48|63|69|72|80|81,7,69,1
14129,35|48|63|69|84|85,6,85,1
14130,35|48|63|70|72|77|97,7,70,1
14131,35|48|63|70|76|97|107,7,70,1
14132,35|48|63|71,4,71,1
14133,35|48|63|72|74|77|97|120,8,48,1
14134,35|48|63|72|79,5,79,1
14135,35|48|63|72|80|83,6,83,1
14136,35|48|74|77|97|120,6,48,1
14137,35|48|74|97|122,5,48,1
14138,35|48|75|97|119,5,119,1
14139,35|48|76|77|97,5,48,1
14140,35|48|76|77|97|107|111,7,48,1
14141,35|48|76|97|107,5,48,1
14142,35|48|79,3,79,1
14143,35|49|50|55|58,5,50,1
14144,35|49|51|52,4,51,1
14145,35|49|51|55|102,5,51,1
14146,35|49|52|54|55|58,6,49,1
14147,35|49|52|54|55|62,6,49,1
14148,35|49|52|54|55|63|72|102,8,49,1
14149,35|49|52|54|55|102,6,49,1
14150,35|49|52|55|62|63|72|80|81|83,10,49,1
14151,35|49|52|55|62|79|80|83,8,49,1
14152,35|49|52|55|62|80|83,7,49,1
14153,35|49|52|55|95|96|102,7,95,1
14154,35|49|52|63|70|71,6,71,1
14155,35|49|52|76|77|97|111,7,49,1
14156,35|49|52|76|97|111,6,49,1
14157,35|49|52|94|96,5,94,1
14158,35|49|54|55|63|70|102,7,49,1
14159,35|49|55|58|77|97,6,49,1
14160,35|49|55|59,4,59,1
14161,35|49|55|62|63|70,6,49,1
14162,35|49|55|62|74|75|97|118|120,9,49,1
14163,35|49|55|62|79,5,49,1
14164,35|49|55|63|66|102,6,66,1
14165,35|49|55|63|71|102,6,71,1
14166,35|49|55|76|77|78|97|102|111|132,10,49,1
14167,35|49|55|76|97|102|111,7,49,1
14168,35|49|55|78|97|102|132,7,49,1
14169,35|49|63|69,4,69,1
14170,35|49|63|70|71,5,71,1
14171,35|49|63|70|72,5,49,1
14172,35|49|63|72|77|97,6,49,1
14173,35|49|63|72|80|81,6,49,1
14174,35|49|63|77|97|103,6,103,1
14175,35|49|63|103,4,103,1
14176,35|49|74|77|97|120|122,7,49,1
14177,35|49|74|97|120,5,49,1
14178,35|49|75|97|118,5,49,1
14179,35|49|76|77|97|111,6,49,1
14180,35|49|77|78|97|132,6,49,1
14181,35|49|78|97|132,5,49,1
14182,35|49|79|80|83,5,49,1
14183,35|49|80|81|83,5,49,1
14184,35|49|84|85,4,85,1
14185,35|50|52|54|55|58,6,50,1
14186,35|50|52|55|58,5,50,1
14187,35|50|52|63|70,5,50,1
14188,35|50|53,3,50,1
14189,35|50|54|55|62,5,50,1
14190,35|50|54|63|70,5,50,1
14191,35|50|54|63|72,5,50,1
14192,35|50|55|62|63|70,6,50,1
14193,35|50|55|63|72|102,6,50,1
14194,35|50|63|70|92|96,6,92,1
14195,35|50|63|72,4,50,1
14196,35|50|80|81,4,50,1
14197,35|51|52|55|63|70|102,7,51,1
14198,35|51|55|62|80|83,6,51,1
14199,35|51|55|63|69|102,6,51,1
14200,35|51|55|78|97|102|130,7,51,1
14201,35|51|63|65|69,5,65,1
14202,35|51|77|97,4,51,1
14203,35|52|53|63|72,5,53,1
14204,35|52|53|77|97,5,53,1
14205,35|52|54|55|57|61|62,7,61,1
14206,35|52|54|55|57|62,6,57,1
14207,35|52|54|55|58|61|62,7,61,1
14208,35|52|54|55|58|80|81,7,81,1
14209,35|52|54|55|59,5,59,1
14210,35|52|54|55|62|77|80|81|97,9,81,1
14211,35|52|54|63|72,5,52,1
14212,35|52|54|63|72|77|97,7,52,1
14213,35|52|55|58|62|63|72,7,58,1
14214,35|52|55|58|62|80|83,7,58,1
14215,35|52|55|58|76|77|97|107,8,58,1
14216,35|52|55|58|80|83,6,58,1
14217,35|52|55|62|63|68|80|81|82,9,68,1
14218,35|52|55|62|63|69|80|83,8,69,1
14219,35|52|55|62|63|70|80|83,8,70,1
14220,35|52|55|62|63|71|74|75|79|97|118|120,12,71,1
14221,35|52|55|62|74|75|97|118|122,9,52,1
14222,35|52|55|62|74|77|97|120,8,52,1
14223,35|52|55|62|74|97|120,7,52,1
14224,35|52|55|62|75|97|118,7,52,1
14225,35|52|55|62|76|97|111,7,52,1
14226,35|52|55|62|77|80|83|97,8,52,1
14227,35|52|55|63|67|102,6,67,1
14228,35|52|55|63|69|80|81|102,8,69,1
14229,35|52|55|63|71|72|102,7,71,1
14230,35|52|55|63|102|103,6,103,1
14231,35|52|55|78|97|102|132,7,52,1
14232,35|52|63|65,4,65,1
14233,35|52|63|68|80|81,6,68,1
14234,35|52|63|69,4,69,1
14235,35|52|63|69|78|97|127,7,69,1
14236,35|52|63|70|71,5,71,1
14237,35|52|63|70|77|97,6,70,1
14238,35|52|63|72|76|97|111,7,52,1
14239,35|52|63|72|95|96,6,95,1
14240,35|52|63|103,4,103,1
14241,35|52|74|97|122,5,52,1
14242,35|52|75|77|97|119,6,52,1
14243,35|52|76|77|97|107|111,7,52,1
14244,35|52|76|77|97|108,6,108,1
14245,35|52|77|80|83|97,6,52,1
14246,35|52|84|85,4,85,1
14247,35|53|54|55|102,5,53,1
14248,35|53|55|80|81|102,6,53,1
14249,35|53|63|69,4,69,1
14250,35|54|55|57|101,5,57,1
14251,35|54|55|58|62|80|81|101,8,81,1
14252,35|54|55|58|62|101,6,101,1
14253,35|54|55|58|63|70|101,7,70,1
14254,35|54|55|62|63|70|101,7,70,1
14255,35|55|58|63|70|101,6,70,1
14256,35|55|61|101,4,61,1
14257,35|55|62|63|70|101,6,70,1
14258,35|55|62|75|97|101|118,7,101,1
14259,35|55|62|76|97|101|107,7,101,1
14260,35|55|62|79|101,5,101,1
14261,35|55|62|80|83|101,6,101,1
14262,35|55|62|95|96|101,6,95,1
14263,35|55|63|69|101|102,6,69,1
14264,35|55|91|96|101|102,6,91,1
14265,35|63|72|76|77|97|101|111,8,101,1
14266,35|63|72|76|97|101|111,7,101,1
14267,35|74|77|97|101|120,6,101,1
14268,35|74|97|101|120,5,101,1
14269,35|76|77|97|101,5,101,1
14270,35|79|101,3,101,1
14271,54|55|56|57|59,5,56,1
14272,54|55|56|59|61,5,56,1
14273,54|55|56|59|62,5,56,1
14274,54|55|56|59|80|81,6,56,1
14275,54|55|56|61|63|70,6,56,1
14276,54|55|56|62|63|64,6,64,1
14277,54|55|56|77|97,5,56,1
14278,54|55|56|78|97|132,6,56,1
14279,54|55|57|58|59|61|77|97,8,61,1
14280,54|55|57|58|62,5,57,1
14281,54|55|57|59|62,5,57,1
14282,54|55|57|62|63|70,6,57,1
14283,54|55|57|63|69,5,69,1
14284,54|55|58|61,4,61,1
14285,54|55|58|61|62,5,61,1
14286,54|55|58|62|63|70|80|81,8,70,1
14287,54|55|58|62|77|97,6,58,1
14288,54|55|58|63|70|77|97,7,70,1
14289,54|55|58|80|81,5,81,1
14290,54|55|58|80|83,5,58,1
14291,54|55|59|61,4,61,1
14292,54|55|59|62,4,59,1
14293,54|55|61|62|63|70,6,61,1
14294,54|55|62|63|65,5,65,1
14295,54|55|62|78|80|81|97|132,8,81,1
14296,54|55|62|78|97|132,6,62,1
14297,54|55|62|80|81|83,6,81,1
14298,54|55|63|64|102,5,64,1
14299,54|55|63|66|102,5,66,1
14300,54|55|63|69|102,5,69,1
14301,54|55|63|70|80|81|102,7,70,1
14302,54|55|63|71|102,5,71,1
14303,54|55|74|97|102|120,6,54,1
14304,54|63|64|66,4,64,1
14305,54|63|65,3,65,1
14306,54|63|66,3,66,1
14307,54|63|68,3,68,1
14308,54|63|68|80|81,5,68,1
14309,54|63|70|76|77|97|107,7,70,1
14310,54|63|70|76|97|108,6,108,1
14311,54|63|103,3,103,1
14312,54|74|97|126,4,54,1
14313,54|76|78|97|111|132,6,54,1
14314,54|77|78|97|132,5,54,1
14315,54|78|80|81|97|132,6,81,1
14316,54|80|81|82,4,82,1
14317,55|56|57|63|70,5,56,1
14318,55|56|58,3,56,1
14319,55|56|59|62,4,56,1
14320,55|56|62|63|71|76|78|97|111|132,10,56,1
14321,55|56|62|80|81,5,56,1
14322,55|56|63|66,4,66,1
14323,55|56|63|72,4,56,1
14324,55|56|80|83,4,56,1
14325,55|57|61|63|70,5,61,1
14326,55|57|63|103,4,103,1
14327,55|58|61,3,61,1
14328,55|58|62|80|83,5,58,1
14329,55|58|63|67,4,67,1
14330,55|58|63|70|77|97,6,70,1
14331,55|58|76|97|111,5,58,1
14332,55|58|80|81|83,5,81,1
14333,55|58|95|96,4,95,1
14334,55|59|61|63|65,5,65,1
14335,55|59|61|63|68,5,68,1
14336,55|59|61|63|69,5,61,1
14337,55|59|63|68|80|81,6,68,1
14338,55|59|63|69|80|81,6,69,1
14339,55|59|80|83,4,59,1
14340,55|61|62|63|70,5,61,1
14341,55|61|63|66,4,66,1
14342,55|61|63|71,4,71,1
14343,55|61|77|97,4,61,1
14344,55|61|80|81,4,61,1
14345,55|62|63|64,4,64,1
14346,55|62|63|67|70,5,67,1
14347,55|62|63|68|80|81,6,68,1
14348,55|62|63|69|72,5,69,1
14349,55|62|63|69|76|97|107|111,8,69,1
14350,55|62|63|69|84|85,6,85,1
14351,55|62|63|70|72,5,70,1
14352,55|62|63|70|72|79|80|81|83,9,70,1
14353,55|62|63|70|74|75|79|97|112|113|120,11,70,1
14354,55|62|63|70|74|75|97|118|120,9,70,1
14355,55|62|63|70|74|75|97|118|120|122,10,70,1
14356,55|62|63|70|74|75|97|118|122,9,70,1
14357,55|62|63|70|74|78|80|83|97|120|132,11,70,1
14358,55|62|63|70|74|78|97|120|122|132,10,70,1
14359,55|62|63|70|74|79|97|120,8,70,1
14360,55|62|63|70|74|79|97|120|122,9,70,1
14361,55|62|63|70|74|97|122,7,70,1
14362,55|62|63|70|75|80|83|97|118,9,70,1
14363,55|62|63|70|75|97|112|113,8,70,1
14364,55|62|63|70|80|81|83,7,70,1
14365,55|62|63|71|72|74|79|80|81|97|122,11,71,1
14366,55|62|63|71|74|75|79|97|118|120,10,71,1
14367,55|62|63|71|74|75|97|112|113|120,10,71,1
14368,55|62|63|71|74|75|97|118|120|122,10,71,1
14369,55|62|63|71|74|79|97|120,8,71,1
14370,55|62|63|72|76|97|107|111,8,62,1
14371,55|62|63|72|76|97|111,7,62,1
14372,55|62|63|72|77|97,6,62,1
14373,55|62|63|72|80|81|83,7,81,1
14374,55|62|63|72|80|83,6,83,1
14375,55|62|63|73,4,73,1
14376,55|62|63|80|81|83|103,7,103,1
14377,55|62|74|75|76|80|83|97|107|118|122,11,83,1
14378,55|62|74|75|76|97|107|112|113|118|120|122,12,62,1
14379,55|62|74|75|76|97|107|112|113|118|122,11,62,1
14380,55|62|74|75|78|79|97|112|113|120|122|132,12,79,1
14381,55|62|74|75|78|79|97|118|122|132,10,79,1
14382,55|62|74|75|78|80|83|97|118|120|132,11,83,1
14383,55|62|74|75|78|97|112|113|122|132,10,62,1
14384,55|62|74|75|78|97|118|122|126|132,10,62,1
14385,55|62|74|75|79|80|81|97|112|113|120,11,81,1
14386,55|62|74|75|79|80|83|97|112|113|122|124,12,79,1
14387,55|62|74|75|79|80|83|97|118|120,10,79,1
14388,55|62|74|75|79|80|83|97|118|122,10,79,1
14389,55|62|74|75|79|97|112|113|118|120,10,79,1
14390,55|62|74|75|80|81|97|118|122,9,81,1
14391,55|62|74|75|80|83|97|112|113|118|120,11,83,1
14392,55|62|74|75|80|83|97|112|113|118|122,11,83,1
14393,55|62|74|75|80|83|97|112|113|120|122,11,83,1
14394,55|62|74|75|80|83|97|118|120|122,10,83,1
14395,55|62|74|75|97|112|113|114|118|122,10,114,1
14396,55|62|74|75|97|112|113|118|124,9,62,1
14397,55|62|74|75|97|112|113|120|122|124,10,62,1
14398,55|62|74|75|97|112|113|122|124,9,62,1
14399,55|62|74|75|97|112|114|120,8,114,1
14400,55|62|74|75|97|118|119|120,8,119,1
14401,55|62|74|75|97|118|119|122,8,119,1
14402,55|62|74|75|97|119|122,7,119,1
14403,55|62|74|76|97|107|122,7,62,1
14404,55|62|74|76|97|111|122,7,62,1
14405,55|62|74|77|97|120|122,7,62,1
14406,55|62|74|78|79|80|83|97|120|132,10,79,1
14407,55|62|74|78|79|97|120|132,8,79,1
14408,55|62|74|78|79|97|122|132,8,79,1
14409,55|62|74|78|80|83|97|120|122|132,10,83,1
14410,55|62|74|78|80|83|97|120|132,9,83,1
14411,55|62|74|78|97|120|124|132,8,62,1
14412,55|62|74|78|97|122|124|132,8,62,1
14413,55|62|74|79|80|81|83|97|120,9,81,1
14414,55|62|74|79|97|126,6,79,1
14415,55|62|74|80|81|97|120,7,81,1
14416,55|62|74|80|81|97|122,7,81,1
14417,55|62|74|80|81|97|124,7,81,1
14418,55|62|74|97|120|122|126,7,62,1
14419,55|62|74|97|121,5,121,1
14420,55|62|74|97|121|122,6,121,1
14421,55|62|74|97|122|125,6,125,1
14422,55|62|74|97|122|126,6,62,1
14423,55|62|74|97|125,5,125,1
14424,55|62|75|76|97|107|112|113|118,9,62,1
14425,55|62|75|78|80|83|97|118|132,9,83,1
14426,55|62|75|79|80|81|97|118,8,81,1
14427,55|62|75|79|80|83|97|112|113,9,79,1
14428,55|62|75|79|80|83|97|118,8,79,1
14429,55|62|75|80|81|83|97|118,8,81,1
14430,55|62|75|80|83|97|112|113|118,9,83,1
14431,55|62|75|80|83|97|112|114,8,114,1
14432,55|62|75|80|83|97|119,7,119,1
14433,55|62|75|97,4,62,1
14434,55|62|75|97|112|114,6,114,1
14435,55|62|76|77|97|107,6,62,1
14436,55|62|76|79|80|83|97|111,8,79,1
14437,55|62|76|80|83|97|111,7,83,1
14438,55|62|76|97|107|109,6,109,1
14439,55|62|77|79|97,5,79,1
14440,55|62|78|80|83|97|132,7,83,1
14441,55|62|79|80|81|82,6,82,1
14442,55|62|80|82|83,5,82,1
14443,55|62|80|83|84|86,6,86,1
14444,55|62|88|89|90|94|96,7,88,1
14445,55|62|88|89|96,5,88,1
14446,55|62|89|90|96,5,89,1
14447,55|62|89|96,4,89,1
14448,55|62|90|91|96,5,90,1
14449,55|62|91|95|96,5,91,1
14450,55|63|64|66|102,5,64,1
14451,55|63|65|102,4,65,1
14452,55|63|66|71|102,5,66,1
14453,55|63|66|77|97|102,6,66,1
14454,55|63|67|70|102,5,67,1
14455,55|63|69|70|102,5,69,1
14456,55|63|69|80|81|83|102,7,69,1
14457,55|63|70|74|97|102|120,7,70,1
14458,55|63|70|76|78|97|102|132,8,70,1
14459,55|63|70|79|80|83|102,7,70,1
14460,55|63|70|80|81|102,6,70,1
14461,55|63|71|78|97|102|127,7,71,1
14462,55|63|71|80|83|102,6,71,1
14463,55|63|71|94|96|102,6,94,1
14464,55|63|71|95|96|102,6,71,1
14465,55|63|72|76|77|97|102,7,72,1
14466,55|63|72|76|77|97|102|107|111,9,72,1
14467,55|74|75|79|80|83|97|102|112|113|118|120,12,79,1
14468,55|74|75|80|83|97|102|112|113|122,10,83,1
14469,55|74|75|80|83|97|102|118|120,9,83,1
14470,55|74|76|77|97|102|111|120,8,102,1
14471,55|74|76|97|102|111|122,7,102,1
14472,55|74|79|97|102|122,6,79,1
14473,55|74|80|83|97|102|120,7,83,1
14474,55|74|80|83|97|102|120|122,8,83,1
14475,55|74|80|83|97|102|122,7,83,1
14476,55|74|97|102|122|124,6,102,1
14477,55|74|97|102|122|126,6,102,1
14478,55|75|80|81|97|102|119,7,81,1
14479,55|75|80|83|97|102|118,7,83,1
14480,55|75|97|102|112|113,6,113,1
14481,55|75|97|102|118,5,118,1
14482,55|76|77|95|96|97|102|111,8,95,1
14483,55|76|97|102,4,102,1
14484,55|77|78|97|102|132,6,102,1
14485,55|77|79|97|102,5,79,1
14486,55|77|91|95|96|97|102,7,91,1
14487,55|77|91|96|97|102,6,91,1
14488,55|78|97|102|127,5,127,1
14489,55|78|97|102|130,5,130,1
14490,55|80|81|82|102,5,82,1
14491,55|80|82|102,4,82,1
14492,55|80|83|95|96|102,6,95,1
14493,55|84|86|102,4,86,1
14494,55|89|91|95|96|102,6,89,1
14495,55|90|91|95|96|102,6,90,1
14496,63|64|71,3,64,1
14497,63|64|71|80|81,5,64,1
14498,63|64|76|97|107,5,64,1
14499,63|65|69|80|81,5,65,1
14500,63|66|76|97|107,5,66,1
14501,63|66|77|78|97|132,6,66,1
14502,63|66|80|81,4,66,1
14503,63|67|69,3,67,1
14504,63|67|71,3,67,1
14505,63|67|71|76|97|111,6,67,1
14506,63|67|72,3,67,1
14507,63|67|76|97|111,5,67,1
14508,63|67|84|87,4,87,1
14509,63|67|89|96,4,89,1
14510,63|67|90|96,4,90,1
14511,63|67|95|96,4,67,1
14512,63|68|70|80|81|82,6,68,1
14513,63|69|70|80|83,5,69,1
14514,63|69|72|80|81,5,69,1
14515,63|69|75|79|80|81|97|118,8,69,1
14516,63|69|77|97,4,69,1
14517,63|69|79,3,69,1
14518,63|69|79|80|83,5,69,1
14519,63|69|80|81|84|87,6,87,1
14520,63|69|89|90|91|96,6,89,1
14521,63|69|90|96,4,90,1
14522,63|69|91|96,4,91,1
14523,63|70|71|74|97|120,6,71,1
14524,63|70|71|79,4,71,1
14525,63|70|72|80|83,5,70,1
14526,63|70|74|75|79|80|83|97|112|113|122,11,70,1
14527,63|70|74|75|97|118|122,7,70,1
14528,63|70|74|76|97|111|120,7,70,1
14529,63|70|74|76|97|111|122,7,70,1
14530,63|70|74|78|97|120|132,7,70,1
14531,63|70|74|79|97|122,6,70,1
14532,63|70|74|79|97|126,6,70,1
14533,63|70|75|79|97,5,70,1
14534,63|70|75|79|97|112|114,7,114,1
14535,63|70|75|97,4,70,1
14536,63|70|75|97|112|113,6,70,1
14537,63|70|76|77|78|97|111|132,8,70,1
14538,63|70|76|77|97|107,6,70,1
14539,63|70|76|97,4,70,1
14540,63|70|76|97|110,5,110,1
14541,63|70|77|78|97|131,6,70,1
14542,63|70|78|80|81|97|132,7,70,1
14543,63|70|78|97|130,5,130,1
14544,63|70|78|97|131,5,70,1
14545,63|70|80|81|83,5,70,1
14546,63|70|80|104,4,104,1
14547,63|70|89|96,4,89,1
14548,63|70|90|91|96,5,90,1
14549,63|70|91|95|96,5,91,1
14550,63|71|73,3,73,1
14551,63|71|74|75|79|80|83|97|112|113|120|122,12,71,1
14552,63|71|74|75|80|83|97|118|120|122,10,71,1
14553,63|71|74|97|120|122|124,7,71,1
14554,63|71|75|80|82|83|97|119,8,82,1
14555,63|71|75|97|115|116,6,71,1
14556,63|71|84|87,4,87,1
14557,63|71|91|95|96,5,91,1
14558,63|72|74|75|97|118|120|122,8,72,1
14559,63|72|74|97|122,5,72,1
14560,63|72|75|80|83|97|118,7,83,1
14561,63|72|75|97|119,5,119,1
14562,63|72|76|77|97|107,6,72,1
14563,63|72|77|78|97|132,6,72,1
14564,63|72|78|97|132,5,72,1
14565,63|72|79|80|83,5,79,1
14566,63|72|89|96,4,89,1
14567,63|79|80|83|103,5,103,1
14568,63|80|103|104,4,104,1
14569,63|84|103|105,4,105,1
14570,74|75|76|77|78|97|107|118|119|120|132,11,119,1
14571,74|75|76|77|97|107|112|113|120,9,113,1
14572,74|75|76|77|97|107|112|114|120|122,10,114,1
14573,74|75|76|77|97|107|118|120|122,9,118,1
14574,74|75|76|77|97|107|119|120,8,119,1
14575,74|75|76|77|97|111|112|113|120,9,113,1
14576,74|75|76|77|97|111|115|117|120,9,117,1
14577,74|75|76|78|97|107|112|113|118|122|132,11,118,1
14578,74|75|76|78|97|107|115|116|120|132,10,116,1
14579,74|75|76|78|97|107|119|122|132,9,119,1
14580,74|75|76|78|97|111|118|120|122|132,10,118,1
14581,74|75|76|79|97|107|112|113|120,9,79,1
14582,74|75|76|79|97|107|112|113|120|122,10,79,1
14583,74|75|76|79|97|107|118|122,8,79,1
14584,74|75|76|80|83|97|107|111|112|113|120,11,83,1
14585,74|75|76|80|83|97|107|112|113|120|122,11,83,1
14586,74|75|76|80|83|97|107|112|114|122,10,114,1
14587,74|75|76|97|107|110|119|120,8,110,1
14588,74|75|76|97|107|111|112|113|118|120|122,11,118,1
14589,74|75|76|97|107|111|112|113|122,9,113,1
14590,74|75|76|97|107|111|112|114|120|122,10,114,1
14591,74|75|76|97|107|111|115|116|120,9,116,1
14592,74|75|76|97|107|111|118|120,8,118,1
14593,74|75|76|97|107|111|119|120,8,119,1
14594,74|75|76|97|107|112|113|114|118|120,10,114,1
14595,74|75|76|97|107|112|113|118|119|120,10,119,1
14596,74|75|76|97|107|112|113|120|124,9,113,1
14597,74|75|76|97|107|112|113|124,8,113,1
14598,74|75|76|97|107|115|116|122,8,116,1
14599,74|75|76|97|107|115|117|120,8,117,1
14600,74|75|76|97|107|118|120|122|124,9,118,1
14601,74|75|76|97|107|118|120|124,8,118,1
14602,74|75|76|97|107|118|124,7,118,1
14603,74|75|76|97|107|119|120,7,119,1
14604,74|75|76|97|108|112|113|118|120,9,108,1
14605,74|75|76|97|108|112|113|120|122,9,108,1
14606,74|75|76|97|108|118|120,7,108,1
14607,74|75|76|97|111|112|113|118|120|122,10,118,1
14608,74|75|76|97|111|112|113|120|122,9,113,1
14609,74|75|76|97|111|112|114|120,8,114,1
14610,74|75|76|97|111|112|114|122,8,114,1
14611,74|75|76|97|111|119|122,7,119,1
14612,74|75|77|78|97|112|113|120|122|132,10,113,1
14613,74|75|77|78|97|118|120|132,8,118,1
14614,74|75|77|97|112|113|118|120,8,118,1
14615,74|75|77|97|112|113|118|120|122,9,118,1
14616,74|75|77|97|112|113|118|122,8,118,1
14617,74|75|77|97|112|113|122,7,113,1
14618,74|75|77|97|112|113|123,7,123,1
14619,74|75|77|97|112|114|120,7,114,1
14620,74|75|77|97|119|120,6,119,1
14621,74|75|78|79|97|112|113|120|132,9,79,1
14622,74|75|78|79|97|118|120|122|132,9,79,1
14623,74|75|78|80|83|97|112|113|118|120|132,11,83,1
14624,74|75|78|80|83|97|112|113|120|122|132,11,83,1
14625,74|75|78|97|112|113|118|119|120|132,10,119,1
14626,74|75|78|97|112|113|120|122|124|132,10,113,1
14627,74|75|78|97|112|113|120|124|132,9,113,1
14628,74|75|78|97|112|113|122|131,8,113,1
14629,74|75|78|97|112|113|122|131|132,9,113,1
14630,74|75|78|97|112|114|115|116|120|122|132,11,116,1
14631,74|75|78|97|115|116|120|131,8,116,1
14632,74|75|78|97|118|119|120|126|132,9,119,1
14633,74|75|78|97|118|120|122|127|132,9,127,1
14634,74|75|78|97|118|120|122|131,8,118,1
14635,74|75|78|97|118|120|124|132,8,118,1
14636,74|75|78|97|118|120|126|132,8,118,1
14637,74|75|78|97|118|121|122|132,8,121,1
14638,74|75|78|97|118|121|132,7,121,1
14639,74|75|78|97|118|125|132,7,125,1
14640,74|75|78|97|119|120|122|132,8,119,1
14641,74|75|78|97|119|122|132,7,119,1
14642,74|75|78|97|119|125|132,7,125,1
14643,74|75|79|80|81|97|112|113|120|122,10,81,1
14644,74|75|79|80|81|97|118|120|122,9,81,1
14645,74|75|79|80|83|97|112|113|118|122,10,79,1
14646,74|75|79|80|83|97|112|113|120|122|124,11,79,1
14647,74|75|79|80|83|97|112|113|120|124,10,79,1
14648,74|75|79|80|83|97|112|114|120|122,10,114,1
14649,74|75|79|80|83|97|112|114|122,9,114,1
14650,74|75|79|80|83|97|118|126,8,79,1
14651,74|75|79|97|112|113|114|120|122,9,114,1
14652,74|75|80|81|83|97|112|113|118|120,10,81,1
14653,74|75|80|81|83|97|118|120|122,9,81,1
14654,74|75|80|81|83|97|118|122,8,81,1
14655,74|75|80|81|97|118|120,7,81,1
14656,74|75|80|81|97|118|122,7,81,1
14657,74|75|80|83|97|112|113|118|122|124,10,83,1
14658,74|75|80|83|97|112|113|120|122|124,10,83,1
14659,74|75|80|83|97|112|113|122|124,9,83,1
14660,74|75|80|83|97|118|119|122,8,119,1
14661,74|75|80|83|97|119|122,7,119,1
14662,74|75|80|83|97|123,6,123,1
14663,74|75|97,3,75,1
14664,74|75|97|112|113|114|118|120|124,9,114,1
14665,74|75|97|112|113|114|124,7,114,1
14666,74|75|97|112|113|115|116|120,8,116,1
14667,74|75|97|112|113|115|116|121|122,9,116,1
14668,74|75|97|112|113|115|116|122,8,116,1
14669,74|75|97|112|113|115|116|123,8,116,1
14670,74|75|97|112|113|115|117|124,8,117,1
14671,74|75|97|112|113|118|120|126,8,118,1
14672,74|75|97|112|113|118|121,7,121,1
14673,74|75|97|112|113|118|122|126,8,118,1
14674,74|75|97|112|113|118|123|124,8,123,1
14675,74|75|97|112|113|118|125,7,125,1
14676,74|75|97|112|113|118|126,7,118,1
14677,74|75|97|112|113|119|122,7,119,1
14678,74|75|97|112|113|120|121|124,8,121,1
14679,74|75|97|112|113|120|122|125,8,125,1
14680,74|75|97|112|113|120|125,7,125,1
14681,74|75|97|112|113|121|124,7,121,1
14682,74|75|97|112|113|122|125,7,125,1
14683,74|75|97|112|113|124|125,7,125,1
14684,74|75|97|112|114|115|116|120|121|122,10,116,1
14685,74|75|97|112|114|115|117|126,8,117,1
14686,74|75|97|112|114|118|124,7,114,1
14687,74|75|97|112|114|120|122|126,8,114,1
14688,74|75|97|115|116|120|121,7,116,1
14689,74|75|97|115|117|122,6,117,1
14690,74|75|97|118|119|121,6,121,1
14691,74|75|97|118|120|122|124|125,8,125,1
14692,74|75|97|118|120|122|124|126,8,118,1
14693,74|75|97|120|126,5,126,1
14694,74|76|77|78|97|107|111|120|132,9,107,1
14695,74|76|77|78|97|111|120|132,8,132,1
14696,74|76|77|78|97|111|122|130|132,9,130,1
14697,74|76|77|97|107|111|120|122,8,107,1
14698,74|76|77|97|107|120|122,7,107,1
14699,74|76|77|97|107|120|122|124,8,107,1
14700,74|76|77|97|107|121,6,121,1
14701,74|76|77|97|107|121|122,7,121,1
14702,74|76|77|97|109|121,6,109,1
14703,74|76|77|97|111|120|124,7,111,1
14704,74|76|77|97|111|120|126,7,126,1
14705,74|76|78|97|107|111|120|121|132,9,121,1
14706,74|76|78|97|107|120|121|122|132,9,121,1
14707,74|76|78|97|107|120|121|132,8,121,1
14708,74|76|78|97|107|120|122|124|132,9,107,1
14709,74|76|78|97|107|120|124|132,8,107,1
14710,74|76|78|97|107|121|122|132,8,121,1
14711,74|76|78|97|107|121|132,7,121,1
14712,74|76|78|97|107|122|131,7,107,1
14713,74|76|78|97|107|124|132,7,107,1
14714,74|76|78|97|110|120|132,7,110,1
14715,74|76|78|97|111|120|122|127,8,127,1
14716,74|76|78|97|111|120|124|132,8,132,1
14717,74|76|78|97|111|122|127,7,127,1
14718,74|76|78|97|111|122|130,7,130,1
14719,74|76|80|83|97|107|120|122,8,83,1
14720,74|76|97|107|108|120,6,108,1
14721,74|76|97|107|108|120|122,7,108,1
14722,74|76|97|107|111|120|124,7,107,1
14723,74|76|97|107|111|121,6,121,1
14724,74|76|97|107|111|124,6,107,1
14725,74|76|97|107|111|126,6,107,1
14726,74|76|97|107|120|121,6,121,1
14727,74|76|97|107|120|122|126,7,107,1
14728,74|76|97|107|120|123,6,123,1
14729,74|76|97|107|120|126,6,107,1
14730,74|76|97|108|120|121,6,108,1
14731,74|76|97|108|120|122,6,108,1
14732,74|76|97|108|121,5,108,1
14733,74|76|97|108|124,5,108,1
14734,74|76|97|108|125,5,108,1
14735,74|76|97|109|120,5,109,1
14736,74|76|97|110|111|120,6,110,1
14737,74|76|97|110|121,5,110,1
14738,74|76|97|111|120|121,6,121,1
14739,74|76|97|111|120|121|122,7,121,1
14740,74|76|97|111|122|124,6,122,1
14741,74|76|97|111|125,5,125,1
14742,74|76|97|122,4,122,1
14743,74|77|78|97|120|130,6,130,1
14744,74|77|78|97|125|132,6,125,1
14745,74|77|78|97|126|132,6,126,1
14746,74|77|80|83|97|120|122,7,83,1
14747,74|77|97|120|121|123,6,123,1
14748,74|77|97|120|124,5,124,1
14749,74|77|97|120|125,5,125,1
14750,74|77|97|121|122,5,121,1
14751,74|77|97|124,4,124,1
14752,74|77|97|125,4,125,1
14753,74|78|79|80|83|97|122|132,8,79,1
14754,74|78|79|97|120|122|132,7,79,1
14755,74|78|80|83|97|120|124|132,8,83,1
14756,74|78|97|120|121|122|126|132,8,121,1
14757,74|78|97|120|122|127,6,127,1
14758,74|78|97|120|131|132,6,131,1
14759,74|78|97|121|122|131,6,121,1
14760,74|78|97|121|129,5,129,1
14761,74|78|97|122|127|132,6,127,1
14762,74|78|97|122|130|132,6,130,1
14763,74|78|97|122|131|132,6,131,1
14764,74|78|97|123|132,5,123,1
14765,74|78|97|124|125|132,6,125,1
14766,74|78|97|124|127|128,6,128,1
14767,74|78|97|124|128,5,128,1
14768,74|78|97|124|129,5,129,1
14769,74|78|97|124|131,5,131,1
14770,74|79|80|81|83|97|120,7,81,1
14771,74|79|80|81|97|120,6,81,1
14772,74|79|80|83|97|120|122|124,8,79,1
14773,74|79|80|83|97|126,6,79,1
14774,74|79|97|122|124,5,79,1
14775,74|80|81|83|97|120|122,7,81,1
14776,74|80|83|97|120|123,6,123,1
14777,74|97|120|121|122|123,6,123,1
14778,74|97|120|121|122|124,6,121,1
14779,74|97|120|123|125,5,125,1
14780,74|97|120|124|125|126,6,125,1
14781,74|97|121|122|123,5,123,1
14782,74|97|121|122|124,5,121,1
14783,74|97|121|122|125,5,125,1
14784,74|97|122|123|125,5,125,1
14785,74|97|123|126,4,123,1
14786,75|76|77|78|97|107|111|119|132,9,119,1
14787,75|76|77|78|97|107|118|132,8,118,1
14788,75|76|77|78|97|111|115|117|132,9,117,1
14789,75|76|77|78|97|111|119|127,8,127,1
14790,75|76|77|78|97|119|132,7,119,1
14791,75|76|77|97|107|111|112|114,8,114,1
14792,75|76|77|97|107|112|113,7,113,1
14793,75|76|77|97|107|112|113|118,8,118,1
14794,75|76|77|97|108|118,6,108,1
14795,75|76|77|97|111|112|113,7,113,1
14796,75|76|77|97|111|115|117|119,8,117,1
14797,75|76|78|97|107|109|115|116|132,9,109,1
14798,75|76|78|97|107|110|115|116|132,9,116,1
14799,75|76|78|97|107|111|112|113|132,9,113,1
14800,75|76|78|97|107|111|115|116|127|132,10,116,1
14801,75|76|78|97|107|111|119|132,8,119,1
14802,75|76|78|97|107|118|132,7,118,1
14803,75|76|78|97|107|132,6,107,1
14804,75|76|78|97|110|119|132,7,110,1
14805,75|76|78|97|111|112|113|127,8,127,1
14806,75|76|78|97|111|112|113|132,8,113,1
14807,75|76|78|97|111|112|114|132,8,114,1
14808,75|76|78|97|111|115|117|132,8,117,1
14809,75|76|78|97|111|119|130,7,130,1
14810,75|76|78|97|119|132,6,119,1
14811,75|76|80|81|97|111|119,7,81,1
14812,75|76|97|107|108|111|115|116,8,108,1
14813,75|76|97|107|108|115|116,7,108,1
14814,75|76|97|107|110|111|115|116,8,116,1
14815,75|76|97|107|111|112|114|118,8,114,1
14816,75|76|97|107|111|115|116|117,8,116,1
14817,75|76|97|107|111|115|117,7,117,1
14818,75|76|97|107|112|113|115|117,8,117,1
14819,75|76|97|107|115|116|117,7,116,1
14820,75|76|97|107|115|116|119,7,116,1
14821,75|76|97|107|115|117|119,7,117,1
14822,75|76|97|107|118|119,6,119,1
14823,75|76|97|108|110|111|115|116,8,108,1
14824,75|76|97|108|111|115|116,7,108,1
14825,75|76|97|108|111|119,6,108,1
14826,75|76|97|108|112|113|118,7,108,1
14827,75|76|97|108|112|114,6,108,1
14828,75|76|97|108|115|117,6,108,1
14829,75|76|97|109|111|115|116,7,109,1
14830,75|76|97|109|111|119,6,109,1
14831,75|76|97|109|115|116,6,109,1
14832,75|76|97|109|119,5,109,1
14833,75|76|97|110|111|115|116,7,116,1
14834,75|76|97|111|112|114|118,7,114,1
14835,75|76|97|111|115|116|117,7,116,1
14836,75|76|97|119,4,119,1
14837,75|77|78|97|112|114|132,7,114,1
14838,75|77|78|97|115|117|132,7,117,1
14839,75|77|97|112|113|118,6,118,1
14840,75|77|97|112|114|118,6,114,1
14841,75|77|97|112|114|119,6,114,1
14842,75|77|97|115|116|117,6,116,1
14843,75|78|79|80|83|97|112|113|132,9,79,1
14844,75|78|80|81|97|119|132,7,81,1
14845,75|78|97|112|113|114|118|132,8,114,1
14846,75|78|97|112|113|115|116|118|132,9,116,1
14847,75|78|97|112|113|128,6,128,1
14848,75|78|97|112|113|131,6,113,1
14849,75|78|97|112|113|131|132,7,113,1
14850,75|78|97|112|114|115|116|118|132,9,116,1
14851,75|78|97|115|116|128|132,7,128,1
14852,75|78|97|115|117|128,6,128,1
14853,75|79|80|81|83|97|119,7,81,1
14854,75|79|80|81|97|118,6,81,1
14855,75|79|80|83|97|112|114,7,114,1
14856,75|79|80|83|97|119,6,79,1
14857,75|79|97,3,79,1
14858,75|80|81|82|97|119,6,82,1
14859,75|80|83|97|112|114|118,7,114,1
14860,75|80|83|97|118|119,6,119,1
14861,75|84|97|105|119,5,105,1
14862,75|97|112|113|115|116|118|119,8,116,1
14863,75|97|112|114|115|116|118|119,8,116,1
14864,76|77|78|97|107|110|132,7,110,1
14865,76|77|78|97|107|127|132,7,127,1
14866,76|77|78|97|107|130|132,7,130,1
14867,76|77|78|97|107|131,6,107,1
14868,76|77|78|97|107|131|132,7,107,1
14869,76|77|78|97|109|132,6,109,1
14870,76|77|78|97|111|129,6,129,1
14871,76|77|78|97|111|131,6,131,1
14872,76|77|95|96|97|111,6,95,1
14873,76|77|97|107|108|109|111,7,109,1
14874,76|77|97|107|108|111,6,108,1
14875,76|77|97|107|110|111,6,110,1
14876,76|77|97|108|109|111,6,109,1
14877,76|78|97|107|110|111|132,7,110,1
14878,76|78|97|107|111|127|132,7,127,1
14879,76|78|97|107|111|131,6,107,1
14880,76|78|97|108|109|132,6,109,1
14881,76|78|97|108|127,5,108,1
14882,76|78|97|108|128,5,128,1
14883,76|78|97|109|111|127,6,109,1
14884,76|78|97|109|130,5,109,1
14885,76|78|97|111|129|132,6,129,1
14886,76|78|97|127,4,127,1
14887,76|79|97|107,4,79,1
14888,76|79|97|111,4,79,1
14889,76|80|81|82|97|111,6,82,1
14890,76|80|81|97|111,5,81,1
14891,76|84|86|97|111,5,86,1
14892,76|88|96|97|111,5,88,1
14893,76|89|91|96|97|111,6,89,1
14894,76|90|91|96|97|107,6,90,1
14895,76|91|96|97|111,5,91,1
14896,76|93|96|97|107,5,93,1
14897,76|95|96|97|111,5,95,1
14898,77|78|95|96|97|132,6,95,1
14899,77|79|80|83|97,5,79,1
14900,77|84|85|97,4,85,1
14901,77|89|96|97,4,89,1
14902,78|79|80|83|97|127,6,127,1
14903,78|79|97|132,4,79,1
14904,78|90|96|97|132,5,90,1
14905,80|81|84|85,4,85,1
14906,80|83|84|86,4,86,1
14907,84|105,2,105,1
14908,89|90|94|96,4,94,1
14909,89|91|95|96,4,89,1
14910,89|93|96,3,93,1
14911,90|91|95|96,4,90,1
14912,92|96,2,92,1
14913,96|106,2,106,1
